20:49:21 DEBUG : Logs will be stored at 'D:/workspace/fbga_project/projem/IDE.log'.
20:49:23 INFO  : Launching XSCT server: xsct.bat -n  -interactive D:\workspace\fbga_project\projem\temp_xsdb_launch_script.tcl
20:49:23 INFO  : Registering command handlers for Vitis TCF services
20:49:24 INFO  : Platform repository initialization has completed.
20:49:25 INFO  : XSCT server has started successfully.
20:49:25 INFO  : plnx-install-location is set to ''
20:49:25 INFO  : Successfully done setting XSCT server connection channel  
20:49:25 INFO  : Successfully done setting workspace for the tool. 
20:49:25 INFO  : Successfully done query RDI_DATADIR 
20:49:55 INFO  : Platform 'system_wrapper' is added to custom repositories.
20:50:30 INFO  : No changes in MSS file content so sources will not be generated.
20:50:51 INFO  : Result from executing command 'getProjects': system_wrapper
20:50:51 INFO  : Result from executing command 'getPlatforms': system_wrapper|D:/workspace/fbga_project/projem/system_wrapper/export/system_wrapper/system_wrapper.xpfm;xilinx_vck190_base_202210_1|C:/Xilinx/Vitis/2022.1/base_platforms/xilinx_vck190_base_202210_1/xilinx_vck190_base_202210_1.xpfm;xilinx_vck190_base_dfx_202210_1|C:/Xilinx/Vitis/2022.1/base_platforms/xilinx_vck190_base_dfx_202210_1/xilinx_vck190_base_dfx_202210_1.xpfm;xilinx_vmk180_base_202210_1|C:/Xilinx/Vitis/2022.1/base_platforms/xilinx_vmk180_base_202210_1/xilinx_vmk180_base_202210_1.xpfm;xilinx_zcu102_base_202210_1|C:/Xilinx/Vitis/2022.1/base_platforms/xilinx_zcu102_base_202210_1/xilinx_zcu102_base_202210_1.xpfm;xilinx_zcu102_base_dfx_202210_1|C:/Xilinx/Vitis/2022.1/base_platforms/xilinx_zcu102_base_dfx_202210_1/xilinx_zcu102_base_dfx_202210_1.xpfm;xilinx_zcu104_base_202210_1|C:/Xilinx/Vitis/2022.1/base_platforms/xilinx_zcu104_base_202210_1/xilinx_zcu104_base_202210_1.xpfm
20:50:51 INFO  : Checking for BSP changes to sync application flags for project 'FMC_Pcam_Adapter_demo'...
20:50:55 INFO  : Updating application flags with new BSP settings...
20:50:55 INFO  : Successfully updated application flags for project FMC_Pcam_Adapter_demo.
20:51:00 INFO  : The hardware specification used by project 'FMC_Pcam_Adapter_demo' is out of sync with the platform. Resource files extracted from the hardware specification will be updated.
20:51:00 INFO  : The file 'D:\workspace\fbga_project\projem\FMC_Pcam_Adapter_demo\_ide\bitstream\system_wrapper.bit' stored in project is removed.
20:51:00 INFO  : The updated bitstream files are copied from platform to folder 'D:\workspace\fbga_project\projem\FMC_Pcam_Adapter_demo\_ide\bitstream' in project 'FMC_Pcam_Adapter_demo'.
20:51:00 INFO  : The file 'D:\workspace\fbga_project\projem\FMC_Pcam_Adapter_demo\_ide\psinit\ps7_init.tcl' stored in project is removed.
20:51:13 INFO  : The updated ps init files are copied from platform to folder 'D:\workspace\fbga_project\projem\FMC_Pcam_Adapter_demo\_ide\psinit' in project 'FMC_Pcam_Adapter_demo'.
20:51:51 INFO  : Checking for BSP changes to sync application flags for project 'FMC_Pcam_Adapter_demo'...
20:59:53 DEBUG : Logs will be stored at 'D:/workspace/fbga_project/projem/IDE.log'.
20:59:54 INFO  : Launching XSCT server: xsct.bat -n  -interactive D:\workspace\fbga_project\projem\temp_xsdb_launch_script.tcl
20:59:56 INFO  : XSCT server has started successfully.
20:59:56 INFO  : Successfully done setting XSCT server connection channel  
20:59:56 INFO  : plnx-install-location is set to ''
20:59:56 INFO  : Successfully done setting workspace for the tool. 
20:59:57 INFO  : Successfully done query RDI_DATADIR 
20:59:57 INFO  : Registering command handlers for Vitis TCF services
20:59:57 INFO  : Platform repository initialization has completed.
21:00:14 INFO  : Hardware specification for platform project 'system_wrapper' is updated.
21:00:49 INFO  : Result from executing command 'getProjects': system_wrapper
21:00:49 INFO  : Result from executing command 'getPlatforms': system_wrapper|D:/workspace/fbga_project/projem/system_wrapper/export/system_wrapper/system_wrapper.xpfm;xilinx_vck190_base_202210_1|C:/Xilinx/Vitis/2022.1/base_platforms/xilinx_vck190_base_202210_1/xilinx_vck190_base_202210_1.xpfm;xilinx_vck190_base_dfx_202210_1|C:/Xilinx/Vitis/2022.1/base_platforms/xilinx_vck190_base_dfx_202210_1/xilinx_vck190_base_dfx_202210_1.xpfm;xilinx_vmk180_base_202210_1|C:/Xilinx/Vitis/2022.1/base_platforms/xilinx_vmk180_base_202210_1/xilinx_vmk180_base_202210_1.xpfm;xilinx_zcu102_base_202210_1|C:/Xilinx/Vitis/2022.1/base_platforms/xilinx_zcu102_base_202210_1/xilinx_zcu102_base_202210_1.xpfm;xilinx_zcu102_base_dfx_202210_1|C:/Xilinx/Vitis/2022.1/base_platforms/xilinx_zcu102_base_dfx_202210_1/xilinx_zcu102_base_dfx_202210_1.xpfm;xilinx_zcu104_base_202210_1|C:/Xilinx/Vitis/2022.1/base_platforms/xilinx_zcu104_base_202210_1/xilinx_zcu104_base_202210_1.xpfm
21:00:51 INFO  : Checking for BSP changes to sync application flags for project 'FMC_Pcam_Adapter_demo'...
21:06:03 INFO  : Result from executing command 'getProjects': system_wrapper
21:06:03 INFO  : Result from executing command 'getPlatforms': system_wrapper|D:/workspace/fbga_project/projem/system_wrapper/export/system_wrapper/system_wrapper.xpfm;xilinx_vck190_base_202210_1|C:/Xilinx/Vitis/2022.1/base_platforms/xilinx_vck190_base_202210_1/xilinx_vck190_base_202210_1.xpfm;xilinx_vck190_base_dfx_202210_1|C:/Xilinx/Vitis/2022.1/base_platforms/xilinx_vck190_base_dfx_202210_1/xilinx_vck190_base_dfx_202210_1.xpfm;xilinx_vmk180_base_202210_1|C:/Xilinx/Vitis/2022.1/base_platforms/xilinx_vmk180_base_202210_1/xilinx_vmk180_base_202210_1.xpfm;xilinx_zcu102_base_202210_1|C:/Xilinx/Vitis/2022.1/base_platforms/xilinx_zcu102_base_202210_1/xilinx_zcu102_base_202210_1.xpfm;xilinx_zcu102_base_dfx_202210_1|C:/Xilinx/Vitis/2022.1/base_platforms/xilinx_zcu102_base_dfx_202210_1/xilinx_zcu102_base_dfx_202210_1.xpfm;xilinx_zcu104_base_202210_1|C:/Xilinx/Vitis/2022.1/base_platforms/xilinx_zcu104_base_202210_1/xilinx_zcu104_base_202210_1.xpfm
21:06:03 INFO  : Checking for BSP changes to sync application flags for project 'FMC_Pcam_Adapter_demo'...
21:07:26 INFO  : Checking for BSP changes to sync application flags for project 'FMC_Pcam_Adapter_demo'...
21:08:20 INFO  : Checking for BSP changes to sync application flags for project 'FMC_Pcam_Adapter_demo'...
21:09:27 INFO  : Checking for BSP changes to sync application flags for project 'FMC_Pcam_Adapter_demo'...
21:10:32 INFO  : Hardware specification for platform project 'system_wrapper' is updated.
21:10:43 INFO  : No changes in MSS file content so sources will not be generated.
21:12:05 INFO  : Result from executing command 'getProjects': system_wrapper
21:12:05 INFO  : Result from executing command 'getPlatforms': system_wrapper|D:/workspace/fbga_project/projem/system_wrapper/export/system_wrapper/system_wrapper.xpfm;xilinx_vck190_base_202210_1|C:/Xilinx/Vitis/2022.1/base_platforms/xilinx_vck190_base_202210_1/xilinx_vck190_base_202210_1.xpfm;xilinx_vck190_base_dfx_202210_1|C:/Xilinx/Vitis/2022.1/base_platforms/xilinx_vck190_base_dfx_202210_1/xilinx_vck190_base_dfx_202210_1.xpfm;xilinx_vmk180_base_202210_1|C:/Xilinx/Vitis/2022.1/base_platforms/xilinx_vmk180_base_202210_1/xilinx_vmk180_base_202210_1.xpfm;xilinx_zcu102_base_202210_1|C:/Xilinx/Vitis/2022.1/base_platforms/xilinx_zcu102_base_202210_1/xilinx_zcu102_base_202210_1.xpfm;xilinx_zcu102_base_dfx_202210_1|C:/Xilinx/Vitis/2022.1/base_platforms/xilinx_zcu102_base_dfx_202210_1/xilinx_zcu102_base_dfx_202210_1.xpfm;xilinx_zcu104_base_202210_1|C:/Xilinx/Vitis/2022.1/base_platforms/xilinx_zcu104_base_202210_1/xilinx_zcu104_base_202210_1.xpfm
21:12:19 INFO  : Checking for BSP changes to sync application flags for project 'FMC_Pcam_Adapter_demo'...
21:14:44 INFO  : Checking for BSP changes to sync application flags for project 'FMC_Pcam_Adapter_demo'...
21:15:15 INFO  : Checking for BSP changes to sync application flags for project 'FMC_Pcam_Adapter_demo'...
21:16:55 INFO  : Checking for BSP changes to sync application flags for project 'FMC_Pcam_Adapter_demo'...
21:17:36 INFO  : Checking for BSP changes to sync application flags for project 'FMC_Pcam_Adapter_demo'...
21:23:22 INFO  : Checking for BSP changes to sync application flags for project 'FMC_Pcam_Adapter_demo'...
21:23:43 INFO  : Checking for BSP changes to sync application flags for project 'FMC_Pcam_Adapter_demo'...
21:24:14 INFO  : Checking for BSP changes to sync application flags for project 'FMC_Pcam_Adapter_demo'...
21:24:26 INFO  : Connected to target on host '127.0.0.1' and port '3121'.
21:24:26 INFO  : Jtag cable 'Digilent Zed 210248BEB531' is selected.
21:24:26 INFO  : 'jtag frequency' command is executed.
21:24:26 INFO  : Context for 'APU' is selected.
21:24:27 INFO  : System reset is completed.
21:24:30 INFO  : 'after 3000' command is executed.
21:24:30 INFO  : 'targets -set -filter {jtag_cable_name =~ "Digilent Zed 210248BEB531" && level==0 && jtag_device_ctx=="jsn-Zed-210248BEB531-23727093-0"}' command is executed.
21:24:32 INFO  : Device configured successfully with "D:/workspace/fbga_project/projem/FMC_Pcam_Adapter_demo/_ide/bitstream/system_wrapper.bit"
21:24:32 INFO  : Context for 'APU' is selected.
21:24:32 INFO  : Hardware design and registers information is loaded from 'D:/workspace/fbga_project/projem/system_wrapper/export/system_wrapper/hw/system_wrapper.xsa'.
21:24:32 INFO  : 'configparams force-mem-access 1' command is executed.
21:24:32 INFO  : Context for 'APU' is selected.
21:24:32 INFO  : Sourcing of 'D:/workspace/fbga_project/projem/FMC_Pcam_Adapter_demo/_ide/psinit/ps7_init.tcl' is done.
21:24:33 INFO  : 'ps7_init' command is executed.
21:24:33 INFO  : 'ps7_post_config' command is executed.
21:24:33 INFO  : Context for processor 'ps7_cortexa9_0' is selected.
21:24:35 INFO  : The application 'D:/workspace/fbga_project/projem/FMC_Pcam_Adapter_demo/Debug/FMC_Pcam_Adapter_demo.elf' is downloaded to processor 'ps7_cortexa9_0'.
21:24:35 INFO  : 'configparams force-mem-access 0' command is executed.
21:24:35 INFO  : ----------------XSDB Script----------------
connect -url tcp:127.0.0.1:3121
targets -set -nocase -filter {name =~"APU*"}
rst -system
after 3000
targets -set -filter {jtag_cable_name =~ "Digilent Zed 210248BEB531" && level==0 && jtag_device_ctx=="jsn-Zed-210248BEB531-23727093-0"}
fpga -file D:/workspace/fbga_project/projem/FMC_Pcam_Adapter_demo/_ide/bitstream/system_wrapper.bit
targets -set -nocase -filter {name =~"APU*"}
loadhw -hw D:/workspace/fbga_project/projem/system_wrapper/export/system_wrapper/hw/system_wrapper.xsa -mem-ranges [list {0x40000000 0xbfffffff}] -regs
configparams force-mem-access 1
targets -set -nocase -filter {name =~"APU*"}
source D:/workspace/fbga_project/projem/FMC_Pcam_Adapter_demo/_ide/psinit/ps7_init.tcl
ps7_init
ps7_post_config
targets -set -nocase -filter {name =~ "*A9*#0"}
dow D:/workspace/fbga_project/projem/FMC_Pcam_Adapter_demo/Debug/FMC_Pcam_Adapter_demo.elf
configparams force-mem-access 0
----------------End of Script----------------

21:24:35 INFO  : Context for processor 'ps7_cortexa9_0' is selected.
21:24:35 INFO  : 'con' command is executed.
21:24:35 INFO  : ----------------XSDB Script (After Launch)----------------
targets -set -nocase -filter {name =~ "*A9*#0"}
con
----------------End of Script----------------

21:24:35 INFO  : Launch script is exported to file 'D:\workspace\fbga_project\projem\FMC_Pcam_Adapter_demo_system\_ide\scripts\systemdebugger_fmc_pcam_adapter_demo_system_standalone.tcl'
21:26:14 INFO  : Checking for BSP changes to sync application flags for project 'FMC_Pcam_Adapter_demo'...
21:26:21 INFO  : Disconnected from the channel tcfchan#5.
21:26:21 INFO  : Connected to target on host '127.0.0.1' and port '3121'.
21:26:21 INFO  : Jtag cable 'Digilent Zed 210248BEB531' is selected.
21:26:21 INFO  : 'jtag frequency' command is executed.
21:26:21 INFO  : Context for 'APU' is selected.
21:26:21 INFO  : System reset is completed.
21:26:24 INFO  : 'after 3000' command is executed.
21:26:24 INFO  : 'targets -set -filter {jtag_cable_name =~ "Digilent Zed 210248BEB531" && level==0 && jtag_device_ctx=="jsn-Zed-210248BEB531-23727093-0"}' command is executed.
21:26:27 INFO  : Device configured successfully with "D:/workspace/fbga_project/projem/FMC_Pcam_Adapter_demo/_ide/bitstream/system_wrapper.bit"
21:26:27 INFO  : Context for 'APU' is selected.
21:26:27 INFO  : Hardware design and registers information is loaded from 'D:/workspace/fbga_project/projem/system_wrapper/export/system_wrapper/hw/system_wrapper.xsa'.
21:26:27 INFO  : 'configparams force-mem-access 1' command is executed.
21:26:27 INFO  : Context for 'APU' is selected.
21:26:27 INFO  : Sourcing of 'D:/workspace/fbga_project/projem/FMC_Pcam_Adapter_demo/_ide/psinit/ps7_init.tcl' is done.
21:26:27 INFO  : 'ps7_init' command is executed.
21:26:27 INFO  : 'ps7_post_config' command is executed.
21:26:27 INFO  : Context for processor 'ps7_cortexa9_0' is selected.
21:26:29 INFO  : The application 'D:/workspace/fbga_project/projem/FMC_Pcam_Adapter_demo/Debug/FMC_Pcam_Adapter_demo.elf' is downloaded to processor 'ps7_cortexa9_0'.
21:26:29 INFO  : 'configparams force-mem-access 0' command is executed.
21:26:29 INFO  : ----------------XSDB Script----------------
connect -url tcp:127.0.0.1:3121
targets -set -nocase -filter {name =~"APU*"}
rst -system
after 3000
targets -set -filter {jtag_cable_name =~ "Digilent Zed 210248BEB531" && level==0 && jtag_device_ctx=="jsn-Zed-210248BEB531-23727093-0"}
fpga -file D:/workspace/fbga_project/projem/FMC_Pcam_Adapter_demo/_ide/bitstream/system_wrapper.bit
targets -set -nocase -filter {name =~"APU*"}
loadhw -hw D:/workspace/fbga_project/projem/system_wrapper/export/system_wrapper/hw/system_wrapper.xsa -mem-ranges [list {0x40000000 0xbfffffff}] -regs
configparams force-mem-access 1
targets -set -nocase -filter {name =~"APU*"}
source D:/workspace/fbga_project/projem/FMC_Pcam_Adapter_demo/_ide/psinit/ps7_init.tcl
ps7_init
ps7_post_config
targets -set -nocase -filter {name =~ "*A9*#0"}
dow D:/workspace/fbga_project/projem/FMC_Pcam_Adapter_demo/Debug/FMC_Pcam_Adapter_demo.elf
configparams force-mem-access 0
----------------End of Script----------------

21:26:29 INFO  : Context for processor 'ps7_cortexa9_0' is selected.
21:26:29 INFO  : 'con' command is executed.
21:26:29 INFO  : ----------------XSDB Script (After Launch)----------------
targets -set -nocase -filter {name =~ "*A9*#0"}
con
----------------End of Script----------------

21:26:29 INFO  : Launch script is exported to file 'D:\workspace\fbga_project\projem\FMC_Pcam_Adapter_demo_system\_ide\scripts\systemdebugger_fmc_pcam_adapter_demo_system_standalone.tcl'
21:41:54 INFO  : Checking for BSP changes to sync application flags for project 'FMC_Pcam_Adapter_demo'...
21:42:44 INFO  : Disconnected from the channel tcfchan#6.
21:42:44 INFO  : Connected to target on host '127.0.0.1' and port '3121'.
21:42:44 INFO  : Jtag cable 'Digilent Zed 210248BEB531' is selected.
21:42:44 INFO  : 'jtag frequency' command is executed.
21:42:44 INFO  : Context for 'APU' is selected.
21:42:44 INFO  : System reset is completed.
21:42:47 INFO  : 'after 3000' command is executed.
21:42:47 INFO  : 'targets -set -filter {jtag_cable_name =~ "Digilent Zed 210248BEB531" && level==0 && jtag_device_ctx=="jsn-Zed-210248BEB531-23727093-0"}' command is executed.
21:42:50 INFO  : Device configured successfully with "D:/workspace/fbga_project/projem/FMC_Pcam_Adapter_demo/_ide/bitstream/system_wrapper.bit"
21:42:50 INFO  : Context for 'APU' is selected.
21:42:50 INFO  : Hardware design and registers information is loaded from 'D:/workspace/fbga_project/projem/system_wrapper/export/system_wrapper/hw/system_wrapper.xsa'.
21:42:50 INFO  : 'configparams force-mem-access 1' command is executed.
21:42:50 INFO  : Context for 'APU' is selected.
21:42:50 INFO  : Sourcing of 'D:/workspace/fbga_project/projem/FMC_Pcam_Adapter_demo/_ide/psinit/ps7_init.tcl' is done.
21:42:50 INFO  : 'ps7_init' command is executed.
21:42:50 INFO  : 'ps7_post_config' command is executed.
21:42:50 INFO  : Context for processor 'ps7_cortexa9_0' is selected.
21:42:53 INFO  : The application 'D:/workspace/fbga_project/projem/FMC_Pcam_Adapter_demo/Debug/FMC_Pcam_Adapter_demo.elf' is downloaded to processor 'ps7_cortexa9_0'.
21:42:53 INFO  : 'configparams force-mem-access 0' command is executed.
21:42:53 INFO  : ----------------XSDB Script----------------
connect -url tcp:127.0.0.1:3121
targets -set -nocase -filter {name =~"APU*"}
rst -system
after 3000
targets -set -filter {jtag_cable_name =~ "Digilent Zed 210248BEB531" && level==0 && jtag_device_ctx=="jsn-Zed-210248BEB531-23727093-0"}
fpga -file D:/workspace/fbga_project/projem/FMC_Pcam_Adapter_demo/_ide/bitstream/system_wrapper.bit
targets -set -nocase -filter {name =~"APU*"}
loadhw -hw D:/workspace/fbga_project/projem/system_wrapper/export/system_wrapper/hw/system_wrapper.xsa -mem-ranges [list {0x40000000 0xbfffffff}] -regs
configparams force-mem-access 1
targets -set -nocase -filter {name =~"APU*"}
source D:/workspace/fbga_project/projem/FMC_Pcam_Adapter_demo/_ide/psinit/ps7_init.tcl
ps7_init
ps7_post_config
targets -set -nocase -filter {name =~ "*A9*#0"}
dow D:/workspace/fbga_project/projem/FMC_Pcam_Adapter_demo/Debug/FMC_Pcam_Adapter_demo.elf
configparams force-mem-access 0
----------------End of Script----------------

21:42:53 INFO  : Context for processor 'ps7_cortexa9_0' is selected.
21:42:53 INFO  : 'con' command is executed.
21:42:53 INFO  : ----------------XSDB Script (After Launch)----------------
targets -set -nocase -filter {name =~ "*A9*#0"}
con
----------------End of Script----------------

21:42:53 INFO  : Launch script is exported to file 'D:\workspace\fbga_project\projem\FMC_Pcam_Adapter_demo_system\_ide\scripts\systemdebugger_fmc_pcam_adapter_demo_system_standalone.tcl'
21:59:23 INFO  : Checking for BSP changes to sync application flags for project 'FMC_Pcam_Adapter_demo'...
23:04:09 INFO  : Checking for BSP changes to sync application flags for project 'FMC_Pcam_Adapter_demo'...
23:04:53 INFO  : Disconnected from the channel tcfchan#8.
23:04:53 INFO  : Connected to target on host '127.0.0.1' and port '3121'.
23:04:54 INFO  : Jtag cable 'Digilent Zed 210248BEB531' is selected.
23:04:54 INFO  : 'jtag frequency' command is executed.
23:04:54 INFO  : Context for 'APU' is selected.
23:04:54 INFO  : System reset is completed.
23:04:57 INFO  : 'after 3000' command is executed.
23:04:57 INFO  : 'targets -set -filter {jtag_cable_name =~ "Digilent Zed 210248BEB531" && level==0 && jtag_device_ctx=="jsn-Zed-210248BEB531-23727093-0"}' command is executed.
23:04:59 INFO  : Device configured successfully with "D:/workspace/fbga_project/projem/FMC_Pcam_Adapter_demo/_ide/bitstream/system_wrapper.bit"
23:05:00 INFO  : Context for 'APU' is selected.
23:05:00 INFO  : Hardware design and registers information is loaded from 'D:/workspace/fbga_project/projem/system_wrapper/export/system_wrapper/hw/system_wrapper.xsa'.
23:05:00 INFO  : 'configparams force-mem-access 1' command is executed.
23:05:00 INFO  : Context for 'APU' is selected.
23:05:00 INFO  : Sourcing of 'D:/workspace/fbga_project/projem/FMC_Pcam_Adapter_demo/_ide/psinit/ps7_init.tcl' is done.
23:05:00 INFO  : 'ps7_init' command is executed.
23:05:00 INFO  : 'ps7_post_config' command is executed.
23:05:00 INFO  : Context for processor 'ps7_cortexa9_0' is selected.
23:05:03 INFO  : The application 'D:/workspace/fbga_project/projem/FMC_Pcam_Adapter_demo/Debug/FMC_Pcam_Adapter_demo.elf' is downloaded to processor 'ps7_cortexa9_0'.
23:05:03 INFO  : 'configparams force-mem-access 0' command is executed.
23:05:03 INFO  : ----------------XSDB Script----------------
connect -url tcp:127.0.0.1:3121
targets -set -nocase -filter {name =~"APU*"}
rst -system
after 3000
targets -set -filter {jtag_cable_name =~ "Digilent Zed 210248BEB531" && level==0 && jtag_device_ctx=="jsn-Zed-210248BEB531-23727093-0"}
fpga -file D:/workspace/fbga_project/projem/FMC_Pcam_Adapter_demo/_ide/bitstream/system_wrapper.bit
targets -set -nocase -filter {name =~"APU*"}
loadhw -hw D:/workspace/fbga_project/projem/system_wrapper/export/system_wrapper/hw/system_wrapper.xsa -mem-ranges [list {0x40000000 0xbfffffff}] -regs
configparams force-mem-access 1
targets -set -nocase -filter {name =~"APU*"}
source D:/workspace/fbga_project/projem/FMC_Pcam_Adapter_demo/_ide/psinit/ps7_init.tcl
ps7_init
ps7_post_config
targets -set -nocase -filter {name =~ "*A9*#0"}
dow D:/workspace/fbga_project/projem/FMC_Pcam_Adapter_demo/Debug/FMC_Pcam_Adapter_demo.elf
configparams force-mem-access 0
----------------End of Script----------------

23:05:03 INFO  : Context for processor 'ps7_cortexa9_0' is selected.
23:05:03 INFO  : 'con' command is executed.
23:05:03 INFO  : ----------------XSDB Script (After Launch)----------------
targets -set -nocase -filter {name =~ "*A9*#0"}
con
----------------End of Script----------------

23:05:03 INFO  : Launch script is exported to file 'D:\workspace\fbga_project\projem\FMC_Pcam_Adapter_demo_system\_ide\scripts\systemdebugger_fmc_pcam_adapter_demo_system_standalone.tcl'
23:05:38 INFO  : Checking for BSP changes to sync application flags for project 'FMC_Pcam_Adapter_demo'...
23:05:52 INFO  : Connected to target on host '127.0.0.1' and port '3121'.
23:05:52 INFO  : Jtag cable 'Digilent Zed 210248BEB531' is selected.
23:05:52 INFO  : 'jtag frequency' command is executed.
23:05:52 INFO  : Context for 'APU' is selected.
23:05:52 INFO  : System reset is completed.
23:05:55 INFO  : 'after 3000' command is executed.
23:05:55 INFO  : 'targets -set -filter {jtag_cable_name =~ "Digilent Zed 210248BEB531" && level==0 && jtag_device_ctx=="jsn-Zed-210248BEB531-23727093-0"}' command is executed.
23:05:58 INFO  : Device configured successfully with "D:/workspace/fbga_project/projem/FMC_Pcam_Adapter_demo/_ide/bitstream/system_wrapper.bit"
23:05:58 INFO  : Context for 'APU' is selected.
23:05:58 INFO  : Hardware design and registers information is loaded from 'D:/workspace/fbga_project/projem/system_wrapper/export/system_wrapper/hw/system_wrapper.xsa'.
23:05:58 INFO  : 'configparams force-mem-access 1' command is executed.
23:05:58 INFO  : Context for 'APU' is selected.
23:05:58 INFO  : Sourcing of 'D:/workspace/fbga_project/projem/FMC_Pcam_Adapter_demo/_ide/psinit/ps7_init.tcl' is done.
23:05:58 INFO  : 'ps7_init' command is executed.
23:05:58 INFO  : 'ps7_post_config' command is executed.
23:05:58 INFO  : Context for processor 'ps7_cortexa9_0' is selected.
23:06:01 INFO  : The application 'D:/workspace/fbga_project/projem/FMC_Pcam_Adapter_demo/Debug/FMC_Pcam_Adapter_demo.elf' is downloaded to processor 'ps7_cortexa9_0'.
23:06:01 INFO  : 'configparams force-mem-access 0' command is executed.
23:06:01 INFO  : ----------------XSDB Script----------------
connect -url tcp:127.0.0.1:3121
targets -set -nocase -filter {name =~"APU*"}
rst -system
after 3000
targets -set -filter {jtag_cable_name =~ "Digilent Zed 210248BEB531" && level==0 && jtag_device_ctx=="jsn-Zed-210248BEB531-23727093-0"}
fpga -file D:/workspace/fbga_project/projem/FMC_Pcam_Adapter_demo/_ide/bitstream/system_wrapper.bit
targets -set -nocase -filter {name =~"APU*"}
loadhw -hw D:/workspace/fbga_project/projem/system_wrapper/export/system_wrapper/hw/system_wrapper.xsa -mem-ranges [list {0x40000000 0xbfffffff}] -regs
configparams force-mem-access 1
targets -set -nocase -filter {name =~"APU*"}
source D:/workspace/fbga_project/projem/FMC_Pcam_Adapter_demo/_ide/psinit/ps7_init.tcl
ps7_init
ps7_post_config
targets -set -nocase -filter {name =~ "*A9*#0"}
dow D:/workspace/fbga_project/projem/FMC_Pcam_Adapter_demo/Debug/FMC_Pcam_Adapter_demo.elf
configparams force-mem-access 0
----------------End of Script----------------

23:06:01 INFO  : Context for processor 'ps7_cortexa9_0' is selected.
23:06:01 INFO  : 'con' command is executed.
23:06:01 INFO  : ----------------XSDB Script (After Launch)----------------
targets -set -nocase -filter {name =~ "*A9*#0"}
con
----------------End of Script----------------

23:06:01 INFO  : Launch script is exported to file 'D:\workspace\fbga_project\projem\FMC_Pcam_Adapter_demo_system\_ide\scripts\debugger_fmc_pcam_adapter_demo-default.tcl'
23:06:43 INFO  : Disconnected from the channel tcfchan#10.
23:06:44 INFO  : Connected to target on host '127.0.0.1' and port '3121'.
23:06:44 INFO  : Jtag cable 'Digilent Zed 210248BEB531' is selected.
23:06:44 INFO  : 'jtag frequency' command is executed.
23:06:44 INFO  : Context for 'APU' is selected.
23:06:44 INFO  : System reset is completed.
23:06:47 INFO  : 'after 3000' command is executed.
23:06:47 INFO  : 'targets -set -filter {jtag_cable_name =~ "Digilent Zed 210248BEB531" && level==0 && jtag_device_ctx=="jsn-Zed-210248BEB531-23727093-0"}' command is executed.
23:06:50 INFO  : Device configured successfully with "D:/workspace/fbga_project/projem/FMC_Pcam_Adapter_demo/_ide/bitstream/system_wrapper.bit"
23:06:50 INFO  : Context for 'APU' is selected.
23:06:50 INFO  : Hardware design and registers information is loaded from 'D:/workspace/fbga_project/projem/system_wrapper/export/system_wrapper/hw/system_wrapper.xsa'.
23:06:50 INFO  : 'configparams force-mem-access 1' command is executed.
23:06:50 INFO  : Context for 'APU' is selected.
23:06:50 INFO  : Sourcing of 'D:/workspace/fbga_project/projem/FMC_Pcam_Adapter_demo/_ide/psinit/ps7_init.tcl' is done.
23:06:50 INFO  : 'ps7_init' command is executed.
23:06:50 INFO  : 'ps7_post_config' command is executed.
23:06:50 INFO  : Context for processor 'ps7_cortexa9_0' is selected.
23:06:52 INFO  : The application 'D:/workspace/fbga_project/projem/FMC_Pcam_Adapter_demo/Debug/FMC_Pcam_Adapter_demo.elf' is downloaded to processor 'ps7_cortexa9_0'.
23:06:53 INFO  : 'configparams force-mem-access 0' command is executed.
23:06:53 INFO  : ----------------XSDB Script----------------
connect -url tcp:127.0.0.1:3121
targets -set -nocase -filter {name =~"APU*"}
rst -system
after 3000
targets -set -filter {jtag_cable_name =~ "Digilent Zed 210248BEB531" && level==0 && jtag_device_ctx=="jsn-Zed-210248BEB531-23727093-0"}
fpga -file D:/workspace/fbga_project/projem/FMC_Pcam_Adapter_demo/_ide/bitstream/system_wrapper.bit
targets -set -nocase -filter {name =~"APU*"}
loadhw -hw D:/workspace/fbga_project/projem/system_wrapper/export/system_wrapper/hw/system_wrapper.xsa -mem-ranges [list {0x40000000 0xbfffffff}] -regs
configparams force-mem-access 1
targets -set -nocase -filter {name =~"APU*"}
source D:/workspace/fbga_project/projem/FMC_Pcam_Adapter_demo/_ide/psinit/ps7_init.tcl
ps7_init
ps7_post_config
targets -set -nocase -filter {name =~ "*A9*#0"}
dow D:/workspace/fbga_project/projem/FMC_Pcam_Adapter_demo/Debug/FMC_Pcam_Adapter_demo.elf
configparams force-mem-access 0
----------------End of Script----------------

23:06:53 INFO  : Context for processor 'ps7_cortexa9_0' is selected.
23:06:53 INFO  : 'con' command is executed.
23:06:53 INFO  : ----------------XSDB Script (After Launch)----------------
targets -set -nocase -filter {name =~ "*A9*#0"}
con
----------------End of Script----------------

23:06:53 INFO  : Launch script is exported to file 'D:\workspace\fbga_project\projem\FMC_Pcam_Adapter_demo_system\_ide\scripts\debugger_fmc_pcam_adapter_demo-default.tcl'
23:07:15 INFO  : Disconnected from the channel tcfchan#11.
23:07:16 INFO  : Connected to target on host '127.0.0.1' and port '3121'.
23:07:16 INFO  : Jtag cable 'Digilent Zed 210248BEB531' is selected.
23:07:16 INFO  : 'jtag frequency' command is executed.
23:07:16 INFO  : Context for 'APU' is selected.
23:07:16 INFO  : System reset is completed.
23:07:19 INFO  : 'after 3000' command is executed.
23:07:19 INFO  : 'targets -set -filter {jtag_cable_name =~ "Digilent Zed 210248BEB531" && level==0 && jtag_device_ctx=="jsn-Zed-210248BEB531-23727093-0"}' command is executed.
23:07:21 INFO  : Device configured successfully with "D:/workspace/fbga_project/projem/FMC_Pcam_Adapter_demo/_ide/bitstream/system_wrapper.bit"
23:07:21 INFO  : Context for 'APU' is selected.
23:07:22 INFO  : Hardware design and registers information is loaded from 'D:/workspace/fbga_project/projem/system_wrapper/export/system_wrapper/hw/system_wrapper.xsa'.
23:07:22 INFO  : 'configparams force-mem-access 1' command is executed.
23:07:22 INFO  : Context for 'APU' is selected.
23:07:22 INFO  : Sourcing of 'D:/workspace/fbga_project/projem/FMC_Pcam_Adapter_demo/_ide/psinit/ps7_init.tcl' is done.
23:07:22 INFO  : 'ps7_init' command is executed.
23:07:22 INFO  : 'ps7_post_config' command is executed.
23:07:22 INFO  : Context for processor 'ps7_cortexa9_0' is selected.
23:07:24 INFO  : The application 'D:/workspace/fbga_project/projem/FMC_Pcam_Adapter_demo/Debug/FMC_Pcam_Adapter_demo.elf' is downloaded to processor 'ps7_cortexa9_0'.
23:07:24 INFO  : 'configparams force-mem-access 0' command is executed.
23:07:24 INFO  : ----------------XSDB Script----------------
connect -url tcp:127.0.0.1:3121
targets -set -nocase -filter {name =~"APU*"}
rst -system
after 3000
targets -set -filter {jtag_cable_name =~ "Digilent Zed 210248BEB531" && level==0 && jtag_device_ctx=="jsn-Zed-210248BEB531-23727093-0"}
fpga -file D:/workspace/fbga_project/projem/FMC_Pcam_Adapter_demo/_ide/bitstream/system_wrapper.bit
targets -set -nocase -filter {name =~"APU*"}
loadhw -hw D:/workspace/fbga_project/projem/system_wrapper/export/system_wrapper/hw/system_wrapper.xsa -mem-ranges [list {0x40000000 0xbfffffff}] -regs
configparams force-mem-access 1
targets -set -nocase -filter {name =~"APU*"}
source D:/workspace/fbga_project/projem/FMC_Pcam_Adapter_demo/_ide/psinit/ps7_init.tcl
ps7_init
ps7_post_config
targets -set -nocase -filter {name =~ "*A9*#0"}
dow D:/workspace/fbga_project/projem/FMC_Pcam_Adapter_demo/Debug/FMC_Pcam_Adapter_demo.elf
configparams force-mem-access 0
----------------End of Script----------------

23:07:24 INFO  : Context for processor 'ps7_cortexa9_0' is selected.
23:07:25 INFO  : 'con' command is executed.
23:07:25 INFO  : ----------------XSDB Script (After Launch)----------------
targets -set -nocase -filter {name =~ "*A9*#0"}
con
----------------End of Script----------------

23:07:25 INFO  : Launch script is exported to file 'D:\workspace\fbga_project\projem\FMC_Pcam_Adapter_demo_system\_ide\scripts\debugger_fmc_pcam_adapter_demo-default.tcl'
23:07:57 INFO  : Disconnected from the channel tcfchan#12.
23:07:59 INFO  : Connected to target on host '127.0.0.1' and port '3121'.
23:07:59 INFO  : Jtag cable 'Digilent Zed 210248BEB531' is selected.
23:07:59 INFO  : 'jtag frequency' command is executed.
23:07:59 INFO  : Context for 'APU' is selected.
23:07:59 INFO  : System reset is completed.
23:08:02 INFO  : 'after 3000' command is executed.
23:08:02 INFO  : 'targets -set -filter {jtag_cable_name =~ "Digilent Zed 210248BEB531" && level==0 && jtag_device_ctx=="jsn-Zed-210248BEB531-23727093-0"}' command is executed.
23:08:04 INFO  : Device configured successfully with "D:/workspace/fbga_project/projem/FMC_Pcam_Adapter_demo/_ide/bitstream/system_wrapper.bit"
23:08:04 INFO  : Context for 'APU' is selected.
23:08:05 INFO  : Hardware design and registers information is loaded from 'D:/workspace/fbga_project/projem/system_wrapper/export/system_wrapper/hw/system_wrapper.xsa'.
23:08:05 INFO  : 'configparams force-mem-access 1' command is executed.
23:08:05 INFO  : Context for 'APU' is selected.
23:08:05 INFO  : Sourcing of 'D:/workspace/fbga_project/projem/FMC_Pcam_Adapter_demo/_ide/psinit/ps7_init.tcl' is done.
23:08:05 INFO  : 'ps7_init' command is executed.
23:08:05 INFO  : 'ps7_post_config' command is executed.
23:08:05 INFO  : Context for processor 'ps7_cortexa9_0' is selected.
23:08:07 INFO  : The application 'D:/workspace/fbga_project/projem/FMC_Pcam_Adapter_demo/Debug/FMC_Pcam_Adapter_demo.elf' is downloaded to processor 'ps7_cortexa9_0'.
23:08:07 INFO  : 'configparams force-mem-access 0' command is executed.
23:08:07 INFO  : ----------------XSDB Script----------------
connect -url tcp:127.0.0.1:3121
targets -set -nocase -filter {name =~"APU*"}
rst -system
after 3000
targets -set -filter {jtag_cable_name =~ "Digilent Zed 210248BEB531" && level==0 && jtag_device_ctx=="jsn-Zed-210248BEB531-23727093-0"}
fpga -file D:/workspace/fbga_project/projem/FMC_Pcam_Adapter_demo/_ide/bitstream/system_wrapper.bit
targets -set -nocase -filter {name =~"APU*"}
loadhw -hw D:/workspace/fbga_project/projem/system_wrapper/export/system_wrapper/hw/system_wrapper.xsa -mem-ranges [list {0x40000000 0xbfffffff}] -regs
configparams force-mem-access 1
targets -set -nocase -filter {name =~"APU*"}
source D:/workspace/fbga_project/projem/FMC_Pcam_Adapter_demo/_ide/psinit/ps7_init.tcl
ps7_init
ps7_post_config
targets -set -nocase -filter {name =~ "*A9*#0"}
dow D:/workspace/fbga_project/projem/FMC_Pcam_Adapter_demo/Debug/FMC_Pcam_Adapter_demo.elf
configparams force-mem-access 0
----------------End of Script----------------

23:08:07 INFO  : Context for processor 'ps7_cortexa9_0' is selected.
23:08:07 INFO  : 'con' command is executed.
23:08:07 INFO  : ----------------XSDB Script (After Launch)----------------
targets -set -nocase -filter {name =~ "*A9*#0"}
con
----------------End of Script----------------

23:08:07 INFO  : Launch script is exported to file 'D:\workspace\fbga_project\projem\FMC_Pcam_Adapter_demo_system\_ide\scripts\debugger_fmc_pcam_adapter_demo-default.tcl'
23:12:00 WARN  : channel "tcfchan#10" closed
23:12:01 INFO  : Disconnected from the channel tcfchan#13.
23:12:02 INFO  : Connected to target on host '127.0.0.1' and port '3121'.
23:12:02 INFO  : Jtag cable 'Digilent Zed 210248BEB531' is selected.
23:12:02 INFO  : 'jtag frequency' command is executed.
23:12:02 INFO  : Context for 'APU' is selected.
23:12:02 INFO  : System reset is completed.
23:12:05 INFO  : 'after 3000' command is executed.
23:12:05 INFO  : 'targets -set -filter {jtag_cable_name =~ "Digilent Zed 210248BEB531" && level==0 && jtag_device_ctx=="jsn-Zed-210248BEB531-23727093-0"}' command is executed.
23:12:08 INFO  : Device configured successfully with "D:/workspace/fbga_project/projem/FMC_Pcam_Adapter_demo/_ide/bitstream/system_wrapper.bit"
23:12:08 INFO  : Context for 'APU' is selected.
23:12:08 INFO  : Hardware design and registers information is loaded from 'D:/workspace/fbga_project/projem/system_wrapper/export/system_wrapper/hw/system_wrapper.xsa'.
23:12:08 INFO  : 'configparams force-mem-access 1' command is executed.
23:12:08 INFO  : Context for 'APU' is selected.
23:12:08 INFO  : Sourcing of 'D:/workspace/fbga_project/projem/FMC_Pcam_Adapter_demo/_ide/psinit/ps7_init.tcl' is done.
23:12:09 INFO  : 'ps7_init' command is executed.
23:12:09 INFO  : 'ps7_post_config' command is executed.
23:12:09 INFO  : Context for processor 'ps7_cortexa9_0' is selected.
23:12:13 INFO  : The application 'D:/workspace/fbga_project/projem/FMC_Pcam_Adapter_demo/Debug/FMC_Pcam_Adapter_demo.elf' is downloaded to processor 'ps7_cortexa9_0'.
23:12:13 INFO  : 'configparams force-mem-access 0' command is executed.
23:12:13 INFO  : ----------------XSDB Script----------------
connect -url tcp:127.0.0.1:3121
targets -set -nocase -filter {name =~"APU*"}
rst -system
after 3000
targets -set -filter {jtag_cable_name =~ "Digilent Zed 210248BEB531" && level==0 && jtag_device_ctx=="jsn-Zed-210248BEB531-23727093-0"}
fpga -file D:/workspace/fbga_project/projem/FMC_Pcam_Adapter_demo/_ide/bitstream/system_wrapper.bit
targets -set -nocase -filter {name =~"APU*"}
loadhw -hw D:/workspace/fbga_project/projem/system_wrapper/export/system_wrapper/hw/system_wrapper.xsa -mem-ranges [list {0x40000000 0xbfffffff}] -regs
configparams force-mem-access 1
targets -set -nocase -filter {name =~"APU*"}
source D:/workspace/fbga_project/projem/FMC_Pcam_Adapter_demo/_ide/psinit/ps7_init.tcl
ps7_init
ps7_post_config
targets -set -nocase -filter {name =~ "*A9*#0"}
dow D:/workspace/fbga_project/projem/FMC_Pcam_Adapter_demo/Debug/FMC_Pcam_Adapter_demo.elf
configparams force-mem-access 0
----------------End of Script----------------

23:12:14 INFO  : Context for processor 'ps7_cortexa9_0' is selected.
23:12:14 INFO  : 'con' command is executed.
23:12:14 INFO  : ----------------XSDB Script (After Launch)----------------
targets -set -nocase -filter {name =~ "*A9*#0"}
con
----------------End of Script----------------

23:12:14 INFO  : Launch script is exported to file 'D:\workspace\fbga_project\projem\FMC_Pcam_Adapter_demo_system\_ide\scripts\systemdebugger_fmc_pcam_adapter_demo_system_standalone.tcl'
23:31:08 INFO  : Checking for BSP changes to sync application flags for project 'FMC_Pcam_Adapter_demo'...
23:31:20 INFO  : Disconnected from the channel tcfchan#14.
23:31:20 INFO  : Connected to target on host '127.0.0.1' and port '3121'.
23:31:20 INFO  : Jtag cable 'Digilent Zed 210248BEB531' is selected.
23:31:20 INFO  : 'jtag frequency' command is executed.
23:31:20 INFO  : Context for 'APU' is selected.
23:31:20 INFO  : System reset is completed.
23:31:23 INFO  : 'after 3000' command is executed.
23:31:24 INFO  : 'targets -set -filter {jtag_cable_name =~ "Digilent Zed 210248BEB531" && level==0 && jtag_device_ctx=="jsn-Zed-210248BEB531-23727093-0"}' command is executed.
23:31:26 INFO  : Device configured successfully with "D:/workspace/fbga_project/projem/FMC_Pcam_Adapter_demo/_ide/bitstream/system_wrapper.bit"
23:31:26 INFO  : Context for 'APU' is selected.
23:31:26 INFO  : Hardware design and registers information is loaded from 'D:/workspace/fbga_project/projem/system_wrapper/export/system_wrapper/hw/system_wrapper.xsa'.
23:31:26 INFO  : 'configparams force-mem-access 1' command is executed.
23:31:26 INFO  : Context for 'APU' is selected.
23:31:26 INFO  : Sourcing of 'D:/workspace/fbga_project/projem/FMC_Pcam_Adapter_demo/_ide/psinit/ps7_init.tcl' is done.
23:31:26 INFO  : 'ps7_init' command is executed.
23:31:26 INFO  : 'ps7_post_config' command is executed.
23:31:26 INFO  : Context for processor 'ps7_cortexa9_0' is selected.
23:31:29 INFO  : The application 'D:/workspace/fbga_project/projem/FMC_Pcam_Adapter_demo/Debug/FMC_Pcam_Adapter_demo.elf' is downloaded to processor 'ps7_cortexa9_0'.
23:31:29 INFO  : 'configparams force-mem-access 0' command is executed.
23:31:29 INFO  : ----------------XSDB Script----------------
connect -url tcp:127.0.0.1:3121
targets -set -nocase -filter {name =~"APU*"}
rst -system
after 3000
targets -set -filter {jtag_cable_name =~ "Digilent Zed 210248BEB531" && level==0 && jtag_device_ctx=="jsn-Zed-210248BEB531-23727093-0"}
fpga -file D:/workspace/fbga_project/projem/FMC_Pcam_Adapter_demo/_ide/bitstream/system_wrapper.bit
targets -set -nocase -filter {name =~"APU*"}
loadhw -hw D:/workspace/fbga_project/projem/system_wrapper/export/system_wrapper/hw/system_wrapper.xsa -mem-ranges [list {0x40000000 0xbfffffff}] -regs
configparams force-mem-access 1
targets -set -nocase -filter {name =~"APU*"}
source D:/workspace/fbga_project/projem/FMC_Pcam_Adapter_demo/_ide/psinit/ps7_init.tcl
ps7_init
ps7_post_config
targets -set -nocase -filter {name =~ "*A9*#0"}
dow D:/workspace/fbga_project/projem/FMC_Pcam_Adapter_demo/Debug/FMC_Pcam_Adapter_demo.elf
configparams force-mem-access 0
----------------End of Script----------------

23:31:29 INFO  : Context for processor 'ps7_cortexa9_0' is selected.
23:31:29 INFO  : 'con' command is executed.
23:31:29 INFO  : ----------------XSDB Script (After Launch)----------------
targets -set -nocase -filter {name =~ "*A9*#0"}
con
----------------End of Script----------------

23:31:29 INFO  : Launch script is exported to file 'D:\workspace\fbga_project\projem\FMC_Pcam_Adapter_demo_system\_ide\scripts\systemdebugger_fmc_pcam_adapter_demo_system_standalone.tcl'
23:37:52 INFO  : Checking for BSP changes to sync application flags for project 'FMC_Pcam_Adapter_demo'...
23:38:07 INFO  : Disconnected from the channel tcfchan#16.
23:38:08 INFO  : Connected to target on host '127.0.0.1' and port '3121'.
23:38:08 INFO  : Jtag cable 'Digilent Zed 210248BEB531' is selected.
23:38:08 INFO  : 'jtag frequency' command is executed.
23:38:10 INFO  : Context for 'APU' is selected.
23:38:10 INFO  : System reset is completed.
23:38:13 INFO  : 'after 3000' command is executed.
23:38:13 INFO  : 'targets -set -filter {jtag_cable_name =~ "Digilent Zed 210248BEB531" && level==0 && jtag_device_ctx=="jsn-Zed-210248BEB531-23727093-0"}' command is executed.
23:38:16 INFO  : Device configured successfully with "D:/workspace/fbga_project/projem/FMC_Pcam_Adapter_demo/_ide/bitstream/system_wrapper.bit"
23:38:16 INFO  : Context for 'APU' is selected.
23:38:16 INFO  : Hardware design and registers information is loaded from 'D:/workspace/fbga_project/projem/system_wrapper/export/system_wrapper/hw/system_wrapper.xsa'.
23:38:16 INFO  : 'configparams force-mem-access 1' command is executed.
23:38:16 INFO  : Context for 'APU' is selected.
23:38:16 INFO  : Sourcing of 'D:/workspace/fbga_project/projem/FMC_Pcam_Adapter_demo/_ide/psinit/ps7_init.tcl' is done.
23:38:17 INFO  : 'ps7_init' command is executed.
23:38:17 INFO  : 'ps7_post_config' command is executed.
23:38:17 INFO  : Context for processor 'ps7_cortexa9_0' is selected.
23:38:19 INFO  : The application 'D:/workspace/fbga_project/projem/FMC_Pcam_Adapter_demo/Debug/FMC_Pcam_Adapter_demo.elf' is downloaded to processor 'ps7_cortexa9_0'.
23:38:19 INFO  : 'configparams force-mem-access 0' command is executed.
23:38:19 INFO  : ----------------XSDB Script----------------
connect -url tcp:127.0.0.1:3121
targets -set -nocase -filter {name =~"APU*"}
rst -system
after 3000
targets -set -filter {jtag_cable_name =~ "Digilent Zed 210248BEB531" && level==0 && jtag_device_ctx=="jsn-Zed-210248BEB531-23727093-0"}
fpga -file D:/workspace/fbga_project/projem/FMC_Pcam_Adapter_demo/_ide/bitstream/system_wrapper.bit
targets -set -nocase -filter {name =~"APU*"}
loadhw -hw D:/workspace/fbga_project/projem/system_wrapper/export/system_wrapper/hw/system_wrapper.xsa -mem-ranges [list {0x40000000 0xbfffffff}] -regs
configparams force-mem-access 1
targets -set -nocase -filter {name =~"APU*"}
source D:/workspace/fbga_project/projem/FMC_Pcam_Adapter_demo/_ide/psinit/ps7_init.tcl
ps7_init
ps7_post_config
targets -set -nocase -filter {name =~ "*A9*#0"}
dow D:/workspace/fbga_project/projem/FMC_Pcam_Adapter_demo/Debug/FMC_Pcam_Adapter_demo.elf
configparams force-mem-access 0
----------------End of Script----------------

23:38:20 INFO  : Context for processor 'ps7_cortexa9_0' is selected.
23:38:20 INFO  : 'con' command is executed.
23:38:20 INFO  : ----------------XSDB Script (After Launch)----------------
targets -set -nocase -filter {name =~ "*A9*#0"}
con
----------------End of Script----------------

23:38:20 INFO  : Launch script is exported to file 'D:\workspace\fbga_project\projem\FMC_Pcam_Adapter_demo_system\_ide\scripts\debugger_fmc_pcam_adapter_demo-default.tcl'
23:38:52 INFO  : Disconnected from the channel tcfchan#17.
23:38:53 INFO  : Connected to target on host '127.0.0.1' and port '3121'.
23:38:53 INFO  : Jtag cable 'Digilent Zed 210248BEB531' is selected.
23:38:53 INFO  : 'jtag frequency' command is executed.
23:38:53 INFO  : Context for 'APU' is selected.
23:38:53 INFO  : System reset is completed.
23:38:56 INFO  : 'after 3000' command is executed.
23:38:56 INFO  : 'targets -set -filter {jtag_cable_name =~ "Digilent Zed 210248BEB531" && level==0 && jtag_device_ctx=="jsn-Zed-210248BEB531-23727093-0"}' command is executed.
23:38:58 INFO  : Device configured successfully with "D:/workspace/fbga_project/projem/FMC_Pcam_Adapter_demo/_ide/bitstream/system_wrapper.bit"
23:38:59 INFO  : Context for 'APU' is selected.
23:38:59 INFO  : Hardware design and registers information is loaded from 'D:/workspace/fbga_project/projem/system_wrapper/export/system_wrapper/hw/system_wrapper.xsa'.
23:38:59 INFO  : 'configparams force-mem-access 1' command is executed.
23:38:59 INFO  : Context for 'APU' is selected.
23:38:59 INFO  : Sourcing of 'D:/workspace/fbga_project/projem/FMC_Pcam_Adapter_demo/_ide/psinit/ps7_init.tcl' is done.
23:38:59 INFO  : 'ps7_init' command is executed.
23:38:59 INFO  : 'ps7_post_config' command is executed.
23:38:59 INFO  : Context for processor 'ps7_cortexa9_0' is selected.
23:39:01 INFO  : The application 'D:/workspace/fbga_project/projem/FMC_Pcam_Adapter_demo/Debug/FMC_Pcam_Adapter_demo.elf' is downloaded to processor 'ps7_cortexa9_0'.
23:39:01 INFO  : 'configparams force-mem-access 0' command is executed.
23:39:01 INFO  : ----------------XSDB Script----------------
connect -url tcp:127.0.0.1:3121
targets -set -nocase -filter {name =~"APU*"}
rst -system
after 3000
targets -set -filter {jtag_cable_name =~ "Digilent Zed 210248BEB531" && level==0 && jtag_device_ctx=="jsn-Zed-210248BEB531-23727093-0"}
fpga -file D:/workspace/fbga_project/projem/FMC_Pcam_Adapter_demo/_ide/bitstream/system_wrapper.bit
targets -set -nocase -filter {name =~"APU*"}
loadhw -hw D:/workspace/fbga_project/projem/system_wrapper/export/system_wrapper/hw/system_wrapper.xsa -mem-ranges [list {0x40000000 0xbfffffff}] -regs
configparams force-mem-access 1
targets -set -nocase -filter {name =~"APU*"}
source D:/workspace/fbga_project/projem/FMC_Pcam_Adapter_demo/_ide/psinit/ps7_init.tcl
ps7_init
ps7_post_config
targets -set -nocase -filter {name =~ "*A9*#0"}
dow D:/workspace/fbga_project/projem/FMC_Pcam_Adapter_demo/Debug/FMC_Pcam_Adapter_demo.elf
configparams force-mem-access 0
----------------End of Script----------------

23:39:01 INFO  : Context for processor 'ps7_cortexa9_0' is selected.
23:39:01 INFO  : 'con' command is executed.
23:39:01 INFO  : ----------------XSDB Script (After Launch)----------------
targets -set -nocase -filter {name =~ "*A9*#0"}
con
----------------End of Script----------------

23:39:01 INFO  : Launch script is exported to file 'D:\workspace\fbga_project\projem\FMC_Pcam_Adapter_demo_system\_ide\scripts\debugger_fmc_pcam_adapter_demo-default.tcl'
23:41:57 INFO  : Checking for BSP changes to sync application flags for project 'FMC_Pcam_Adapter_demo'...
23:42:52 INFO  : Disconnected from the channel tcfchan#18.
23:42:53 INFO  : Connected to target on host '127.0.0.1' and port '3121'.
23:42:53 INFO  : Jtag cable 'Digilent Zed 210248BEB531' is selected.
23:42:53 INFO  : 'jtag frequency' command is executed.
23:42:53 INFO  : Context for 'APU' is selected.
23:42:53 INFO  : System reset is completed.
23:42:56 INFO  : 'after 3000' command is executed.
23:42:57 INFO  : 'targets -set -filter {jtag_cable_name =~ "Digilent Zed 210248BEB531" && level==0 && jtag_device_ctx=="jsn-Zed-210248BEB531-23727093-0"}' command is executed.
23:42:59 INFO  : Device configured successfully with "D:/workspace/fbga_project/projem/FMC_Pcam_Adapter_demo/_ide/bitstream/system_wrapper.bit"
23:42:59 INFO  : Context for 'APU' is selected.
23:42:59 INFO  : Hardware design and registers information is loaded from 'D:/workspace/fbga_project/projem/system_wrapper/export/system_wrapper/hw/system_wrapper.xsa'.
23:42:59 INFO  : 'configparams force-mem-access 1' command is executed.
23:42:59 INFO  : Context for 'APU' is selected.
23:42:59 INFO  : Sourcing of 'D:/workspace/fbga_project/projem/FMC_Pcam_Adapter_demo/_ide/psinit/ps7_init.tcl' is done.
23:42:59 INFO  : 'ps7_init' command is executed.
23:42:59 INFO  : 'ps7_post_config' command is executed.
23:42:59 INFO  : Context for processor 'ps7_cortexa9_0' is selected.
23:43:02 INFO  : The application 'D:/workspace/fbga_project/projem/FMC_Pcam_Adapter_demo/Debug/FMC_Pcam_Adapter_demo.elf' is downloaded to processor 'ps7_cortexa9_0'.
23:43:02 INFO  : 'configparams force-mem-access 0' command is executed.
23:43:02 INFO  : ----------------XSDB Script----------------
connect -url tcp:127.0.0.1:3121
targets -set -nocase -filter {name =~"APU*"}
rst -system
after 3000
targets -set -filter {jtag_cable_name =~ "Digilent Zed 210248BEB531" && level==0 && jtag_device_ctx=="jsn-Zed-210248BEB531-23727093-0"}
fpga -file D:/workspace/fbga_project/projem/FMC_Pcam_Adapter_demo/_ide/bitstream/system_wrapper.bit
targets -set -nocase -filter {name =~"APU*"}
loadhw -hw D:/workspace/fbga_project/projem/system_wrapper/export/system_wrapper/hw/system_wrapper.xsa -mem-ranges [list {0x40000000 0xbfffffff}] -regs
configparams force-mem-access 1
targets -set -nocase -filter {name =~"APU*"}
source D:/workspace/fbga_project/projem/FMC_Pcam_Adapter_demo/_ide/psinit/ps7_init.tcl
ps7_init
ps7_post_config
targets -set -nocase -filter {name =~ "*A9*#0"}
dow D:/workspace/fbga_project/projem/FMC_Pcam_Adapter_demo/Debug/FMC_Pcam_Adapter_demo.elf
configparams force-mem-access 0
----------------End of Script----------------

23:43:02 INFO  : Context for processor 'ps7_cortexa9_0' is selected.
23:43:02 INFO  : 'con' command is executed.
23:43:02 INFO  : ----------------XSDB Script (After Launch)----------------
targets -set -nocase -filter {name =~ "*A9*#0"}
con
----------------End of Script----------------

23:43:02 INFO  : Launch script is exported to file 'D:\workspace\fbga_project\projem\FMC_Pcam_Adapter_demo_system\_ide\scripts\debugger_fmc_pcam_adapter_demo-default.tcl'
23:45:45 INFO  : Checking for BSP changes to sync application flags for project 'FMC_Pcam_Adapter_demo'...
00:02:22 INFO  : Disconnected from the channel tcfchan#19.
00:02:23 INFO  : Connected to target on host '127.0.0.1' and port '3121'.
00:02:23 INFO  : Jtag cable 'Digilent Zed 210248BEB531' is selected.
00:02:23 INFO  : 'jtag frequency' command is executed.
00:02:23 INFO  : Context for 'APU' is selected.
00:02:23 INFO  : System reset is completed.
00:02:26 INFO  : 'after 3000' command is executed.
00:02:26 INFO  : 'targets -set -filter {jtag_cable_name =~ "Digilent Zed 210248BEB531" && level==0 && jtag_device_ctx=="jsn-Zed-210248BEB531-23727093-0"}' command is executed.
00:02:29 INFO  : Device configured successfully with "D:/workspace/fbga_project/projem/FMC_Pcam_Adapter_demo/_ide/bitstream/system_wrapper.bit"
00:02:29 INFO  : Context for 'APU' is selected.
00:02:29 INFO  : Hardware design and registers information is loaded from 'D:/workspace/fbga_project/projem/system_wrapper/export/system_wrapper/hw/system_wrapper.xsa'.
00:02:29 INFO  : 'configparams force-mem-access 1' command is executed.
00:02:29 INFO  : Context for 'APU' is selected.
00:02:29 INFO  : Sourcing of 'D:/workspace/fbga_project/projem/FMC_Pcam_Adapter_demo/_ide/psinit/ps7_init.tcl' is done.
00:02:29 INFO  : 'ps7_init' command is executed.
00:02:30 INFO  : 'ps7_post_config' command is executed.
00:02:30 INFO  : Context for processor 'ps7_cortexa9_0' is selected.
00:02:32 INFO  : The application 'D:/workspace/fbga_project/projem/FMC_Pcam_Adapter_demo/Debug/FMC_Pcam_Adapter_demo.elf' is downloaded to processor 'ps7_cortexa9_0'.
00:02:32 INFO  : 'configparams force-mem-access 0' command is executed.
00:02:32 INFO  : ----------------XSDB Script----------------
connect -url tcp:127.0.0.1:3121
targets -set -nocase -filter {name =~"APU*"}
rst -system
after 3000
targets -set -filter {jtag_cable_name =~ "Digilent Zed 210248BEB531" && level==0 && jtag_device_ctx=="jsn-Zed-210248BEB531-23727093-0"}
fpga -file D:/workspace/fbga_project/projem/FMC_Pcam_Adapter_demo/_ide/bitstream/system_wrapper.bit
targets -set -nocase -filter {name =~"APU*"}
loadhw -hw D:/workspace/fbga_project/projem/system_wrapper/export/system_wrapper/hw/system_wrapper.xsa -mem-ranges [list {0x40000000 0xbfffffff}] -regs
configparams force-mem-access 1
targets -set -nocase -filter {name =~"APU*"}
source D:/workspace/fbga_project/projem/FMC_Pcam_Adapter_demo/_ide/psinit/ps7_init.tcl
ps7_init
ps7_post_config
targets -set -nocase -filter {name =~ "*A9*#0"}
dow D:/workspace/fbga_project/projem/FMC_Pcam_Adapter_demo/Debug/FMC_Pcam_Adapter_demo.elf
configparams force-mem-access 0
----------------End of Script----------------

00:02:32 INFO  : Context for processor 'ps7_cortexa9_0' is selected.
00:02:32 INFO  : 'con' command is executed.
00:02:32 INFO  : ----------------XSDB Script (After Launch)----------------
targets -set -nocase -filter {name =~ "*A9*#0"}
con
----------------End of Script----------------

00:02:32 INFO  : Launch script is exported to file 'D:\workspace\fbga_project\projem\FMC_Pcam_Adapter_demo_system\_ide\scripts\debugger_fmc_pcam_adapter_demo-default.tcl'
00:03:55 INFO  : Disconnected from the channel tcfchan#20.
00:03:56 INFO  : Connected to target on host '127.0.0.1' and port '3121'.
00:03:56 INFO  : Jtag cable 'Digilent Zed 210248BEB531' is selected.
00:03:56 INFO  : 'jtag frequency' command is executed.
00:03:58 INFO  : Context for 'APU' is selected.
00:03:58 INFO  : System reset is completed.
00:04:01 INFO  : 'after 3000' command is executed.
00:04:01 INFO  : 'targets -set -filter {jtag_cable_name =~ "Digilent Zed 210248BEB531" && level==0 && jtag_device_ctx=="jsn-Zed-210248BEB531-23727093-0"}' command is executed.
00:04:03 INFO  : Device configured successfully with "D:/workspace/fbga_project/projem/FMC_Pcam_Adapter_demo/_ide/bitstream/system_wrapper.bit"
00:04:03 INFO  : Context for 'APU' is selected.
00:04:03 INFO  : Hardware design and registers information is loaded from 'D:/workspace/fbga_project/projem/system_wrapper/export/system_wrapper/hw/system_wrapper.xsa'.
00:04:03 INFO  : 'configparams force-mem-access 1' command is executed.
00:04:03 INFO  : Context for 'APU' is selected.
00:04:03 INFO  : Sourcing of 'D:/workspace/fbga_project/projem/FMC_Pcam_Adapter_demo/_ide/psinit/ps7_init.tcl' is done.
00:04:04 INFO  : 'ps7_init' command is executed.
00:04:04 INFO  : 'ps7_post_config' command is executed.
00:04:04 INFO  : Context for processor 'ps7_cortexa9_0' is selected.
00:04:06 INFO  : The application 'D:/workspace/fbga_project/projem/FMC_Pcam_Adapter_demo/Debug/FMC_Pcam_Adapter_demo.elf' is downloaded to processor 'ps7_cortexa9_0'.
00:04:06 INFO  : 'configparams force-mem-access 0' command is executed.
00:04:06 INFO  : ----------------XSDB Script----------------
connect -url tcp:127.0.0.1:3121
targets -set -nocase -filter {name =~"APU*"}
rst -system
after 3000
targets -set -filter {jtag_cable_name =~ "Digilent Zed 210248BEB531" && level==0 && jtag_device_ctx=="jsn-Zed-210248BEB531-23727093-0"}
fpga -file D:/workspace/fbga_project/projem/FMC_Pcam_Adapter_demo/_ide/bitstream/system_wrapper.bit
targets -set -nocase -filter {name =~"APU*"}
loadhw -hw D:/workspace/fbga_project/projem/system_wrapper/export/system_wrapper/hw/system_wrapper.xsa -mem-ranges [list {0x40000000 0xbfffffff}] -regs
configparams force-mem-access 1
targets -set -nocase -filter {name =~"APU*"}
source D:/workspace/fbga_project/projem/FMC_Pcam_Adapter_demo/_ide/psinit/ps7_init.tcl
ps7_init
ps7_post_config
targets -set -nocase -filter {name =~ "*A9*#0"}
dow D:/workspace/fbga_project/projem/FMC_Pcam_Adapter_demo/Debug/FMC_Pcam_Adapter_demo.elf
configparams force-mem-access 0
----------------End of Script----------------

00:04:06 INFO  : Context for processor 'ps7_cortexa9_0' is selected.
00:04:06 INFO  : 'con' command is executed.
00:04:06 INFO  : ----------------XSDB Script (After Launch)----------------
targets -set -nocase -filter {name =~ "*A9*#0"}
con
----------------End of Script----------------

00:04:06 INFO  : Launch script is exported to file 'D:\workspace\fbga_project\projem\FMC_Pcam_Adapter_demo_system\_ide\scripts\debugger_fmc_pcam_adapter_demo-default.tcl'
00:30:58 INFO  : Checking for BSP changes to sync application flags for project 'FMC_Pcam_Adapter_demo'...
00:31:17 INFO  : Disconnected from the channel tcfchan#21.
00:31:18 INFO  : Connected to target on host '127.0.0.1' and port '3121'.
00:31:18 INFO  : Jtag cable 'Digilent Zed 210248BEB531' is selected.
00:31:18 INFO  : 'jtag frequency' command is executed.
00:31:18 INFO  : Context for 'APU' is selected.
00:31:18 INFO  : System reset is completed.
00:31:21 INFO  : 'after 3000' command is executed.
00:31:21 INFO  : 'targets -set -filter {jtag_cable_name =~ "Digilent Zed 210248BEB531" && level==0 && jtag_device_ctx=="jsn-Zed-210248BEB531-23727093-0"}' command is executed.
00:31:23 INFO  : Device configured successfully with "D:/workspace/fbga_project/projem/FMC_Pcam_Adapter_demo/_ide/bitstream/system_wrapper.bit"
00:31:24 INFO  : Context for 'APU' is selected.
00:31:24 INFO  : Hardware design and registers information is loaded from 'D:/workspace/fbga_project/projem/system_wrapper/export/system_wrapper/hw/system_wrapper.xsa'.
00:31:24 INFO  : 'configparams force-mem-access 1' command is executed.
00:31:24 INFO  : Context for 'APU' is selected.
00:31:24 INFO  : Sourcing of 'D:/workspace/fbga_project/projem/FMC_Pcam_Adapter_demo/_ide/psinit/ps7_init.tcl' is done.
00:31:24 INFO  : 'ps7_init' command is executed.
00:31:24 INFO  : 'ps7_post_config' command is executed.
00:31:24 INFO  : Context for processor 'ps7_cortexa9_0' is selected.
00:31:26 INFO  : The application 'D:/workspace/fbga_project/projem/FMC_Pcam_Adapter_demo/Debug/FMC_Pcam_Adapter_demo.elf' is downloaded to processor 'ps7_cortexa9_0'.
00:31:26 INFO  : 'configparams force-mem-access 0' command is executed.
00:31:26 INFO  : ----------------XSDB Script----------------
connect -url tcp:127.0.0.1:3121
targets -set -nocase -filter {name =~"APU*"}
rst -system
after 3000
targets -set -filter {jtag_cable_name =~ "Digilent Zed 210248BEB531" && level==0 && jtag_device_ctx=="jsn-Zed-210248BEB531-23727093-0"}
fpga -file D:/workspace/fbga_project/projem/FMC_Pcam_Adapter_demo/_ide/bitstream/system_wrapper.bit
targets -set -nocase -filter {name =~"APU*"}
loadhw -hw D:/workspace/fbga_project/projem/system_wrapper/export/system_wrapper/hw/system_wrapper.xsa -mem-ranges [list {0x40000000 0xbfffffff}] -regs
configparams force-mem-access 1
targets -set -nocase -filter {name =~"APU*"}
source D:/workspace/fbga_project/projem/FMC_Pcam_Adapter_demo/_ide/psinit/ps7_init.tcl
ps7_init
ps7_post_config
targets -set -nocase -filter {name =~ "*A9*#0"}
dow D:/workspace/fbga_project/projem/FMC_Pcam_Adapter_demo/Debug/FMC_Pcam_Adapter_demo.elf
configparams force-mem-access 0
----------------End of Script----------------

00:31:26 INFO  : Context for processor 'ps7_cortexa9_0' is selected.
00:31:26 INFO  : 'con' command is executed.
00:31:26 INFO  : ----------------XSDB Script (After Launch)----------------
targets -set -nocase -filter {name =~ "*A9*#0"}
con
----------------End of Script----------------

00:31:26 INFO  : Launch script is exported to file 'D:\workspace\fbga_project\projem\FMC_Pcam_Adapter_demo_system\_ide\scripts\debugger_fmc_pcam_adapter_demo-default.tcl'
00:38:46 INFO  : Disconnected from the channel tcfchan#22.
00:38:47 INFO  : Connected to target on host '127.0.0.1' and port '3121'.
00:38:47 INFO  : Jtag cable 'Digilent Zed 210248BEB531' is selected.
00:38:47 ERROR : port closed
00:38:47 INFO  : ----------------XSDB Script----------------
connect -url tcp:127.0.0.1:3121
----------------End of Script----------------

00:38:47 ERROR : port closed
00:39:03 INFO  : Connected to target on host '127.0.0.1' and port '3121'.
00:39:03 INFO  : Jtag cable 'Digilent Zed 210248BEB531' is selected.
00:39:03 INFO  : 'jtag frequency' command is executed.
00:39:03 INFO  : Context for 'APU' is selected.
00:39:03 INFO  : System reset is completed.
00:39:06 INFO  : 'after 3000' command is executed.
00:39:06 INFO  : 'targets -set -filter {jtag_cable_name =~ "Digilent Zed 210248BEB531" && level==0 && jtag_device_ctx=="jsn-Zed-210248BEB531-23727093-0"}' command is executed.
00:39:08 INFO  : Device configured successfully with "D:/workspace/fbga_project/projem/FMC_Pcam_Adapter_demo/_ide/bitstream/system_wrapper.bit"
00:39:08 INFO  : Context for 'APU' is selected.
00:39:08 INFO  : Hardware design and registers information is loaded from 'D:/workspace/fbga_project/projem/system_wrapper/export/system_wrapper/hw/system_wrapper.xsa'.
00:39:08 INFO  : 'configparams force-mem-access 1' command is executed.
00:39:08 INFO  : Context for 'APU' is selected.
00:39:08 INFO  : Sourcing of 'D:/workspace/fbga_project/projem/FMC_Pcam_Adapter_demo/_ide/psinit/ps7_init.tcl' is done.
00:39:09 INFO  : 'ps7_init' command is executed.
00:39:09 INFO  : 'ps7_post_config' command is executed.
00:39:09 INFO  : Context for processor 'ps7_cortexa9_0' is selected.
00:39:11 INFO  : The application 'D:/workspace/fbga_project/projem/FMC_Pcam_Adapter_demo/Debug/FMC_Pcam_Adapter_demo.elf' is downloaded to processor 'ps7_cortexa9_0'.
00:39:11 INFO  : 'configparams force-mem-access 0' command is executed.
00:39:11 INFO  : ----------------XSDB Script----------------
connect -url tcp:127.0.0.1:3121
targets -set -nocase -filter {name =~"APU*"}
rst -system
after 3000
targets -set -filter {jtag_cable_name =~ "Digilent Zed 210248BEB531" && level==0 && jtag_device_ctx=="jsn-Zed-210248BEB531-23727093-0"}
fpga -file D:/workspace/fbga_project/projem/FMC_Pcam_Adapter_demo/_ide/bitstream/system_wrapper.bit
targets -set -nocase -filter {name =~"APU*"}
loadhw -hw D:/workspace/fbga_project/projem/system_wrapper/export/system_wrapper/hw/system_wrapper.xsa -mem-ranges [list {0x40000000 0xbfffffff}] -regs
configparams force-mem-access 1
targets -set -nocase -filter {name =~"APU*"}
source D:/workspace/fbga_project/projem/FMC_Pcam_Adapter_demo/_ide/psinit/ps7_init.tcl
ps7_init
ps7_post_config
targets -set -nocase -filter {name =~ "*A9*#0"}
dow D:/workspace/fbga_project/projem/FMC_Pcam_Adapter_demo/Debug/FMC_Pcam_Adapter_demo.elf
configparams force-mem-access 0
----------------End of Script----------------

00:39:11 INFO  : Context for processor 'ps7_cortexa9_0' is selected.
00:39:11 INFO  : 'con' command is executed.
00:39:11 INFO  : ----------------XSDB Script (After Launch)----------------
targets -set -nocase -filter {name =~ "*A9*#0"}
con
----------------End of Script----------------

00:39:11 INFO  : Launch script is exported to file 'D:\workspace\fbga_project\projem\FMC_Pcam_Adapter_demo_system\_ide\scripts\debugger_fmc_pcam_adapter_demo-default.tcl'
00:45:41 INFO  : Disconnected from the channel tcfchan#23.
00:45:42 INFO  : Connected to target on host '127.0.0.1' and port '3121'.
00:45:42 INFO  : Jtag cable 'Digilent Zed 210248BEB531' is selected.
00:45:42 INFO  : 'jtag frequency' command is executed.
00:45:42 INFO  : Context for 'APU' is selected.
00:45:42 INFO  : System reset is completed.
00:45:45 INFO  : 'after 3000' command is executed.
00:45:45 INFO  : 'targets -set -filter {jtag_cable_name =~ "Digilent Zed 210248BEB531" && level==0 && jtag_device_ctx=="jsn-Zed-210248BEB531-23727093-0"}' command is executed.
00:45:48 INFO  : Device configured successfully with "D:/workspace/fbga_project/projem/FMC_Pcam_Adapter_demo/_ide/bitstream/system_wrapper.bit"
00:45:48 INFO  : Context for 'APU' is selected.
00:45:48 INFO  : Hardware design and registers information is loaded from 'D:/workspace/fbga_project/projem/system_wrapper/export/system_wrapper/hw/system_wrapper.xsa'.
00:45:48 INFO  : 'configparams force-mem-access 1' command is executed.
00:45:48 INFO  : Context for 'APU' is selected.
00:45:48 INFO  : Sourcing of 'D:/workspace/fbga_project/projem/FMC_Pcam_Adapter_demo/_ide/psinit/ps7_init.tcl' is done.
00:45:49 INFO  : 'ps7_init' command is executed.
00:45:49 INFO  : 'ps7_post_config' command is executed.
00:45:49 INFO  : Context for processor 'ps7_cortexa9_0' is selected.
00:45:51 INFO  : The application 'D:/workspace/fbga_project/projem/FMC_Pcam_Adapter_demo/Debug/FMC_Pcam_Adapter_demo.elf' is downloaded to processor 'ps7_cortexa9_0'.
00:45:51 INFO  : 'configparams force-mem-access 0' command is executed.
00:45:51 INFO  : ----------------XSDB Script----------------
connect -url tcp:127.0.0.1:3121
targets -set -nocase -filter {name =~"APU*"}
rst -system
after 3000
targets -set -filter {jtag_cable_name =~ "Digilent Zed 210248BEB531" && level==0 && jtag_device_ctx=="jsn-Zed-210248BEB531-23727093-0"}
fpga -file D:/workspace/fbga_project/projem/FMC_Pcam_Adapter_demo/_ide/bitstream/system_wrapper.bit
targets -set -nocase -filter {name =~"APU*"}
loadhw -hw D:/workspace/fbga_project/projem/system_wrapper/export/system_wrapper/hw/system_wrapper.xsa -mem-ranges [list {0x40000000 0xbfffffff}] -regs
configparams force-mem-access 1
targets -set -nocase -filter {name =~"APU*"}
source D:/workspace/fbga_project/projem/FMC_Pcam_Adapter_demo/_ide/psinit/ps7_init.tcl
ps7_init
ps7_post_config
targets -set -nocase -filter {name =~ "*A9*#0"}
dow D:/workspace/fbga_project/projem/FMC_Pcam_Adapter_demo/Debug/FMC_Pcam_Adapter_demo.elf
configparams force-mem-access 0
----------------End of Script----------------

00:45:51 INFO  : Context for processor 'ps7_cortexa9_0' is selected.
00:45:52 INFO  : 'con' command is executed.
00:45:52 INFO  : ----------------XSDB Script (After Launch)----------------
targets -set -nocase -filter {name =~ "*A9*#0"}
con
----------------End of Script----------------

00:45:52 INFO  : Launch script is exported to file 'D:\workspace\fbga_project\projem\FMC_Pcam_Adapter_demo_system\_ide\scripts\debugger_fmc_pcam_adapter_demo-default.tcl'
01:01:53 INFO  : Disconnected from the channel tcfchan#24.
01:57:10 DEBUG : Logs will be stored at 'D:/workspace/fbga_project/projem/IDE.log'.
01:57:11 INFO  : Launching XSCT server: xsct.bat -n  -interactive D:\workspace\fbga_project\projem\temp_xsdb_launch_script.tcl
01:57:13 INFO  : XSCT server has started successfully.
01:57:13 INFO  : plnx-install-location is set to ''
01:57:13 INFO  : Successfully done setting XSCT server connection channel  
01:57:13 INFO  : Successfully done setting workspace for the tool. 
01:57:13 INFO  : Successfully done query RDI_DATADIR 
01:57:14 INFO  : Platform repository initialization has completed.
01:57:14 INFO  : Registering command handlers for Vitis TCF services
13:38:38 DEBUG : Logs will be stored at 'D:/workspace/fbga_project/projem/IDE.log'.
13:38:39 INFO  : Launching XSCT server: xsct.bat -n  -interactive D:\workspace\fbga_project\projem\temp_xsdb_launch_script.tcl
13:38:44 INFO  : Registering command handlers for Vitis TCF services
13:38:45 INFO  : Platform repository initialization has completed.
13:38:46 INFO  : XSCT server has started successfully.
13:38:46 INFO  : Successfully done setting XSCT server connection channel  
13:38:46 INFO  : plnx-install-location is set to ''
13:38:55 INFO  : Successfully done setting workspace for the tool. 
13:38:55 INFO  : Successfully done query RDI_DATADIR 
14:22:53 DEBUG : Logs will be stored at 'D:/workspace/fbga_project/projem/IDE.log'.
14:22:55 INFO  : Launching XSCT server: xsct.bat -n  -interactive D:\workspace\fbga_project\projem\temp_xsdb_launch_script.tcl
14:22:59 INFO  : XSCT server has started successfully.
14:22:59 INFO  : plnx-install-location is set to ''
14:22:59 INFO  : Successfully done setting XSCT server connection channel  
14:22:59 INFO  : Successfully done setting workspace for the tool. 
14:23:02 INFO  : Successfully done query RDI_DATADIR 
14:23:03 INFO  : Registering command handlers for Vitis TCF services
14:23:04 INFO  : Platform repository initialization has completed.
18:01:32 DEBUG : Logs will be stored at 'D:/workspace/fbga_project/projem/IDE.log'.
18:01:34 INFO  : Launching XSCT server: xsct.bat -n  -interactive D:\workspace\fbga_project\projem\temp_xsdb_launch_script.tcl
18:01:40 INFO  : XSCT server has started successfully.
18:01:40 INFO  : plnx-install-location is set to ''
18:01:40 INFO  : Successfully done setting XSCT server connection channel  
18:01:40 INFO  : Successfully done setting workspace for the tool. 
18:01:42 INFO  : Registering command handlers for Vitis TCF services
18:01:43 INFO  : Platform repository initialization has completed.
18:01:53 INFO  : Successfully done query RDI_DATADIR 
19:14:04 DEBUG : Logs will be stored at 'D:/workspace/fbga_project/projem/IDE.log'.
19:14:08 INFO  : Launching XSCT server: xsct.bat -n  -interactive D:\workspace\fbga_project\projem\temp_xsdb_launch_script.tcl
19:14:16 INFO  : Registering command handlers for Vitis TCF services
19:14:17 INFO  : XSCT server has started successfully.
19:14:17 INFO  : plnx-install-location is set to ''
19:14:18 INFO  : Platform repository initialization has completed.
19:14:29 INFO  : Successfully done setting XSCT server connection channel  
19:14:29 INFO  : Successfully done query RDI_DATADIR 
19:14:29 INFO  : Successfully done setting workspace for the tool. 
19:30:28 INFO  : Result from executing command 'getProjects': system_wrapper
19:30:28 INFO  : Result from executing command 'getPlatforms': system_wrapper|D:/workspace/fbga_project/projem/system_wrapper/export/system_wrapper/system_wrapper.xpfm;xilinx_vck190_base_202210_1|C:/Xilinx/Vitis/2022.1/base_platforms/xilinx_vck190_base_202210_1/xilinx_vck190_base_202210_1.xpfm;xilinx_vck190_base_dfx_202210_1|C:/Xilinx/Vitis/2022.1/base_platforms/xilinx_vck190_base_dfx_202210_1/xilinx_vck190_base_dfx_202210_1.xpfm;xilinx_vmk180_base_202210_1|C:/Xilinx/Vitis/2022.1/base_platforms/xilinx_vmk180_base_202210_1/xilinx_vmk180_base_202210_1.xpfm;xilinx_zcu102_base_202210_1|C:/Xilinx/Vitis/2022.1/base_platforms/xilinx_zcu102_base_202210_1/xilinx_zcu102_base_202210_1.xpfm;xilinx_zcu102_base_dfx_202210_1|C:/Xilinx/Vitis/2022.1/base_platforms/xilinx_zcu102_base_dfx_202210_1/xilinx_zcu102_base_dfx_202210_1.xpfm;xilinx_zcu104_base_202210_1|C:/Xilinx/Vitis/2022.1/base_platforms/xilinx_zcu104_base_202210_1/xilinx_zcu104_base_202210_1.xpfm
19:30:29 INFO  : Checking for BSP changes to sync application flags for project 'FMC_Pcam_Adapter_demo'...
19:30:43 INFO  : Connected to target on host '127.0.0.1' and port '3121'.
19:30:43 INFO  : Jtag cable 'Digilent Zed 210248BEB531' is selected.
19:30:43 INFO  : 'jtag frequency' command is executed.
19:30:43 INFO  : Context for 'APU' is selected.
19:30:43 INFO  : System reset is completed.
19:30:46 INFO  : 'after 3000' command is executed.
19:30:47 INFO  : 'targets -set -filter {jtag_cable_name =~ "Digilent Zed 210248BEB531" && level==0 && jtag_device_ctx=="jsn-Zed-210248BEB531-23727093-0"}' command is executed.
19:30:49 INFO  : Device configured successfully with "D:/workspace/fbga_project/projem/FMC_Pcam_Adapter_demo/_ide/bitstream/system_wrapper.bit"
19:30:49 INFO  : Context for 'APU' is selected.
19:30:49 INFO  : Hardware design and registers information is loaded from 'D:/workspace/fbga_project/projem/system_wrapper/export/system_wrapper/hw/system_wrapper.xsa'.
19:30:49 INFO  : 'configparams force-mem-access 1' command is executed.
19:30:49 INFO  : Context for 'APU' is selected.
19:30:49 INFO  : Sourcing of 'D:/workspace/fbga_project/projem/FMC_Pcam_Adapter_demo/_ide/psinit/ps7_init.tcl' is done.
19:30:50 INFO  : 'ps7_init' command is executed.
19:30:50 INFO  : 'ps7_post_config' command is executed.
19:30:50 INFO  : Context for processor 'ps7_cortexa9_0' is selected.
19:30:52 INFO  : The application 'D:/workspace/fbga_project/projem/FMC_Pcam_Adapter_demo/Debug/FMC_Pcam_Adapter_demo.elf' is downloaded to processor 'ps7_cortexa9_0'.
19:30:52 INFO  : 'configparams force-mem-access 0' command is executed.
19:30:52 INFO  : ----------------XSDB Script----------------
connect -url tcp:127.0.0.1:3121
targets -set -nocase -filter {name =~"APU*"}
rst -system
after 3000
targets -set -filter {jtag_cable_name =~ "Digilent Zed 210248BEB531" && level==0 && jtag_device_ctx=="jsn-Zed-210248BEB531-23727093-0"}
fpga -file D:/workspace/fbga_project/projem/FMC_Pcam_Adapter_demo/_ide/bitstream/system_wrapper.bit
targets -set -nocase -filter {name =~"APU*"}
loadhw -hw D:/workspace/fbga_project/projem/system_wrapper/export/system_wrapper/hw/system_wrapper.xsa -mem-ranges [list {0x40000000 0xbfffffff}] -regs
configparams force-mem-access 1
targets -set -nocase -filter {name =~"APU*"}
source D:/workspace/fbga_project/projem/FMC_Pcam_Adapter_demo/_ide/psinit/ps7_init.tcl
ps7_init
ps7_post_config
targets -set -nocase -filter {name =~ "*A9*#0"}
dow D:/workspace/fbga_project/projem/FMC_Pcam_Adapter_demo/Debug/FMC_Pcam_Adapter_demo.elf
configparams force-mem-access 0
----------------End of Script----------------

19:30:52 INFO  : Context for processor 'ps7_cortexa9_0' is selected.
19:30:53 INFO  : 'con' command is executed.
19:30:53 INFO  : ----------------XSDB Script (After Launch)----------------
targets -set -nocase -filter {name =~ "*A9*#0"}
con
----------------End of Script----------------

19:30:53 INFO  : Launch script is exported to file 'D:\workspace\fbga_project\projem\FMC_Pcam_Adapter_demo_system\_ide\scripts\debugger_fmc_pcam_adapter_demo-default.tcl'
19:36:37 INFO  : Checking for BSP changes to sync application flags for project 'FMC_Pcam_Adapter_demo'...
19:44:38 INFO  : Disconnected from the channel tcfchan#2.
19:44:39 INFO  : Connected to target on host '127.0.0.1' and port '3121'.
19:44:49 INFO  : ----------------XSDB Script----------------
connect -url tcp:127.0.0.1:3121
----------------End of Script----------------

19:44:49 ERROR : Could not find Jtag device on the board for connection 'Local'.


Troubleshooting hints:
1. Check whether board is connected to system properly.
2. In case of zynq board, check whether Digilent/Xilinx cable switch settings are correct.
3. If you are using Xilinx Platform Cable USB, ensure that status LED is green.
19:46:58 INFO  : Checking for BSP changes to sync application flags for project 'FMC_Pcam_Adapter_demo'...
19:47:09 INFO  : Connected to target on host '127.0.0.1' and port '3121'.
19:47:09 INFO  : 'targets -set -filter {jtag_cable_name =~ "Digilent Zed 210248BEB531" && level==0 && jtag_device_ctx=="jsn-Zed-210248BEB531-23727093-0"}' command is executed.
19:47:11 INFO  : Device configured successfully with "D:/workspace/fbga_project/projem/FMC_Pcam_Adapter_demo/_ide/bitstream/system_wrapper.bit"
19:47:49 INFO  : Connected to target on host '127.0.0.1' and port '3121'.
19:47:49 INFO  : Jtag cable 'Digilent Zed 210248BEB531' is selected.
19:47:49 INFO  : 'jtag frequency' command is executed.
19:47:49 INFO  : Context for 'APU' is selected.
19:47:49 INFO  : System reset is completed.
19:47:52 INFO  : 'after 3000' command is executed.
19:47:52 INFO  : 'targets -set -filter {jtag_cable_name =~ "Digilent Zed 210248BEB531" && level==0 && jtag_device_ctx=="jsn-Zed-210248BEB531-23727093-0"}' command is executed.
19:47:54 INFO  : Device configured successfully with "D:/workspace/fbga_project/projem/FMC_Pcam_Adapter_demo/_ide/bitstream/system_wrapper.bit"
19:47:54 INFO  : Context for 'APU' is selected.
19:47:54 INFO  : Hardware design and registers information is loaded from 'D:/workspace/fbga_project/projem/system_wrapper/export/system_wrapper/hw/system_wrapper.xsa'.
19:47:54 INFO  : 'configparams force-mem-access 1' command is executed.
19:47:54 INFO  : Context for 'APU' is selected.
19:47:54 INFO  : Sourcing of 'D:/workspace/fbga_project/projem/FMC_Pcam_Adapter_demo/_ide/psinit/ps7_init.tcl' is done.
19:47:55 INFO  : 'ps7_init' command is executed.
19:47:55 INFO  : 'ps7_post_config' command is executed.
19:47:55 INFO  : Context for processor 'ps7_cortexa9_0' is selected.
19:47:57 INFO  : The application 'D:/workspace/fbga_project/projem/FMC_Pcam_Adapter_demo/Debug/FMC_Pcam_Adapter_demo.elf' is downloaded to processor 'ps7_cortexa9_0'.
19:47:57 INFO  : 'configparams force-mem-access 0' command is executed.
19:47:57 INFO  : ----------------XSDB Script----------------
connect -url tcp:127.0.0.1:3121
targets -set -nocase -filter {name =~"APU*"}
rst -system
after 3000
targets -set -filter {jtag_cable_name =~ "Digilent Zed 210248BEB531" && level==0 && jtag_device_ctx=="jsn-Zed-210248BEB531-23727093-0"}
fpga -file D:/workspace/fbga_project/projem/FMC_Pcam_Adapter_demo/_ide/bitstream/system_wrapper.bit
targets -set -nocase -filter {name =~"APU*"}
loadhw -hw D:/workspace/fbga_project/projem/system_wrapper/export/system_wrapper/hw/system_wrapper.xsa -mem-ranges [list {0x40000000 0xbfffffff}] -regs
configparams force-mem-access 1
targets -set -nocase -filter {name =~"APU*"}
source D:/workspace/fbga_project/projem/FMC_Pcam_Adapter_demo/_ide/psinit/ps7_init.tcl
ps7_init
ps7_post_config
targets -set -nocase -filter {name =~ "*A9*#0"}
dow D:/workspace/fbga_project/projem/FMC_Pcam_Adapter_demo/Debug/FMC_Pcam_Adapter_demo.elf
configparams force-mem-access 0
----------------End of Script----------------

19:47:57 INFO  : Context for processor 'ps7_cortexa9_0' is selected.
19:47:57 INFO  : 'con' command is executed.
19:47:57 INFO  : ----------------XSDB Script (After Launch)----------------
targets -set -nocase -filter {name =~ "*A9*#0"}
con
----------------End of Script----------------

19:47:57 INFO  : Disconnected from the channel tcfchan#3.
19:58:32 INFO  : Checking for BSP changes to sync application flags for project 'FMC_Pcam_Adapter_demo'...
19:58:45 INFO  : Connected to target on host '127.0.0.1' and port '3121'.
19:58:45 INFO  : Jtag cable 'Digilent Zed 210248BEB531' is selected.
19:58:45 INFO  : 'jtag frequency' command is executed.
19:58:45 INFO  : Context for 'APU' is selected.
19:58:45 INFO  : System reset is completed.
19:58:48 INFO  : 'after 3000' command is executed.
19:58:48 INFO  : 'targets -set -filter {jtag_cable_name =~ "Digilent Zed 210248BEB531" && level==0 && jtag_device_ctx=="jsn-Zed-210248BEB531-23727093-0"}' command is executed.
19:58:51 INFO  : Device configured successfully with "D:/workspace/fbga_project/projem/FMC_Pcam_Adapter_demo/_ide/bitstream/system_wrapper.bit"
19:58:51 INFO  : Context for 'APU' is selected.
19:58:51 INFO  : Hardware design and registers information is loaded from 'D:/workspace/fbga_project/projem/system_wrapper/export/system_wrapper/hw/system_wrapper.xsa'.
19:58:51 INFO  : 'configparams force-mem-access 1' command is executed.
19:58:51 INFO  : Context for 'APU' is selected.
19:58:51 INFO  : Sourcing of 'D:/workspace/fbga_project/projem/FMC_Pcam_Adapter_demo/_ide/psinit/ps7_init.tcl' is done.
19:58:52 INFO  : 'ps7_init' command is executed.
19:58:52 INFO  : 'ps7_post_config' command is executed.
19:58:52 INFO  : Context for processor 'ps7_cortexa9_0' is selected.
19:58:56 INFO  : The application 'D:/workspace/fbga_project/projem/FMC_Pcam_Adapter_demo/Debug/FMC_Pcam_Adapter_demo.elf' is downloaded to processor 'ps7_cortexa9_0'.
19:58:56 INFO  : 'configparams force-mem-access 0' command is executed.
19:58:56 INFO  : ----------------XSDB Script----------------
connect -url tcp:127.0.0.1:3121
targets -set -nocase -filter {name =~"APU*"}
rst -system
after 3000
targets -set -filter {jtag_cable_name =~ "Digilent Zed 210248BEB531" && level==0 && jtag_device_ctx=="jsn-Zed-210248BEB531-23727093-0"}
fpga -file D:/workspace/fbga_project/projem/FMC_Pcam_Adapter_demo/_ide/bitstream/system_wrapper.bit
targets -set -nocase -filter {name =~"APU*"}
loadhw -hw D:/workspace/fbga_project/projem/system_wrapper/export/system_wrapper/hw/system_wrapper.xsa -mem-ranges [list {0x40000000 0xbfffffff}] -regs
configparams force-mem-access 1
targets -set -nocase -filter {name =~"APU*"}
source D:/workspace/fbga_project/projem/FMC_Pcam_Adapter_demo/_ide/psinit/ps7_init.tcl
ps7_init
ps7_post_config
targets -set -nocase -filter {name =~ "*A9*#0"}
dow D:/workspace/fbga_project/projem/FMC_Pcam_Adapter_demo/Debug/FMC_Pcam_Adapter_demo.elf
configparams force-mem-access 0
----------------End of Script----------------

19:58:56 INFO  : Context for processor 'ps7_cortexa9_0' is selected.
19:58:56 INFO  : 'con' command is executed.
19:58:56 INFO  : ----------------XSDB Script (After Launch)----------------
targets -set -nocase -filter {name =~ "*A9*#0"}
con
----------------End of Script----------------

19:58:56 INFO  : Launch script is exported to file 'D:\workspace\fbga_project\projem\FMC_Pcam_Adapter_demo_system\_ide\scripts\debugger_fmc_pcam_adapter_demo-default.tcl'
20:00:17 INFO  : Disconnected from the channel tcfchan#4.
20:00:18 INFO  : Connected to target on host '127.0.0.1' and port '3121'.
20:00:18 INFO  : Jtag cable 'Digilent Zed 210248BEB531' is selected.
20:00:18 INFO  : 'jtag frequency' command is executed.
20:00:18 INFO  : Context for 'APU' is selected.
20:00:18 INFO  : System reset is completed.
20:00:21 INFO  : 'after 3000' command is executed.
20:00:21 INFO  : 'targets -set -filter {jtag_cable_name =~ "Digilent Zed 210248BEB531" && level==0 && jtag_device_ctx=="jsn-Zed-210248BEB531-23727093-0"}' command is executed.
20:00:24 INFO  : Device configured successfully with "D:/workspace/fbga_project/projem/FMC_Pcam_Adapter_demo/_ide/bitstream/system_wrapper.bit"
20:00:24 INFO  : Context for 'APU' is selected.
20:00:24 INFO  : Hardware design and registers information is loaded from 'D:/workspace/fbga_project/projem/system_wrapper/export/system_wrapper/hw/system_wrapper.xsa'.
20:00:24 INFO  : 'configparams force-mem-access 1' command is executed.
20:00:24 INFO  : Context for 'APU' is selected.
20:00:24 INFO  : Sourcing of 'D:/workspace/fbga_project/projem/FMC_Pcam_Adapter_demo/_ide/psinit/ps7_init.tcl' is done.
20:00:24 INFO  : 'ps7_init' command is executed.
20:00:24 INFO  : 'ps7_post_config' command is executed.
20:00:24 INFO  : Context for processor 'ps7_cortexa9_0' is selected.
20:00:26 INFO  : The application 'D:/workspace/fbga_project/projem/FMC_Pcam_Adapter_demo/Debug/FMC_Pcam_Adapter_demo.elf' is downloaded to processor 'ps7_cortexa9_0'.
20:00:26 INFO  : 'configparams force-mem-access 0' command is executed.
20:00:26 INFO  : ----------------XSDB Script----------------
connect -url tcp:127.0.0.1:3121
targets -set -nocase -filter {name =~"APU*"}
rst -system
after 3000
targets -set -filter {jtag_cable_name =~ "Digilent Zed 210248BEB531" && level==0 && jtag_device_ctx=="jsn-Zed-210248BEB531-23727093-0"}
fpga -file D:/workspace/fbga_project/projem/FMC_Pcam_Adapter_demo/_ide/bitstream/system_wrapper.bit
targets -set -nocase -filter {name =~"APU*"}
loadhw -hw D:/workspace/fbga_project/projem/system_wrapper/export/system_wrapper/hw/system_wrapper.xsa -mem-ranges [list {0x40000000 0xbfffffff}] -regs
configparams force-mem-access 1
targets -set -nocase -filter {name =~"APU*"}
source D:/workspace/fbga_project/projem/FMC_Pcam_Adapter_demo/_ide/psinit/ps7_init.tcl
ps7_init
ps7_post_config
targets -set -nocase -filter {name =~ "*A9*#0"}
dow D:/workspace/fbga_project/projem/FMC_Pcam_Adapter_demo/Debug/FMC_Pcam_Adapter_demo.elf
configparams force-mem-access 0
----------------End of Script----------------

20:00:27 INFO  : Context for processor 'ps7_cortexa9_0' is selected.
20:00:27 INFO  : 'con' command is executed.
20:00:27 INFO  : ----------------XSDB Script (After Launch)----------------
targets -set -nocase -filter {name =~ "*A9*#0"}
con
----------------End of Script----------------

20:00:27 INFO  : Launch script is exported to file 'D:\workspace\fbga_project\projem\FMC_Pcam_Adapter_demo_system\_ide\scripts\debugger_fmc_pcam_adapter_demo-default.tcl'
20:04:37 INFO  : Checking for BSP changes to sync application flags for project 'FMC_Pcam_Adapter_demo'...
20:04:53 INFO  : Disconnected from the channel tcfchan#5.
20:04:54 INFO  : Connected to target on host '127.0.0.1' and port '3121'.
20:04:54 INFO  : Jtag cable 'Digilent Zed 210248BEB531' is selected.
20:04:54 INFO  : 'jtag frequency' command is executed.
20:04:54 INFO  : Context for 'APU' is selected.
20:04:54 INFO  : System reset is completed.
20:04:57 INFO  : 'after 3000' command is executed.
20:04:57 INFO  : 'targets -set -filter {jtag_cable_name =~ "Digilent Zed 210248BEB531" && level==0 && jtag_device_ctx=="jsn-Zed-210248BEB531-23727093-0"}' command is executed.
20:05:00 INFO  : Device configured successfully with "D:/workspace/fbga_project/projem/FMC_Pcam_Adapter_demo/_ide/bitstream/system_wrapper.bit"
20:05:00 INFO  : Context for 'APU' is selected.
20:05:00 INFO  : Hardware design and registers information is loaded from 'D:/workspace/fbga_project/projem/system_wrapper/export/system_wrapper/hw/system_wrapper.xsa'.
20:05:00 INFO  : 'configparams force-mem-access 1' command is executed.
20:05:00 INFO  : Context for 'APU' is selected.
20:05:00 INFO  : Sourcing of 'D:/workspace/fbga_project/projem/FMC_Pcam_Adapter_demo/_ide/psinit/ps7_init.tcl' is done.
20:05:00 INFO  : 'ps7_init' command is executed.
20:05:00 INFO  : 'ps7_post_config' command is executed.
20:05:00 INFO  : Context for processor 'ps7_cortexa9_0' is selected.
20:05:02 INFO  : The application 'D:/workspace/fbga_project/projem/FMC_Pcam_Adapter_demo/Debug/FMC_Pcam_Adapter_demo.elf' is downloaded to processor 'ps7_cortexa9_0'.
20:05:02 INFO  : 'configparams force-mem-access 0' command is executed.
20:05:02 INFO  : ----------------XSDB Script----------------
connect -url tcp:127.0.0.1:3121
targets -set -nocase -filter {name =~"APU*"}
rst -system
after 3000
targets -set -filter {jtag_cable_name =~ "Digilent Zed 210248BEB531" && level==0 && jtag_device_ctx=="jsn-Zed-210248BEB531-23727093-0"}
fpga -file D:/workspace/fbga_project/projem/FMC_Pcam_Adapter_demo/_ide/bitstream/system_wrapper.bit
targets -set -nocase -filter {name =~"APU*"}
loadhw -hw D:/workspace/fbga_project/projem/system_wrapper/export/system_wrapper/hw/system_wrapper.xsa -mem-ranges [list {0x40000000 0xbfffffff}] -regs
configparams force-mem-access 1
targets -set -nocase -filter {name =~"APU*"}
source D:/workspace/fbga_project/projem/FMC_Pcam_Adapter_demo/_ide/psinit/ps7_init.tcl
ps7_init
ps7_post_config
targets -set -nocase -filter {name =~ "*A9*#0"}
dow D:/workspace/fbga_project/projem/FMC_Pcam_Adapter_demo/Debug/FMC_Pcam_Adapter_demo.elf
configparams force-mem-access 0
----------------End of Script----------------

20:05:03 INFO  : Context for processor 'ps7_cortexa9_0' is selected.
20:05:03 INFO  : 'con' command is executed.
20:05:03 INFO  : ----------------XSDB Script (After Launch)----------------
targets -set -nocase -filter {name =~ "*A9*#0"}
con
----------------End of Script----------------

20:05:03 INFO  : Launch script is exported to file 'D:\workspace\fbga_project\projem\FMC_Pcam_Adapter_demo_system\_ide\scripts\debugger_fmc_pcam_adapter_demo-default.tcl'
20:08:48 INFO  : Checking for BSP changes to sync application flags for project 'FMC_Pcam_Adapter_demo'...
20:09:02 INFO  : Disconnected from the channel tcfchan#7.
20:09:03 INFO  : Connected to target on host '127.0.0.1' and port '3121'.
20:09:05 INFO  : ----------------XSDB Script----------------
connect -url tcp:127.0.0.1:3121
----------------End of Script----------------

20:09:05 ERROR : Could not find FPGA device on the board for connection 'Local'.


Troubleshooting hints:
1. Check whether board is connected to system properly.
2. In case of zynq board, check whether Digilent/Xilinx cable switch settings are correct.
3. If you are using Xilinx Platform Cable USB, ensure that status LED is green.
20:09:14 INFO  : Checking for BSP changes to sync application flags for project 'FMC_Pcam_Adapter_demo'...
20:09:22 INFO  : Connected to target on host '127.0.0.1' and port '3121'.
20:09:22 INFO  : Jtag cable 'Digilent Zed 210248BEB531' is selected.
20:09:22 INFO  : 'jtag frequency' command is executed.
20:09:22 INFO  : Context for 'APU' is selected.
20:09:22 INFO  : System reset is completed.
20:09:25 INFO  : 'after 3000' command is executed.
20:09:25 INFO  : 'targets -set -filter {jtag_cable_name =~ "Digilent Zed 210248BEB531" && level==0 && jtag_device_ctx=="jsn-Zed-210248BEB531-23727093-0"}' command is executed.
20:09:28 INFO  : Device configured successfully with "D:/workspace/fbga_project/projem/FMC_Pcam_Adapter_demo/_ide/bitstream/system_wrapper.bit"
20:09:28 INFO  : Context for 'APU' is selected.
20:09:28 INFO  : Hardware design and registers information is loaded from 'D:/workspace/fbga_project/projem/system_wrapper/export/system_wrapper/hw/system_wrapper.xsa'.
20:09:28 INFO  : 'configparams force-mem-access 1' command is executed.
20:09:28 INFO  : Context for 'APU' is selected.
20:09:28 INFO  : Sourcing of 'D:/workspace/fbga_project/projem/FMC_Pcam_Adapter_demo/_ide/psinit/ps7_init.tcl' is done.
20:09:28 INFO  : 'ps7_init' command is executed.
20:09:28 INFO  : 'ps7_post_config' command is executed.
20:09:28 INFO  : Context for processor 'ps7_cortexa9_0' is selected.
20:09:30 INFO  : The application 'D:/workspace/fbga_project/projem/FMC_Pcam_Adapter_demo/Debug/FMC_Pcam_Adapter_demo.elf' is downloaded to processor 'ps7_cortexa9_0'.
20:09:30 INFO  : 'configparams force-mem-access 0' command is executed.
20:09:30 INFO  : ----------------XSDB Script----------------
connect -url tcp:127.0.0.1:3121
targets -set -nocase -filter {name =~"APU*"}
rst -system
after 3000
targets -set -filter {jtag_cable_name =~ "Digilent Zed 210248BEB531" && level==0 && jtag_device_ctx=="jsn-Zed-210248BEB531-23727093-0"}
fpga -file D:/workspace/fbga_project/projem/FMC_Pcam_Adapter_demo/_ide/bitstream/system_wrapper.bit
targets -set -nocase -filter {name =~"APU*"}
loadhw -hw D:/workspace/fbga_project/projem/system_wrapper/export/system_wrapper/hw/system_wrapper.xsa -mem-ranges [list {0x40000000 0xbfffffff}] -regs
configparams force-mem-access 1
targets -set -nocase -filter {name =~"APU*"}
source D:/workspace/fbga_project/projem/FMC_Pcam_Adapter_demo/_ide/psinit/ps7_init.tcl
ps7_init
ps7_post_config
targets -set -nocase -filter {name =~ "*A9*#0"}
dow D:/workspace/fbga_project/projem/FMC_Pcam_Adapter_demo/Debug/FMC_Pcam_Adapter_demo.elf
configparams force-mem-access 0
----------------End of Script----------------

20:09:30 INFO  : Context for processor 'ps7_cortexa9_0' is selected.
20:09:30 INFO  : 'con' command is executed.
20:09:30 INFO  : ----------------XSDB Script (After Launch)----------------
targets -set -nocase -filter {name =~ "*A9*#0"}
con
----------------End of Script----------------

20:09:30 INFO  : Launch script is exported to file 'D:\workspace\fbga_project\projem\FMC_Pcam_Adapter_demo_system\_ide\scripts\debugger_fmc_pcam_adapter_demo-default.tcl'
20:41:27 INFO  : Checking for BSP changes to sync application flags for project 'FMC_Pcam_Adapter_demo'...
20:41:49 INFO  : Disconnected from the channel tcfchan#8.
20:41:50 INFO  : Connected to target on host '127.0.0.1' and port '3121'.
20:41:50 INFO  : Jtag cable 'Digilent Zed 210248BEB531' is selected.
20:41:50 INFO  : 'jtag frequency' command is executed.
20:41:50 INFO  : Context for 'APU' is selected.
20:41:50 INFO  : System reset is completed.
20:41:53 INFO  : 'after 3000' command is executed.
20:41:53 INFO  : 'targets -set -filter {jtag_cable_name =~ "Digilent Zed 210248BEB531" && level==0 && jtag_device_ctx=="jsn-Zed-210248BEB531-23727093-0"}' command is executed.
20:41:56 INFO  : Device configured successfully with "D:/workspace/fbga_project/projem/FMC_Pcam_Adapter_demo/_ide/bitstream/system_wrapper.bit"
20:41:56 INFO  : Context for 'APU' is selected.
20:41:56 INFO  : Hardware design and registers information is loaded from 'D:/workspace/fbga_project/projem/system_wrapper/export/system_wrapper/hw/system_wrapper.xsa'.
20:41:56 INFO  : 'configparams force-mem-access 1' command is executed.
20:41:56 INFO  : Context for 'APU' is selected.
20:41:56 INFO  : Sourcing of 'D:/workspace/fbga_project/projem/FMC_Pcam_Adapter_demo/_ide/psinit/ps7_init.tcl' is done.
20:41:56 INFO  : 'ps7_init' command is executed.
20:41:56 INFO  : 'ps7_post_config' command is executed.
20:41:56 INFO  : Context for processor 'ps7_cortexa9_0' is selected.
20:41:59 INFO  : The application 'D:/workspace/fbga_project/projem/FMC_Pcam_Adapter_demo/Debug/FMC_Pcam_Adapter_demo.elf' is downloaded to processor 'ps7_cortexa9_0'.
20:41:59 INFO  : 'configparams force-mem-access 0' command is executed.
20:41:59 INFO  : ----------------XSDB Script----------------
connect -url tcp:127.0.0.1:3121
targets -set -nocase -filter {name =~"APU*"}
rst -system
after 3000
targets -set -filter {jtag_cable_name =~ "Digilent Zed 210248BEB531" && level==0 && jtag_device_ctx=="jsn-Zed-210248BEB531-23727093-0"}
fpga -file D:/workspace/fbga_project/projem/FMC_Pcam_Adapter_demo/_ide/bitstream/system_wrapper.bit
targets -set -nocase -filter {name =~"APU*"}
loadhw -hw D:/workspace/fbga_project/projem/system_wrapper/export/system_wrapper/hw/system_wrapper.xsa -mem-ranges [list {0x40000000 0xbfffffff}] -regs
configparams force-mem-access 1
targets -set -nocase -filter {name =~"APU*"}
source D:/workspace/fbga_project/projem/FMC_Pcam_Adapter_demo/_ide/psinit/ps7_init.tcl
ps7_init
ps7_post_config
targets -set -nocase -filter {name =~ "*A9*#0"}
dow D:/workspace/fbga_project/projem/FMC_Pcam_Adapter_demo/Debug/FMC_Pcam_Adapter_demo.elf
configparams force-mem-access 0
----------------End of Script----------------

20:41:59 INFO  : Context for processor 'ps7_cortexa9_0' is selected.
20:41:59 INFO  : 'con' command is executed.
20:41:59 INFO  : ----------------XSDB Script (After Launch)----------------
targets -set -nocase -filter {name =~ "*A9*#0"}
con
----------------End of Script----------------

20:41:59 INFO  : Launch script is exported to file 'D:\workspace\fbga_project\projem\FMC_Pcam_Adapter_demo_system\_ide\scripts\debugger_fmc_pcam_adapter_demo-default.tcl'
20:52:17 INFO  : Checking for BSP changes to sync application flags for project 'FMC_Pcam_Adapter_demo'...
20:52:33 INFO  : Disconnected from the channel tcfchan#9.
20:52:34 INFO  : Connected to target on host '127.0.0.1' and port '3121'.
20:52:34 INFO  : Jtag cable 'Digilent Zed 210248BEB531' is selected.
20:52:34 INFO  : 'jtag frequency' command is executed.
20:52:34 INFO  : Context for 'APU' is selected.
20:52:34 INFO  : System reset is completed.
20:52:37 INFO  : 'after 3000' command is executed.
20:52:37 INFO  : 'targets -set -filter {jtag_cable_name =~ "Digilent Zed 210248BEB531" && level==0 && jtag_device_ctx=="jsn-Zed-210248BEB531-23727093-0"}' command is executed.
20:52:39 INFO  : Device configured successfully with "D:/workspace/fbga_project/projem/FMC_Pcam_Adapter_demo/_ide/bitstream/system_wrapper.bit"
20:52:39 INFO  : Context for 'APU' is selected.
20:52:39 INFO  : Hardware design and registers information is loaded from 'D:/workspace/fbga_project/projem/system_wrapper/export/system_wrapper/hw/system_wrapper.xsa'.
20:52:39 INFO  : 'configparams force-mem-access 1' command is executed.
20:52:39 INFO  : Context for 'APU' is selected.
20:52:39 INFO  : Sourcing of 'D:/workspace/fbga_project/projem/FMC_Pcam_Adapter_demo/_ide/psinit/ps7_init.tcl' is done.
20:52:40 INFO  : 'ps7_init' command is executed.
20:52:40 INFO  : 'ps7_post_config' command is executed.
20:52:40 INFO  : Context for processor 'ps7_cortexa9_0' is selected.
20:52:42 INFO  : The application 'D:/workspace/fbga_project/projem/FMC_Pcam_Adapter_demo/Debug/FMC_Pcam_Adapter_demo.elf' is downloaded to processor 'ps7_cortexa9_0'.
20:52:42 INFO  : 'configparams force-mem-access 0' command is executed.
20:52:42 INFO  : ----------------XSDB Script----------------
connect -url tcp:127.0.0.1:3121
targets -set -nocase -filter {name =~"APU*"}
rst -system
after 3000
targets -set -filter {jtag_cable_name =~ "Digilent Zed 210248BEB531" && level==0 && jtag_device_ctx=="jsn-Zed-210248BEB531-23727093-0"}
fpga -file D:/workspace/fbga_project/projem/FMC_Pcam_Adapter_demo/_ide/bitstream/system_wrapper.bit
targets -set -nocase -filter {name =~"APU*"}
loadhw -hw D:/workspace/fbga_project/projem/system_wrapper/export/system_wrapper/hw/system_wrapper.xsa -mem-ranges [list {0x40000000 0xbfffffff}] -regs
configparams force-mem-access 1
targets -set -nocase -filter {name =~"APU*"}
source D:/workspace/fbga_project/projem/FMC_Pcam_Adapter_demo/_ide/psinit/ps7_init.tcl
ps7_init
ps7_post_config
targets -set -nocase -filter {name =~ "*A9*#0"}
dow D:/workspace/fbga_project/projem/FMC_Pcam_Adapter_demo/Debug/FMC_Pcam_Adapter_demo.elf
configparams force-mem-access 0
----------------End of Script----------------

20:52:42 INFO  : Context for processor 'ps7_cortexa9_0' is selected.
20:52:42 INFO  : 'con' command is executed.
20:52:42 INFO  : ----------------XSDB Script (After Launch)----------------
targets -set -nocase -filter {name =~ "*A9*#0"}
con
----------------End of Script----------------

20:52:42 INFO  : Launch script is exported to file 'D:\workspace\fbga_project\projem\FMC_Pcam_Adapter_demo_system\_ide\scripts\debugger_fmc_pcam_adapter_demo-default.tcl'
20:53:06 INFO  : Disconnected from the channel tcfchan#10.
20:53:07 INFO  : Connected to target on host '127.0.0.1' and port '3121'.
20:53:16 INFO  : ----------------XSDB Script----------------
connect -url tcp:127.0.0.1:3121
----------------End of Script----------------

20:53:16 ERROR : Could not find Jtag device on the board for connection 'Local'.


Troubleshooting hints:
1. Check whether board is connected to system properly.
2. In case of zynq board, check whether Digilent/Xilinx cable switch settings are correct.
3. If you are using Xilinx Platform Cable USB, ensure that status LED is green.
20:53:35 INFO  : Checking for BSP changes to sync application flags for project 'FMC_Pcam_Adapter_demo'...
20:53:38 INFO  : Connected to target on host '127.0.0.1' and port '3121'.
20:53:38 INFO  : Jtag cable 'Digilent Zed 210248BEB531' is selected.
20:53:38 INFO  : 'jtag frequency' command is executed.
20:53:39 INFO  : Context for 'APU' is selected.
20:53:39 INFO  : System reset is completed.
20:53:42 INFO  : 'after 3000' command is executed.
20:53:42 INFO  : 'targets -set -filter {jtag_cable_name =~ "Digilent Zed 210248BEB531" && level==0 && jtag_device_ctx=="jsn-Zed-210248BEB531-23727093-0"}' command is executed.
20:53:44 INFO  : Device configured successfully with "D:/workspace/fbga_project/projem/FMC_Pcam_Adapter_demo/_ide/bitstream/system_wrapper.bit"
20:53:44 INFO  : Context for 'APU' is selected.
20:53:44 INFO  : Hardware design and registers information is loaded from 'D:/workspace/fbga_project/projem/system_wrapper/export/system_wrapper/hw/system_wrapper.xsa'.
20:53:44 INFO  : 'configparams force-mem-access 1' command is executed.
20:53:44 INFO  : Context for 'APU' is selected.
20:53:44 INFO  : Sourcing of 'D:/workspace/fbga_project/projem/FMC_Pcam_Adapter_demo/_ide/psinit/ps7_init.tcl' is done.
20:53:45 INFO  : 'ps7_init' command is executed.
20:53:45 INFO  : 'ps7_post_config' command is executed.
20:53:45 INFO  : Context for processor 'ps7_cortexa9_0' is selected.
20:53:47 INFO  : The application 'D:/workspace/fbga_project/projem/FMC_Pcam_Adapter_demo/Debug/FMC_Pcam_Adapter_demo.elf' is downloaded to processor 'ps7_cortexa9_0'.
20:53:47 INFO  : 'configparams force-mem-access 0' command is executed.
20:53:47 INFO  : ----------------XSDB Script----------------
connect -url tcp:127.0.0.1:3121
targets -set -nocase -filter {name =~"APU*"}
rst -system
after 3000
targets -set -filter {jtag_cable_name =~ "Digilent Zed 210248BEB531" && level==0 && jtag_device_ctx=="jsn-Zed-210248BEB531-23727093-0"}
fpga -file D:/workspace/fbga_project/projem/FMC_Pcam_Adapter_demo/_ide/bitstream/system_wrapper.bit
targets -set -nocase -filter {name =~"APU*"}
loadhw -hw D:/workspace/fbga_project/projem/system_wrapper/export/system_wrapper/hw/system_wrapper.xsa -mem-ranges [list {0x40000000 0xbfffffff}] -regs
configparams force-mem-access 1
targets -set -nocase -filter {name =~"APU*"}
source D:/workspace/fbga_project/projem/FMC_Pcam_Adapter_demo/_ide/psinit/ps7_init.tcl
ps7_init
ps7_post_config
targets -set -nocase -filter {name =~ "*A9*#0"}
dow D:/workspace/fbga_project/projem/FMC_Pcam_Adapter_demo/Debug/FMC_Pcam_Adapter_demo.elf
configparams force-mem-access 0
----------------End of Script----------------

20:53:47 INFO  : Context for processor 'ps7_cortexa9_0' is selected.
20:53:47 INFO  : 'con' command is executed.
20:53:47 INFO  : ----------------XSDB Script (After Launch)----------------
targets -set -nocase -filter {name =~ "*A9*#0"}
con
----------------End of Script----------------

20:53:47 INFO  : Launch script is exported to file 'D:\workspace\fbga_project\projem\FMC_Pcam_Adapter_demo_system\_ide\scripts\debugger_fmc_pcam_adapter_demo-default.tcl'
20:59:23 INFO  : Checking for BSP changes to sync application flags for project 'FMC_Pcam_Adapter_demo'...
21:00:00 INFO  : Checking for BSP changes to sync application flags for project 'FMC_Pcam_Adapter_demo'...
21:00:57 INFO  : Connected to target on host '127.0.0.1' and port '3121'.
21:00:57 INFO  : Jtag cable 'Digilent Zed 210248BEB531' is selected.
21:00:57 INFO  : 'jtag frequency' command is executed.
21:00:57 INFO  : Context for 'APU' is selected.
21:00:57 INFO  : System reset is completed.
21:01:00 INFO  : 'after 3000' command is executed.
21:01:01 INFO  : 'targets -set -filter {jtag_cable_name =~ "Digilent Zed 210248BEB531" && level==0 && jtag_device_ctx=="jsn-Zed-210248BEB531-23727093-0"}' command is executed.
21:01:03 INFO  : Device configured successfully with "D:/workspace/fbga_project/projem/FMC_Pcam_Adapter_demo/_ide/bitstream/system_wrapper.bit"
21:01:03 INFO  : Context for 'APU' is selected.
21:01:03 INFO  : Hardware design and registers information is loaded from 'D:/workspace/fbga_project/projem/system_wrapper/export/system_wrapper/hw/system_wrapper.xsa'.
21:01:03 INFO  : 'configparams force-mem-access 1' command is executed.
21:01:03 INFO  : Context for 'APU' is selected.
21:01:03 INFO  : Sourcing of 'D:/workspace/fbga_project/projem/FMC_Pcam_Adapter_demo/_ide/psinit/ps7_init.tcl' is done.
21:01:03 INFO  : 'ps7_init' command is executed.
21:01:03 INFO  : 'ps7_post_config' command is executed.
21:01:03 INFO  : Context for processor 'ps7_cortexa9_0' is selected.
21:01:06 INFO  : The application 'D:/workspace/fbga_project/projem/FMC_Pcam_Adapter_demo/Debug/FMC_Pcam_Adapter_demo.elf' is downloaded to processor 'ps7_cortexa9_0'.
21:01:06 INFO  : 'configparams force-mem-access 0' command is executed.
21:01:06 INFO  : ----------------XSDB Script----------------
connect -url tcp:127.0.0.1:3121
targets -set -nocase -filter {name =~"APU*"}
rst -system
after 3000
targets -set -filter {jtag_cable_name =~ "Digilent Zed 210248BEB531" && level==0 && jtag_device_ctx=="jsn-Zed-210248BEB531-23727093-0"}
fpga -file D:/workspace/fbga_project/projem/FMC_Pcam_Adapter_demo/_ide/bitstream/system_wrapper.bit
targets -set -nocase -filter {name =~"APU*"}
loadhw -hw D:/workspace/fbga_project/projem/system_wrapper/export/system_wrapper/hw/system_wrapper.xsa -mem-ranges [list {0x40000000 0xbfffffff}] -regs
configparams force-mem-access 1
targets -set -nocase -filter {name =~"APU*"}
source D:/workspace/fbga_project/projem/FMC_Pcam_Adapter_demo/_ide/psinit/ps7_init.tcl
ps7_init
ps7_post_config
targets -set -nocase -filter {name =~ "*A9*#0"}
dow D:/workspace/fbga_project/projem/FMC_Pcam_Adapter_demo/Debug/FMC_Pcam_Adapter_demo.elf
configparams force-mem-access 0
----------------End of Script----------------

21:01:06 INFO  : Context for processor 'ps7_cortexa9_0' is selected.
21:01:06 INFO  : 'con' command is executed.
21:01:06 INFO  : ----------------XSDB Script (After Launch)----------------
targets -set -nocase -filter {name =~ "*A9*#0"}
con
----------------End of Script----------------

21:01:06 INFO  : Disconnected from the channel tcfchan#11.
21:12:18 WARN  : channel "tcfchan#11" closed
21:18:49 DEBUG : Logs will be stored at 'D:/workspace/fbga_project/projem/IDE.log'.
21:18:49 INFO  : Launching XSCT server: xsct.bat -n  -interactive D:\workspace\fbga_project\projem\temp_xsdb_launch_script.tcl
21:18:51 INFO  : XSCT server has started successfully.
21:18:51 INFO  : plnx-install-location is set to ''
21:18:51 INFO  : Successfully done setting XSCT server connection channel  
21:18:51 INFO  : Successfully done setting workspace for the tool. 
21:18:52 INFO  : Successfully done query RDI_DATADIR 
21:18:52 INFO  : Registering command handlers for Vitis TCF services
21:18:52 INFO  : Platform repository initialization has completed.
21:19:00 INFO  : Checking for BSP changes to sync application flags for project 'FMC_Pcam_Adapter_demo'...
21:19:14 INFO  : Connected to target on host '127.0.0.1' and port '3121'.
21:19:14 INFO  : Jtag cable 'Digilent Zed 210248BEB531' is selected.
21:19:14 INFO  : 'jtag frequency' command is executed.
21:19:14 INFO  : Context for 'APU' is selected.
21:19:14 INFO  : System reset is completed.
21:19:17 INFO  : 'after 3000' command is executed.
21:19:17 INFO  : 'targets -set -filter {jtag_cable_name =~ "Digilent Zed 210248BEB531" && level==0 && jtag_device_ctx=="jsn-Zed-210248BEB531-23727093-0"}' command is executed.
21:19:19 INFO  : Device configured successfully with "D:/workspace/fbga_project/projem/FMC_Pcam_Adapter_demo/_ide/bitstream/system_wrapper.bit"
21:19:20 INFO  : Context for 'APU' is selected.
21:19:21 INFO  : Hardware design and registers information is loaded from 'D:/workspace/fbga_project/projem/system_wrapper/export/system_wrapper/hw/system_wrapper.xsa'.
21:19:21 INFO  : 'configparams force-mem-access 1' command is executed.
21:19:21 INFO  : Context for 'APU' is selected.
21:19:21 INFO  : Sourcing of 'D:/workspace/fbga_project/projem/FMC_Pcam_Adapter_demo/_ide/psinit/ps7_init.tcl' is done.
21:19:21 INFO  : 'ps7_init' command is executed.
21:19:21 INFO  : 'ps7_post_config' command is executed.
21:19:21 INFO  : Context for processor 'ps7_cortexa9_0' is selected.
21:19:24 INFO  : The application 'D:/workspace/fbga_project/projem/FMC_Pcam_Adapter_demo/Debug/FMC_Pcam_Adapter_demo.elf' is downloaded to processor 'ps7_cortexa9_0'.
21:19:24 INFO  : 'configparams force-mem-access 0' command is executed.
21:19:24 INFO  : ----------------XSDB Script----------------
connect -url tcp:127.0.0.1:3121
targets -set -nocase -filter {name =~"APU*"}
rst -system
after 3000
targets -set -filter {jtag_cable_name =~ "Digilent Zed 210248BEB531" && level==0 && jtag_device_ctx=="jsn-Zed-210248BEB531-23727093-0"}
fpga -file D:/workspace/fbga_project/projem/FMC_Pcam_Adapter_demo/_ide/bitstream/system_wrapper.bit
targets -set -nocase -filter {name =~"APU*"}
loadhw -hw D:/workspace/fbga_project/projem/system_wrapper/export/system_wrapper/hw/system_wrapper.xsa -mem-ranges [list {0x40000000 0xbfffffff}] -regs
configparams force-mem-access 1
targets -set -nocase -filter {name =~"APU*"}
source D:/workspace/fbga_project/projem/FMC_Pcam_Adapter_demo/_ide/psinit/ps7_init.tcl
ps7_init
ps7_post_config
targets -set -nocase -filter {name =~ "*A9*#0"}
dow D:/workspace/fbga_project/projem/FMC_Pcam_Adapter_demo/Debug/FMC_Pcam_Adapter_demo.elf
configparams force-mem-access 0
----------------End of Script----------------

21:19:24 INFO  : Context for processor 'ps7_cortexa9_0' is selected.
21:19:24 INFO  : 'con' command is executed.
21:19:24 INFO  : ----------------XSDB Script (After Launch)----------------
targets -set -nocase -filter {name =~ "*A9*#0"}
con
----------------End of Script----------------

21:19:24 INFO  : Launch script is exported to file 'D:\workspace\fbga_project\projem\FMC_Pcam_Adapter_demo_system\_ide\scripts\debugger_fmc_pcam_adapter_demo-default.tcl'
21:19:48 INFO  : Checking for BSP changes to sync application flags for project 'FMC_Pcam_Adapter_demo'...
21:19:53 INFO  : Disconnected from the channel tcfchan#1.
21:19:54 INFO  : Connected to target on host '127.0.0.1' and port '3121'.
21:20:03 INFO  : ----------------XSDB Script----------------
connect -url tcp:127.0.0.1:3121
----------------End of Script----------------

21:20:03 ERROR : Could not find ARM device on the board for connection 'Local'.
Check if the target is in:
1. Split JTAG - No operations are possible with ARM DAP.
2. Non JTAG bootmode - Bootrom may need time to enable DAP.
Please try again.


Troubleshooting hints:
1. Check whether board is connected to system properly.
2. In case of zynq board, check whether Digilent/Xilinx cable switch settings are correct.
3. If you are using Xilinx Platform Cable USB, ensure that status LED is green.
21:20:42 INFO  : Checking for BSP changes to sync application flags for project 'FMC_Pcam_Adapter_demo'...
21:20:47 ERROR : (XSDB Server)ERROR: [Hsi 55-1571] The design file D:/workspace/fbga_project/projem/system_wrapper/export/system_wrapper/hw/system_wrapper.xsa is already opened

21:20:55 INFO  : Checking for BSP changes to sync application flags for project 'FMC_Pcam_Adapter_demo'...
21:20:59 INFO  : Connected to target on host '127.0.0.1' and port '3121'.
21:20:59 INFO  : Jtag cable 'Digilent Zed 210248BEB531' is selected.
21:20:59 INFO  : 'jtag frequency' command is executed.
21:20:59 INFO  : Context for 'APU' is selected.
21:21:00 INFO  : System reset is completed.
21:21:03 INFO  : 'after 3000' command is executed.
21:21:03 INFO  : 'targets -set -filter {jtag_cable_name =~ "Digilent Zed 210248BEB531" && level==0 && jtag_device_ctx=="jsn-Zed-210248BEB531-23727093-0"}' command is executed.
21:21:05 INFO  : Device configured successfully with "D:/workspace/fbga_project/projem/FMC_Pcam_Adapter_demo/_ide/bitstream/system_wrapper.bit"
21:21:05 INFO  : Context for 'APU' is selected.
21:21:05 INFO  : Hardware design and registers information is loaded from 'D:/workspace/fbga_project/projem/system_wrapper/export/system_wrapper/hw/system_wrapper.xsa'.
21:21:05 INFO  : 'configparams force-mem-access 1' command is executed.
21:21:05 INFO  : Context for 'APU' is selected.
21:21:05 INFO  : Sourcing of 'D:/workspace/fbga_project/projem/FMC_Pcam_Adapter_demo/_ide/psinit/ps7_init.tcl' is done.
21:21:06 INFO  : 'ps7_init' command is executed.
21:21:06 INFO  : 'ps7_post_config' command is executed.
21:21:06 INFO  : Context for processor 'ps7_cortexa9_0' is selected.
21:21:08 INFO  : The application 'D:/workspace/fbga_project/projem/FMC_Pcam_Adapter_demo/Debug/FMC_Pcam_Adapter_demo.elf' is downloaded to processor 'ps7_cortexa9_0'.
21:21:08 INFO  : 'configparams force-mem-access 0' command is executed.
21:21:08 INFO  : ----------------XSDB Script----------------
connect -url tcp:127.0.0.1:3121
targets -set -nocase -filter {name =~"APU*"}
rst -system
after 3000
targets -set -filter {jtag_cable_name =~ "Digilent Zed 210248BEB531" && level==0 && jtag_device_ctx=="jsn-Zed-210248BEB531-23727093-0"}
fpga -file D:/workspace/fbga_project/projem/FMC_Pcam_Adapter_demo/_ide/bitstream/system_wrapper.bit
targets -set -nocase -filter {name =~"APU*"}
loadhw -hw D:/workspace/fbga_project/projem/system_wrapper/export/system_wrapper/hw/system_wrapper.xsa -mem-ranges [list {0x40000000 0xbfffffff}] -regs
configparams force-mem-access 1
targets -set -nocase -filter {name =~"APU*"}
source D:/workspace/fbga_project/projem/FMC_Pcam_Adapter_demo/_ide/psinit/ps7_init.tcl
ps7_init
ps7_post_config
targets -set -nocase -filter {name =~ "*A9*#0"}
dow D:/workspace/fbga_project/projem/FMC_Pcam_Adapter_demo/Debug/FMC_Pcam_Adapter_demo.elf
configparams force-mem-access 0
----------------End of Script----------------

21:21:09 INFO  : Context for processor 'ps7_cortexa9_0' is selected.
21:21:09 INFO  : 'con' command is executed.
21:21:09 INFO  : ----------------XSDB Script (After Launch)----------------
targets -set -nocase -filter {name =~ "*A9*#0"}
con
----------------End of Script----------------

21:21:09 INFO  : Disconnected from the channel tcfchan#2.
21:33:04 INFO  : Checking for BSP changes to sync application flags for project 'FMC_Pcam_Adapter_demo'...
21:33:18 INFO  : Connected to target on host '127.0.0.1' and port '3121'.
21:33:19 INFO  : Jtag cable 'Digilent Zed 210248BEB531' is selected.
21:33:19 INFO  : 'jtag frequency' command is executed.
21:33:19 INFO  : Context for 'APU' is selected.
21:33:19 INFO  : System reset is completed.
21:33:22 INFO  : 'after 3000' command is executed.
21:33:22 INFO  : 'targets -set -filter {jtag_cable_name =~ "Digilent Zed 210248BEB531" && level==0 && jtag_device_ctx=="jsn-Zed-210248BEB531-23727093-0"}' command is executed.
21:33:24 INFO  : Device configured successfully with "D:/workspace/fbga_project/projem/FMC_Pcam_Adapter_demo/_ide/bitstream/system_wrapper.bit"
21:33:24 INFO  : Context for 'APU' is selected.
21:33:25 INFO  : Hardware design and registers information is loaded from 'D:/workspace/fbga_project/projem/system_wrapper/export/system_wrapper/hw/system_wrapper.xsa'.
21:33:25 INFO  : 'configparams force-mem-access 1' command is executed.
21:33:25 INFO  : Context for 'APU' is selected.
21:33:25 INFO  : Sourcing of 'D:/workspace/fbga_project/projem/FMC_Pcam_Adapter_demo/_ide/psinit/ps7_init.tcl' is done.
21:33:26 INFO  : 'ps7_init' command is executed.
21:33:26 INFO  : 'ps7_post_config' command is executed.
21:33:26 INFO  : Context for processor 'ps7_cortexa9_0' is selected.
21:33:28 INFO  : The application 'D:/workspace/fbga_project/projem/FMC_Pcam_Adapter_demo/Debug/FMC_Pcam_Adapter_demo.elf' is downloaded to processor 'ps7_cortexa9_0'.
21:33:28 INFO  : 'configparams force-mem-access 0' command is executed.
21:33:28 INFO  : ----------------XSDB Script----------------
connect -url tcp:127.0.0.1:3121
targets -set -nocase -filter {name =~"APU*"}
rst -system
after 3000
targets -set -filter {jtag_cable_name =~ "Digilent Zed 210248BEB531" && level==0 && jtag_device_ctx=="jsn-Zed-210248BEB531-23727093-0"}
fpga -file D:/workspace/fbga_project/projem/FMC_Pcam_Adapter_demo/_ide/bitstream/system_wrapper.bit
targets -set -nocase -filter {name =~"APU*"}
loadhw -hw D:/workspace/fbga_project/projem/system_wrapper/export/system_wrapper/hw/system_wrapper.xsa -mem-ranges [list {0x40000000 0xbfffffff}] -regs
configparams force-mem-access 1
targets -set -nocase -filter {name =~"APU*"}
source D:/workspace/fbga_project/projem/FMC_Pcam_Adapter_demo/_ide/psinit/ps7_init.tcl
ps7_init
ps7_post_config
targets -set -nocase -filter {name =~ "*A9*#0"}
dow D:/workspace/fbga_project/projem/FMC_Pcam_Adapter_demo/Debug/FMC_Pcam_Adapter_demo.elf
configparams force-mem-access 0
----------------End of Script----------------

21:33:28 INFO  : Context for processor 'ps7_cortexa9_0' is selected.
21:33:28 INFO  : 'con' command is executed.
21:33:28 INFO  : ----------------XSDB Script (After Launch)----------------
targets -set -nocase -filter {name =~ "*A9*#0"}
con
----------------End of Script----------------

21:33:28 INFO  : Disconnected from the channel tcfchan#4.
21:34:23 INFO  : Connected to target on host '127.0.0.1' and port '3121'.
21:34:23 INFO  : Jtag cable 'Digilent Zed 210248BEB531' is selected.
21:34:23 INFO  : 'jtag frequency' command is executed.
21:34:23 INFO  : Context for 'APU' is selected.
21:34:23 INFO  : System reset is completed.
21:34:26 INFO  : 'after 3000' command is executed.
21:34:26 INFO  : 'targets -set -filter {jtag_cable_name =~ "Digilent Zed 210248BEB531" && level==0 && jtag_device_ctx=="jsn-Zed-210248BEB531-23727093-0"}' command is executed.
21:34:29 INFO  : Device configured successfully with "D:/workspace/fbga_project/projem/FMC_Pcam_Adapter_demo/_ide/bitstream/system_wrapper.bit"
21:34:29 INFO  : Context for 'APU' is selected.
21:34:33 INFO  : Hardware design and registers information is loaded from 'D:/workspace/fbga_project/projem/system_wrapper/export/system_wrapper/hw/system_wrapper.xsa'.
21:34:33 INFO  : 'configparams force-mem-access 1' command is executed.
21:34:33 INFO  : Context for 'APU' is selected.
21:34:33 INFO  : Sourcing of 'D:/workspace/fbga_project/projem/FMC_Pcam_Adapter_demo/_ide/psinit/ps7_init.tcl' is done.
21:34:33 INFO  : 'ps7_init' command is executed.
21:34:33 INFO  : 'ps7_post_config' command is executed.
21:34:33 INFO  : Context for processor 'ps7_cortexa9_0' is selected.
21:34:35 INFO  : The application 'D:/workspace/fbga_project/projem/FMC_Pcam_Adapter_demo/Debug/FMC_Pcam_Adapter_demo.elf' is downloaded to processor 'ps7_cortexa9_0'.
21:34:35 INFO  : 'configparams force-mem-access 0' command is executed.
21:34:35 INFO  : ----------------XSDB Script----------------
connect -url tcp:127.0.0.1:3121
targets -set -nocase -filter {name =~"APU*"}
rst -system
after 3000
targets -set -filter {jtag_cable_name =~ "Digilent Zed 210248BEB531" && level==0 && jtag_device_ctx=="jsn-Zed-210248BEB531-23727093-0"}
fpga -file D:/workspace/fbga_project/projem/FMC_Pcam_Adapter_demo/_ide/bitstream/system_wrapper.bit
targets -set -nocase -filter {name =~"APU*"}
loadhw -hw D:/workspace/fbga_project/projem/system_wrapper/export/system_wrapper/hw/system_wrapper.xsa -mem-ranges [list {0x40000000 0xbfffffff}] -regs
configparams force-mem-access 1
targets -set -nocase -filter {name =~"APU*"}
source D:/workspace/fbga_project/projem/FMC_Pcam_Adapter_demo/_ide/psinit/ps7_init.tcl
ps7_init
ps7_post_config
targets -set -nocase -filter {name =~ "*A9*#0"}
dow D:/workspace/fbga_project/projem/FMC_Pcam_Adapter_demo/Debug/FMC_Pcam_Adapter_demo.elf
configparams force-mem-access 0
----------------End of Script----------------

21:34:35 INFO  : Context for processor 'ps7_cortexa9_0' is selected.
21:34:35 INFO  : 'con' command is executed.
21:34:35 INFO  : ----------------XSDB Script (After Launch)----------------
targets -set -nocase -filter {name =~ "*A9*#0"}
con
----------------End of Script----------------

21:34:35 INFO  : Disconnected from the channel tcfchan#5.
21:36:50 INFO  : Checking for BSP changes to sync application flags for project 'FMC_Pcam_Adapter_demo'...
21:37:06 INFO  : Connected to target on host '127.0.0.1' and port '3121'.
21:37:07 INFO  : Jtag cable 'Digilent Zed 210248BEB531' is selected.
21:37:07 INFO  : 'jtag frequency' command is executed.
21:37:07 INFO  : Context for 'APU' is selected.
21:37:07 INFO  : System reset is completed.
21:37:10 INFO  : 'after 3000' command is executed.
21:37:10 INFO  : 'targets -set -filter {jtag_cable_name =~ "Digilent Zed 210248BEB531" && level==0 && jtag_device_ctx=="jsn-Zed-210248BEB531-23727093-0"}' command is executed.
21:37:12 INFO  : Device configured successfully with "D:/workspace/fbga_project/projem/FMC_Pcam_Adapter_demo/_ide/bitstream/system_wrapper.bit"
21:37:13 INFO  : Context for 'APU' is selected.
21:37:13 INFO  : Hardware design and registers information is loaded from 'D:/workspace/fbga_project/projem/system_wrapper/export/system_wrapper/hw/system_wrapper.xsa'.
21:37:13 INFO  : 'configparams force-mem-access 1' command is executed.
21:37:13 INFO  : Context for 'APU' is selected.
21:37:13 INFO  : Sourcing of 'D:/workspace/fbga_project/projem/FMC_Pcam_Adapter_demo/_ide/psinit/ps7_init.tcl' is done.
21:37:13 INFO  : 'ps7_init' command is executed.
21:37:13 INFO  : 'ps7_post_config' command is executed.
21:37:13 INFO  : Context for processor 'ps7_cortexa9_0' is selected.
21:37:16 INFO  : The application 'D:/workspace/fbga_project/projem/FMC_Pcam_Adapter_demo/Debug/FMC_Pcam_Adapter_demo.elf' is downloaded to processor 'ps7_cortexa9_0'.
21:37:16 INFO  : 'configparams force-mem-access 0' command is executed.
21:37:16 INFO  : ----------------XSDB Script----------------
connect -url tcp:127.0.0.1:3121
targets -set -nocase -filter {name =~"APU*"}
rst -system
after 3000
targets -set -filter {jtag_cable_name =~ "Digilent Zed 210248BEB531" && level==0 && jtag_device_ctx=="jsn-Zed-210248BEB531-23727093-0"}
fpga -file D:/workspace/fbga_project/projem/FMC_Pcam_Adapter_demo/_ide/bitstream/system_wrapper.bit
targets -set -nocase -filter {name =~"APU*"}
loadhw -hw D:/workspace/fbga_project/projem/system_wrapper/export/system_wrapper/hw/system_wrapper.xsa -mem-ranges [list {0x40000000 0xbfffffff}] -regs
configparams force-mem-access 1
targets -set -nocase -filter {name =~"APU*"}
source D:/workspace/fbga_project/projem/FMC_Pcam_Adapter_demo/_ide/psinit/ps7_init.tcl
ps7_init
ps7_post_config
targets -set -nocase -filter {name =~ "*A9*#0"}
dow D:/workspace/fbga_project/projem/FMC_Pcam_Adapter_demo/Debug/FMC_Pcam_Adapter_demo.elf
configparams force-mem-access 0
----------------End of Script----------------

21:37:16 INFO  : Context for processor 'ps7_cortexa9_0' is selected.
21:37:16 INFO  : 'con' command is executed.
21:37:16 INFO  : ----------------XSDB Script (After Launch)----------------
targets -set -nocase -filter {name =~ "*A9*#0"}
con
----------------End of Script----------------

21:37:16 INFO  : Disconnected from the channel tcfchan#6.
21:37:44 INFO  : Connected to target on host '127.0.0.1' and port '3121'.
21:37:45 INFO  : Jtag cable 'Digilent Zed 210248BEB531' is selected.
21:37:45 INFO  : 'jtag frequency' command is executed.
21:37:45 INFO  : Context for 'APU' is selected.
21:37:45 INFO  : System reset is completed.
21:37:48 INFO  : 'after 3000' command is executed.
21:37:48 INFO  : 'targets -set -filter {jtag_cable_name =~ "Digilent Zed 210248BEB531" && level==0 && jtag_device_ctx=="jsn-Zed-210248BEB531-23727093-0"}' command is executed.
21:37:50 INFO  : Device configured successfully with "D:/workspace/fbga_project/projem/FMC_Pcam_Adapter_demo/_ide/bitstream/system_wrapper.bit"
21:37:50 INFO  : Context for 'APU' is selected.
21:37:54 INFO  : Hardware design and registers information is loaded from 'D:/workspace/fbga_project/projem/system_wrapper/export/system_wrapper/hw/system_wrapper.xsa'.
21:37:54 INFO  : 'configparams force-mem-access 1' command is executed.
21:37:54 INFO  : Context for 'APU' is selected.
21:37:54 INFO  : Sourcing of 'D:/workspace/fbga_project/projem/FMC_Pcam_Adapter_demo/_ide/psinit/ps7_init.tcl' is done.
21:37:54 INFO  : 'ps7_init' command is executed.
21:37:54 INFO  : 'ps7_post_config' command is executed.
21:37:54 INFO  : Context for processor 'ps7_cortexa9_0' is selected.
21:37:57 INFO  : The application 'D:/workspace/fbga_project/projem/FMC_Pcam_Adapter_demo/Debug/FMC_Pcam_Adapter_demo.elf' is downloaded to processor 'ps7_cortexa9_0'.
21:37:57 INFO  : 'configparams force-mem-access 0' command is executed.
21:37:57 INFO  : ----------------XSDB Script----------------
connect -url tcp:127.0.0.1:3121
targets -set -nocase -filter {name =~"APU*"}
rst -system
after 3000
targets -set -filter {jtag_cable_name =~ "Digilent Zed 210248BEB531" && level==0 && jtag_device_ctx=="jsn-Zed-210248BEB531-23727093-0"}
fpga -file D:/workspace/fbga_project/projem/FMC_Pcam_Adapter_demo/_ide/bitstream/system_wrapper.bit
targets -set -nocase -filter {name =~"APU*"}
loadhw -hw D:/workspace/fbga_project/projem/system_wrapper/export/system_wrapper/hw/system_wrapper.xsa -mem-ranges [list {0x40000000 0xbfffffff}] -regs
configparams force-mem-access 1
targets -set -nocase -filter {name =~"APU*"}
source D:/workspace/fbga_project/projem/FMC_Pcam_Adapter_demo/_ide/psinit/ps7_init.tcl
ps7_init
ps7_post_config
targets -set -nocase -filter {name =~ "*A9*#0"}
dow D:/workspace/fbga_project/projem/FMC_Pcam_Adapter_demo/Debug/FMC_Pcam_Adapter_demo.elf
configparams force-mem-access 0
----------------End of Script----------------

21:37:57 INFO  : Context for processor 'ps7_cortexa9_0' is selected.
21:37:57 INFO  : 'con' command is executed.
21:37:57 INFO  : ----------------XSDB Script (After Launch)----------------
targets -set -nocase -filter {name =~ "*A9*#0"}
con
----------------End of Script----------------

21:37:57 INFO  : Launch script is exported to file 'D:\workspace\fbga_project\projem\FMC_Pcam_Adapter_demo_system\_ide\scripts\systemdebugger_fmc_pcam_adapter_demo_system_standalone.tcl'
21:40:20 INFO  : Checking for BSP changes to sync application flags for project 'FMC_Pcam_Adapter_demo'...
21:40:27 INFO  : Checking for BSP changes to sync application flags for project 'FMC_Pcam_Adapter_demo'...
21:40:33 INFO  : Connected to target on host '127.0.0.1' and port '3121'.
21:40:33 INFO  : Jtag cable 'Digilent Zed 210248BEB531' is selected.
21:40:33 INFO  : 'jtag frequency' command is executed.
21:40:33 INFO  : Context for 'APU' is selected.
21:40:33 INFO  : System reset is completed.
21:40:36 INFO  : 'after 3000' command is executed.
21:40:36 INFO  : 'targets -set -filter {jtag_cable_name =~ "Digilent Zed 210248BEB531" && level==0 && jtag_device_ctx=="jsn-Zed-210248BEB531-23727093-0"}' command is executed.
21:40:38 INFO  : Device configured successfully with "D:/workspace/fbga_project/projem/FMC_Pcam_Adapter_demo/_ide/bitstream/system_wrapper.bit"
21:40:39 INFO  : Context for 'APU' is selected.
21:40:39 INFO  : Hardware design and registers information is loaded from 'D:/workspace/fbga_project/projem/system_wrapper/export/system_wrapper/hw/system_wrapper.xsa'.
21:40:39 INFO  : 'configparams force-mem-access 1' command is executed.
21:40:39 INFO  : Context for 'APU' is selected.
21:40:39 INFO  : Sourcing of 'D:/workspace/fbga_project/projem/FMC_Pcam_Adapter_demo/_ide/psinit/ps7_init.tcl' is done.
21:40:39 INFO  : 'ps7_init' command is executed.
21:40:39 INFO  : 'ps7_post_config' command is executed.
21:40:39 INFO  : Context for processor 'ps7_cortexa9_0' is selected.
21:40:42 INFO  : The application 'D:/workspace/fbga_project/projem/FMC_Pcam_Adapter_demo/Debug/FMC_Pcam_Adapter_demo.elf' is downloaded to processor 'ps7_cortexa9_0'.
21:40:42 INFO  : 'configparams force-mem-access 0' command is executed.
21:40:42 INFO  : ----------------XSDB Script----------------
connect -url tcp:127.0.0.1:3121
targets -set -nocase -filter {name =~"APU*"}
rst -system
after 3000
targets -set -filter {jtag_cable_name =~ "Digilent Zed 210248BEB531" && level==0 && jtag_device_ctx=="jsn-Zed-210248BEB531-23727093-0"}
fpga -file D:/workspace/fbga_project/projem/FMC_Pcam_Adapter_demo/_ide/bitstream/system_wrapper.bit
targets -set -nocase -filter {name =~"APU*"}
loadhw -hw D:/workspace/fbga_project/projem/system_wrapper/export/system_wrapper/hw/system_wrapper.xsa -mem-ranges [list {0x40000000 0xbfffffff}] -regs
configparams force-mem-access 1
targets -set -nocase -filter {name =~"APU*"}
source D:/workspace/fbga_project/projem/FMC_Pcam_Adapter_demo/_ide/psinit/ps7_init.tcl
ps7_init
ps7_post_config
targets -set -nocase -filter {name =~ "*A9*#0"}
dow D:/workspace/fbga_project/projem/FMC_Pcam_Adapter_demo/Debug/FMC_Pcam_Adapter_demo.elf
configparams force-mem-access 0
----------------End of Script----------------

21:40:42 INFO  : Context for processor 'ps7_cortexa9_0' is selected.
21:40:42 INFO  : 'con' command is executed.
21:40:42 INFO  : ----------------XSDB Script (After Launch)----------------
targets -set -nocase -filter {name =~ "*A9*#0"}
con
----------------End of Script----------------

21:40:42 INFO  : Disconnected from the channel tcfchan#7.
21:41:20 WARN  : channel "tcfchan#7" closed
21:41:21 INFO  : Connected to target on host '127.0.0.1' and port '3121'.
21:41:21 INFO  : Jtag cable 'Digilent Zed 210248BEB531' is selected.
21:41:21 INFO  : 'jtag frequency' command is executed.
21:41:21 INFO  : Context for 'APU' is selected.
21:41:21 INFO  : System reset is completed.
21:41:24 INFO  : 'after 3000' command is executed.
21:41:25 INFO  : 'targets -set -filter {jtag_cable_name =~ "Digilent Zed 210248BEB531" && level==0 && jtag_device_ctx=="jsn-Zed-210248BEB531-23727093-0"}' command is executed.
21:41:27 INFO  : Device configured successfully with "D:/workspace/fbga_project/projem/FMC_Pcam_Adapter_demo/_ide/bitstream/system_wrapper.bit"
21:41:27 INFO  : Context for 'APU' is selected.
21:41:36 INFO  : Hardware design and registers information is loaded from 'D:/workspace/fbga_project/projem/system_wrapper/export/system_wrapper/hw/system_wrapper.xsa'.
21:41:36 INFO  : 'configparams force-mem-access 1' command is executed.
21:41:36 INFO  : Context for 'APU' is selected.
21:41:36 INFO  : Sourcing of 'D:/workspace/fbga_project/projem/FMC_Pcam_Adapter_demo/_ide/psinit/ps7_init.tcl' is done.
21:41:36 INFO  : 'ps7_init' command is executed.
21:41:36 INFO  : 'ps7_post_config' command is executed.
21:41:36 INFO  : Context for processor 'ps7_cortexa9_0' is selected.
21:41:39 INFO  : The application 'D:/workspace/fbga_project/projem/FMC_Pcam_Adapter_demo/Debug/FMC_Pcam_Adapter_demo.elf' is downloaded to processor 'ps7_cortexa9_0'.
21:41:39 INFO  : 'configparams force-mem-access 0' command is executed.
21:41:39 INFO  : ----------------XSDB Script----------------
connect -url tcp:127.0.0.1:3121
targets -set -nocase -filter {name =~"APU*"}
rst -system
after 3000
targets -set -filter {jtag_cable_name =~ "Digilent Zed 210248BEB531" && level==0 && jtag_device_ctx=="jsn-Zed-210248BEB531-23727093-0"}
fpga -file D:/workspace/fbga_project/projem/FMC_Pcam_Adapter_demo/_ide/bitstream/system_wrapper.bit
targets -set -nocase -filter {name =~"APU*"}
loadhw -hw D:/workspace/fbga_project/projem/system_wrapper/export/system_wrapper/hw/system_wrapper.xsa -mem-ranges [list {0x40000000 0xbfffffff}] -regs
configparams force-mem-access 1
targets -set -nocase -filter {name =~"APU*"}
source D:/workspace/fbga_project/projem/FMC_Pcam_Adapter_demo/_ide/psinit/ps7_init.tcl
ps7_init
ps7_post_config
targets -set -nocase -filter {name =~ "*A9*#0"}
dow D:/workspace/fbga_project/projem/FMC_Pcam_Adapter_demo/Debug/FMC_Pcam_Adapter_demo.elf
configparams force-mem-access 0
----------------End of Script----------------

21:41:39 INFO  : Context for processor 'ps7_cortexa9_0' is selected.
21:41:39 INFO  : 'con' command is executed.
21:41:39 INFO  : ----------------XSDB Script (After Launch)----------------
targets -set -nocase -filter {name =~ "*A9*#0"}
con
----------------End of Script----------------

21:41:39 INFO  : Launch script is exported to file 'D:\workspace\fbga_project\projem\FMC_Pcam_Adapter_demo_system\_ide\scripts\debugger_fmc_pcam_adapter_demo-default.tcl'
21:42:46 INFO  : Checking for BSP changes to sync application flags for project 'FMC_Pcam_Adapter_demo'...
21:42:54 INFO  : Disconnected from the channel tcfchan#8.
21:42:55 INFO  : Connected to target on host '127.0.0.1' and port '3121'.
21:42:55 INFO  : Jtag cable 'Digilent Zed 210248BEB531' is selected.
21:42:55 INFO  : 'jtag frequency' command is executed.
21:42:55 INFO  : Context for 'APU' is selected.
21:42:55 INFO  : System reset is completed.
21:42:58 INFO  : 'after 3000' command is executed.
21:42:58 INFO  : 'targets -set -filter {jtag_cable_name =~ "Digilent Zed 210248BEB531" && level==0 && jtag_device_ctx=="jsn-Zed-210248BEB531-23727093-0"}' command is executed.
21:43:01 INFO  : Device configured successfully with "D:/workspace/fbga_project/projem/FMC_Pcam_Adapter_demo/_ide/bitstream/system_wrapper.bit"
21:43:01 INFO  : Context for 'APU' is selected.
21:43:04 INFO  : Hardware design and registers information is loaded from 'D:/workspace/fbga_project/projem/system_wrapper/export/system_wrapper/hw/system_wrapper.xsa'.
21:43:04 INFO  : 'configparams force-mem-access 1' command is executed.
21:43:04 INFO  : Context for 'APU' is selected.
21:43:04 INFO  : Sourcing of 'D:/workspace/fbga_project/projem/FMC_Pcam_Adapter_demo/_ide/psinit/ps7_init.tcl' is done.
21:43:05 INFO  : 'ps7_init' command is executed.
21:43:05 INFO  : 'ps7_post_config' command is executed.
21:43:05 INFO  : Context for processor 'ps7_cortexa9_0' is selected.
21:43:07 INFO  : The application 'D:/workspace/fbga_project/projem/FMC_Pcam_Adapter_demo/Debug/FMC_Pcam_Adapter_demo.elf' is downloaded to processor 'ps7_cortexa9_0'.
21:43:07 INFO  : 'configparams force-mem-access 0' command is executed.
21:43:07 INFO  : ----------------XSDB Script----------------
connect -url tcp:127.0.0.1:3121
targets -set -nocase -filter {name =~"APU*"}
rst -system
after 3000
targets -set -filter {jtag_cable_name =~ "Digilent Zed 210248BEB531" && level==0 && jtag_device_ctx=="jsn-Zed-210248BEB531-23727093-0"}
fpga -file D:/workspace/fbga_project/projem/FMC_Pcam_Adapter_demo/_ide/bitstream/system_wrapper.bit
targets -set -nocase -filter {name =~"APU*"}
loadhw -hw D:/workspace/fbga_project/projem/system_wrapper/export/system_wrapper/hw/system_wrapper.xsa -mem-ranges [list {0x40000000 0xbfffffff}] -regs
configparams force-mem-access 1
targets -set -nocase -filter {name =~"APU*"}
source D:/workspace/fbga_project/projem/FMC_Pcam_Adapter_demo/_ide/psinit/ps7_init.tcl
ps7_init
ps7_post_config
targets -set -nocase -filter {name =~ "*A9*#0"}
dow D:/workspace/fbga_project/projem/FMC_Pcam_Adapter_demo/Debug/FMC_Pcam_Adapter_demo.elf
configparams force-mem-access 0
----------------End of Script----------------

21:43:07 INFO  : Context for processor 'ps7_cortexa9_0' is selected.
21:43:07 INFO  : 'con' command is executed.
21:43:07 INFO  : ----------------XSDB Script (After Launch)----------------
targets -set -nocase -filter {name =~ "*A9*#0"}
con
----------------End of Script----------------

21:43:07 INFO  : Launch script is exported to file 'D:\workspace\fbga_project\projem\FMC_Pcam_Adapter_demo_system\_ide\scripts\debugger_fmc_pcam_adapter_demo-default.tcl'
22:07:21 INFO  : Checking for BSP changes to sync application flags for project 'FMC_Pcam_Adapter_demo'...
22:07:30 INFO  : Connected to target on host '127.0.0.1' and port '3121'.
22:07:30 INFO  : Jtag cable 'Digilent Zed 210248BEB531' is selected.
22:07:30 INFO  : 'jtag frequency' command is executed.
22:07:30 INFO  : Context for 'APU' is selected.
22:07:30 INFO  : System reset is completed.
22:07:33 INFO  : 'after 3000' command is executed.
22:07:33 INFO  : 'targets -set -filter {jtag_cable_name =~ "Digilent Zed 210248BEB531" && level==0 && jtag_device_ctx=="jsn-Zed-210248BEB531-23727093-0"}' command is executed.
22:07:35 INFO  : Device configured successfully with "D:/workspace/fbga_project/projem/FMC_Pcam_Adapter_demo/_ide/bitstream/system_wrapper.bit"
22:07:35 INFO  : Context for 'APU' is selected.
22:07:35 INFO  : Hardware design and registers information is loaded from 'D:/workspace/fbga_project/projem/system_wrapper/export/system_wrapper/hw/system_wrapper.xsa'.
22:07:35 INFO  : 'configparams force-mem-access 1' command is executed.
22:07:36 INFO  : Context for 'APU' is selected.
22:07:36 INFO  : Sourcing of 'D:/workspace/fbga_project/projem/FMC_Pcam_Adapter_demo/_ide/psinit/ps7_init.tcl' is done.
22:07:36 INFO  : 'ps7_init' command is executed.
22:07:36 INFO  : 'ps7_post_config' command is executed.
22:07:36 INFO  : Context for processor 'ps7_cortexa9_0' is selected.
22:07:38 INFO  : The application 'D:/workspace/fbga_project/projem/FMC_Pcam_Adapter_demo/Debug/FMC_Pcam_Adapter_demo.elf' is downloaded to processor 'ps7_cortexa9_0'.
22:07:38 INFO  : 'configparams force-mem-access 0' command is executed.
22:07:38 INFO  : ----------------XSDB Script----------------
connect -url tcp:127.0.0.1:3121
targets -set -nocase -filter {name =~"APU*"}
rst -system
after 3000
targets -set -filter {jtag_cable_name =~ "Digilent Zed 210248BEB531" && level==0 && jtag_device_ctx=="jsn-Zed-210248BEB531-23727093-0"}
fpga -file D:/workspace/fbga_project/projem/FMC_Pcam_Adapter_demo/_ide/bitstream/system_wrapper.bit
targets -set -nocase -filter {name =~"APU*"}
loadhw -hw D:/workspace/fbga_project/projem/system_wrapper/export/system_wrapper/hw/system_wrapper.xsa -mem-ranges [list {0x40000000 0xbfffffff}] -regs
configparams force-mem-access 1
targets -set -nocase -filter {name =~"APU*"}
source D:/workspace/fbga_project/projem/FMC_Pcam_Adapter_demo/_ide/psinit/ps7_init.tcl
ps7_init
ps7_post_config
targets -set -nocase -filter {name =~ "*A9*#0"}
dow D:/workspace/fbga_project/projem/FMC_Pcam_Adapter_demo/Debug/FMC_Pcam_Adapter_demo.elf
configparams force-mem-access 0
----------------End of Script----------------

22:07:38 INFO  : Context for processor 'ps7_cortexa9_0' is selected.
22:07:38 INFO  : 'con' command is executed.
22:07:38 INFO  : ----------------XSDB Script (After Launch)----------------
targets -set -nocase -filter {name =~ "*A9*#0"}
con
----------------End of Script----------------

22:07:38 INFO  : Disconnected from the channel tcfchan#9.
22:08:34 WARN  : channel "tcfchan#9" closed
22:08:35 INFO  : Connected to target on host '127.0.0.1' and port '3121'.
22:08:44 INFO  : ----------------XSDB Script----------------
connect -url tcp:127.0.0.1:3121
----------------End of Script----------------

22:08:44 ERROR : Could not find ARM device on the board for connection 'Local'.
Check if the target is in:
1. Split JTAG - No operations are possible with ARM DAP.
2. Non JTAG bootmode - Bootrom may need time to enable DAP.
Please try again.


Troubleshooting hints:
1. Check whether board is connected to system properly.
2. In case of zynq board, check whether Digilent/Xilinx cable switch settings are correct.
3. If you are using Xilinx Platform Cable USB, ensure that status LED is green.
22:09:13 INFO  : Connected to target on host '127.0.0.1' and port '3121'.
22:09:13 INFO  : Jtag cable 'Digilent Zed 210248BEB531' is selected.
22:09:13 INFO  : 'jtag frequency' command is executed.
22:09:13 INFO  : Context for 'APU' is selected.
22:09:13 INFO  : System reset is completed.
22:09:16 INFO  : 'after 3000' command is executed.
22:09:16 INFO  : 'targets -set -filter {jtag_cable_name =~ "Digilent Zed 210248BEB531" && level==0 && jtag_device_ctx=="jsn-Zed-210248BEB531-23727093-0"}' command is executed.
22:09:19 INFO  : Device configured successfully with "D:/workspace/fbga_project/projem/FMC_Pcam_Adapter_demo/_ide/bitstream/system_wrapper.bit"
22:09:19 INFO  : Context for 'APU' is selected.
22:09:22 INFO  : Hardware design and registers information is loaded from 'D:/workspace/fbga_project/projem/system_wrapper/export/system_wrapper/hw/system_wrapper.xsa'.
22:09:22 INFO  : 'configparams force-mem-access 1' command is executed.
22:09:22 INFO  : Context for 'APU' is selected.
22:09:22 INFO  : Sourcing of 'D:/workspace/fbga_project/projem/FMC_Pcam_Adapter_demo/_ide/psinit/ps7_init.tcl' is done.
22:09:23 INFO  : 'ps7_init' command is executed.
22:09:23 INFO  : 'ps7_post_config' command is executed.
22:09:23 INFO  : Context for processor 'ps7_cortexa9_0' is selected.
22:09:25 INFO  : The application 'D:/workspace/fbga_project/projem/FMC_Pcam_Adapter_demo/Debug/FMC_Pcam_Adapter_demo.elf' is downloaded to processor 'ps7_cortexa9_0'.
22:09:25 INFO  : 'configparams force-mem-access 0' command is executed.
22:09:25 INFO  : ----------------XSDB Script----------------
connect -url tcp:127.0.0.1:3121
targets -set -nocase -filter {name =~"APU*"}
rst -system
after 3000
targets -set -filter {jtag_cable_name =~ "Digilent Zed 210248BEB531" && level==0 && jtag_device_ctx=="jsn-Zed-210248BEB531-23727093-0"}
fpga -file D:/workspace/fbga_project/projem/FMC_Pcam_Adapter_demo/_ide/bitstream/system_wrapper.bit
targets -set -nocase -filter {name =~"APU*"}
loadhw -hw D:/workspace/fbga_project/projem/system_wrapper/export/system_wrapper/hw/system_wrapper.xsa -mem-ranges [list {0x40000000 0xbfffffff}] -regs
configparams force-mem-access 1
targets -set -nocase -filter {name =~"APU*"}
source D:/workspace/fbga_project/projem/FMC_Pcam_Adapter_demo/_ide/psinit/ps7_init.tcl
ps7_init
ps7_post_config
targets -set -nocase -filter {name =~ "*A9*#0"}
dow D:/workspace/fbga_project/projem/FMC_Pcam_Adapter_demo/Debug/FMC_Pcam_Adapter_demo.elf
configparams force-mem-access 0
----------------End of Script----------------

22:09:25 INFO  : Context for processor 'ps7_cortexa9_0' is selected.
22:09:25 INFO  : 'con' command is executed.
22:09:25 INFO  : ----------------XSDB Script (After Launch)----------------
targets -set -nocase -filter {name =~ "*A9*#0"}
con
----------------End of Script----------------

22:09:25 INFO  : Launch script is exported to file 'D:\workspace\fbga_project\projem\FMC_Pcam_Adapter_demo_system\_ide\scripts\debugger_fmc_pcam_adapter_demo-default.tcl'
22:11:59 INFO  : Checking for BSP changes to sync application flags for project 'FMC_Pcam_Adapter_demo'...
22:12:08 INFO  : Connected to target on host '127.0.0.1' and port '3121'.
22:12:08 INFO  : Jtag cable 'Digilent Zed 210248BEB531' is selected.
22:12:08 INFO  : 'jtag frequency' command is executed.
22:12:08 INFO  : Context for 'APU' is selected.
22:12:08 INFO  : System reset is completed.
22:12:11 INFO  : 'after 3000' command is executed.
22:12:12 INFO  : 'targets -set -filter {jtag_cable_name =~ "Digilent Zed 210248BEB531" && level==0 && jtag_device_ctx=="jsn-Zed-210248BEB531-23727093-0"}' command is executed.
22:12:14 INFO  : Device configured successfully with "D:/workspace/fbga_project/projem/FMC_Pcam_Adapter_demo/_ide/bitstream/system_wrapper.bit"
22:12:14 INFO  : Context for 'APU' is selected.
22:12:14 INFO  : Hardware design and registers information is loaded from 'D:/workspace/fbga_project/projem/system_wrapper/export/system_wrapper/hw/system_wrapper.xsa'.
22:12:14 INFO  : 'configparams force-mem-access 1' command is executed.
22:12:14 INFO  : Context for 'APU' is selected.
22:12:14 INFO  : Sourcing of 'D:/workspace/fbga_project/projem/FMC_Pcam_Adapter_demo/_ide/psinit/ps7_init.tcl' is done.
22:12:15 INFO  : 'ps7_init' command is executed.
22:12:15 INFO  : 'ps7_post_config' command is executed.
22:12:15 INFO  : Context for processor 'ps7_cortexa9_0' is selected.
22:12:17 INFO  : The application 'D:/workspace/fbga_project/projem/FMC_Pcam_Adapter_demo/Debug/FMC_Pcam_Adapter_demo.elf' is downloaded to processor 'ps7_cortexa9_0'.
22:12:17 INFO  : 'configparams force-mem-access 0' command is executed.
22:12:17 INFO  : ----------------XSDB Script----------------
connect -url tcp:127.0.0.1:3121
targets -set -nocase -filter {name =~"APU*"}
rst -system
after 3000
targets -set -filter {jtag_cable_name =~ "Digilent Zed 210248BEB531" && level==0 && jtag_device_ctx=="jsn-Zed-210248BEB531-23727093-0"}
fpga -file D:/workspace/fbga_project/projem/FMC_Pcam_Adapter_demo/_ide/bitstream/system_wrapper.bit
targets -set -nocase -filter {name =~"APU*"}
loadhw -hw D:/workspace/fbga_project/projem/system_wrapper/export/system_wrapper/hw/system_wrapper.xsa -mem-ranges [list {0x40000000 0xbfffffff}] -regs
configparams force-mem-access 1
targets -set -nocase -filter {name =~"APU*"}
source D:/workspace/fbga_project/projem/FMC_Pcam_Adapter_demo/_ide/psinit/ps7_init.tcl
ps7_init
ps7_post_config
targets -set -nocase -filter {name =~ "*A9*#0"}
dow D:/workspace/fbga_project/projem/FMC_Pcam_Adapter_demo/Debug/FMC_Pcam_Adapter_demo.elf
configparams force-mem-access 0
----------------End of Script----------------

22:12:17 INFO  : Context for processor 'ps7_cortexa9_0' is selected.
22:12:17 INFO  : 'con' command is executed.
22:12:17 INFO  : ----------------XSDB Script (After Launch)----------------
targets -set -nocase -filter {name =~ "*A9*#0"}
con
----------------End of Script----------------

22:12:17 INFO  : Disconnected from the channel tcfchan#10.
22:12:47 INFO  : Checking for BSP changes to sync application flags for project 'FMC_Pcam_Adapter_demo'...
22:12:57 INFO  : Connected to target on host '127.0.0.1' and port '3121'.
22:12:57 INFO  : Jtag cable 'Digilent Zed 210248BEB531' is selected.
22:12:57 INFO  : 'jtag frequency' command is executed.
22:12:57 INFO  : Context for 'APU' is selected.
22:12:57 INFO  : System reset is completed.
22:13:00 INFO  : 'after 3000' command is executed.
22:13:00 INFO  : 'targets -set -filter {jtag_cable_name =~ "Digilent Zed 210248BEB531" && level==0 && jtag_device_ctx=="jsn-Zed-210248BEB531-23727093-0"}' command is executed.
22:13:02 INFO  : Device configured successfully with "D:/workspace/fbga_project/projem/FMC_Pcam_Adapter_demo/_ide/bitstream/system_wrapper.bit"
22:13:02 INFO  : Context for 'APU' is selected.
22:13:03 INFO  : Hardware design and registers information is loaded from 'D:/workspace/fbga_project/projem/system_wrapper/export/system_wrapper/hw/system_wrapper.xsa'.
22:13:03 INFO  : 'configparams force-mem-access 1' command is executed.
22:13:03 INFO  : Context for 'APU' is selected.
22:13:03 INFO  : Sourcing of 'D:/workspace/fbga_project/projem/FMC_Pcam_Adapter_demo/_ide/psinit/ps7_init.tcl' is done.
22:13:04 INFO  : 'ps7_init' command is executed.
22:13:04 INFO  : 'ps7_post_config' command is executed.
22:13:04 INFO  : Context for processor 'ps7_cortexa9_0' is selected.
22:13:06 INFO  : The application 'D:/workspace/fbga_project/projem/FMC_Pcam_Adapter_demo/Debug/FMC_Pcam_Adapter_demo.elf' is downloaded to processor 'ps7_cortexa9_0'.
22:13:06 INFO  : 'configparams force-mem-access 0' command is executed.
22:13:06 INFO  : ----------------XSDB Script----------------
connect -url tcp:127.0.0.1:3121
targets -set -nocase -filter {name =~"APU*"}
rst -system
after 3000
targets -set -filter {jtag_cable_name =~ "Digilent Zed 210248BEB531" && level==0 && jtag_device_ctx=="jsn-Zed-210248BEB531-23727093-0"}
fpga -file D:/workspace/fbga_project/projem/FMC_Pcam_Adapter_demo/_ide/bitstream/system_wrapper.bit
targets -set -nocase -filter {name =~"APU*"}
loadhw -hw D:/workspace/fbga_project/projem/system_wrapper/export/system_wrapper/hw/system_wrapper.xsa -mem-ranges [list {0x40000000 0xbfffffff}] -regs
configparams force-mem-access 1
targets -set -nocase -filter {name =~"APU*"}
source D:/workspace/fbga_project/projem/FMC_Pcam_Adapter_demo/_ide/psinit/ps7_init.tcl
ps7_init
ps7_post_config
targets -set -nocase -filter {name =~ "*A9*#0"}
dow D:/workspace/fbga_project/projem/FMC_Pcam_Adapter_demo/Debug/FMC_Pcam_Adapter_demo.elf
configparams force-mem-access 0
----------------End of Script----------------

22:13:06 INFO  : Context for processor 'ps7_cortexa9_0' is selected.
22:13:06 INFO  : 'con' command is executed.
22:13:06 INFO  : ----------------XSDB Script (After Launch)----------------
targets -set -nocase -filter {name =~ "*A9*#0"}
con
----------------End of Script----------------

22:13:06 INFO  : Disconnected from the channel tcfchan#11.
22:13:47 INFO  : Checking for BSP changes to sync application flags for project 'FMC_Pcam_Adapter_demo'...
22:14:44 INFO  : Connected to target on host '127.0.0.1' and port '3121'.
22:14:44 INFO  : Jtag cable 'Digilent Zed 210248BEB531' is selected.
22:14:44 INFO  : 'jtag frequency' command is executed.
22:14:44 INFO  : Context for 'APU' is selected.
22:14:44 INFO  : System reset is completed.
22:14:47 INFO  : 'after 3000' command is executed.
22:14:47 INFO  : 'targets -set -filter {jtag_cable_name =~ "Digilent Zed 210248BEB531" && level==0 && jtag_device_ctx=="jsn-Zed-210248BEB531-23727093-0"}' command is executed.
22:14:50 INFO  : Device configured successfully with "D:/workspace/fbga_project/projem/FMC_Pcam_Adapter_demo/_ide/bitstream/system_wrapper.bit"
22:14:50 INFO  : Context for 'APU' is selected.
22:14:51 INFO  : Hardware design and registers information is loaded from 'D:/workspace/fbga_project/projem/system_wrapper/export/system_wrapper/hw/system_wrapper.xsa'.
22:14:51 INFO  : 'configparams force-mem-access 1' command is executed.
22:14:51 INFO  : Context for 'APU' is selected.
22:14:51 INFO  : Sourcing of 'D:/workspace/fbga_project/projem/FMC_Pcam_Adapter_demo/_ide/psinit/ps7_init.tcl' is done.
22:14:52 INFO  : 'ps7_init' command is executed.
22:14:52 INFO  : 'ps7_post_config' command is executed.
22:14:52 INFO  : Context for processor 'ps7_cortexa9_0' is selected.
22:14:54 INFO  : The application 'D:/workspace/fbga_project/projem/FMC_Pcam_Adapter_demo/Debug/FMC_Pcam_Adapter_demo.elf' is downloaded to processor 'ps7_cortexa9_0'.
22:14:55 INFO  : 'configparams force-mem-access 0' command is executed.
22:14:55 INFO  : ----------------XSDB Script----------------
connect -url tcp:127.0.0.1:3121
targets -set -nocase -filter {name =~"APU*"}
rst -system
after 3000
targets -set -filter {jtag_cable_name =~ "Digilent Zed 210248BEB531" && level==0 && jtag_device_ctx=="jsn-Zed-210248BEB531-23727093-0"}
fpga -file D:/workspace/fbga_project/projem/FMC_Pcam_Adapter_demo/_ide/bitstream/system_wrapper.bit
targets -set -nocase -filter {name =~"APU*"}
loadhw -hw D:/workspace/fbga_project/projem/system_wrapper/export/system_wrapper/hw/system_wrapper.xsa -mem-ranges [list {0x40000000 0xbfffffff}] -regs
configparams force-mem-access 1
targets -set -nocase -filter {name =~"APU*"}
source D:/workspace/fbga_project/projem/FMC_Pcam_Adapter_demo/_ide/psinit/ps7_init.tcl
ps7_init
ps7_post_config
targets -set -nocase -filter {name =~ "*A9*#0"}
dow D:/workspace/fbga_project/projem/FMC_Pcam_Adapter_demo/Debug/FMC_Pcam_Adapter_demo.elf
configparams force-mem-access 0
----------------End of Script----------------

22:14:55 INFO  : Context for processor 'ps7_cortexa9_0' is selected.
22:14:55 INFO  : 'con' command is executed.
22:14:55 INFO  : ----------------XSDB Script (After Launch)----------------
targets -set -nocase -filter {name =~ "*A9*#0"}
con
----------------End of Script----------------

22:14:55 INFO  : Disconnected from the channel tcfchan#12.
23:01:34 INFO  : Checking for BSP changes to sync application flags for project 'FMC_Pcam_Adapter_demo'...
23:03:59 INFO  : Checking for BSP changes to sync application flags for project 'FMC_Pcam_Adapter_demo'...
23:04:13 INFO  : Connected to target on host '127.0.0.1' and port '3121'.
23:04:19 INFO  : Jtag cable 'Digilent Zed 210248BEB531' is selected.
23:04:19 INFO  : 'jtag frequency' command is executed.
23:04:19 INFO  : Context for 'APU' is selected.
23:04:19 INFO  : System reset is completed.
23:04:22 INFO  : 'after 3000' command is executed.
23:04:22 INFO  : 'targets -set -filter {jtag_cable_name =~ "Digilent Zed 210248BEB531" && level==0 && jtag_device_ctx=="jsn-Zed-210248BEB531-23727093-0"}' command is executed.
23:04:24 INFO  : Device configured successfully with "D:/workspace/fbga_project/projem/FMC_Pcam_Adapter_demo/_ide/bitstream/system_wrapper.bit"
23:04:24 INFO  : Context for 'APU' is selected.
23:04:25 INFO  : Hardware design and registers information is loaded from 'D:/workspace/fbga_project/projem/system_wrapper/export/system_wrapper/hw/system_wrapper.xsa'.
23:04:25 INFO  : 'configparams force-mem-access 1' command is executed.
23:04:25 INFO  : Context for 'APU' is selected.
23:04:25 INFO  : Sourcing of 'D:/workspace/fbga_project/projem/FMC_Pcam_Adapter_demo/_ide/psinit/ps7_init.tcl' is done.
23:04:25 INFO  : 'ps7_init' command is executed.
23:04:25 INFO  : 'ps7_post_config' command is executed.
23:04:25 INFO  : Context for processor 'ps7_cortexa9_0' is selected.
23:04:27 INFO  : The application 'D:/workspace/fbga_project/projem/FMC_Pcam_Adapter_demo/Debug/FMC_Pcam_Adapter_demo.elf' is downloaded to processor 'ps7_cortexa9_0'.
23:04:28 INFO  : 'configparams force-mem-access 0' command is executed.
23:04:28 INFO  : ----------------XSDB Script----------------
connect -url tcp:127.0.0.1:3121
targets -set -nocase -filter {name =~"APU*"}
rst -system
after 3000
targets -set -filter {jtag_cable_name =~ "Digilent Zed 210248BEB531" && level==0 && jtag_device_ctx=="jsn-Zed-210248BEB531-23727093-0"}
fpga -file D:/workspace/fbga_project/projem/FMC_Pcam_Adapter_demo/_ide/bitstream/system_wrapper.bit
targets -set -nocase -filter {name =~"APU*"}
loadhw -hw D:/workspace/fbga_project/projem/system_wrapper/export/system_wrapper/hw/system_wrapper.xsa -mem-ranges [list {0x40000000 0xbfffffff}] -regs
configparams force-mem-access 1
targets -set -nocase -filter {name =~"APU*"}
source D:/workspace/fbga_project/projem/FMC_Pcam_Adapter_demo/_ide/psinit/ps7_init.tcl
ps7_init
ps7_post_config
targets -set -nocase -filter {name =~ "*A9*#0"}
dow D:/workspace/fbga_project/projem/FMC_Pcam_Adapter_demo/Debug/FMC_Pcam_Adapter_demo.elf
configparams force-mem-access 0
----------------End of Script----------------

23:04:28 INFO  : Context for processor 'ps7_cortexa9_0' is selected.
23:04:28 INFO  : 'con' command is executed.
23:04:28 INFO  : ----------------XSDB Script (After Launch)----------------
targets -set -nocase -filter {name =~ "*A9*#0"}
con
----------------End of Script----------------

23:04:28 INFO  : Disconnected from the channel tcfchan#13.
23:24:53 WARN  : channel "tcfchan#10" closed
00:28:42 DEBUG : Logs will be stored at 'D:/workspace/fbga_project/projem/IDE.log'.
00:28:44 INFO  : Launching XSCT server: xsct.bat -n  -interactive D:\workspace\fbga_project\projem\temp_xsdb_launch_script.tcl
00:28:46 INFO  : XSCT server has started successfully.
00:28:46 INFO  : plnx-install-location is set to ''
00:28:46 INFO  : Successfully done setting XSCT server connection channel  
00:28:46 INFO  : Successfully done setting workspace for the tool. 
00:28:48 INFO  : Successfully done query RDI_DATADIR 
00:28:48 INFO  : Registering command handlers for Vitis TCF services
00:28:49 INFO  : Platform repository initialization has completed.
00:34:09 INFO  : Checking for BSP changes to sync application flags for project 'FMC_Pcam_Adapter_demo'...
00:34:29 INFO  : Connected to target on host '127.0.0.1' and port '3121'.
00:34:30 INFO  : Jtag cable 'Digilent Zed 210248BEB531' is selected.
00:34:30 INFO  : 'jtag frequency' command is executed.
00:34:30 INFO  : Context for 'APU' is selected.
00:34:30 INFO  : System reset is completed.
00:34:33 INFO  : 'after 3000' command is executed.
00:34:33 INFO  : 'targets -set -filter {jtag_cable_name =~ "Digilent Zed 210248BEB531" && level==0 && jtag_device_ctx=="jsn-Zed-210248BEB531-23727093-0"}' command is executed.
00:34:35 INFO  : Device configured successfully with "D:/workspace/fbga_project/projem/FMC_Pcam_Adapter_demo/_ide/bitstream/system_wrapper.bit"
00:34:35 INFO  : Context for 'APU' is selected.
00:34:36 INFO  : Hardware design and registers information is loaded from 'D:/workspace/fbga_project/projem/system_wrapper/export/system_wrapper/hw/system_wrapper.xsa'.
00:34:36 INFO  : 'configparams force-mem-access 1' command is executed.
00:34:36 INFO  : Context for 'APU' is selected.
00:34:36 INFO  : Sourcing of 'D:/workspace/fbga_project/projem/FMC_Pcam_Adapter_demo/_ide/psinit/ps7_init.tcl' is done.
00:34:36 INFO  : 'ps7_init' command is executed.
00:34:36 INFO  : 'ps7_post_config' command is executed.
00:34:36 INFO  : Context for processor 'ps7_cortexa9_0' is selected.
00:34:38 INFO  : The application 'D:/workspace/fbga_project/projem/FMC_Pcam_Adapter_demo/Debug/FMC_Pcam_Adapter_demo.elf' is downloaded to processor 'ps7_cortexa9_0'.
00:34:38 INFO  : 'configparams force-mem-access 0' command is executed.
00:34:38 INFO  : ----------------XSDB Script----------------
connect -url tcp:127.0.0.1:3121
targets -set -nocase -filter {name =~"APU*"}
rst -system
after 3000
targets -set -filter {jtag_cable_name =~ "Digilent Zed 210248BEB531" && level==0 && jtag_device_ctx=="jsn-Zed-210248BEB531-23727093-0"}
fpga -file D:/workspace/fbga_project/projem/FMC_Pcam_Adapter_demo/_ide/bitstream/system_wrapper.bit
targets -set -nocase -filter {name =~"APU*"}
loadhw -hw D:/workspace/fbga_project/projem/system_wrapper/export/system_wrapper/hw/system_wrapper.xsa -mem-ranges [list {0x40000000 0xbfffffff}] -regs
configparams force-mem-access 1
targets -set -nocase -filter {name =~"APU*"}
source D:/workspace/fbga_project/projem/FMC_Pcam_Adapter_demo/_ide/psinit/ps7_init.tcl
ps7_init
ps7_post_config
targets -set -nocase -filter {name =~ "*A9*#0"}
dow D:/workspace/fbga_project/projem/FMC_Pcam_Adapter_demo/Debug/FMC_Pcam_Adapter_demo.elf
configparams force-mem-access 0
----------------End of Script----------------

00:34:39 INFO  : Context for processor 'ps7_cortexa9_0' is selected.
00:34:39 INFO  : 'con' command is executed.
00:34:39 INFO  : ----------------XSDB Script (After Launch)----------------
targets -set -nocase -filter {name =~ "*A9*#0"}
con
----------------End of Script----------------

00:34:39 INFO  : Launch script is exported to file 'D:\workspace\fbga_project\projem\FMC_Pcam_Adapter_demo_system\_ide\scripts\debugger_fmc_pcam_adapter_demo-default.tcl'
00:35:13 INFO  : Checking for BSP changes to sync application flags for project 'FMC_Pcam_Adapter_demo'...
00:35:27 INFO  : Connected to target on host '127.0.0.1' and port '3121'.
00:35:27 INFO  : Jtag cable 'Digilent Zed 210248BEB531' is selected.
00:35:27 INFO  : 'jtag frequency' command is executed.
00:35:27 INFO  : Context for 'APU' is selected.
00:35:27 INFO  : System reset is completed.
00:35:30 INFO  : 'after 3000' command is executed.
00:35:30 INFO  : 'targets -set -filter {jtag_cable_name =~ "Digilent Zed 210248BEB531" && level==0 && jtag_device_ctx=="jsn-Zed-210248BEB531-23727093-0"}' command is executed.
00:35:33 INFO  : Device configured successfully with "D:/workspace/fbga_project/projem/FMC_Pcam_Adapter_demo/_ide/bitstream/system_wrapper.bit"
00:35:33 INFO  : Context for 'APU' is selected.
00:35:33 INFO  : Hardware design and registers information is loaded from 'D:/workspace/fbga_project/projem/system_wrapper/export/system_wrapper/hw/system_wrapper.xsa'.
00:35:33 INFO  : 'configparams force-mem-access 1' command is executed.
00:35:33 INFO  : Context for 'APU' is selected.
00:35:33 INFO  : Sourcing of 'D:/workspace/fbga_project/projem/FMC_Pcam_Adapter_demo/_ide/psinit/ps7_init.tcl' is done.
00:35:33 INFO  : 'ps7_init' command is executed.
00:35:33 INFO  : 'ps7_post_config' command is executed.
00:35:33 INFO  : Context for processor 'ps7_cortexa9_0' is selected.
00:35:35 INFO  : The application 'D:/workspace/fbga_project/projem/FMC_Pcam_Adapter_demo/Debug/FMC_Pcam_Adapter_demo.elf' is downloaded to processor 'ps7_cortexa9_0'.
00:35:35 INFO  : 'configparams force-mem-access 0' command is executed.
00:35:35 INFO  : ----------------XSDB Script----------------
connect -url tcp:127.0.0.1:3121
targets -set -nocase -filter {name =~"APU*"}
rst -system
after 3000
targets -set -filter {jtag_cable_name =~ "Digilent Zed 210248BEB531" && level==0 && jtag_device_ctx=="jsn-Zed-210248BEB531-23727093-0"}
fpga -file D:/workspace/fbga_project/projem/FMC_Pcam_Adapter_demo/_ide/bitstream/system_wrapper.bit
targets -set -nocase -filter {name =~"APU*"}
loadhw -hw D:/workspace/fbga_project/projem/system_wrapper/export/system_wrapper/hw/system_wrapper.xsa -mem-ranges [list {0x40000000 0xbfffffff}] -regs
configparams force-mem-access 1
targets -set -nocase -filter {name =~"APU*"}
source D:/workspace/fbga_project/projem/FMC_Pcam_Adapter_demo/_ide/psinit/ps7_init.tcl
ps7_init
ps7_post_config
targets -set -nocase -filter {name =~ "*A9*#0"}
dow D:/workspace/fbga_project/projem/FMC_Pcam_Adapter_demo/Debug/FMC_Pcam_Adapter_demo.elf
configparams force-mem-access 0
----------------End of Script----------------

00:35:36 INFO  : Context for processor 'ps7_cortexa9_0' is selected.
00:35:36 INFO  : 'con' command is executed.
00:35:36 INFO  : ----------------XSDB Script (After Launch)----------------
targets -set -nocase -filter {name =~ "*A9*#0"}
con
----------------End of Script----------------

00:35:36 INFO  : Disconnected from the channel tcfchan#1.
00:46:24 INFO  : Checking for BSP changes to sync application flags for project 'FMC_Pcam_Adapter_demo'...
00:51:49 INFO  : Connected to target on host '127.0.0.1' and port '3121'.
00:51:49 INFO  : Jtag cable 'Digilent Zed 210248BEB531' is selected.
00:51:49 INFO  : 'jtag frequency' command is executed.
00:51:49 INFO  : Context for 'APU' is selected.
00:51:49 INFO  : System reset is completed.
00:51:52 INFO  : 'after 3000' command is executed.
00:51:52 INFO  : 'targets -set -filter {jtag_cable_name =~ "Digilent Zed 210248BEB531" && level==0 && jtag_device_ctx=="jsn-Zed-210248BEB531-23727093-0"}' command is executed.
00:51:55 INFO  : Device configured successfully with "D:/workspace/fbga_project/projem/FMC_Pcam_Adapter_demo/_ide/bitstream/system_wrapper.bit"
00:51:55 INFO  : Context for 'APU' is selected.
00:51:55 INFO  : Hardware design and registers information is loaded from 'D:/workspace/fbga_project/projem/system_wrapper/export/system_wrapper/hw/system_wrapper.xsa'.
00:51:55 INFO  : 'configparams force-mem-access 1' command is executed.
00:51:55 INFO  : Context for 'APU' is selected.
00:51:55 INFO  : Sourcing of 'D:/workspace/fbga_project/projem/FMC_Pcam_Adapter_demo/_ide/psinit/ps7_init.tcl' is done.
00:51:56 INFO  : 'ps7_init' command is executed.
00:51:56 INFO  : 'ps7_post_config' command is executed.
00:51:56 INFO  : Context for processor 'ps7_cortexa9_0' is selected.
00:51:58 INFO  : The application 'D:/workspace/fbga_project/projem/FMC_Pcam_Adapter_demo/Debug/FMC_Pcam_Adapter_demo.elf' is downloaded to processor 'ps7_cortexa9_0'.
00:51:58 INFO  : 'configparams force-mem-access 0' command is executed.
00:51:58 INFO  : ----------------XSDB Script----------------
connect -url tcp:127.0.0.1:3121
targets -set -nocase -filter {name =~"APU*"}
rst -system
after 3000
targets -set -filter {jtag_cable_name =~ "Digilent Zed 210248BEB531" && level==0 && jtag_device_ctx=="jsn-Zed-210248BEB531-23727093-0"}
fpga -file D:/workspace/fbga_project/projem/FMC_Pcam_Adapter_demo/_ide/bitstream/system_wrapper.bit
targets -set -nocase -filter {name =~"APU*"}
loadhw -hw D:/workspace/fbga_project/projem/system_wrapper/export/system_wrapper/hw/system_wrapper.xsa -mem-ranges [list {0x40000000 0xbfffffff}] -regs
configparams force-mem-access 1
targets -set -nocase -filter {name =~"APU*"}
source D:/workspace/fbga_project/projem/FMC_Pcam_Adapter_demo/_ide/psinit/ps7_init.tcl
ps7_init
ps7_post_config
targets -set -nocase -filter {name =~ "*A9*#0"}
dow D:/workspace/fbga_project/projem/FMC_Pcam_Adapter_demo/Debug/FMC_Pcam_Adapter_demo.elf
configparams force-mem-access 0
----------------End of Script----------------

00:51:58 INFO  : Context for processor 'ps7_cortexa9_0' is selected.
00:51:58 INFO  : 'con' command is executed.
00:51:58 INFO  : ----------------XSDB Script (After Launch)----------------
targets -set -nocase -filter {name =~ "*A9*#0"}
con
----------------End of Script----------------

00:51:58 INFO  : Disconnected from the channel tcfchan#2.
00:53:06 INFO  : Connected to target on host '127.0.0.1' and port '3121'.
00:53:06 INFO  : Jtag cable 'Digilent Zed 210248BEB531' is selected.
00:53:06 INFO  : 'jtag frequency' command is executed.
00:53:06 INFO  : Context for 'APU' is selected.
00:53:06 INFO  : System reset is completed.
00:53:09 INFO  : 'after 3000' command is executed.
00:53:09 INFO  : 'targets -set -filter {jtag_cable_name =~ "Digilent Zed 210248BEB531" && level==0 && jtag_device_ctx=="jsn-Zed-210248BEB531-23727093-0"}' command is executed.
00:53:11 INFO  : Device configured successfully with "D:/workspace/fbga_project/projem/FMC_Pcam_Adapter_demo/_ide/bitstream/system_wrapper.bit"
00:53:12 INFO  : Context for 'APU' is selected.
00:53:15 INFO  : Hardware design and registers information is loaded from 'D:/workspace/fbga_project/projem/system_wrapper/export/system_wrapper/hw/system_wrapper.xsa'.
00:53:15 INFO  : 'configparams force-mem-access 1' command is executed.
00:53:15 INFO  : Context for 'APU' is selected.
00:53:15 INFO  : Sourcing of 'D:/workspace/fbga_project/projem/FMC_Pcam_Adapter_demo/_ide/psinit/ps7_init.tcl' is done.
00:53:15 INFO  : 'ps7_init' command is executed.
00:53:15 INFO  : 'ps7_post_config' command is executed.
00:53:16 INFO  : Context for processor 'ps7_cortexa9_0' is selected.
00:53:18 INFO  : The application 'D:/workspace/fbga_project/projem/FMC_Pcam_Adapter_demo/Debug/FMC_Pcam_Adapter_demo.elf' is downloaded to processor 'ps7_cortexa9_0'.
00:53:18 INFO  : 'configparams force-mem-access 0' command is executed.
00:53:18 INFO  : ----------------XSDB Script----------------
connect -url tcp:127.0.0.1:3121
targets -set -nocase -filter {name =~"APU*"}
rst -system
after 3000
targets -set -filter {jtag_cable_name =~ "Digilent Zed 210248BEB531" && level==0 && jtag_device_ctx=="jsn-Zed-210248BEB531-23727093-0"}
fpga -file D:/workspace/fbga_project/projem/FMC_Pcam_Adapter_demo/_ide/bitstream/system_wrapper.bit
targets -set -nocase -filter {name =~"APU*"}
loadhw -hw D:/workspace/fbga_project/projem/system_wrapper/export/system_wrapper/hw/system_wrapper.xsa -mem-ranges [list {0x40000000 0xbfffffff}] -regs
configparams force-mem-access 1
targets -set -nocase -filter {name =~"APU*"}
source D:/workspace/fbga_project/projem/FMC_Pcam_Adapter_demo/_ide/psinit/ps7_init.tcl
ps7_init
ps7_post_config
targets -set -nocase -filter {name =~ "*A9*#0"}
dow D:/workspace/fbga_project/projem/FMC_Pcam_Adapter_demo/Debug/FMC_Pcam_Adapter_demo.elf
configparams force-mem-access 0
----------------End of Script----------------

00:53:18 INFO  : Context for processor 'ps7_cortexa9_0' is selected.
00:53:18 INFO  : 'con' command is executed.
00:53:18 INFO  : ----------------XSDB Script (After Launch)----------------
targets -set -nocase -filter {name =~ "*A9*#0"}
con
----------------End of Script----------------

00:53:18 INFO  : Disconnected from the channel tcfchan#3.
00:53:51 INFO  : Connected to target on host '127.0.0.1' and port '3121'.
00:53:51 INFO  : Jtag cable 'Digilent Zed 210248BEB531' is selected.
00:53:51 INFO  : 'jtag frequency' command is executed.
00:53:51 INFO  : Context for 'APU' is selected.
00:53:51 INFO  : System reset is completed.
00:53:54 INFO  : 'after 3000' command is executed.
00:53:54 INFO  : 'targets -set -filter {jtag_cable_name =~ "Digilent Zed 210248BEB531" && level==0 && jtag_device_ctx=="jsn-Zed-210248BEB531-23727093-0"}' command is executed.
00:53:56 INFO  : Device configured successfully with "D:/workspace/fbga_project/projem/FMC_Pcam_Adapter_demo/_ide/bitstream/system_wrapper.bit"
00:53:56 INFO  : Context for 'APU' is selected.
00:54:00 INFO  : Hardware design and registers information is loaded from 'D:/workspace/fbga_project/projem/system_wrapper/export/system_wrapper/hw/system_wrapper.xsa'.
00:54:00 INFO  : 'configparams force-mem-access 1' command is executed.
00:54:00 INFO  : Context for 'APU' is selected.
00:54:00 INFO  : Sourcing of 'D:/workspace/fbga_project/projem/FMC_Pcam_Adapter_demo/_ide/psinit/ps7_init.tcl' is done.
00:54:00 INFO  : 'ps7_init' command is executed.
00:54:00 INFO  : 'ps7_post_config' command is executed.
00:54:00 INFO  : Context for processor 'ps7_cortexa9_0' is selected.
00:54:02 INFO  : The application 'D:/workspace/fbga_project/projem/FMC_Pcam_Adapter_demo/Debug/FMC_Pcam_Adapter_demo.elf' is downloaded to processor 'ps7_cortexa9_0'.
00:54:02 INFO  : 'configparams force-mem-access 0' command is executed.
00:54:02 INFO  : ----------------XSDB Script----------------
connect -url tcp:127.0.0.1:3121
targets -set -nocase -filter {name =~"APU*"}
rst -system
after 3000
targets -set -filter {jtag_cable_name =~ "Digilent Zed 210248BEB531" && level==0 && jtag_device_ctx=="jsn-Zed-210248BEB531-23727093-0"}
fpga -file D:/workspace/fbga_project/projem/FMC_Pcam_Adapter_demo/_ide/bitstream/system_wrapper.bit
targets -set -nocase -filter {name =~"APU*"}
loadhw -hw D:/workspace/fbga_project/projem/system_wrapper/export/system_wrapper/hw/system_wrapper.xsa -mem-ranges [list {0x40000000 0xbfffffff}] -regs
configparams force-mem-access 1
targets -set -nocase -filter {name =~"APU*"}
source D:/workspace/fbga_project/projem/FMC_Pcam_Adapter_demo/_ide/psinit/ps7_init.tcl
ps7_init
ps7_post_config
targets -set -nocase -filter {name =~ "*A9*#0"}
dow D:/workspace/fbga_project/projem/FMC_Pcam_Adapter_demo/Debug/FMC_Pcam_Adapter_demo.elf
configparams force-mem-access 0
----------------End of Script----------------

00:54:02 INFO  : Context for processor 'ps7_cortexa9_0' is selected.
00:54:02 INFO  : 'con' command is executed.
00:54:02 INFO  : ----------------XSDB Script (After Launch)----------------
targets -set -nocase -filter {name =~ "*A9*#0"}
con
----------------End of Script----------------

00:54:02 INFO  : Disconnected from the channel tcfchan#4.
00:54:46 INFO  : Connected to target on host '127.0.0.1' and port '3121'.
00:54:47 INFO  : Jtag cable 'Digilent Zed 210248BEB531' is selected.
00:54:47 INFO  : 'jtag frequency' command is executed.
00:54:47 INFO  : Context for 'APU' is selected.
00:54:47 INFO  : System reset is completed.
00:54:50 INFO  : 'after 3000' command is executed.
00:54:50 INFO  : 'targets -set -filter {jtag_cable_name =~ "Digilent Zed 210248BEB531" && level==0 && jtag_device_ctx=="jsn-Zed-210248BEB531-23727093-0"}' command is executed.
00:54:52 INFO  : Device configured successfully with "D:/workspace/fbga_project/projem/FMC_Pcam_Adapter_demo/_ide/bitstream/system_wrapper.bit"
00:54:52 INFO  : Context for 'APU' is selected.
00:54:55 INFO  : Hardware design and registers information is loaded from 'D:/workspace/fbga_project/projem/system_wrapper/export/system_wrapper/hw/system_wrapper.xsa'.
00:54:55 INFO  : 'configparams force-mem-access 1' command is executed.
00:54:55 INFO  : Context for 'APU' is selected.
00:54:55 INFO  : Sourcing of 'D:/workspace/fbga_project/projem/FMC_Pcam_Adapter_demo/_ide/psinit/ps7_init.tcl' is done.
00:54:56 INFO  : 'ps7_init' command is executed.
00:54:56 INFO  : 'ps7_post_config' command is executed.
00:54:56 INFO  : Context for processor 'ps7_cortexa9_0' is selected.
00:54:58 INFO  : The application 'D:/workspace/fbga_project/projem/FMC_Pcam_Adapter_demo/Debug/FMC_Pcam_Adapter_demo.elf' is downloaded to processor 'ps7_cortexa9_0'.
00:54:58 INFO  : 'configparams force-mem-access 0' command is executed.
00:54:58 INFO  : ----------------XSDB Script----------------
connect -url tcp:127.0.0.1:3121
targets -set -nocase -filter {name =~"APU*"}
rst -system
after 3000
targets -set -filter {jtag_cable_name =~ "Digilent Zed 210248BEB531" && level==0 && jtag_device_ctx=="jsn-Zed-210248BEB531-23727093-0"}
fpga -file D:/workspace/fbga_project/projem/FMC_Pcam_Adapter_demo/_ide/bitstream/system_wrapper.bit
targets -set -nocase -filter {name =~"APU*"}
loadhw -hw D:/workspace/fbga_project/projem/system_wrapper/export/system_wrapper/hw/system_wrapper.xsa -mem-ranges [list {0x40000000 0xbfffffff}] -regs
configparams force-mem-access 1
targets -set -nocase -filter {name =~"APU*"}
source D:/workspace/fbga_project/projem/FMC_Pcam_Adapter_demo/_ide/psinit/ps7_init.tcl
ps7_init
ps7_post_config
targets -set -nocase -filter {name =~ "*A9*#0"}
dow D:/workspace/fbga_project/projem/FMC_Pcam_Adapter_demo/Debug/FMC_Pcam_Adapter_demo.elf
configparams force-mem-access 0
----------------End of Script----------------

00:54:58 INFO  : Context for processor 'ps7_cortexa9_0' is selected.
00:54:58 INFO  : 'con' command is executed.
00:54:58 INFO  : ----------------XSDB Script (After Launch)----------------
targets -set -nocase -filter {name =~ "*A9*#0"}
con
----------------End of Script----------------

00:54:58 INFO  : Disconnected from the channel tcfchan#5.
01:03:14 INFO  : Connected to target on host '127.0.0.1' and port '3121'.
01:03:14 INFO  : Jtag cable 'Digilent Zed 210248BEB531' is selected.
01:03:14 INFO  : 'jtag frequency' command is executed.
01:03:14 INFO  : Context for 'APU' is selected.
01:03:14 INFO  : System reset is completed.
01:03:17 INFO  : 'after 3000' command is executed.
01:03:18 INFO  : 'targets -set -filter {jtag_cable_name =~ "Digilent Zed 210248BEB531" && level==0 && jtag_device_ctx=="jsn-Zed-210248BEB531-23727093-0"}' command is executed.
01:03:20 INFO  : Device configured successfully with "D:/workspace/fbga_project/projem/FMC_Pcam_Adapter_demo/_ide/bitstream/system_wrapper.bit"
01:03:20 INFO  : Context for 'APU' is selected.
01:03:24 INFO  : Hardware design and registers information is loaded from 'D:/workspace/fbga_project/projem/system_wrapper/export/system_wrapper/hw/system_wrapper.xsa'.
01:03:24 INFO  : 'configparams force-mem-access 1' command is executed.
01:03:24 INFO  : Context for 'APU' is selected.
01:03:24 INFO  : Sourcing of 'D:/workspace/fbga_project/projem/FMC_Pcam_Adapter_demo/_ide/psinit/ps7_init.tcl' is done.
01:03:24 INFO  : 'ps7_init' command is executed.
01:03:24 INFO  : 'ps7_post_config' command is executed.
01:03:24 INFO  : Context for processor 'ps7_cortexa9_0' is selected.
01:03:26 INFO  : The application 'D:/workspace/fbga_project/projem/FMC_Pcam_Adapter_demo/Debug/FMC_Pcam_Adapter_demo.elf' is downloaded to processor 'ps7_cortexa9_0'.
01:03:26 INFO  : 'configparams force-mem-access 0' command is executed.
01:03:26 INFO  : ----------------XSDB Script----------------
connect -url tcp:127.0.0.1:3121
targets -set -nocase -filter {name =~"APU*"}
rst -system
after 3000
targets -set -filter {jtag_cable_name =~ "Digilent Zed 210248BEB531" && level==0 && jtag_device_ctx=="jsn-Zed-210248BEB531-23727093-0"}
fpga -file D:/workspace/fbga_project/projem/FMC_Pcam_Adapter_demo/_ide/bitstream/system_wrapper.bit
targets -set -nocase -filter {name =~"APU*"}
loadhw -hw D:/workspace/fbga_project/projem/system_wrapper/export/system_wrapper/hw/system_wrapper.xsa -mem-ranges [list {0x40000000 0xbfffffff}] -regs
configparams force-mem-access 1
targets -set -nocase -filter {name =~"APU*"}
source D:/workspace/fbga_project/projem/FMC_Pcam_Adapter_demo/_ide/psinit/ps7_init.tcl
ps7_init
ps7_post_config
targets -set -nocase -filter {name =~ "*A9*#0"}
dow D:/workspace/fbga_project/projem/FMC_Pcam_Adapter_demo/Debug/FMC_Pcam_Adapter_demo.elf
configparams force-mem-access 0
----------------End of Script----------------

01:03:26 INFO  : Context for processor 'ps7_cortexa9_0' is selected.
01:03:26 INFO  : 'con' command is executed.
01:03:26 INFO  : ----------------XSDB Script (After Launch)----------------
targets -set -nocase -filter {name =~ "*A9*#0"}
con
----------------End of Script----------------

01:03:26 INFO  : Disconnected from the channel tcfchan#6.
01:36:48 INFO  : Checking for BSP changes to sync application flags for project 'FMC_Pcam_Adapter_demo'...
01:37:24 INFO  : Connected to target on host '127.0.0.1' and port '3121'.
01:37:24 INFO  : Jtag cable 'Digilent Zed 210248BEB531' is selected.
01:37:24 INFO  : 'jtag frequency' command is executed.
01:37:24 INFO  : Context for 'APU' is selected.
01:37:24 INFO  : System reset is completed.
01:37:27 INFO  : 'after 3000' command is executed.
01:37:27 INFO  : 'targets -set -filter {jtag_cable_name =~ "Digilent Zed 210248BEB531" && level==0 && jtag_device_ctx=="jsn-Zed-210248BEB531-23727093-0"}' command is executed.
01:37:30 INFO  : Device configured successfully with "D:/workspace/fbga_project/projem/FMC_Pcam_Adapter_demo/_ide/bitstream/system_wrapper.bit"
01:37:30 INFO  : Context for 'APU' is selected.
01:37:30 INFO  : Hardware design and registers information is loaded from 'D:/workspace/fbga_project/projem/system_wrapper/export/system_wrapper/hw/system_wrapper.xsa'.
01:37:30 INFO  : 'configparams force-mem-access 1' command is executed.
01:37:30 INFO  : Context for 'APU' is selected.
01:37:30 INFO  : Sourcing of 'D:/workspace/fbga_project/projem/FMC_Pcam_Adapter_demo/_ide/psinit/ps7_init.tcl' is done.
01:37:31 INFO  : 'ps7_init' command is executed.
01:37:31 INFO  : 'ps7_post_config' command is executed.
01:37:31 INFO  : Context for processor 'ps7_cortexa9_0' is selected.
01:37:33 INFO  : The application 'D:/workspace/fbga_project/projem/FMC_Pcam_Adapter_demo/Debug/FMC_Pcam_Adapter_demo.elf' is downloaded to processor 'ps7_cortexa9_0'.
01:37:33 INFO  : 'configparams force-mem-access 0' command is executed.
01:37:33 INFO  : ----------------XSDB Script----------------
connect -url tcp:127.0.0.1:3121
targets -set -nocase -filter {name =~"APU*"}
rst -system
after 3000
targets -set -filter {jtag_cable_name =~ "Digilent Zed 210248BEB531" && level==0 && jtag_device_ctx=="jsn-Zed-210248BEB531-23727093-0"}
fpga -file D:/workspace/fbga_project/projem/FMC_Pcam_Adapter_demo/_ide/bitstream/system_wrapper.bit
targets -set -nocase -filter {name =~"APU*"}
loadhw -hw D:/workspace/fbga_project/projem/system_wrapper/export/system_wrapper/hw/system_wrapper.xsa -mem-ranges [list {0x40000000 0xbfffffff}] -regs
configparams force-mem-access 1
targets -set -nocase -filter {name =~"APU*"}
source D:/workspace/fbga_project/projem/FMC_Pcam_Adapter_demo/_ide/psinit/ps7_init.tcl
ps7_init
ps7_post_config
targets -set -nocase -filter {name =~ "*A9*#0"}
dow D:/workspace/fbga_project/projem/FMC_Pcam_Adapter_demo/Debug/FMC_Pcam_Adapter_demo.elf
configparams force-mem-access 0
----------------End of Script----------------

01:37:33 INFO  : Context for processor 'ps7_cortexa9_0' is selected.
01:37:33 INFO  : 'con' command is executed.
01:37:33 INFO  : ----------------XSDB Script (After Launch)----------------
targets -set -nocase -filter {name =~ "*A9*#0"}
con
----------------End of Script----------------

01:37:33 INFO  : Disconnected from the channel tcfchan#7.
01:38:06 INFO  : Connected to target on host '127.0.0.1' and port '3121'.
01:38:06 INFO  : Jtag cable 'Digilent Zed 210248BEB531' is selected.
01:38:06 INFO  : 'jtag frequency' command is executed.
01:38:06 INFO  : Context for 'APU' is selected.
01:38:06 INFO  : System reset is completed.
01:38:09 INFO  : 'after 3000' command is executed.
01:38:10 INFO  : 'targets -set -filter {jtag_cable_name =~ "Digilent Zed 210248BEB531" && level==0 && jtag_device_ctx=="jsn-Zed-210248BEB531-23727093-0"}' command is executed.
01:38:12 INFO  : Device configured successfully with "D:/workspace/fbga_project/projem/FMC_Pcam_Adapter_demo/_ide/bitstream/system_wrapper.bit"
01:38:12 INFO  : Context for 'APU' is selected.
01:38:15 INFO  : Hardware design and registers information is loaded from 'D:/workspace/fbga_project/projem/system_wrapper/export/system_wrapper/hw/system_wrapper.xsa'.
01:38:15 INFO  : 'configparams force-mem-access 1' command is executed.
01:38:15 INFO  : Context for 'APU' is selected.
01:38:15 INFO  : Sourcing of 'D:/workspace/fbga_project/projem/FMC_Pcam_Adapter_demo/_ide/psinit/ps7_init.tcl' is done.
01:38:16 INFO  : 'ps7_init' command is executed.
01:38:16 INFO  : 'ps7_post_config' command is executed.
01:38:16 INFO  : Context for processor 'ps7_cortexa9_0' is selected.
01:38:18 INFO  : The application 'D:/workspace/fbga_project/projem/FMC_Pcam_Adapter_demo/Debug/FMC_Pcam_Adapter_demo.elf' is downloaded to processor 'ps7_cortexa9_0'.
01:38:18 INFO  : 'configparams force-mem-access 0' command is executed.
01:38:18 INFO  : ----------------XSDB Script----------------
connect -url tcp:127.0.0.1:3121
targets -set -nocase -filter {name =~"APU*"}
rst -system
after 3000
targets -set -filter {jtag_cable_name =~ "Digilent Zed 210248BEB531" && level==0 && jtag_device_ctx=="jsn-Zed-210248BEB531-23727093-0"}
fpga -file D:/workspace/fbga_project/projem/FMC_Pcam_Adapter_demo/_ide/bitstream/system_wrapper.bit
targets -set -nocase -filter {name =~"APU*"}
loadhw -hw D:/workspace/fbga_project/projem/system_wrapper/export/system_wrapper/hw/system_wrapper.xsa -mem-ranges [list {0x40000000 0xbfffffff}] -regs
configparams force-mem-access 1
targets -set -nocase -filter {name =~"APU*"}
source D:/workspace/fbga_project/projem/FMC_Pcam_Adapter_demo/_ide/psinit/ps7_init.tcl
ps7_init
ps7_post_config
targets -set -nocase -filter {name =~ "*A9*#0"}
dow D:/workspace/fbga_project/projem/FMC_Pcam_Adapter_demo/Debug/FMC_Pcam_Adapter_demo.elf
configparams force-mem-access 0
----------------End of Script----------------

01:39:19 INFO  : Disconnected from the channel tcfchan#8.
01:39:20 INFO  : Connected to target on host '127.0.0.1' and port '3121'.
01:39:20 INFO  : Jtag cable 'Digilent Zed 210248BEB531' is selected.
01:39:20 INFO  : 'jtag frequency' command is executed.
01:39:20 INFO  : Context for 'APU' is selected.
01:39:20 INFO  : System reset is completed.
01:39:23 INFO  : 'after 3000' command is executed.
01:39:24 INFO  : 'targets -set -filter {jtag_cable_name =~ "Digilent Zed 210248BEB531" && level==0 && jtag_device_ctx=="jsn-Zed-210248BEB531-23727093-0"}' command is executed.
01:39:26 INFO  : Device configured successfully with "D:/workspace/fbga_project/projem/FMC_Pcam_Adapter_demo/_ide/bitstream/system_wrapper.bit"
01:39:26 INFO  : Context for 'APU' is selected.
01:39:29 INFO  : Hardware design and registers information is loaded from 'D:/workspace/fbga_project/projem/system_wrapper/export/system_wrapper/hw/system_wrapper.xsa'.
01:39:29 INFO  : 'configparams force-mem-access 1' command is executed.
01:39:29 INFO  : Context for 'APU' is selected.
01:39:29 INFO  : Sourcing of 'D:/workspace/fbga_project/projem/FMC_Pcam_Adapter_demo/_ide/psinit/ps7_init.tcl' is done.
01:39:30 INFO  : 'ps7_init' command is executed.
01:39:30 INFO  : 'ps7_post_config' command is executed.
01:39:30 INFO  : Context for processor 'ps7_cortexa9_0' is selected.
01:39:32 INFO  : The application 'D:/workspace/fbga_project/projem/FMC_Pcam_Adapter_demo/Debug/FMC_Pcam_Adapter_demo.elf' is downloaded to processor 'ps7_cortexa9_0'.
01:39:32 INFO  : 'configparams force-mem-access 0' command is executed.
01:39:32 INFO  : ----------------XSDB Script----------------
connect -url tcp:127.0.0.1:3121
targets -set -nocase -filter {name =~"APU*"}
rst -system
after 3000
targets -set -filter {jtag_cable_name =~ "Digilent Zed 210248BEB531" && level==0 && jtag_device_ctx=="jsn-Zed-210248BEB531-23727093-0"}
fpga -file D:/workspace/fbga_project/projem/FMC_Pcam_Adapter_demo/_ide/bitstream/system_wrapper.bit
targets -set -nocase -filter {name =~"APU*"}
loadhw -hw D:/workspace/fbga_project/projem/system_wrapper/export/system_wrapper/hw/system_wrapper.xsa -mem-ranges [list {0x40000000 0xbfffffff}] -regs
configparams force-mem-access 1
targets -set -nocase -filter {name =~"APU*"}
source D:/workspace/fbga_project/projem/FMC_Pcam_Adapter_demo/_ide/psinit/ps7_init.tcl
ps7_init
ps7_post_config
targets -set -nocase -filter {name =~ "*A9*#0"}
dow D:/workspace/fbga_project/projem/FMC_Pcam_Adapter_demo/Debug/FMC_Pcam_Adapter_demo.elf
configparams force-mem-access 0
----------------End of Script----------------

01:39:32 INFO  : Context for processor 'ps7_cortexa9_0' is selected.
01:39:32 INFO  : 'con' command is executed.
01:39:32 INFO  : ----------------XSDB Script (After Launch)----------------
targets -set -nocase -filter {name =~ "*A9*#0"}
con
----------------End of Script----------------

01:39:32 INFO  : Disconnected from the channel tcfchan#9.
01:39:51 INFO  : Connected to target on host '127.0.0.1' and port '3121'.
01:39:51 INFO  : Jtag cable 'Digilent Zed 210248BEB531' is selected.
01:39:51 INFO  : 'jtag frequency' command is executed.
01:39:51 INFO  : Context for 'APU' is selected.
01:39:51 INFO  : System reset is completed.
01:39:54 INFO  : 'after 3000' command is executed.
01:39:54 INFO  : 'targets -set -filter {jtag_cable_name =~ "Digilent Zed 210248BEB531" && level==0 && jtag_device_ctx=="jsn-Zed-210248BEB531-23727093-0"}' command is executed.
01:39:56 INFO  : Device configured successfully with "D:/workspace/fbga_project/projem/FMC_Pcam_Adapter_demo/_ide/bitstream/system_wrapper.bit"
01:39:56 INFO  : Context for 'APU' is selected.
01:40:00 INFO  : Hardware design and registers information is loaded from 'D:/workspace/fbga_project/projem/system_wrapper/export/system_wrapper/hw/system_wrapper.xsa'.
01:40:00 INFO  : 'configparams force-mem-access 1' command is executed.
01:40:00 INFO  : Context for 'APU' is selected.
01:40:00 INFO  : Sourcing of 'D:/workspace/fbga_project/projem/FMC_Pcam_Adapter_demo/_ide/psinit/ps7_init.tcl' is done.
01:40:01 INFO  : 'ps7_init' command is executed.
01:40:01 INFO  : 'ps7_post_config' command is executed.
01:40:01 INFO  : Context for processor 'ps7_cortexa9_0' is selected.
01:40:03 INFO  : The application 'D:/workspace/fbga_project/projem/FMC_Pcam_Adapter_demo/Debug/FMC_Pcam_Adapter_demo.elf' is downloaded to processor 'ps7_cortexa9_0'.
01:40:03 INFO  : 'configparams force-mem-access 0' command is executed.
01:40:03 INFO  : ----------------XSDB Script----------------
connect -url tcp:127.0.0.1:3121
targets -set -nocase -filter {name =~"APU*"}
rst -system
after 3000
targets -set -filter {jtag_cable_name =~ "Digilent Zed 210248BEB531" && level==0 && jtag_device_ctx=="jsn-Zed-210248BEB531-23727093-0"}
fpga -file D:/workspace/fbga_project/projem/FMC_Pcam_Adapter_demo/_ide/bitstream/system_wrapper.bit
targets -set -nocase -filter {name =~"APU*"}
loadhw -hw D:/workspace/fbga_project/projem/system_wrapper/export/system_wrapper/hw/system_wrapper.xsa -mem-ranges [list {0x40000000 0xbfffffff}] -regs
configparams force-mem-access 1
targets -set -nocase -filter {name =~"APU*"}
source D:/workspace/fbga_project/projem/FMC_Pcam_Adapter_demo/_ide/psinit/ps7_init.tcl
ps7_init
ps7_post_config
targets -set -nocase -filter {name =~ "*A9*#0"}
dow D:/workspace/fbga_project/projem/FMC_Pcam_Adapter_demo/Debug/FMC_Pcam_Adapter_demo.elf
configparams force-mem-access 0
----------------End of Script----------------

01:40:03 INFO  : Context for processor 'ps7_cortexa9_0' is selected.
01:40:03 INFO  : 'con' command is executed.
01:40:03 INFO  : ----------------XSDB Script (After Launch)----------------
targets -set -nocase -filter {name =~ "*A9*#0"}
con
----------------End of Script----------------

01:40:03 INFO  : Disconnected from the channel tcfchan#10.
01:40:16 INFO  : Checking for BSP changes to sync application flags for project 'FMC_Pcam_Adapter_demo'...
01:40:30 WARN  : channel "tcfchan#1" closed
01:40:31 INFO  : Connected to target on host '127.0.0.1' and port '3121'.
01:40:31 INFO  : Jtag cable 'Digilent Zed 210248BEB531' is selected.
01:40:31 INFO  : 'jtag frequency' command is executed.
01:40:31 INFO  : Context for 'APU' is selected.
01:40:31 INFO  : System reset is completed.
01:40:34 INFO  : 'after 3000' command is executed.
01:40:34 INFO  : 'targets -set -filter {jtag_cable_name =~ "Digilent Zed 210248BEB531" && level==0 && jtag_device_ctx=="jsn-Zed-210248BEB531-23727093-0"}' command is executed.
01:40:36 INFO  : Device configured successfully with "D:/workspace/fbga_project/projem/FMC_Pcam_Adapter_demo/_ide/bitstream/system_wrapper.bit"
01:40:36 INFO  : Context for 'APU' is selected.
01:40:37 INFO  : Hardware design and registers information is loaded from 'D:/workspace/fbga_project/projem/system_wrapper/export/system_wrapper/hw/system_wrapper.xsa'.
01:40:37 INFO  : 'configparams force-mem-access 1' command is executed.
01:40:37 INFO  : Context for 'APU' is selected.
01:40:37 INFO  : Sourcing of 'D:/workspace/fbga_project/projem/FMC_Pcam_Adapter_demo/_ide/psinit/ps7_init.tcl' is done.
01:40:37 INFO  : 'ps7_init' command is executed.
01:40:37 INFO  : 'ps7_post_config' command is executed.
01:40:37 INFO  : Context for processor 'ps7_cortexa9_0' is selected.
01:40:39 INFO  : The application 'D:/workspace/fbga_project/projem/FMC_Pcam_Adapter_demo/Debug/FMC_Pcam_Adapter_demo.elf' is downloaded to processor 'ps7_cortexa9_0'.
01:40:39 INFO  : 'configparams force-mem-access 0' command is executed.
01:40:39 INFO  : ----------------XSDB Script----------------
connect -url tcp:127.0.0.1:3121
targets -set -nocase -filter {name =~"APU*"}
rst -system
after 3000
targets -set -filter {jtag_cable_name =~ "Digilent Zed 210248BEB531" && level==0 && jtag_device_ctx=="jsn-Zed-210248BEB531-23727093-0"}
fpga -file D:/workspace/fbga_project/projem/FMC_Pcam_Adapter_demo/_ide/bitstream/system_wrapper.bit
targets -set -nocase -filter {name =~"APU*"}
loadhw -hw D:/workspace/fbga_project/projem/system_wrapper/export/system_wrapper/hw/system_wrapper.xsa -mem-ranges [list {0x40000000 0xbfffffff}] -regs
configparams force-mem-access 1
targets -set -nocase -filter {name =~"APU*"}
source D:/workspace/fbga_project/projem/FMC_Pcam_Adapter_demo/_ide/psinit/ps7_init.tcl
ps7_init
ps7_post_config
targets -set -nocase -filter {name =~ "*A9*#0"}
dow D:/workspace/fbga_project/projem/FMC_Pcam_Adapter_demo/Debug/FMC_Pcam_Adapter_demo.elf
configparams force-mem-access 0
----------------End of Script----------------

01:40:40 INFO  : Context for processor 'ps7_cortexa9_0' is selected.
01:40:40 INFO  : 'con' command is executed.
01:40:40 INFO  : ----------------XSDB Script (After Launch)----------------
targets -set -nocase -filter {name =~ "*A9*#0"}
con
----------------End of Script----------------

01:40:40 INFO  : Launch script is exported to file 'D:\workspace\fbga_project\projem\FMC_Pcam_Adapter_demo_system\_ide\scripts\debugger_fmc_pcam_adapter_demo-default.tcl'
01:41:54 INFO  : Checking for BSP changes to sync application flags for project 'FMC_Pcam_Adapter_demo'...
01:41:59 INFO  : Connected to target on host '127.0.0.1' and port '3121'.
01:41:59 INFO  : Jtag cable 'Digilent Zed 210248BEB531' is selected.
01:41:59 INFO  : 'jtag frequency' command is executed.
01:41:59 INFO  : Context for 'APU' is selected.
01:41:59 INFO  : System reset is completed.
01:42:02 INFO  : 'after 3000' command is executed.
01:42:02 INFO  : 'targets -set -filter {jtag_cable_name =~ "Digilent Zed 210248BEB531" && level==0 && jtag_device_ctx=="jsn-Zed-210248BEB531-23727093-0"}' command is executed.
01:42:04 INFO  : Device configured successfully with "D:/workspace/fbga_project/projem/FMC_Pcam_Adapter_demo/_ide/bitstream/system_wrapper.bit"
01:42:04 INFO  : Context for 'APU' is selected.
01:42:04 INFO  : Hardware design and registers information is loaded from 'D:/workspace/fbga_project/projem/system_wrapper/export/system_wrapper/hw/system_wrapper.xsa'.
01:42:04 INFO  : 'configparams force-mem-access 1' command is executed.
01:42:04 INFO  : Context for 'APU' is selected.
01:42:04 INFO  : Sourcing of 'D:/workspace/fbga_project/projem/FMC_Pcam_Adapter_demo/_ide/psinit/ps7_init.tcl' is done.
01:42:05 INFO  : 'ps7_init' command is executed.
01:42:05 INFO  : 'ps7_post_config' command is executed.
01:42:05 INFO  : Context for processor 'ps7_cortexa9_0' is selected.
01:42:07 INFO  : The application 'D:/workspace/fbga_project/projem/FMC_Pcam_Adapter_demo/Debug/FMC_Pcam_Adapter_demo.elf' is downloaded to processor 'ps7_cortexa9_0'.
01:42:07 INFO  : 'configparams force-mem-access 0' command is executed.
01:42:07 INFO  : ----------------XSDB Script----------------
connect -url tcp:127.0.0.1:3121
targets -set -nocase -filter {name =~"APU*"}
rst -system
after 3000
targets -set -filter {jtag_cable_name =~ "Digilent Zed 210248BEB531" && level==0 && jtag_device_ctx=="jsn-Zed-210248BEB531-23727093-0"}
fpga -file D:/workspace/fbga_project/projem/FMC_Pcam_Adapter_demo/_ide/bitstream/system_wrapper.bit
targets -set -nocase -filter {name =~"APU*"}
loadhw -hw D:/workspace/fbga_project/projem/system_wrapper/export/system_wrapper/hw/system_wrapper.xsa -mem-ranges [list {0x40000000 0xbfffffff}] -regs
configparams force-mem-access 1
targets -set -nocase -filter {name =~"APU*"}
source D:/workspace/fbga_project/projem/FMC_Pcam_Adapter_demo/_ide/psinit/ps7_init.tcl
ps7_init
ps7_post_config
targets -set -nocase -filter {name =~ "*A9*#0"}
dow D:/workspace/fbga_project/projem/FMC_Pcam_Adapter_demo/Debug/FMC_Pcam_Adapter_demo.elf
configparams force-mem-access 0
----------------End of Script----------------

01:42:07 INFO  : Context for processor 'ps7_cortexa9_0' is selected.
01:42:07 INFO  : 'con' command is executed.
01:42:07 INFO  : ----------------XSDB Script (After Launch)----------------
targets -set -nocase -filter {name =~ "*A9*#0"}
con
----------------End of Script----------------

01:42:07 INFO  : Disconnected from the channel tcfchan#11.
01:42:46 INFO  : Connected to target on host '127.0.0.1' and port '3121'.
01:42:46 INFO  : Jtag cable 'Digilent Zed 210248BEB531' is selected.
01:42:46 INFO  : 'jtag frequency' command is executed.
01:42:46 INFO  : Context for 'APU' is selected.
01:42:46 INFO  : System reset is completed.
01:42:49 INFO  : 'after 3000' command is executed.
01:42:49 INFO  : 'targets -set -filter {jtag_cable_name =~ "Digilent Zed 210248BEB531" && level==0 && jtag_device_ctx=="jsn-Zed-210248BEB531-23727093-0"}' command is executed.
01:42:52 INFO  : Device configured successfully with "D:/workspace/fbga_project/projem/FMC_Pcam_Adapter_demo/_ide/bitstream/system_wrapper.bit"
01:42:52 INFO  : Context for 'APU' is selected.
01:42:55 INFO  : Hardware design and registers information is loaded from 'D:/workspace/fbga_project/projem/system_wrapper/export/system_wrapper/hw/system_wrapper.xsa'.
01:42:55 INFO  : 'configparams force-mem-access 1' command is executed.
01:42:55 INFO  : Context for 'APU' is selected.
01:42:55 INFO  : Sourcing of 'D:/workspace/fbga_project/projem/FMC_Pcam_Adapter_demo/_ide/psinit/ps7_init.tcl' is done.
01:42:56 INFO  : 'ps7_init' command is executed.
01:42:56 INFO  : 'ps7_post_config' command is executed.
01:42:56 INFO  : Context for processor 'ps7_cortexa9_0' is selected.
01:42:58 INFO  : The application 'D:/workspace/fbga_project/projem/FMC_Pcam_Adapter_demo/Debug/FMC_Pcam_Adapter_demo.elf' is downloaded to processor 'ps7_cortexa9_0'.
01:42:58 INFO  : 'configparams force-mem-access 0' command is executed.
01:42:58 INFO  : ----------------XSDB Script----------------
connect -url tcp:127.0.0.1:3121
targets -set -nocase -filter {name =~"APU*"}
rst -system
after 3000
targets -set -filter {jtag_cable_name =~ "Digilent Zed 210248BEB531" && level==0 && jtag_device_ctx=="jsn-Zed-210248BEB531-23727093-0"}
fpga -file D:/workspace/fbga_project/projem/FMC_Pcam_Adapter_demo/_ide/bitstream/system_wrapper.bit
targets -set -nocase -filter {name =~"APU*"}
loadhw -hw D:/workspace/fbga_project/projem/system_wrapper/export/system_wrapper/hw/system_wrapper.xsa -mem-ranges [list {0x40000000 0xbfffffff}] -regs
configparams force-mem-access 1
targets -set -nocase -filter {name =~"APU*"}
source D:/workspace/fbga_project/projem/FMC_Pcam_Adapter_demo/_ide/psinit/ps7_init.tcl
ps7_init
ps7_post_config
targets -set -nocase -filter {name =~ "*A9*#0"}
dow D:/workspace/fbga_project/projem/FMC_Pcam_Adapter_demo/Debug/FMC_Pcam_Adapter_demo.elf
configparams force-mem-access 0
----------------End of Script----------------

01:42:58 INFO  : Context for processor 'ps7_cortexa9_0' is selected.
01:42:58 INFO  : 'con' command is executed.
01:42:58 INFO  : ----------------XSDB Script (After Launch)----------------
targets -set -nocase -filter {name =~ "*A9*#0"}
con
----------------End of Script----------------

01:42:58 INFO  : Disconnected from the channel tcfchan#12.
01:45:40 WARN  : channel "tcfchan#11" closed
01:48:27 DEBUG : Logs will be stored at 'D:/workspace/fbga_project/projem/IDE.log'.
01:48:28 INFO  : Launching XSCT server: xsct.bat -n  -interactive D:\workspace\fbga_project\projem\temp_xsdb_launch_script.tcl
01:48:30 INFO  : XSCT server has started successfully.
01:48:30 INFO  : plnx-install-location is set to ''
01:48:30 INFO  : Successfully done setting XSCT server connection channel  
01:48:30 INFO  : Successfully done setting workspace for the tool. 
01:48:35 INFO  : Successfully done query RDI_DATADIR 
01:48:36 INFO  : Registering command handlers for Vitis TCF services
01:48:36 INFO  : Platform repository initialization has completed.
01:49:32 INFO  : Checking for BSP changes to sync application flags for project 'FMC_Pcam_Adapter_demo'...
01:49:43 INFO  : Connected to target on host '127.0.0.1' and port '3121'.
01:49:44 INFO  : Jtag cable 'Digilent Zed 210248BEB531' is selected.
01:49:44 INFO  : 'jtag frequency' command is executed.
01:49:44 INFO  : Context for 'APU' is selected.
01:49:44 INFO  : System reset is completed.
01:49:47 INFO  : 'after 3000' command is executed.
01:49:47 INFO  : 'targets -set -filter {jtag_cable_name =~ "Digilent Zed 210248BEB531" && level==0 && jtag_device_ctx=="jsn-Zed-210248BEB531-23727093-0"}' command is executed.
01:49:49 INFO  : Device configured successfully with "D:/workspace/fbga_project/projem/FMC_Pcam_Adapter_demo/_ide/bitstream/system_wrapper.bit"
01:49:49 INFO  : Context for 'APU' is selected.
01:49:50 INFO  : Hardware design and registers information is loaded from 'D:/workspace/fbga_project/projem/system_wrapper/export/system_wrapper/hw/system_wrapper.xsa'.
01:49:50 INFO  : 'configparams force-mem-access 1' command is executed.
01:49:50 INFO  : Context for 'APU' is selected.
01:49:50 INFO  : Sourcing of 'D:/workspace/fbga_project/projem/FMC_Pcam_Adapter_demo/_ide/psinit/ps7_init.tcl' is done.
01:49:50 INFO  : 'ps7_init' command is executed.
01:49:50 INFO  : 'ps7_post_config' command is executed.
01:49:50 INFO  : Context for processor 'ps7_cortexa9_0' is selected.
01:49:52 INFO  : The application 'D:/workspace/fbga_project/projem/FMC_Pcam_Adapter_demo/Debug/FMC_Pcam_Adapter_demo.elf' is downloaded to processor 'ps7_cortexa9_0'.
01:49:52 INFO  : 'configparams force-mem-access 0' command is executed.
01:49:52 INFO  : ----------------XSDB Script----------------
connect -url tcp:127.0.0.1:3121
targets -set -nocase -filter {name =~"APU*"}
rst -system
after 3000
targets -set -filter {jtag_cable_name =~ "Digilent Zed 210248BEB531" && level==0 && jtag_device_ctx=="jsn-Zed-210248BEB531-23727093-0"}
fpga -file D:/workspace/fbga_project/projem/FMC_Pcam_Adapter_demo/_ide/bitstream/system_wrapper.bit
targets -set -nocase -filter {name =~"APU*"}
loadhw -hw D:/workspace/fbga_project/projem/system_wrapper/export/system_wrapper/hw/system_wrapper.xsa -mem-ranges [list {0x40000000 0xbfffffff}] -regs
configparams force-mem-access 1
targets -set -nocase -filter {name =~"APU*"}
source D:/workspace/fbga_project/projem/FMC_Pcam_Adapter_demo/_ide/psinit/ps7_init.tcl
ps7_init
ps7_post_config
targets -set -nocase -filter {name =~ "*A9*#0"}
dow D:/workspace/fbga_project/projem/FMC_Pcam_Adapter_demo/Debug/FMC_Pcam_Adapter_demo.elf
configparams force-mem-access 0
----------------End of Script----------------

01:49:52 INFO  : Context for processor 'ps7_cortexa9_0' is selected.
01:49:53 INFO  : 'con' command is executed.
01:49:53 INFO  : ----------------XSDB Script (After Launch)----------------
targets -set -nocase -filter {name =~ "*A9*#0"}
con
----------------End of Script----------------

01:49:53 INFO  : Disconnected from the channel tcfchan#1.
01:50:41 INFO  : Connected to target on host '127.0.0.1' and port '3121'.
01:50:41 INFO  : Jtag cable 'Digilent Zed 210248BEB531' is selected.
01:50:41 INFO  : 'jtag frequency' command is executed.
01:50:41 INFO  : Context for 'APU' is selected.
01:50:41 INFO  : System reset is completed.
01:50:44 INFO  : 'after 3000' command is executed.
01:50:45 INFO  : 'targets -set -filter {jtag_cable_name =~ "Digilent Zed 210248BEB531" && level==0 && jtag_device_ctx=="jsn-Zed-210248BEB531-23727093-0"}' command is executed.
01:50:47 INFO  : Device configured successfully with "D:/workspace/fbga_project/projem/FMC_Pcam_Adapter_demo/_ide/bitstream/system_wrapper.bit"
01:50:47 INFO  : Context for 'APU' is selected.
01:50:51 INFO  : Hardware design and registers information is loaded from 'D:/workspace/fbga_project/projem/system_wrapper/export/system_wrapper/hw/system_wrapper.xsa'.
01:50:51 INFO  : 'configparams force-mem-access 1' command is executed.
01:50:51 INFO  : Context for 'APU' is selected.
01:50:51 INFO  : Sourcing of 'D:/workspace/fbga_project/projem/FMC_Pcam_Adapter_demo/_ide/psinit/ps7_init.tcl' is done.
01:50:51 INFO  : 'ps7_init' command is executed.
01:50:51 INFO  : 'ps7_post_config' command is executed.
01:50:51 INFO  : Context for processor 'ps7_cortexa9_0' is selected.
01:50:54 INFO  : The application 'D:/workspace/fbga_project/projem/FMC_Pcam_Adapter_demo/Debug/FMC_Pcam_Adapter_demo.elf' is downloaded to processor 'ps7_cortexa9_0'.
01:50:54 INFO  : 'configparams force-mem-access 0' command is executed.
01:50:54 INFO  : ----------------XSDB Script----------------
connect -url tcp:127.0.0.1:3121
targets -set -nocase -filter {name =~"APU*"}
rst -system
after 3000
targets -set -filter {jtag_cable_name =~ "Digilent Zed 210248BEB531" && level==0 && jtag_device_ctx=="jsn-Zed-210248BEB531-23727093-0"}
fpga -file D:/workspace/fbga_project/projem/FMC_Pcam_Adapter_demo/_ide/bitstream/system_wrapper.bit
targets -set -nocase -filter {name =~"APU*"}
loadhw -hw D:/workspace/fbga_project/projem/system_wrapper/export/system_wrapper/hw/system_wrapper.xsa -mem-ranges [list {0x40000000 0xbfffffff}] -regs
configparams force-mem-access 1
targets -set -nocase -filter {name =~"APU*"}
source D:/workspace/fbga_project/projem/FMC_Pcam_Adapter_demo/_ide/psinit/ps7_init.tcl
ps7_init
ps7_post_config
targets -set -nocase -filter {name =~ "*A9*#0"}
dow D:/workspace/fbga_project/projem/FMC_Pcam_Adapter_demo/Debug/FMC_Pcam_Adapter_demo.elf
configparams force-mem-access 0
----------------End of Script----------------

01:50:54 INFO  : Context for processor 'ps7_cortexa9_0' is selected.
01:50:54 INFO  : 'con' command is executed.
01:50:54 INFO  : ----------------XSDB Script (After Launch)----------------
targets -set -nocase -filter {name =~ "*A9*#0"}
con
----------------End of Script----------------

01:50:54 INFO  : Launch script is exported to file 'D:\workspace\fbga_project\projem\FMC_Pcam_Adapter_demo_system\_ide\scripts\debugger_fmc_pcam_adapter_demo-default.tcl'
01:57:29 INFO  : Checking for BSP changes to sync application flags for project 'FMC_Pcam_Adapter_demo'...
01:57:44 INFO  : Disconnected from the channel tcfchan#2.
01:57:45 INFO  : Connected to target on host '127.0.0.1' and port '3121'.
01:57:54 INFO  : ----------------XSDB Script----------------
connect -url tcp:127.0.0.1:3121
----------------End of Script----------------

01:57:54 ERROR : Could not find Jtag device on the board for connection 'Local'.


Troubleshooting hints:
1. Check whether board is connected to system properly.
2. In case of zynq board, check whether Digilent/Xilinx cable switch settings are correct.
3. If you are using Xilinx Platform Cable USB, ensure that status LED is green.
01:58:19 INFO  : Connected to target on host '127.0.0.1' and port '3121'.
01:58:19 INFO  : Jtag cable 'Digilent Zed 210248BEB531' is selected.
01:58:19 INFO  : 'jtag frequency' command is executed.
01:58:19 INFO  : Context for 'APU' is selected.
01:58:19 INFO  : System reset is completed.
01:58:22 INFO  : 'after 3000' command is executed.
01:58:22 INFO  : 'targets -set -filter {jtag_cable_name =~ "Digilent Zed 210248BEB531" && level==0 && jtag_device_ctx=="jsn-Zed-210248BEB531-23727093-0"}' command is executed.
01:58:25 INFO  : Device configured successfully with "D:/workspace/fbga_project/projem/FMC_Pcam_Adapter_demo/_ide/bitstream/system_wrapper.bit"
01:58:25 INFO  : Context for 'APU' is selected.
01:58:28 INFO  : Hardware design and registers information is loaded from 'D:/workspace/fbga_project/projem/system_wrapper/export/system_wrapper/hw/system_wrapper.xsa'.
01:58:28 INFO  : 'configparams force-mem-access 1' command is executed.
01:58:28 INFO  : Context for 'APU' is selected.
01:58:28 INFO  : Sourcing of 'D:/workspace/fbga_project/projem/FMC_Pcam_Adapter_demo/_ide/psinit/ps7_init.tcl' is done.
01:58:29 INFO  : 'ps7_init' command is executed.
01:58:29 INFO  : 'ps7_post_config' command is executed.
01:58:29 INFO  : Context for processor 'ps7_cortexa9_0' is selected.
01:58:31 INFO  : The application 'D:/workspace/fbga_project/projem/FMC_Pcam_Adapter_demo/Debug/FMC_Pcam_Adapter_demo.elf' is downloaded to processor 'ps7_cortexa9_0'.
01:58:31 INFO  : 'configparams force-mem-access 0' command is executed.
01:58:31 INFO  : ----------------XSDB Script----------------
connect -url tcp:127.0.0.1:3121
targets -set -nocase -filter {name =~"APU*"}
rst -system
after 3000
targets -set -filter {jtag_cable_name =~ "Digilent Zed 210248BEB531" && level==0 && jtag_device_ctx=="jsn-Zed-210248BEB531-23727093-0"}
fpga -file D:/workspace/fbga_project/projem/FMC_Pcam_Adapter_demo/_ide/bitstream/system_wrapper.bit
targets -set -nocase -filter {name =~"APU*"}
loadhw -hw D:/workspace/fbga_project/projem/system_wrapper/export/system_wrapper/hw/system_wrapper.xsa -mem-ranges [list {0x40000000 0xbfffffff}] -regs
configparams force-mem-access 1
targets -set -nocase -filter {name =~"APU*"}
source D:/workspace/fbga_project/projem/FMC_Pcam_Adapter_demo/_ide/psinit/ps7_init.tcl
ps7_init
ps7_post_config
targets -set -nocase -filter {name =~ "*A9*#0"}
dow D:/workspace/fbga_project/projem/FMC_Pcam_Adapter_demo/Debug/FMC_Pcam_Adapter_demo.elf
configparams force-mem-access 0
----------------End of Script----------------

01:58:31 INFO  : Context for processor 'ps7_cortexa9_0' is selected.
01:58:31 INFO  : 'con' command is executed.
01:58:31 INFO  : ----------------XSDB Script (After Launch)----------------
targets -set -nocase -filter {name =~ "*A9*#0"}
con
----------------End of Script----------------

01:58:31 INFO  : Launch script is exported to file 'D:\workspace\fbga_project\projem\FMC_Pcam_Adapter_demo_system\_ide\scripts\debugger_fmc_pcam_adapter_demo-default.tcl'
02:02:45 INFO  : Checking for BSP changes to sync application flags for project 'FMC_Pcam_Adapter_demo'...
02:02:58 INFO  : Connected to target on host '127.0.0.1' and port '3121'.
02:02:58 INFO  : Jtag cable 'Digilent Zed 210248BEB531' is selected.
02:02:58 INFO  : 'jtag frequency' command is executed.
02:02:58 INFO  : Context for 'APU' is selected.
02:02:58 INFO  : System reset is completed.
02:03:01 INFO  : 'after 3000' command is executed.
02:03:01 INFO  : 'targets -set -filter {jtag_cable_name =~ "Digilent Zed 210248BEB531" && level==0 && jtag_device_ctx=="jsn-Zed-210248BEB531-23727093-0"}' command is executed.
02:03:03 INFO  : Device configured successfully with "D:/workspace/fbga_project/projem/FMC_Pcam_Adapter_demo/_ide/bitstream/system_wrapper.bit"
02:03:04 INFO  : Context for 'APU' is selected.
02:03:04 INFO  : Hardware design and registers information is loaded from 'D:/workspace/fbga_project/projem/system_wrapper/export/system_wrapper/hw/system_wrapper.xsa'.
02:03:04 INFO  : 'configparams force-mem-access 1' command is executed.
02:03:04 INFO  : Context for 'APU' is selected.
02:03:04 INFO  : Sourcing of 'D:/workspace/fbga_project/projem/FMC_Pcam_Adapter_demo/_ide/psinit/ps7_init.tcl' is done.
02:03:04 INFO  : 'ps7_init' command is executed.
02:03:04 INFO  : 'ps7_post_config' command is executed.
02:03:04 INFO  : Context for processor 'ps7_cortexa9_0' is selected.
02:03:06 INFO  : The application 'D:/workspace/fbga_project/projem/FMC_Pcam_Adapter_demo/Debug/FMC_Pcam_Adapter_demo.elf' is downloaded to processor 'ps7_cortexa9_0'.
02:03:06 INFO  : 'configparams force-mem-access 0' command is executed.
02:03:06 INFO  : ----------------XSDB Script----------------
connect -url tcp:127.0.0.1:3121
targets -set -nocase -filter {name =~"APU*"}
rst -system
after 3000
targets -set -filter {jtag_cable_name =~ "Digilent Zed 210248BEB531" && level==0 && jtag_device_ctx=="jsn-Zed-210248BEB531-23727093-0"}
fpga -file D:/workspace/fbga_project/projem/FMC_Pcam_Adapter_demo/_ide/bitstream/system_wrapper.bit
targets -set -nocase -filter {name =~"APU*"}
loadhw -hw D:/workspace/fbga_project/projem/system_wrapper/export/system_wrapper/hw/system_wrapper.xsa -mem-ranges [list {0x40000000 0xbfffffff}] -regs
configparams force-mem-access 1
targets -set -nocase -filter {name =~"APU*"}
source D:/workspace/fbga_project/projem/FMC_Pcam_Adapter_demo/_ide/psinit/ps7_init.tcl
ps7_init
ps7_post_config
targets -set -nocase -filter {name =~ "*A9*#0"}
dow D:/workspace/fbga_project/projem/FMC_Pcam_Adapter_demo/Debug/FMC_Pcam_Adapter_demo.elf
configparams force-mem-access 0
----------------End of Script----------------

02:03:06 INFO  : Context for processor 'ps7_cortexa9_0' is selected.
02:03:06 INFO  : 'con' command is executed.
02:03:06 INFO  : ----------------XSDB Script (After Launch)----------------
targets -set -nocase -filter {name =~ "*A9*#0"}
con
----------------End of Script----------------

02:03:06 INFO  : Disconnected from the channel tcfchan#3.
02:03:56 WARN  : channel "tcfchan#3" closed
02:03:57 INFO  : Connected to target on host '127.0.0.1' and port '3121'.
02:03:58 INFO  : Jtag cable 'Digilent Zed 210248BEB531' is selected.
02:03:58 INFO  : 'jtag frequency' command is executed.
02:03:58 INFO  : Context for 'APU' is selected.
02:03:58 INFO  : System reset is completed.
02:04:01 INFO  : 'after 3000' command is executed.
02:04:01 INFO  : 'targets -set -filter {jtag_cable_name =~ "Digilent Zed 210248BEB531" && level==0 && jtag_device_ctx=="jsn-Zed-210248BEB531-23727093-0"}' command is executed.
02:04:04 INFO  : Device configured successfully with "D:/workspace/fbga_project/projem/FMC_Pcam_Adapter_demo/_ide/bitstream/system_wrapper.bit"
02:04:04 INFO  : Context for 'APU' is selected.
02:04:08 INFO  : Hardware design and registers information is loaded from 'D:/workspace/fbga_project/projem/system_wrapper/export/system_wrapper/hw/system_wrapper.xsa'.
02:04:08 INFO  : 'configparams force-mem-access 1' command is executed.
02:04:08 INFO  : Context for 'APU' is selected.
02:04:08 INFO  : Sourcing of 'D:/workspace/fbga_project/projem/FMC_Pcam_Adapter_demo/_ide/psinit/ps7_init.tcl' is done.
02:04:08 INFO  : 'ps7_init' command is executed.
02:04:08 INFO  : 'ps7_post_config' command is executed.
02:04:08 INFO  : Context for processor 'ps7_cortexa9_0' is selected.
02:04:11 INFO  : The application 'D:/workspace/fbga_project/projem/FMC_Pcam_Adapter_demo/Debug/FMC_Pcam_Adapter_demo.elf' is downloaded to processor 'ps7_cortexa9_0'.
02:04:11 INFO  : 'configparams force-mem-access 0' command is executed.
02:04:11 INFO  : ----------------XSDB Script----------------
connect -url tcp:127.0.0.1:3121
targets -set -nocase -filter {name =~"APU*"}
rst -system
after 3000
targets -set -filter {jtag_cable_name =~ "Digilent Zed 210248BEB531" && level==0 && jtag_device_ctx=="jsn-Zed-210248BEB531-23727093-0"}
fpga -file D:/workspace/fbga_project/projem/FMC_Pcam_Adapter_demo/_ide/bitstream/system_wrapper.bit
targets -set -nocase -filter {name =~"APU*"}
loadhw -hw D:/workspace/fbga_project/projem/system_wrapper/export/system_wrapper/hw/system_wrapper.xsa -mem-ranges [list {0x40000000 0xbfffffff}] -regs
configparams force-mem-access 1
targets -set -nocase -filter {name =~"APU*"}
source D:/workspace/fbga_project/projem/FMC_Pcam_Adapter_demo/_ide/psinit/ps7_init.tcl
ps7_init
ps7_post_config
targets -set -nocase -filter {name =~ "*A9*#0"}
dow D:/workspace/fbga_project/projem/FMC_Pcam_Adapter_demo/Debug/FMC_Pcam_Adapter_demo.elf
configparams force-mem-access 0
----------------End of Script----------------

02:04:11 INFO  : Context for processor 'ps7_cortexa9_0' is selected.
02:04:11 INFO  : 'con' command is executed.
02:04:11 INFO  : ----------------XSDB Script (After Launch)----------------
targets -set -nocase -filter {name =~ "*A9*#0"}
con
----------------End of Script----------------

02:04:11 INFO  : Launch script is exported to file 'D:\workspace\fbga_project\projem\FMC_Pcam_Adapter_demo_system\_ide\scripts\debugger_fmc_pcam_adapter_demo-default.tcl'
02:04:56 INFO  : Disconnected from the channel tcfchan#4.
02:04:57 INFO  : Connected to target on host '127.0.0.1' and port '3121'.
02:04:57 INFO  : Jtag cable 'Digilent Zed 210248BEB531' is selected.
02:04:57 INFO  : 'jtag frequency' command is executed.
02:04:57 INFO  : Context for 'APU' is selected.
02:04:57 INFO  : System reset is completed.
02:05:00 INFO  : 'after 3000' command is executed.
02:05:00 INFO  : 'targets -set -filter {jtag_cable_name =~ "Digilent Zed 210248BEB531" && level==0 && jtag_device_ctx=="jsn-Zed-210248BEB531-23727093-0"}' command is executed.
02:05:02 INFO  : Device configured successfully with "D:/workspace/fbga_project/projem/FMC_Pcam_Adapter_demo/_ide/bitstream/system_wrapper.bit"
02:05:03 INFO  : Context for 'APU' is selected.
02:05:07 INFO  : Hardware design and registers information is loaded from 'D:/workspace/fbga_project/projem/system_wrapper/export/system_wrapper/hw/system_wrapper.xsa'.
02:05:07 INFO  : 'configparams force-mem-access 1' command is executed.
02:05:07 INFO  : Context for 'APU' is selected.
02:05:07 INFO  : Sourcing of 'D:/workspace/fbga_project/projem/FMC_Pcam_Adapter_demo/_ide/psinit/ps7_init.tcl' is done.
02:05:07 INFO  : 'ps7_init' command is executed.
02:05:07 INFO  : 'ps7_post_config' command is executed.
02:05:07 INFO  : Context for processor 'ps7_cortexa9_0' is selected.
02:05:09 INFO  : The application 'D:/workspace/fbga_project/projem/FMC_Pcam_Adapter_demo/Debug/FMC_Pcam_Adapter_demo.elf' is downloaded to processor 'ps7_cortexa9_0'.
02:05:09 INFO  : 'configparams force-mem-access 0' command is executed.
02:05:09 INFO  : ----------------XSDB Script----------------
connect -url tcp:127.0.0.1:3121
targets -set -nocase -filter {name =~"APU*"}
rst -system
after 3000
targets -set -filter {jtag_cable_name =~ "Digilent Zed 210248BEB531" && level==0 && jtag_device_ctx=="jsn-Zed-210248BEB531-23727093-0"}
fpga -file D:/workspace/fbga_project/projem/FMC_Pcam_Adapter_demo/_ide/bitstream/system_wrapper.bit
targets -set -nocase -filter {name =~"APU*"}
loadhw -hw D:/workspace/fbga_project/projem/system_wrapper/export/system_wrapper/hw/system_wrapper.xsa -mem-ranges [list {0x40000000 0xbfffffff}] -regs
configparams force-mem-access 1
targets -set -nocase -filter {name =~"APU*"}
source D:/workspace/fbga_project/projem/FMC_Pcam_Adapter_demo/_ide/psinit/ps7_init.tcl
ps7_init
ps7_post_config
targets -set -nocase -filter {name =~ "*A9*#0"}
dow D:/workspace/fbga_project/projem/FMC_Pcam_Adapter_demo/Debug/FMC_Pcam_Adapter_demo.elf
configparams force-mem-access 0
----------------End of Script----------------

02:05:09 INFO  : Context for processor 'ps7_cortexa9_0' is selected.
02:05:10 INFO  : 'con' command is executed.
02:05:10 INFO  : ----------------XSDB Script (After Launch)----------------
targets -set -nocase -filter {name =~ "*A9*#0"}
con
----------------End of Script----------------

02:05:10 INFO  : Launch script is exported to file 'D:\workspace\fbga_project\projem\FMC_Pcam_Adapter_demo_system\_ide\scripts\debugger_fmc_pcam_adapter_demo-default.tcl'
02:11:15 INFO  : Checking for BSP changes to sync application flags for project 'FMC_Pcam_Adapter_demo'...
02:11:28 INFO  : Disconnected from the channel tcfchan#5.
02:11:29 INFO  : Connected to target on host '127.0.0.1' and port '3121'.
02:11:30 INFO  : Jtag cable 'Digilent Zed 210248BEB531' is selected.
02:11:30 INFO  : 'jtag frequency' command is executed.
02:11:32 INFO  : Context for 'APU' is selected.
02:11:32 INFO  : System reset is completed.
02:11:35 INFO  : 'after 3000' command is executed.
02:11:35 INFO  : 'targets -set -filter {jtag_cable_name =~ "Digilent Zed 210248BEB531" && level==0 && jtag_device_ctx=="jsn-Zed-210248BEB531-23727093-0"}' command is executed.
02:11:37 INFO  : Device configured successfully with "D:/workspace/fbga_project/projem/FMC_Pcam_Adapter_demo/_ide/bitstream/system_wrapper.bit"
02:11:37 INFO  : Context for 'APU' is selected.
02:11:41 INFO  : Hardware design and registers information is loaded from 'D:/workspace/fbga_project/projem/system_wrapper/export/system_wrapper/hw/system_wrapper.xsa'.
02:11:41 INFO  : 'configparams force-mem-access 1' command is executed.
02:11:41 INFO  : Context for 'APU' is selected.
02:11:41 INFO  : Sourcing of 'D:/workspace/fbga_project/projem/FMC_Pcam_Adapter_demo/_ide/psinit/ps7_init.tcl' is done.
02:11:41 INFO  : 'ps7_init' command is executed.
02:11:41 INFO  : 'ps7_post_config' command is executed.
02:11:41 INFO  : Context for processor 'ps7_cortexa9_0' is selected.
02:11:43 INFO  : The application 'D:/workspace/fbga_project/projem/FMC_Pcam_Adapter_demo/Debug/FMC_Pcam_Adapter_demo.elf' is downloaded to processor 'ps7_cortexa9_0'.
02:11:43 INFO  : 'configparams force-mem-access 0' command is executed.
02:11:43 INFO  : ----------------XSDB Script----------------
connect -url tcp:127.0.0.1:3121
targets -set -nocase -filter {name =~"APU*"}
rst -system
after 3000
targets -set -filter {jtag_cable_name =~ "Digilent Zed 210248BEB531" && level==0 && jtag_device_ctx=="jsn-Zed-210248BEB531-23727093-0"}
fpga -file D:/workspace/fbga_project/projem/FMC_Pcam_Adapter_demo/_ide/bitstream/system_wrapper.bit
targets -set -nocase -filter {name =~"APU*"}
loadhw -hw D:/workspace/fbga_project/projem/system_wrapper/export/system_wrapper/hw/system_wrapper.xsa -mem-ranges [list {0x40000000 0xbfffffff}] -regs
configparams force-mem-access 1
targets -set -nocase -filter {name =~"APU*"}
source D:/workspace/fbga_project/projem/FMC_Pcam_Adapter_demo/_ide/psinit/ps7_init.tcl
ps7_init
ps7_post_config
targets -set -nocase -filter {name =~ "*A9*#0"}
dow D:/workspace/fbga_project/projem/FMC_Pcam_Adapter_demo/Debug/FMC_Pcam_Adapter_demo.elf
configparams force-mem-access 0
----------------End of Script----------------

02:11:43 INFO  : Context for processor 'ps7_cortexa9_0' is selected.
02:11:43 INFO  : 'con' command is executed.
02:11:43 INFO  : ----------------XSDB Script (After Launch)----------------
targets -set -nocase -filter {name =~ "*A9*#0"}
con
----------------End of Script----------------

02:11:43 INFO  : Launch script is exported to file 'D:\workspace\fbga_project\projem\FMC_Pcam_Adapter_demo_system\_ide\scripts\debugger_fmc_pcam_adapter_demo-default.tcl'
02:21:58 INFO  : Checking for BSP changes to sync application flags for project 'FMC_Pcam_Adapter_demo'...
02:22:09 INFO  : Connected to target on host '127.0.0.1' and port '3121'.
02:22:09 INFO  : Jtag cable 'Digilent Zed 210248BEB531' is selected.
02:22:09 INFO  : 'jtag frequency' command is executed.
02:22:09 INFO  : Context for 'APU' is selected.
02:22:09 INFO  : System reset is completed.
02:22:12 INFO  : 'after 3000' command is executed.
02:22:13 INFO  : 'targets -set -filter {jtag_cable_name =~ "Digilent Zed 210248BEB531" && level==0 && jtag_device_ctx=="jsn-Zed-210248BEB531-23727093-0"}' command is executed.
02:22:15 INFO  : Device configured successfully with "D:/workspace/fbga_project/projem/FMC_Pcam_Adapter_demo/_ide/bitstream/system_wrapper.bit"
02:22:15 INFO  : Context for 'APU' is selected.
02:22:15 INFO  : Hardware design and registers information is loaded from 'D:/workspace/fbga_project/projem/system_wrapper/export/system_wrapper/hw/system_wrapper.xsa'.
02:22:15 INFO  : 'configparams force-mem-access 1' command is executed.
02:22:15 INFO  : Context for 'APU' is selected.
02:22:15 INFO  : Sourcing of 'D:/workspace/fbga_project/projem/FMC_Pcam_Adapter_demo/_ide/psinit/ps7_init.tcl' is done.
02:22:16 INFO  : 'ps7_init' command is executed.
02:22:16 INFO  : 'ps7_post_config' command is executed.
02:22:16 INFO  : Context for processor 'ps7_cortexa9_0' is selected.
02:22:18 INFO  : The application 'D:/workspace/fbga_project/projem/FMC_Pcam_Adapter_demo/Debug/FMC_Pcam_Adapter_demo.elf' is downloaded to processor 'ps7_cortexa9_0'.
02:22:18 INFO  : 'configparams force-mem-access 0' command is executed.
02:22:18 INFO  : ----------------XSDB Script----------------
connect -url tcp:127.0.0.1:3121
targets -set -nocase -filter {name =~"APU*"}
rst -system
after 3000
targets -set -filter {jtag_cable_name =~ "Digilent Zed 210248BEB531" && level==0 && jtag_device_ctx=="jsn-Zed-210248BEB531-23727093-0"}
fpga -file D:/workspace/fbga_project/projem/FMC_Pcam_Adapter_demo/_ide/bitstream/system_wrapper.bit
targets -set -nocase -filter {name =~"APU*"}
loadhw -hw D:/workspace/fbga_project/projem/system_wrapper/export/system_wrapper/hw/system_wrapper.xsa -mem-ranges [list {0x40000000 0xbfffffff}] -regs
configparams force-mem-access 1
targets -set -nocase -filter {name =~"APU*"}
source D:/workspace/fbga_project/projem/FMC_Pcam_Adapter_demo/_ide/psinit/ps7_init.tcl
ps7_init
ps7_post_config
targets -set -nocase -filter {name =~ "*A9*#0"}
dow D:/workspace/fbga_project/projem/FMC_Pcam_Adapter_demo/Debug/FMC_Pcam_Adapter_demo.elf
configparams force-mem-access 0
----------------End of Script----------------

02:22:18 INFO  : Context for processor 'ps7_cortexa9_0' is selected.
02:22:18 INFO  : 'con' command is executed.
02:22:18 INFO  : ----------------XSDB Script (After Launch)----------------
targets -set -nocase -filter {name =~ "*A9*#0"}
con
----------------End of Script----------------

02:22:18 INFO  : Disconnected from the channel tcfchan#6.
02:23:29 WARN  : channel "tcfchan#6" closed
02:23:30 INFO  : Connected to target on host '127.0.0.1' and port '3121'.
02:23:39 INFO  : ----------------XSDB Script----------------
connect -url tcp:127.0.0.1:3121
----------------End of Script----------------

02:23:39 ERROR : Could not find ARM device on the board for connection 'Local'.
Check if the target is in:
1. Split JTAG - No operations are possible with ARM DAP.
2. Non JTAG bootmode - Bootrom may need time to enable DAP.
Please try again.


Troubleshooting hints:
1. Check whether board is connected to system properly.
2. In case of zynq board, check whether Digilent/Xilinx cable switch settings are correct.
3. If you are using Xilinx Platform Cable USB, ensure that status LED is green.
02:23:46 INFO  : Connected to target on host '127.0.0.1' and port '3121'.
02:23:46 INFO  : Jtag cable 'Digilent Zed 210248BEB531' is selected.
02:23:46 INFO  : 'jtag frequency' command is executed.
02:23:46 INFO  : Context for 'APU' is selected.
02:23:46 INFO  : System reset is completed.
02:23:49 INFO  : 'after 3000' command is executed.
02:23:49 INFO  : 'targets -set -filter {jtag_cable_name =~ "Digilent Zed 210248BEB531" && level==0 && jtag_device_ctx=="jsn-Zed-210248BEB531-23727093-0"}' command is executed.
02:23:51 INFO  : Device configured successfully with "D:/workspace/fbga_project/projem/FMC_Pcam_Adapter_demo/_ide/bitstream/system_wrapper.bit"
02:23:52 INFO  : Context for 'APU' is selected.
02:23:56 INFO  : Hardware design and registers information is loaded from 'D:/workspace/fbga_project/projem/system_wrapper/export/system_wrapper/hw/system_wrapper.xsa'.
02:23:56 INFO  : 'configparams force-mem-access 1' command is executed.
02:23:56 INFO  : Context for 'APU' is selected.
02:23:56 INFO  : Sourcing of 'D:/workspace/fbga_project/projem/FMC_Pcam_Adapter_demo/_ide/psinit/ps7_init.tcl' is done.
02:23:57 INFO  : 'ps7_init' command is executed.
02:23:57 INFO  : 'ps7_post_config' command is executed.
02:23:57 INFO  : Context for processor 'ps7_cortexa9_0' is selected.
02:23:59 INFO  : The application 'D:/workspace/fbga_project/projem/FMC_Pcam_Adapter_demo/Debug/FMC_Pcam_Adapter_demo.elf' is downloaded to processor 'ps7_cortexa9_0'.
02:23:59 INFO  : 'configparams force-mem-access 0' command is executed.
02:23:59 INFO  : ----------------XSDB Script----------------
connect -url tcp:127.0.0.1:3121
targets -set -nocase -filter {name =~"APU*"}
rst -system
after 3000
targets -set -filter {jtag_cable_name =~ "Digilent Zed 210248BEB531" && level==0 && jtag_device_ctx=="jsn-Zed-210248BEB531-23727093-0"}
fpga -file D:/workspace/fbga_project/projem/FMC_Pcam_Adapter_demo/_ide/bitstream/system_wrapper.bit
targets -set -nocase -filter {name =~"APU*"}
loadhw -hw D:/workspace/fbga_project/projem/system_wrapper/export/system_wrapper/hw/system_wrapper.xsa -mem-ranges [list {0x40000000 0xbfffffff}] -regs
configparams force-mem-access 1
targets -set -nocase -filter {name =~"APU*"}
source D:/workspace/fbga_project/projem/FMC_Pcam_Adapter_demo/_ide/psinit/ps7_init.tcl
ps7_init
ps7_post_config
targets -set -nocase -filter {name =~ "*A9*#0"}
dow D:/workspace/fbga_project/projem/FMC_Pcam_Adapter_demo/Debug/FMC_Pcam_Adapter_demo.elf
configparams force-mem-access 0
----------------End of Script----------------

02:24:00 INFO  : Context for processor 'ps7_cortexa9_0' is selected.
02:24:00 INFO  : 'con' command is executed.
02:24:00 INFO  : ----------------XSDB Script (After Launch)----------------
targets -set -nocase -filter {name =~ "*A9*#0"}
con
----------------End of Script----------------

02:24:00 INFO  : Launch script is exported to file 'D:\workspace\fbga_project\projem\FMC_Pcam_Adapter_demo_system\_ide\scripts\debugger_fmc_pcam_adapter_demo-default.tcl'
02:30:00 INFO  : Disconnected from the channel tcfchan#7.
13:05:48 DEBUG : Logs will be stored at 'D:/workspace/fbga_project/projem/IDE.log'.
13:05:49 INFO  : Launching XSCT server: xsct.bat -n  -interactive D:\workspace\fbga_project\projem\temp_xsdb_launch_script.tcl
13:05:55 INFO  : XSCT server has started successfully.
13:05:55 INFO  : plnx-install-location is set to ''
13:05:55 INFO  : Successfully done setting XSCT server connection channel  
13:05:55 INFO  : Successfully done setting workspace for the tool. 
13:05:58 INFO  : Registering command handlers for Vitis TCF services
13:05:58 INFO  : Platform repository initialization has completed.
13:06:00 INFO  : Checking for BSP changes to sync application flags for project 'FMC_Pcam_Adapter_demo'...
13:06:11 INFO  : Successfully done query RDI_DATADIR 
13:06:29 INFO  : Connected to target on host '127.0.0.1' and port '3121'.
13:06:29 INFO  : Jtag cable 'Digilent Zed 210248BEB531' is selected.
13:06:29 INFO  : 'jtag frequency' command is executed.
13:06:29 INFO  : Context for 'APU' is selected.
13:06:29 INFO  : System reset is completed.
13:06:32 INFO  : 'after 3000' command is executed.
13:06:32 INFO  : 'targets -set -filter {jtag_cable_name =~ "Digilent Zed 210248BEB531" && level==0 && jtag_device_ctx=="jsn-Zed-210248BEB531-23727093-0"}' command is executed.
13:06:35 INFO  : Device configured successfully with "D:/workspace/fbga_project/projem/FMC_Pcam_Adapter_demo/_ide/bitstream/system_wrapper.bit"
13:06:35 INFO  : Context for 'APU' is selected.
13:06:35 INFO  : Hardware design and registers information is loaded from 'D:/workspace/fbga_project/projem/system_wrapper/export/system_wrapper/hw/system_wrapper.xsa'.
13:06:35 INFO  : 'configparams force-mem-access 1' command is executed.
13:06:35 INFO  : Context for 'APU' is selected.
13:06:35 INFO  : Sourcing of 'D:/workspace/fbga_project/projem/FMC_Pcam_Adapter_demo/_ide/psinit/ps7_init.tcl' is done.
13:06:36 INFO  : 'ps7_init' command is executed.
13:06:36 INFO  : 'ps7_post_config' command is executed.
13:06:36 INFO  : Context for processor 'ps7_cortexa9_0' is selected.
13:06:38 INFO  : The application 'D:/workspace/fbga_project/projem/FMC_Pcam_Adapter_demo/Debug/FMC_Pcam_Adapter_demo.elf' is downloaded to processor 'ps7_cortexa9_0'.
13:06:38 INFO  : 'configparams force-mem-access 0' command is executed.
13:06:38 INFO  : ----------------XSDB Script----------------
connect -url tcp:127.0.0.1:3121
targets -set -nocase -filter {name =~"APU*"}
rst -system
after 3000
targets -set -filter {jtag_cable_name =~ "Digilent Zed 210248BEB531" && level==0 && jtag_device_ctx=="jsn-Zed-210248BEB531-23727093-0"}
fpga -file D:/workspace/fbga_project/projem/FMC_Pcam_Adapter_demo/_ide/bitstream/system_wrapper.bit
targets -set -nocase -filter {name =~"APU*"}
loadhw -hw D:/workspace/fbga_project/projem/system_wrapper/export/system_wrapper/hw/system_wrapper.xsa -mem-ranges [list {0x40000000 0xbfffffff}] -regs
configparams force-mem-access 1
targets -set -nocase -filter {name =~"APU*"}
source D:/workspace/fbga_project/projem/FMC_Pcam_Adapter_demo/_ide/psinit/ps7_init.tcl
ps7_init
ps7_post_config
targets -set -nocase -filter {name =~ "*A9*#0"}
dow D:/workspace/fbga_project/projem/FMC_Pcam_Adapter_demo/Debug/FMC_Pcam_Adapter_demo.elf
configparams force-mem-access 0
----------------End of Script----------------

13:06:38 INFO  : Context for processor 'ps7_cortexa9_0' is selected.
13:06:38 INFO  : 'con' command is executed.
13:06:38 INFO  : ----------------XSDB Script (After Launch)----------------
targets -set -nocase -filter {name =~ "*A9*#0"}
con
----------------End of Script----------------

13:06:38 INFO  : Launch script is exported to file 'D:\workspace\fbga_project\projem\FMC_Pcam_Adapter_demo_system\_ide\scripts\debugger_fmc_pcam_adapter_demo-default.tcl'
13:55:23 INFO  : Disconnected from the channel tcfchan#1.
13:56:53 DEBUG : Logs will be stored at 'D:/workspace/fbga_project/projem/IDE.log'.
13:56:55 INFO  : Launching XSCT server: xsct.bat -n  -interactive D:\workspace\fbga_project\projem\temp_xsdb_launch_script.tcl
13:57:02 INFO  : XSCT server has started successfully.
13:57:02 INFO  : plnx-install-location is set to ''
13:57:03 INFO  : Registering command handlers for Vitis TCF services
13:57:04 INFO  : Platform repository initialization has completed.
13:57:13 INFO  : Successfully done setting XSCT server connection channel  
13:57:13 INFO  : Successfully done query RDI_DATADIR 
13:57:13 INFO  : Successfully done setting workspace for the tool. 
