Copyright 1986-2022 Xilinx, Inc. All Rights Reserved.
------------------------------------------------------------------------------------------------------------------------------------------------------------------------------------------------------
| Tool Version : Vivado v.2022.1 (win64) Build 3526262 Mon Apr 18 15:48:16 MDT 2022
| Date         : Tue Apr 28 01:25:13 2026
| Host         : DESKTOP-TM7VUND running 64-bit major release  (build 9200)
| Command      : report_timing_summary -max_paths 10 -report_unconstrained -file top_timing_summary_routed.rpt -pb top_timing_summary_routed.pb -rpx top_timing_summary_routed.rpx -warn_on_violation
| Design       : top
| Device       : 7a35t-cpg236
| Speed File   : -1  PRODUCTION 1.23 2018-06-13
------------------------------------------------------------------------------------------------------------------------------------------------------------------------------------------------------

Timing Summary Report

------------------------------------------------------------------------------------------------
| Timer Settings
| --------------
------------------------------------------------------------------------------------------------

  Enable Multi Corner Analysis               :  Yes
  Enable Pessimism Removal                   :  Yes
  Pessimism Removal Resolution               :  Nearest Common Node
  Enable Input Delay Default Clock           :  No
  Enable Preset / Clear Arcs                 :  No
  Disable Flight Delays                      :  No
  Ignore I/O Paths                           :  No
  Timing Early Launch at Borrowing Latches   :  No
  Borrow Time for Max Delay Exceptions       :  Yes
  Merge Timing Exceptions                    :  Yes

  Corner  Analyze    Analyze    
  Name    Max Paths  Min Paths  
  ------  ---------  ---------  
  Slow    Yes        Yes        
  Fast    Yes        Yes        


------------------------------------------------------------------------------------------------
| Report Methodology
| ------------------
------------------------------------------------------------------------------------------------

Rule       Severity  Description                    Violations  
---------  --------  -----------------------------  ----------  
TIMING-18  Warning   Missing input or output delay  15          

Note: This report is based on the most recent report_methodology run and may not be up-to-date. Run report_methodology on the current design for the latest report.



check_timing report

Table of Contents
-----------------
1. checking no_clock (0)
2. checking constant_clock (0)
3. checking pulse_width_clock (0)
4. checking unconstrained_internal_endpoints (0)
5. checking no_input_delay (3)
6. checking no_output_delay (12)
7. checking multiple_clock (0)
8. checking generated_clocks (0)
9. checking loops (0)
10. checking partial_input_delay (0)
11. checking partial_output_delay (0)
12. checking latch_loops (0)

1. checking no_clock (0)
------------------------
 There are 0 register/latch pins with no clock.


2. checking constant_clock (0)
------------------------------
 There are 0 register/latch pins with constant_clock.


3. checking pulse_width_clock (0)
---------------------------------
 There are 0 register/latch pins which need pulse_width check


4. checking unconstrained_internal_endpoints (0)
------------------------------------------------
 There are 0 pins that are not constrained for maximum delay.

 There are 0 pins that are not constrained for maximum delay due to constant clock.


5. checking no_input_delay (3)
------------------------------
 There are 3 input ports with no input delay specified. (HIGH)

 There are 0 input ports with no input delay but user has a false path constraint.


6. checking no_output_delay (12)
--------------------------------
 There are 12 ports with no output delay specified. (HIGH)

 There are 0 ports with no output delay but user has a false path constraint

 There are 0 ports with no output delay but with a timing clock defined on it or propagating through it


7. checking multiple_clock (0)
------------------------------
 There are 0 register/latch pins with multiple clocks.


8. checking generated_clocks (0)
--------------------------------
 There are 0 generated clocks that are not connected to a clock source.


9. checking loops (0)
---------------------
 There are 0 combinational loops in the design.


10. checking partial_input_delay (0)
------------------------------------
 There are 0 input ports with partial input delay specified.


11. checking partial_output_delay (0)
-------------------------------------
 There are 0 ports with partial output delay specified.


12. checking latch_loops (0)
----------------------------
 There are 0 combinational latch loops in the design through latch input



------------------------------------------------------------------------------------------------
| Design Timing Summary
| ---------------------
------------------------------------------------------------------------------------------------

    WNS(ns)      TNS(ns)  TNS Failing Endpoints  TNS Total Endpoints      WHS(ns)      THS(ns)  THS Failing Endpoints  THS Total Endpoints     WPWS(ns)     TPWS(ns)  TPWS Failing Endpoints  TPWS Total Endpoints  
    -------      -------  ---------------------  -------------------      -------      -------  ---------------------  -------------------     --------     --------  ----------------------  --------------------  
      4.127        0.000                      0                  206        0.198        0.000                      0                  206        4.500        0.000                       0                   137  


All user specified timing constraints are met.


------------------------------------------------------------------------------------------------
| Clock Summary
| -------------
------------------------------------------------------------------------------------------------

Clock        Waveform(ns)       Period(ns)      Frequency(MHz)
-----        ------------       ----------      --------------
sys_clk_pin  {0.000 5.000}      10.000          100.000         


------------------------------------------------------------------------------------------------
| Intra Clock Table
| -----------------
------------------------------------------------------------------------------------------------

Clock             WNS(ns)      TNS(ns)  TNS Failing Endpoints  TNS Total Endpoints      WHS(ns)      THS(ns)  THS Failing Endpoints  THS Total Endpoints     WPWS(ns)     TPWS(ns)  TPWS Failing Endpoints  TPWS Total Endpoints  
-----             -------      -------  ---------------------  -------------------      -------      -------  ---------------------  -------------------     --------     --------  ----------------------  --------------------  
sys_clk_pin         4.127        0.000                      0                  206        0.198        0.000                      0                  206        4.500        0.000                       0                   137  


------------------------------------------------------------------------------------------------
| Inter Clock Table
| -----------------
------------------------------------------------------------------------------------------------

From Clock    To Clock          WNS(ns)      TNS(ns)  TNS Failing Endpoints  TNS Total Endpoints      WHS(ns)      THS(ns)  THS Failing Endpoints  THS Total Endpoints  
----------    --------          -------      -------  ---------------------  -------------------      -------      -------  ---------------------  -------------------  


------------------------------------------------------------------------------------------------
| Other Path Groups Table
| -----------------------
------------------------------------------------------------------------------------------------

Path Group    From Clock    To Clock          WNS(ns)      TNS(ns)  TNS Failing Endpoints  TNS Total Endpoints      WHS(ns)      THS(ns)  THS Failing Endpoints  THS Total Endpoints  
----------    ----------    --------          -------      -------  ---------------------  -------------------      -------      -------  ---------------------  -------------------  


------------------------------------------------------------------------------------------------
| User Ignored Path Table
| -----------------------
------------------------------------------------------------------------------------------------

Path Group    From Clock    To Clock    
----------    ----------    --------    


------------------------------------------------------------------------------------------------
| Unconstrained Path Table
| ------------------------
------------------------------------------------------------------------------------------------

Path Group    From Clock    To Clock    
----------    ----------    --------    
(none)        sys_clk_pin                 
(none)                      sys_clk_pin   


------------------------------------------------------------------------------------------------
| Timing Details
| --------------
------------------------------------------------------------------------------------------------


---------------------------------------------------------------------------------------------------
From Clock:  sys_clk_pin
  To Clock:  sys_clk_pin

Setup :            0  Failing Endpoints,  Worst Slack        4.127ns,  Total Violation        0.000ns
Hold  :            0  Failing Endpoints,  Worst Slack        0.198ns,  Total Violation        0.000ns
PW    :            0  Failing Endpoints,  Worst Slack        4.500ns,  Total Violation        0.000ns
---------------------------------------------------------------------------------------------------


Max Delay Paths
--------------------------------------------------------------------------------------
Slack (MET) :             4.127ns  (required time - arrival time)
  Source:                 rtm/random1/rnd_reg[4]/C
                            (rising edge-triggered cell FDCE clocked by sys_clk_pin  {rise@0.000ns fall@5.000ns period=10.000ns})
  Destination:            rtm/wait_target_reg[11]/D
                            (rising edge-triggered cell FDCE clocked by sys_clk_pin  {rise@0.000ns fall@5.000ns period=10.000ns})
  Path Group:             sys_clk_pin
  Path Type:              Setup (Max at Slow Process Corner)
  Requirement:            10.000ns  (sys_clk_pin rise@10.000ns - sys_clk_pin rise@0.000ns)
  Data Path Delay:        5.860ns  (logic 3.366ns (57.437%)  route 2.494ns (42.563%))
  Logic Levels:           9  (CARRY4=6 LUT1=2 LUT3=1)
  Clock Path Skew:        -0.039ns (DCD - SCD + CPR)
    Destination Clock Delay (DCD):    4.783ns = ( 14.783 - 10.000 ) 
    Source Clock Delay      (SCD):    5.082ns
    Clock Pessimism Removal (CPR):    0.260ns
  Clock Uncertainty:      0.035ns  ((TSJ^2 + TIJ^2)^1/2 + DJ) / 2 + PE
    Total System Jitter     (TSJ):    0.071ns
    Total Input Jitter      (TIJ):    0.000ns
    Discrete Jitter          (DJ):    0.000ns
    Phase Error              (PE):    0.000ns

    Location             Delay type                Incr(ns)  Path(ns)    Netlist Resource(s)
  -------------------------------------------------------------------    -------------------
                         (clock sys_clk_pin rise edge)
                                                      0.000     0.000 r  
    W5                                                0.000     0.000 r  clk (IN)
                         net (fo=0)                   0.000     0.000    clk
    W5                   IBUF (Prop_ibuf_I_O)         1.458     1.458 r  clk_IBUF_inst/O
                         net (fo=1, routed)           1.967     3.425    clk_IBUF
    BUFGCTRL_X0Y0        BUFG (Prop_bufg_I_O)         0.096     3.521 r  clk_IBUF_BUFG_inst/O
                         net (fo=136, routed)         1.561     5.082    rtm/random1/clk_IBUF_BUFG
    SLICE_X49Y32         FDCE                                         r  rtm/random1/rnd_reg[4]/C
  -------------------------------------------------------------------    -------------------
    SLICE_X49Y32         FDCE (Prop_fdce_C_Q)         0.456     5.538 f  rtm/random1/rnd_reg[4]/Q
                         net (fo=3, routed)           0.828     6.366    rtm/random1/Q[4]
    SLICE_X49Y32         LUT1 (Prop_lut1_I0_O)        0.124     6.490 r  rtm/random1/wait_target1_carry__0_i_4/O
                         net (fo=1, routed)           0.000     6.490    rtm/random1_n_21
    SLICE_X49Y32         CARRY4 (Prop_carry4_S[0]_CO[3])
                                                      0.532     7.022 r  rtm/wait_target1_carry__0/CO[3]
                         net (fo=1, routed)           0.000     7.022    rtm/wait_target1_carry__0_n_0
    SLICE_X49Y33         CARRY4 (Prop_carry4_CI_O[3])
                                                      0.313     7.335 f  rtm/wait_target1_carry__1/O[3]
                         net (fo=2, routed)           0.826     8.161    rtm/wait_target1_carry__1_n_4
    SLICE_X50Y31         LUT1 (Prop_lut1_I0_O)        0.306     8.467 r  rtm/wait_target1__27_carry__1_i_2/O
                         net (fo=1, routed)           0.000     8.467    rtm/wait_target1__27_carry__1_i_2_n_0
    SLICE_X50Y31         CARRY4 (Prop_carry4_S[0]_CO[3])
                                                      0.513     8.980 r  rtm/wait_target1__27_carry__1/CO[3]
                         net (fo=11, routed)          0.840     9.821    rtm/wait_target1__27_carry__1_n_0
    SLICE_X51Y29         LUT3 (Prop_lut3_I1_O)        0.124     9.945 r  rtm/wait_target0_carry_i_3/O
                         net (fo=1, routed)           0.000     9.945    rtm/wait_target0_carry_i_3_n_0
    SLICE_X51Y29         CARRY4 (Prop_carry4_S[1]_CO[3])
                                                      0.550    10.495 r  rtm/wait_target0_carry/CO[3]
                         net (fo=1, routed)           0.000    10.495    rtm/wait_target0_carry_n_0
    SLICE_X51Y30         CARRY4 (Prop_carry4_CI_CO[3])
                                                      0.114    10.609 r  rtm/wait_target0_carry__0/CO[3]
                         net (fo=1, routed)           0.000    10.609    rtm/wait_target0_carry__0_n_0
    SLICE_X51Y31         CARRY4 (Prop_carry4_CI_O[1])
                                                      0.334    10.943 r  rtm/wait_target0_carry__1/O[1]
                         net (fo=1, routed)           0.000    10.943    rtm/p_0_in__0[11]
    SLICE_X51Y31         FDCE                                         r  rtm/wait_target_reg[11]/D
  -------------------------------------------------------------------    -------------------

                         (clock sys_clk_pin rise edge)
                                                     10.000    10.000 r  
    W5                                                0.000    10.000 r  clk (IN)
                         net (fo=0)                   0.000    10.000    clk
    W5                   IBUF (Prop_ibuf_I_O)         1.388    11.388 r  clk_IBUF_inst/O
                         net (fo=1, routed)           1.862    13.250    clk_IBUF
    BUFGCTRL_X0Y0        BUFG (Prop_bufg_I_O)         0.091    13.341 r  clk_IBUF_BUFG_inst/O
                         net (fo=136, routed)         1.442    14.783    rtm/clk_IBUF_BUFG
    SLICE_X51Y31         FDCE                                         r  rtm/wait_target_reg[11]/C
                         clock pessimism              0.260    15.043    
                         clock uncertainty           -0.035    15.008    
    SLICE_X51Y31         FDCE (Setup_fdce_C_D)        0.062    15.070    rtm/wait_target_reg[11]
  -------------------------------------------------------------------
                         required time                         15.070    
                         arrival time                         -10.943    
  -------------------------------------------------------------------
                         slack                                  4.127    

Slack (MET) :             4.148ns  (required time - arrival time)
  Source:                 rtm/random1/rnd_reg[4]/C
                            (rising edge-triggered cell FDCE clocked by sys_clk_pin  {rise@0.000ns fall@5.000ns period=10.000ns})
  Destination:            rtm/wait_target_reg[13]/D
                            (rising edge-triggered cell FDCE clocked by sys_clk_pin  {rise@0.000ns fall@5.000ns period=10.000ns})
  Path Group:             sys_clk_pin
  Path Type:              Setup (Max at Slow Process Corner)
  Requirement:            10.000ns  (sys_clk_pin rise@10.000ns - sys_clk_pin rise@0.000ns)
  Data Path Delay:        5.839ns  (logic 3.345ns (57.284%)  route 2.494ns (42.716%))
  Logic Levels:           9  (CARRY4=6 LUT1=2 LUT3=1)
  Clock Path Skew:        -0.039ns (DCD - SCD + CPR)
    Destination Clock Delay (DCD):    4.783ns = ( 14.783 - 10.000 ) 
    Source Clock Delay      (SCD):    5.082ns
    Clock Pessimism Removal (CPR):    0.260ns
  Clock Uncertainty:      0.035ns  ((TSJ^2 + TIJ^2)^1/2 + DJ) / 2 + PE
    Total System Jitter     (TSJ):    0.071ns
    Total Input Jitter      (TIJ):    0.000ns
    Discrete Jitter          (DJ):    0.000ns
    Phase Error              (PE):    0.000ns

    Location             Delay type                Incr(ns)  Path(ns)    Netlist Resource(s)
  -------------------------------------------------------------------    -------------------
                         (clock sys_clk_pin rise edge)
                                                      0.000     0.000 r  
    W5                                                0.000     0.000 r  clk (IN)
                         net (fo=0)                   0.000     0.000    clk
    W5                   IBUF (Prop_ibuf_I_O)         1.458     1.458 r  clk_IBUF_inst/O
                         net (fo=1, routed)           1.967     3.425    clk_IBUF
    BUFGCTRL_X0Y0        BUFG (Prop_bufg_I_O)         0.096     3.521 r  clk_IBUF_BUFG_inst/O
                         net (fo=136, routed)         1.561     5.082    rtm/random1/clk_IBUF_BUFG
    SLICE_X49Y32         FDCE                                         r  rtm/random1/rnd_reg[4]/C
  -------------------------------------------------------------------    -------------------
    SLICE_X49Y32         FDCE (Prop_fdce_C_Q)         0.456     5.538 f  rtm/random1/rnd_reg[4]/Q
                         net (fo=3, routed)           0.828     6.366    rtm/random1/Q[4]
    SLICE_X49Y32         LUT1 (Prop_lut1_I0_O)        0.124     6.490 r  rtm/random1/wait_target1_carry__0_i_4/O
                         net (fo=1, routed)           0.000     6.490    rtm/random1_n_21
    SLICE_X49Y32         CARRY4 (Prop_carry4_S[0]_CO[3])
                                                      0.532     7.022 r  rtm/wait_target1_carry__0/CO[3]
                         net (fo=1, routed)           0.000     7.022    rtm/wait_target1_carry__0_n_0
    SLICE_X49Y33         CARRY4 (Prop_carry4_CI_O[3])
                                                      0.313     7.335 f  rtm/wait_target1_carry__1/O[3]
                         net (fo=2, routed)           0.826     8.161    rtm/wait_target1_carry__1_n_4
    SLICE_X50Y31         LUT1 (Prop_lut1_I0_O)        0.306     8.467 r  rtm/wait_target1__27_carry__1_i_2/O
                         net (fo=1, routed)           0.000     8.467    rtm/wait_target1__27_carry__1_i_2_n_0
    SLICE_X50Y31         CARRY4 (Prop_carry4_S[0]_CO[3])
                                                      0.513     8.980 r  rtm/wait_target1__27_carry__1/CO[3]
                         net (fo=11, routed)          0.840     9.821    rtm/wait_target1__27_carry__1_n_0
    SLICE_X51Y29         LUT3 (Prop_lut3_I1_O)        0.124     9.945 r  rtm/wait_target0_carry_i_3/O
                         net (fo=1, routed)           0.000     9.945    rtm/wait_target0_carry_i_3_n_0
    SLICE_X51Y29         CARRY4 (Prop_carry4_S[1]_CO[3])
                                                      0.550    10.495 r  rtm/wait_target0_carry/CO[3]
                         net (fo=1, routed)           0.000    10.495    rtm/wait_target0_carry_n_0
    SLICE_X51Y30         CARRY4 (Prop_carry4_CI_CO[3])
                                                      0.114    10.609 r  rtm/wait_target0_carry__0/CO[3]
                         net (fo=1, routed)           0.000    10.609    rtm/wait_target0_carry__0_n_0
    SLICE_X51Y31         CARRY4 (Prop_carry4_CI_O[3])
                                                      0.313    10.922 r  rtm/wait_target0_carry__1/O[3]
                         net (fo=1, routed)           0.000    10.922    rtm/p_0_in__0[13]
    SLICE_X51Y31         FDCE                                         r  rtm/wait_target_reg[13]/D
  -------------------------------------------------------------------    -------------------

                         (clock sys_clk_pin rise edge)
                                                     10.000    10.000 r  
    W5                                                0.000    10.000 r  clk (IN)
                         net (fo=0)                   0.000    10.000    clk
    W5                   IBUF (Prop_ibuf_I_O)         1.388    11.388 r  clk_IBUF_inst/O
                         net (fo=1, routed)           1.862    13.250    clk_IBUF
    BUFGCTRL_X0Y0        BUFG (Prop_bufg_I_O)         0.091    13.341 r  clk_IBUF_BUFG_inst/O
                         net (fo=136, routed)         1.442    14.783    rtm/clk_IBUF_BUFG
    SLICE_X51Y31         FDCE                                         r  rtm/wait_target_reg[13]/C
                         clock pessimism              0.260    15.043    
                         clock uncertainty           -0.035    15.008    
    SLICE_X51Y31         FDCE (Setup_fdce_C_D)        0.062    15.070    rtm/wait_target_reg[13]
  -------------------------------------------------------------------
                         required time                         15.070    
                         arrival time                         -10.922    
  -------------------------------------------------------------------
                         slack                                  4.148    

Slack (MET) :             4.222ns  (required time - arrival time)
  Source:                 rtm/random1/rnd_reg[4]/C
                            (rising edge-triggered cell FDCE clocked by sys_clk_pin  {rise@0.000ns fall@5.000ns period=10.000ns})
  Destination:            rtm/wait_target_reg[12]/D
                            (rising edge-triggered cell FDCE clocked by sys_clk_pin  {rise@0.000ns fall@5.000ns period=10.000ns})
  Path Group:             sys_clk_pin
  Path Type:              Setup (Max at Slow Process Corner)
  Requirement:            10.000ns  (sys_clk_pin rise@10.000ns - sys_clk_pin rise@0.000ns)
  Data Path Delay:        5.765ns  (logic 3.271ns (56.736%)  route 2.494ns (43.264%))
  Logic Levels:           9  (CARRY4=6 LUT1=2 LUT3=1)
  Clock Path Skew:        -0.039ns (DCD - SCD + CPR)
    Destination Clock Delay (DCD):    4.783ns = ( 14.783 - 10.000 ) 
    Source Clock Delay      (SCD):    5.082ns
    Clock Pessimism Removal (CPR):    0.260ns
  Clock Uncertainty:      0.035ns  ((TSJ^2 + TIJ^2)^1/2 + DJ) / 2 + PE
    Total System Jitter     (TSJ):    0.071ns
    Total Input Jitter      (TIJ):    0.000ns
    Discrete Jitter          (DJ):    0.000ns
    Phase Error              (PE):    0.000ns

    Location             Delay type                Incr(ns)  Path(ns)    Netlist Resource(s)
  -------------------------------------------------------------------    -------------------
                         (clock sys_clk_pin rise edge)
                                                      0.000     0.000 r  
    W5                                                0.000     0.000 r  clk (IN)
                         net (fo=0)                   0.000     0.000    clk
    W5                   IBUF (Prop_ibuf_I_O)         1.458     1.458 r  clk_IBUF_inst/O
                         net (fo=1, routed)           1.967     3.425    clk_IBUF
    BUFGCTRL_X0Y0        BUFG (Prop_bufg_I_O)         0.096     3.521 r  clk_IBUF_BUFG_inst/O
                         net (fo=136, routed)         1.561     5.082    rtm/random1/clk_IBUF_BUFG
    SLICE_X49Y32         FDCE                                         r  rtm/random1/rnd_reg[4]/C
  -------------------------------------------------------------------    -------------------
    SLICE_X49Y32         FDCE (Prop_fdce_C_Q)         0.456     5.538 f  rtm/random1/rnd_reg[4]/Q
                         net (fo=3, routed)           0.828     6.366    rtm/random1/Q[4]
    SLICE_X49Y32         LUT1 (Prop_lut1_I0_O)        0.124     6.490 r  rtm/random1/wait_target1_carry__0_i_4/O
                         net (fo=1, routed)           0.000     6.490    rtm/random1_n_21
    SLICE_X49Y32         CARRY4 (Prop_carry4_S[0]_CO[3])
                                                      0.532     7.022 r  rtm/wait_target1_carry__0/CO[3]
                         net (fo=1, routed)           0.000     7.022    rtm/wait_target1_carry__0_n_0
    SLICE_X49Y33         CARRY4 (Prop_carry4_CI_O[3])
                                                      0.313     7.335 f  rtm/wait_target1_carry__1/O[3]
                         net (fo=2, routed)           0.826     8.161    rtm/wait_target1_carry__1_n_4
    SLICE_X50Y31         LUT1 (Prop_lut1_I0_O)        0.306     8.467 r  rtm/wait_target1__27_carry__1_i_2/O
                         net (fo=1, routed)           0.000     8.467    rtm/wait_target1__27_carry__1_i_2_n_0
    SLICE_X50Y31         CARRY4 (Prop_carry4_S[0]_CO[3])
                                                      0.513     8.980 r  rtm/wait_target1__27_carry__1/CO[3]
                         net (fo=11, routed)          0.840     9.821    rtm/wait_target1__27_carry__1_n_0
    SLICE_X51Y29         LUT3 (Prop_lut3_I1_O)        0.124     9.945 r  rtm/wait_target0_carry_i_3/O
                         net (fo=1, routed)           0.000     9.945    rtm/wait_target0_carry_i_3_n_0
    SLICE_X51Y29         CARRY4 (Prop_carry4_S[1]_CO[3])
                                                      0.550    10.495 r  rtm/wait_target0_carry/CO[3]
                         net (fo=1, routed)           0.000    10.495    rtm/wait_target0_carry_n_0
    SLICE_X51Y30         CARRY4 (Prop_carry4_CI_CO[3])
                                                      0.114    10.609 r  rtm/wait_target0_carry__0/CO[3]
                         net (fo=1, routed)           0.000    10.609    rtm/wait_target0_carry__0_n_0
    SLICE_X51Y31         CARRY4 (Prop_carry4_CI_O[2])
                                                      0.239    10.848 r  rtm/wait_target0_carry__1/O[2]
                         net (fo=1, routed)           0.000    10.848    rtm/p_0_in__0[12]
    SLICE_X51Y31         FDCE                                         r  rtm/wait_target_reg[12]/D
  -------------------------------------------------------------------    -------------------

                         (clock sys_clk_pin rise edge)
                                                     10.000    10.000 r  
    W5                                                0.000    10.000 r  clk (IN)
                         net (fo=0)                   0.000    10.000    clk
    W5                   IBUF (Prop_ibuf_I_O)         1.388    11.388 r  clk_IBUF_inst/O
                         net (fo=1, routed)           1.862    13.250    clk_IBUF
    BUFGCTRL_X0Y0        BUFG (Prop_bufg_I_O)         0.091    13.341 r  clk_IBUF_BUFG_inst/O
                         net (fo=136, routed)         1.442    14.783    rtm/clk_IBUF_BUFG
    SLICE_X51Y31         FDCE                                         r  rtm/wait_target_reg[12]/C
                         clock pessimism              0.260    15.043    
                         clock uncertainty           -0.035    15.008    
    SLICE_X51Y31         FDCE (Setup_fdce_C_D)        0.062    15.070    rtm/wait_target_reg[12]
  -------------------------------------------------------------------
                         required time                         15.070    
                         arrival time                         -10.848    
  -------------------------------------------------------------------
                         slack                                  4.222    

Slack (MET) :             4.238ns  (required time - arrival time)
  Source:                 rtm/random1/rnd_reg[4]/C
                            (rising edge-triggered cell FDCE clocked by sys_clk_pin  {rise@0.000ns fall@5.000ns period=10.000ns})
  Destination:            rtm/wait_target_reg[10]/D
                            (rising edge-triggered cell FDCE clocked by sys_clk_pin  {rise@0.000ns fall@5.000ns period=10.000ns})
  Path Group:             sys_clk_pin
  Path Type:              Setup (Max at Slow Process Corner)
  Requirement:            10.000ns  (sys_clk_pin rise@10.000ns - sys_clk_pin rise@0.000ns)
  Data Path Delay:        5.749ns  (logic 3.255ns (56.616%)  route 2.494ns (43.384%))
  Logic Levels:           9  (CARRY4=6 LUT1=2 LUT3=1)
  Clock Path Skew:        -0.039ns (DCD - SCD + CPR)
    Destination Clock Delay (DCD):    4.783ns = ( 14.783 - 10.000 ) 
    Source Clock Delay      (SCD):    5.082ns
    Clock Pessimism Removal (CPR):    0.260ns
  Clock Uncertainty:      0.035ns  ((TSJ^2 + TIJ^2)^1/2 + DJ) / 2 + PE
    Total System Jitter     (TSJ):    0.071ns
    Total Input Jitter      (TIJ):    0.000ns
    Discrete Jitter          (DJ):    0.000ns
    Phase Error              (PE):    0.000ns

    Location             Delay type                Incr(ns)  Path(ns)    Netlist Resource(s)
  -------------------------------------------------------------------    -------------------
                         (clock sys_clk_pin rise edge)
                                                      0.000     0.000 r  
    W5                                                0.000     0.000 r  clk (IN)
                         net (fo=0)                   0.000     0.000    clk
    W5                   IBUF (Prop_ibuf_I_O)         1.458     1.458 r  clk_IBUF_inst/O
                         net (fo=1, routed)           1.967     3.425    clk_IBUF
    BUFGCTRL_X0Y0        BUFG (Prop_bufg_I_O)         0.096     3.521 r  clk_IBUF_BUFG_inst/O
                         net (fo=136, routed)         1.561     5.082    rtm/random1/clk_IBUF_BUFG
    SLICE_X49Y32         FDCE                                         r  rtm/random1/rnd_reg[4]/C
  -------------------------------------------------------------------    -------------------
    SLICE_X49Y32         FDCE (Prop_fdce_C_Q)         0.456     5.538 f  rtm/random1/rnd_reg[4]/Q
                         net (fo=3, routed)           0.828     6.366    rtm/random1/Q[4]
    SLICE_X49Y32         LUT1 (Prop_lut1_I0_O)        0.124     6.490 r  rtm/random1/wait_target1_carry__0_i_4/O
                         net (fo=1, routed)           0.000     6.490    rtm/random1_n_21
    SLICE_X49Y32         CARRY4 (Prop_carry4_S[0]_CO[3])
                                                      0.532     7.022 r  rtm/wait_target1_carry__0/CO[3]
                         net (fo=1, routed)           0.000     7.022    rtm/wait_target1_carry__0_n_0
    SLICE_X49Y33         CARRY4 (Prop_carry4_CI_O[3])
                                                      0.313     7.335 f  rtm/wait_target1_carry__1/O[3]
                         net (fo=2, routed)           0.826     8.161    rtm/wait_target1_carry__1_n_4
    SLICE_X50Y31         LUT1 (Prop_lut1_I0_O)        0.306     8.467 r  rtm/wait_target1__27_carry__1_i_2/O
                         net (fo=1, routed)           0.000     8.467    rtm/wait_target1__27_carry__1_i_2_n_0
    SLICE_X50Y31         CARRY4 (Prop_carry4_S[0]_CO[3])
                                                      0.513     8.980 r  rtm/wait_target1__27_carry__1/CO[3]
                         net (fo=11, routed)          0.840     9.821    rtm/wait_target1__27_carry__1_n_0
    SLICE_X51Y29         LUT3 (Prop_lut3_I1_O)        0.124     9.945 r  rtm/wait_target0_carry_i_3/O
                         net (fo=1, routed)           0.000     9.945    rtm/wait_target0_carry_i_3_n_0
    SLICE_X51Y29         CARRY4 (Prop_carry4_S[1]_CO[3])
                                                      0.550    10.495 r  rtm/wait_target0_carry/CO[3]
                         net (fo=1, routed)           0.000    10.495    rtm/wait_target0_carry_n_0
    SLICE_X51Y30         CARRY4 (Prop_carry4_CI_CO[3])
                                                      0.114    10.609 r  rtm/wait_target0_carry__0/CO[3]
                         net (fo=1, routed)           0.000    10.609    rtm/wait_target0_carry__0_n_0
    SLICE_X51Y31         CARRY4 (Prop_carry4_CI_O[0])
                                                      0.223    10.832 r  rtm/wait_target0_carry__1/O[0]
                         net (fo=1, routed)           0.000    10.832    rtm/p_0_in__0[10]
    SLICE_X51Y31         FDCE                                         r  rtm/wait_target_reg[10]/D
  -------------------------------------------------------------------    -------------------

                         (clock sys_clk_pin rise edge)
                                                     10.000    10.000 r  
    W5                                                0.000    10.000 r  clk (IN)
                         net (fo=0)                   0.000    10.000    clk
    W5                   IBUF (Prop_ibuf_I_O)         1.388    11.388 r  clk_IBUF_inst/O
                         net (fo=1, routed)           1.862    13.250    clk_IBUF
    BUFGCTRL_X0Y0        BUFG (Prop_bufg_I_O)         0.091    13.341 r  clk_IBUF_BUFG_inst/O
                         net (fo=136, routed)         1.442    14.783    rtm/clk_IBUF_BUFG
    SLICE_X51Y31         FDCE                                         r  rtm/wait_target_reg[10]/C
                         clock pessimism              0.260    15.043    
                         clock uncertainty           -0.035    15.008    
    SLICE_X51Y31         FDCE (Setup_fdce_C_D)        0.062    15.070    rtm/wait_target_reg[10]
  -------------------------------------------------------------------
                         required time                         15.070    
                         arrival time                         -10.832    
  -------------------------------------------------------------------
                         slack                                  4.238    

Slack (MET) :             4.240ns  (required time - arrival time)
  Source:                 rtm/random1/rnd_reg[4]/C
                            (rising edge-triggered cell FDCE clocked by sys_clk_pin  {rise@0.000ns fall@5.000ns period=10.000ns})
  Destination:            rtm/wait_target_reg[7]/D
                            (rising edge-triggered cell FDPE clocked by sys_clk_pin  {rise@0.000ns fall@5.000ns period=10.000ns})
  Path Group:             sys_clk_pin
  Path Type:              Setup (Max at Slow Process Corner)
  Requirement:            10.000ns  (sys_clk_pin rise@10.000ns - sys_clk_pin rise@0.000ns)
  Data Path Delay:        5.746ns  (logic 3.252ns (56.593%)  route 2.494ns (43.407%))
  Logic Levels:           8  (CARRY4=5 LUT1=2 LUT3=1)
  Clock Path Skew:        -0.040ns (DCD - SCD + CPR)
    Destination Clock Delay (DCD):    4.782ns = ( 14.782 - 10.000 ) 
    Source Clock Delay      (SCD):    5.082ns
    Clock Pessimism Removal (CPR):    0.260ns
  Clock Uncertainty:      0.035ns  ((TSJ^2 + TIJ^2)^1/2 + DJ) / 2 + PE
    Total System Jitter     (TSJ):    0.071ns
    Total Input Jitter      (TIJ):    0.000ns
    Discrete Jitter          (DJ):    0.000ns
    Phase Error              (PE):    0.000ns

    Location             Delay type                Incr(ns)  Path(ns)    Netlist Resource(s)
  -------------------------------------------------------------------    -------------------
                         (clock sys_clk_pin rise edge)
                                                      0.000     0.000 r  
    W5                                                0.000     0.000 r  clk (IN)
                         net (fo=0)                   0.000     0.000    clk
    W5                   IBUF (Prop_ibuf_I_O)         1.458     1.458 r  clk_IBUF_inst/O
                         net (fo=1, routed)           1.967     3.425    clk_IBUF
    BUFGCTRL_X0Y0        BUFG (Prop_bufg_I_O)         0.096     3.521 r  clk_IBUF_BUFG_inst/O
                         net (fo=136, routed)         1.561     5.082    rtm/random1/clk_IBUF_BUFG
    SLICE_X49Y32         FDCE                                         r  rtm/random1/rnd_reg[4]/C
  -------------------------------------------------------------------    -------------------
    SLICE_X49Y32         FDCE (Prop_fdce_C_Q)         0.456     5.538 f  rtm/random1/rnd_reg[4]/Q
                         net (fo=3, routed)           0.828     6.366    rtm/random1/Q[4]
    SLICE_X49Y32         LUT1 (Prop_lut1_I0_O)        0.124     6.490 r  rtm/random1/wait_target1_carry__0_i_4/O
                         net (fo=1, routed)           0.000     6.490    rtm/random1_n_21
    SLICE_X49Y32         CARRY4 (Prop_carry4_S[0]_CO[3])
                                                      0.532     7.022 r  rtm/wait_target1_carry__0/CO[3]
                         net (fo=1, routed)           0.000     7.022    rtm/wait_target1_carry__0_n_0
    SLICE_X49Y33         CARRY4 (Prop_carry4_CI_O[3])
                                                      0.313     7.335 f  rtm/wait_target1_carry__1/O[3]
                         net (fo=2, routed)           0.826     8.161    rtm/wait_target1_carry__1_n_4
    SLICE_X50Y31         LUT1 (Prop_lut1_I0_O)        0.306     8.467 r  rtm/wait_target1__27_carry__1_i_2/O
                         net (fo=1, routed)           0.000     8.467    rtm/wait_target1__27_carry__1_i_2_n_0
    SLICE_X50Y31         CARRY4 (Prop_carry4_S[0]_CO[3])
                                                      0.513     8.980 r  rtm/wait_target1__27_carry__1/CO[3]
                         net (fo=11, routed)          0.840     9.821    rtm/wait_target1__27_carry__1_n_0
    SLICE_X51Y29         LUT3 (Prop_lut3_I1_O)        0.124     9.945 r  rtm/wait_target0_carry_i_3/O
                         net (fo=1, routed)           0.000     9.945    rtm/wait_target0_carry_i_3_n_0
    SLICE_X51Y29         CARRY4 (Prop_carry4_S[1]_CO[3])
                                                      0.550    10.495 r  rtm/wait_target0_carry/CO[3]
                         net (fo=1, routed)           0.000    10.495    rtm/wait_target0_carry_n_0
    SLICE_X51Y30         CARRY4 (Prop_carry4_CI_O[1])
                                                      0.334    10.829 r  rtm/wait_target0_carry__0/O[1]
                         net (fo=1, routed)           0.000    10.829    rtm/p_0_in__0[7]
    SLICE_X51Y30         FDPE                                         r  rtm/wait_target_reg[7]/D
  -------------------------------------------------------------------    -------------------

                         (clock sys_clk_pin rise edge)
                                                     10.000    10.000 r  
    W5                                                0.000    10.000 r  clk (IN)
                         net (fo=0)                   0.000    10.000    clk
    W5                   IBUF (Prop_ibuf_I_O)         1.388    11.388 r  clk_IBUF_inst/O
                         net (fo=1, routed)           1.862    13.250    clk_IBUF
    BUFGCTRL_X0Y0        BUFG (Prop_bufg_I_O)         0.091    13.341 r  clk_IBUF_BUFG_inst/O
                         net (fo=136, routed)         1.441    14.782    rtm/clk_IBUF_BUFG
    SLICE_X51Y30         FDPE                                         r  rtm/wait_target_reg[7]/C
                         clock pessimism              0.260    15.042    
                         clock uncertainty           -0.035    15.007    
    SLICE_X51Y30         FDPE (Setup_fdpe_C_D)        0.062    15.069    rtm/wait_target_reg[7]
  -------------------------------------------------------------------
                         required time                         15.069    
                         arrival time                         -10.829    
  -------------------------------------------------------------------
                         slack                                  4.240    

Slack (MET) :             4.261ns  (required time - arrival time)
  Source:                 rtm/random1/rnd_reg[4]/C
                            (rising edge-triggered cell FDCE clocked by sys_clk_pin  {rise@0.000ns fall@5.000ns period=10.000ns})
  Destination:            rtm/wait_target_reg[9]/D
                            (rising edge-triggered cell FDPE clocked by sys_clk_pin  {rise@0.000ns fall@5.000ns period=10.000ns})
  Path Group:             sys_clk_pin
  Path Type:              Setup (Max at Slow Process Corner)
  Requirement:            10.000ns  (sys_clk_pin rise@10.000ns - sys_clk_pin rise@0.000ns)
  Data Path Delay:        5.725ns  (logic 3.231ns (56.434%)  route 2.494ns (43.566%))
  Logic Levels:           8  (CARRY4=5 LUT1=2 LUT3=1)
  Clock Path Skew:        -0.040ns (DCD - SCD + CPR)
    Destination Clock Delay (DCD):    4.782ns = ( 14.782 - 10.000 ) 
    Source Clock Delay      (SCD):    5.082ns
    Clock Pessimism Removal (CPR):    0.260ns
  Clock Uncertainty:      0.035ns  ((TSJ^2 + TIJ^2)^1/2 + DJ) / 2 + PE
    Total System Jitter     (TSJ):    0.071ns
    Total Input Jitter      (TIJ):    0.000ns
    Discrete Jitter          (DJ):    0.000ns
    Phase Error              (PE):    0.000ns

    Location             Delay type                Incr(ns)  Path(ns)    Netlist Resource(s)
  -------------------------------------------------------------------    -------------------
                         (clock sys_clk_pin rise edge)
                                                      0.000     0.000 r  
    W5                                                0.000     0.000 r  clk (IN)
                         net (fo=0)                   0.000     0.000    clk
    W5                   IBUF (Prop_ibuf_I_O)         1.458     1.458 r  clk_IBUF_inst/O
                         net (fo=1, routed)           1.967     3.425    clk_IBUF
    BUFGCTRL_X0Y0        BUFG (Prop_bufg_I_O)         0.096     3.521 r  clk_IBUF_BUFG_inst/O
                         net (fo=136, routed)         1.561     5.082    rtm/random1/clk_IBUF_BUFG
    SLICE_X49Y32         FDCE                                         r  rtm/random1/rnd_reg[4]/C
  -------------------------------------------------------------------    -------------------
    SLICE_X49Y32         FDCE (Prop_fdce_C_Q)         0.456     5.538 f  rtm/random1/rnd_reg[4]/Q
                         net (fo=3, routed)           0.828     6.366    rtm/random1/Q[4]
    SLICE_X49Y32         LUT1 (Prop_lut1_I0_O)        0.124     6.490 r  rtm/random1/wait_target1_carry__0_i_4/O
                         net (fo=1, routed)           0.000     6.490    rtm/random1_n_21
    SLICE_X49Y32         CARRY4 (Prop_carry4_S[0]_CO[3])
                                                      0.532     7.022 r  rtm/wait_target1_carry__0/CO[3]
                         net (fo=1, routed)           0.000     7.022    rtm/wait_target1_carry__0_n_0
    SLICE_X49Y33         CARRY4 (Prop_carry4_CI_O[3])
                                                      0.313     7.335 f  rtm/wait_target1_carry__1/O[3]
                         net (fo=2, routed)           0.826     8.161    rtm/wait_target1_carry__1_n_4
    SLICE_X50Y31         LUT1 (Prop_lut1_I0_O)        0.306     8.467 r  rtm/wait_target1__27_carry__1_i_2/O
                         net (fo=1, routed)           0.000     8.467    rtm/wait_target1__27_carry__1_i_2_n_0
    SLICE_X50Y31         CARRY4 (Prop_carry4_S[0]_CO[3])
                                                      0.513     8.980 r  rtm/wait_target1__27_carry__1/CO[3]
                         net (fo=11, routed)          0.840     9.821    rtm/wait_target1__27_carry__1_n_0
    SLICE_X51Y29         LUT3 (Prop_lut3_I1_O)        0.124     9.945 r  rtm/wait_target0_carry_i_3/O
                         net (fo=1, routed)           0.000     9.945    rtm/wait_target0_carry_i_3_n_0
    SLICE_X51Y29         CARRY4 (Prop_carry4_S[1]_CO[3])
                                                      0.550    10.495 r  rtm/wait_target0_carry/CO[3]
                         net (fo=1, routed)           0.000    10.495    rtm/wait_target0_carry_n_0
    SLICE_X51Y30         CARRY4 (Prop_carry4_CI_O[3])
                                                      0.313    10.808 r  rtm/wait_target0_carry__0/O[3]
                         net (fo=1, routed)           0.000    10.808    rtm/p_0_in__0[9]
    SLICE_X51Y30         FDPE                                         r  rtm/wait_target_reg[9]/D
  -------------------------------------------------------------------    -------------------

                         (clock sys_clk_pin rise edge)
                                                     10.000    10.000 r  
    W5                                                0.000    10.000 r  clk (IN)
                         net (fo=0)                   0.000    10.000    clk
    W5                   IBUF (Prop_ibuf_I_O)         1.388    11.388 r  clk_IBUF_inst/O
                         net (fo=1, routed)           1.862    13.250    clk_IBUF
    BUFGCTRL_X0Y0        BUFG (Prop_bufg_I_O)         0.091    13.341 r  clk_IBUF_BUFG_inst/O
                         net (fo=136, routed)         1.441    14.782    rtm/clk_IBUF_BUFG
    SLICE_X51Y30         FDPE                                         r  rtm/wait_target_reg[9]/C
                         clock pessimism              0.260    15.042    
                         clock uncertainty           -0.035    15.007    
    SLICE_X51Y30         FDPE (Setup_fdpe_C_D)        0.062    15.069    rtm/wait_target_reg[9]
  -------------------------------------------------------------------
                         required time                         15.069    
                         arrival time                         -10.808    
  -------------------------------------------------------------------
                         slack                                  4.261    

Slack (MET) :             4.335ns  (required time - arrival time)
  Source:                 rtm/random1/rnd_reg[4]/C
                            (rising edge-triggered cell FDCE clocked by sys_clk_pin  {rise@0.000ns fall@5.000ns period=10.000ns})
  Destination:            rtm/wait_target_reg[8]/D
                            (rising edge-triggered cell FDPE clocked by sys_clk_pin  {rise@0.000ns fall@5.000ns period=10.000ns})
  Path Group:             sys_clk_pin
  Path Type:              Setup (Max at Slow Process Corner)
  Requirement:            10.000ns  (sys_clk_pin rise@10.000ns - sys_clk_pin rise@0.000ns)
  Data Path Delay:        5.651ns  (logic 3.157ns (55.863%)  route 2.494ns (44.137%))
  Logic Levels:           8  (CARRY4=5 LUT1=2 LUT3=1)
  Clock Path Skew:        -0.040ns (DCD - SCD + CPR)
    Destination Clock Delay (DCD):    4.782ns = ( 14.782 - 10.000 ) 
    Source Clock Delay      (SCD):    5.082ns
    Clock Pessimism Removal (CPR):    0.260ns
  Clock Uncertainty:      0.035ns  ((TSJ^2 + TIJ^2)^1/2 + DJ) / 2 + PE
    Total System Jitter     (TSJ):    0.071ns
    Total Input Jitter      (TIJ):    0.000ns
    Discrete Jitter          (DJ):    0.000ns
    Phase Error              (PE):    0.000ns

    Location             Delay type                Incr(ns)  Path(ns)    Netlist Resource(s)
  -------------------------------------------------------------------    -------------------
                         (clock sys_clk_pin rise edge)
                                                      0.000     0.000 r  
    W5                                                0.000     0.000 r  clk (IN)
                         net (fo=0)                   0.000     0.000    clk
    W5                   IBUF (Prop_ibuf_I_O)         1.458     1.458 r  clk_IBUF_inst/O
                         net (fo=1, routed)           1.967     3.425    clk_IBUF
    BUFGCTRL_X0Y0        BUFG (Prop_bufg_I_O)         0.096     3.521 r  clk_IBUF_BUFG_inst/O
                         net (fo=136, routed)         1.561     5.082    rtm/random1/clk_IBUF_BUFG
    SLICE_X49Y32         FDCE                                         r  rtm/random1/rnd_reg[4]/C
  -------------------------------------------------------------------    -------------------
    SLICE_X49Y32         FDCE (Prop_fdce_C_Q)         0.456     5.538 f  rtm/random1/rnd_reg[4]/Q
                         net (fo=3, routed)           0.828     6.366    rtm/random1/Q[4]
    SLICE_X49Y32         LUT1 (Prop_lut1_I0_O)        0.124     6.490 r  rtm/random1/wait_target1_carry__0_i_4/O
                         net (fo=1, routed)           0.000     6.490    rtm/random1_n_21
    SLICE_X49Y32         CARRY4 (Prop_carry4_S[0]_CO[3])
                                                      0.532     7.022 r  rtm/wait_target1_carry__0/CO[3]
                         net (fo=1, routed)           0.000     7.022    rtm/wait_target1_carry__0_n_0
    SLICE_X49Y33         CARRY4 (Prop_carry4_CI_O[3])
                                                      0.313     7.335 f  rtm/wait_target1_carry__1/O[3]
                         net (fo=2, routed)           0.826     8.161    rtm/wait_target1_carry__1_n_4
    SLICE_X50Y31         LUT1 (Prop_lut1_I0_O)        0.306     8.467 r  rtm/wait_target1__27_carry__1_i_2/O
                         net (fo=1, routed)           0.000     8.467    rtm/wait_target1__27_carry__1_i_2_n_0
    SLICE_X50Y31         CARRY4 (Prop_carry4_S[0]_CO[3])
                                                      0.513     8.980 r  rtm/wait_target1__27_carry__1/CO[3]
                         net (fo=11, routed)          0.840     9.821    rtm/wait_target1__27_carry__1_n_0
    SLICE_X51Y29         LUT3 (Prop_lut3_I1_O)        0.124     9.945 r  rtm/wait_target0_carry_i_3/O
                         net (fo=1, routed)           0.000     9.945    rtm/wait_target0_carry_i_3_n_0
    SLICE_X51Y29         CARRY4 (Prop_carry4_S[1]_CO[3])
                                                      0.550    10.495 r  rtm/wait_target0_carry/CO[3]
                         net (fo=1, routed)           0.000    10.495    rtm/wait_target0_carry_n_0
    SLICE_X51Y30         CARRY4 (Prop_carry4_CI_O[2])
                                                      0.239    10.734 r  rtm/wait_target0_carry__0/O[2]
                         net (fo=1, routed)           0.000    10.734    rtm/p_0_in__0[8]
    SLICE_X51Y30         FDPE                                         r  rtm/wait_target_reg[8]/D
  -------------------------------------------------------------------    -------------------

                         (clock sys_clk_pin rise edge)
                                                     10.000    10.000 r  
    W5                                                0.000    10.000 r  clk (IN)
                         net (fo=0)                   0.000    10.000    clk
    W5                   IBUF (Prop_ibuf_I_O)         1.388    11.388 r  clk_IBUF_inst/O
                         net (fo=1, routed)           1.862    13.250    clk_IBUF
    BUFGCTRL_X0Y0        BUFG (Prop_bufg_I_O)         0.091    13.341 r  clk_IBUF_BUFG_inst/O
                         net (fo=136, routed)         1.441    14.782    rtm/clk_IBUF_BUFG
    SLICE_X51Y30         FDPE                                         r  rtm/wait_target_reg[8]/C
                         clock pessimism              0.260    15.042    
                         clock uncertainty           -0.035    15.007    
    SLICE_X51Y30         FDPE (Setup_fdpe_C_D)        0.062    15.069    rtm/wait_target_reg[8]
  -------------------------------------------------------------------
                         required time                         15.069    
                         arrival time                         -10.734    
  -------------------------------------------------------------------
                         slack                                  4.335    

Slack (MET) :             4.351ns  (required time - arrival time)
  Source:                 rtm/random1/rnd_reg[4]/C
                            (rising edge-triggered cell FDCE clocked by sys_clk_pin  {rise@0.000ns fall@5.000ns period=10.000ns})
  Destination:            rtm/wait_target_reg[6]/D
                            (rising edge-triggered cell FDPE clocked by sys_clk_pin  {rise@0.000ns fall@5.000ns period=10.000ns})
  Path Group:             sys_clk_pin
  Path Type:              Setup (Max at Slow Process Corner)
  Requirement:            10.000ns  (sys_clk_pin rise@10.000ns - sys_clk_pin rise@0.000ns)
  Data Path Delay:        5.635ns  (logic 3.141ns (55.738%)  route 2.494ns (44.262%))
  Logic Levels:           8  (CARRY4=5 LUT1=2 LUT3=1)
  Clock Path Skew:        -0.040ns (DCD - SCD + CPR)
    Destination Clock Delay (DCD):    4.782ns = ( 14.782 - 10.000 ) 
    Source Clock Delay      (SCD):    5.082ns
    Clock Pessimism Removal (CPR):    0.260ns
  Clock Uncertainty:      0.035ns  ((TSJ^2 + TIJ^2)^1/2 + DJ) / 2 + PE
    Total System Jitter     (TSJ):    0.071ns
    Total Input Jitter      (TIJ):    0.000ns
    Discrete Jitter          (DJ):    0.000ns
    Phase Error              (PE):    0.000ns

    Location             Delay type                Incr(ns)  Path(ns)    Netlist Resource(s)
  -------------------------------------------------------------------    -------------------
                         (clock sys_clk_pin rise edge)
                                                      0.000     0.000 r  
    W5                                                0.000     0.000 r  clk (IN)
                         net (fo=0)                   0.000     0.000    clk
    W5                   IBUF (Prop_ibuf_I_O)         1.458     1.458 r  clk_IBUF_inst/O
                         net (fo=1, routed)           1.967     3.425    clk_IBUF
    BUFGCTRL_X0Y0        BUFG (Prop_bufg_I_O)         0.096     3.521 r  clk_IBUF_BUFG_inst/O
                         net (fo=136, routed)         1.561     5.082    rtm/random1/clk_IBUF_BUFG
    SLICE_X49Y32         FDCE                                         r  rtm/random1/rnd_reg[4]/C
  -------------------------------------------------------------------    -------------------
    SLICE_X49Y32         FDCE (Prop_fdce_C_Q)         0.456     5.538 f  rtm/random1/rnd_reg[4]/Q
                         net (fo=3, routed)           0.828     6.366    rtm/random1/Q[4]
    SLICE_X49Y32         LUT1 (Prop_lut1_I0_O)        0.124     6.490 r  rtm/random1/wait_target1_carry__0_i_4/O
                         net (fo=1, routed)           0.000     6.490    rtm/random1_n_21
    SLICE_X49Y32         CARRY4 (Prop_carry4_S[0]_CO[3])
                                                      0.532     7.022 r  rtm/wait_target1_carry__0/CO[3]
                         net (fo=1, routed)           0.000     7.022    rtm/wait_target1_carry__0_n_0
    SLICE_X49Y33         CARRY4 (Prop_carry4_CI_O[3])
                                                      0.313     7.335 f  rtm/wait_target1_carry__1/O[3]
                         net (fo=2, routed)           0.826     8.161    rtm/wait_target1_carry__1_n_4
    SLICE_X50Y31         LUT1 (Prop_lut1_I0_O)        0.306     8.467 r  rtm/wait_target1__27_carry__1_i_2/O
                         net (fo=1, routed)           0.000     8.467    rtm/wait_target1__27_carry__1_i_2_n_0
    SLICE_X50Y31         CARRY4 (Prop_carry4_S[0]_CO[3])
                                                      0.513     8.980 r  rtm/wait_target1__27_carry__1/CO[3]
                         net (fo=11, routed)          0.840     9.821    rtm/wait_target1__27_carry__1_n_0
    SLICE_X51Y29         LUT3 (Prop_lut3_I1_O)        0.124     9.945 r  rtm/wait_target0_carry_i_3/O
                         net (fo=1, routed)           0.000     9.945    rtm/wait_target0_carry_i_3_n_0
    SLICE_X51Y29         CARRY4 (Prop_carry4_S[1]_CO[3])
                                                      0.550    10.495 r  rtm/wait_target0_carry/CO[3]
                         net (fo=1, routed)           0.000    10.495    rtm/wait_target0_carry_n_0
    SLICE_X51Y30         CARRY4 (Prop_carry4_CI_O[0])
                                                      0.223    10.718 r  rtm/wait_target0_carry__0/O[0]
                         net (fo=1, routed)           0.000    10.718    rtm/p_0_in__0[6]
    SLICE_X51Y30         FDPE                                         r  rtm/wait_target_reg[6]/D
  -------------------------------------------------------------------    -------------------

                         (clock sys_clk_pin rise edge)
                                                     10.000    10.000 r  
    W5                                                0.000    10.000 r  clk (IN)
                         net (fo=0)                   0.000    10.000    clk
    W5                   IBUF (Prop_ibuf_I_O)         1.388    11.388 r  clk_IBUF_inst/O
                         net (fo=1, routed)           1.862    13.250    clk_IBUF
    BUFGCTRL_X0Y0        BUFG (Prop_bufg_I_O)         0.091    13.341 r  clk_IBUF_BUFG_inst/O
                         net (fo=136, routed)         1.441    14.782    rtm/clk_IBUF_BUFG
    SLICE_X51Y30         FDPE                                         r  rtm/wait_target_reg[6]/C
                         clock pessimism              0.260    15.042    
                         clock uncertainty           -0.035    15.007    
    SLICE_X51Y30         FDPE (Setup_fdpe_C_D)        0.062    15.069    rtm/wait_target_reg[6]
  -------------------------------------------------------------------
                         required time                         15.069    
                         arrival time                         -10.718    
  -------------------------------------------------------------------
                         slack                                  4.351    

Slack (MET) :             4.484ns  (required time - arrival time)
  Source:                 rtm/random1/rnd_reg[4]/C
                            (rising edge-triggered cell FDCE clocked by sys_clk_pin  {rise@0.000ns fall@5.000ns period=10.000ns})
  Destination:            rtm/wait_target_reg[5]/D
                            (rising edge-triggered cell FDPE clocked by sys_clk_pin  {rise@0.000ns fall@5.000ns period=10.000ns})
  Path Group:             sys_clk_pin
  Path Type:              Setup (Max at Slow Process Corner)
  Requirement:            10.000ns  (sys_clk_pin rise@10.000ns - sys_clk_pin rise@0.000ns)
  Data Path Delay:        5.502ns  (logic 3.008ns (54.668%)  route 2.494ns (45.332%))
  Logic Levels:           7  (CARRY4=4 LUT1=2 LUT3=1)
  Clock Path Skew:        -0.040ns (DCD - SCD + CPR)
    Destination Clock Delay (DCD):    4.782ns = ( 14.782 - 10.000 ) 
    Source Clock Delay      (SCD):    5.082ns
    Clock Pessimism Removal (CPR):    0.260ns
  Clock Uncertainty:      0.035ns  ((TSJ^2 + TIJ^2)^1/2 + DJ) / 2 + PE
    Total System Jitter     (TSJ):    0.071ns
    Total Input Jitter      (TIJ):    0.000ns
    Discrete Jitter          (DJ):    0.000ns
    Phase Error              (PE):    0.000ns

    Location             Delay type                Incr(ns)  Path(ns)    Netlist Resource(s)
  -------------------------------------------------------------------    -------------------
                         (clock sys_clk_pin rise edge)
                                                      0.000     0.000 r  
    W5                                                0.000     0.000 r  clk (IN)
                         net (fo=0)                   0.000     0.000    clk
    W5                   IBUF (Prop_ibuf_I_O)         1.458     1.458 r  clk_IBUF_inst/O
                         net (fo=1, routed)           1.967     3.425    clk_IBUF
    BUFGCTRL_X0Y0        BUFG (Prop_bufg_I_O)         0.096     3.521 r  clk_IBUF_BUFG_inst/O
                         net (fo=136, routed)         1.561     5.082    rtm/random1/clk_IBUF_BUFG
    SLICE_X49Y32         FDCE                                         r  rtm/random1/rnd_reg[4]/C
  -------------------------------------------------------------------    -------------------
    SLICE_X49Y32         FDCE (Prop_fdce_C_Q)         0.456     5.538 f  rtm/random1/rnd_reg[4]/Q
                         net (fo=3, routed)           0.828     6.366    rtm/random1/Q[4]
    SLICE_X49Y32         LUT1 (Prop_lut1_I0_O)        0.124     6.490 r  rtm/random1/wait_target1_carry__0_i_4/O
                         net (fo=1, routed)           0.000     6.490    rtm/random1_n_21
    SLICE_X49Y32         CARRY4 (Prop_carry4_S[0]_CO[3])
                                                      0.532     7.022 r  rtm/wait_target1_carry__0/CO[3]
                         net (fo=1, routed)           0.000     7.022    rtm/wait_target1_carry__0_n_0
    SLICE_X49Y33         CARRY4 (Prop_carry4_CI_O[3])
                                                      0.313     7.335 f  rtm/wait_target1_carry__1/O[3]
                         net (fo=2, routed)           0.826     8.161    rtm/wait_target1_carry__1_n_4
    SLICE_X50Y31         LUT1 (Prop_lut1_I0_O)        0.306     8.467 r  rtm/wait_target1__27_carry__1_i_2/O
                         net (fo=1, routed)           0.000     8.467    rtm/wait_target1__27_carry__1_i_2_n_0
    SLICE_X50Y31         CARRY4 (Prop_carry4_S[0]_CO[3])
                                                      0.513     8.980 r  rtm/wait_target1__27_carry__1/CO[3]
                         net (fo=11, routed)          0.840     9.821    rtm/wait_target1__27_carry__1_n_0
    SLICE_X51Y29         LUT3 (Prop_lut3_I1_O)        0.124     9.945 r  rtm/wait_target0_carry_i_3/O
                         net (fo=1, routed)           0.000     9.945    rtm/wait_target0_carry_i_3_n_0
    SLICE_X51Y29         CARRY4 (Prop_carry4_S[1]_O[3])
                                                      0.640    10.585 r  rtm/wait_target0_carry/O[3]
                         net (fo=1, routed)           0.000    10.585    rtm/p_0_in__0[5]
    SLICE_X51Y29         FDPE                                         r  rtm/wait_target_reg[5]/D
  -------------------------------------------------------------------    -------------------

                         (clock sys_clk_pin rise edge)
                                                     10.000    10.000 r  
    W5                                                0.000    10.000 r  clk (IN)
                         net (fo=0)                   0.000    10.000    clk
    W5                   IBUF (Prop_ibuf_I_O)         1.388    11.388 r  clk_IBUF_inst/O
                         net (fo=1, routed)           1.862    13.250    clk_IBUF
    BUFGCTRL_X0Y0        BUFG (Prop_bufg_I_O)         0.091    13.341 r  clk_IBUF_BUFG_inst/O
                         net (fo=136, routed)         1.441    14.782    rtm/clk_IBUF_BUFG
    SLICE_X51Y29         FDPE                                         r  rtm/wait_target_reg[5]/C
                         clock pessimism              0.260    15.042    
                         clock uncertainty           -0.035    15.007    
    SLICE_X51Y29         FDPE (Setup_fdpe_C_D)        0.062    15.069    rtm/wait_target_reg[5]
  -------------------------------------------------------------------
                         required time                         15.069    
                         arrival time                         -10.585    
  -------------------------------------------------------------------
                         slack                                  4.484    

Slack (MET) :             4.544ns  (required time - arrival time)
  Source:                 rtm/random1/rnd_reg[4]/C
                            (rising edge-triggered cell FDCE clocked by sys_clk_pin  {rise@0.000ns fall@5.000ns period=10.000ns})
  Destination:            rtm/wait_target_reg[4]/D
                            (rising edge-triggered cell FDCE clocked by sys_clk_pin  {rise@0.000ns fall@5.000ns period=10.000ns})
  Path Group:             sys_clk_pin
  Path Type:              Setup (Max at Slow Process Corner)
  Requirement:            10.000ns  (sys_clk_pin rise@10.000ns - sys_clk_pin rise@0.000ns)
  Data Path Delay:        5.442ns  (logic 2.948ns (54.168%)  route 2.494ns (45.832%))
  Logic Levels:           7  (CARRY4=4 LUT1=2 LUT3=1)
  Clock Path Skew:        -0.040ns (DCD - SCD + CPR)
    Destination Clock Delay (DCD):    4.782ns = ( 14.782 - 10.000 ) 
    Source Clock Delay      (SCD):    5.082ns
    Clock Pessimism Removal (CPR):    0.260ns
  Clock Uncertainty:      0.035ns  ((TSJ^2 + TIJ^2)^1/2 + DJ) / 2 + PE
    Total System Jitter     (TSJ):    0.071ns
    Total Input Jitter      (TIJ):    0.000ns
    Discrete Jitter          (DJ):    0.000ns
    Phase Error              (PE):    0.000ns

    Location             Delay type                Incr(ns)  Path(ns)    Netlist Resource(s)
  -------------------------------------------------------------------    -------------------
                         (clock sys_clk_pin rise edge)
                                                      0.000     0.000 r  
    W5                                                0.000     0.000 r  clk (IN)
                         net (fo=0)                   0.000     0.000    clk
    W5                   IBUF (Prop_ibuf_I_O)         1.458     1.458 r  clk_IBUF_inst/O
                         net (fo=1, routed)           1.967     3.425    clk_IBUF
    BUFGCTRL_X0Y0        BUFG (Prop_bufg_I_O)         0.096     3.521 r  clk_IBUF_BUFG_inst/O
                         net (fo=136, routed)         1.561     5.082    rtm/random1/clk_IBUF_BUFG
    SLICE_X49Y32         FDCE                                         r  rtm/random1/rnd_reg[4]/C
  -------------------------------------------------------------------    -------------------
    SLICE_X49Y32         FDCE (Prop_fdce_C_Q)         0.456     5.538 f  rtm/random1/rnd_reg[4]/Q
                         net (fo=3, routed)           0.828     6.366    rtm/random1/Q[4]
    SLICE_X49Y32         LUT1 (Prop_lut1_I0_O)        0.124     6.490 r  rtm/random1/wait_target1_carry__0_i_4/O
                         net (fo=1, routed)           0.000     6.490    rtm/random1_n_21
    SLICE_X49Y32         CARRY4 (Prop_carry4_S[0]_CO[3])
                                                      0.532     7.022 r  rtm/wait_target1_carry__0/CO[3]
                         net (fo=1, routed)           0.000     7.022    rtm/wait_target1_carry__0_n_0
    SLICE_X49Y33         CARRY4 (Prop_carry4_CI_O[3])
                                                      0.313     7.335 f  rtm/wait_target1_carry__1/O[3]
                         net (fo=2, routed)           0.826     8.161    rtm/wait_target1_carry__1_n_4
    SLICE_X50Y31         LUT1 (Prop_lut1_I0_O)        0.306     8.467 r  rtm/wait_target1__27_carry__1_i_2/O
                         net (fo=1, routed)           0.000     8.467    rtm/wait_target1__27_carry__1_i_2_n_0
    SLICE_X50Y31         CARRY4 (Prop_carry4_S[0]_CO[3])
                                                      0.513     8.980 r  rtm/wait_target1__27_carry__1/CO[3]
                         net (fo=11, routed)          0.840     9.821    rtm/wait_target1__27_carry__1_n_0
    SLICE_X51Y29         LUT3 (Prop_lut3_I1_O)        0.124     9.945 r  rtm/wait_target0_carry_i_3/O
                         net (fo=1, routed)           0.000     9.945    rtm/wait_target0_carry_i_3_n_0
    SLICE_X51Y29         CARRY4 (Prop_carry4_S[1]_O[2])
                                                      0.580    10.525 r  rtm/wait_target0_carry/O[2]
                         net (fo=1, routed)           0.000    10.525    rtm/p_0_in__0[4]
    SLICE_X51Y29         FDCE                                         r  rtm/wait_target_reg[4]/D
  -------------------------------------------------------------------    -------------------

                         (clock sys_clk_pin rise edge)
                                                     10.000    10.000 r  
    W5                                                0.000    10.000 r  clk (IN)
                         net (fo=0)                   0.000    10.000    clk
    W5                   IBUF (Prop_ibuf_I_O)         1.388    11.388 r  clk_IBUF_inst/O
                         net (fo=1, routed)           1.862    13.250    clk_IBUF
    BUFGCTRL_X0Y0        BUFG (Prop_bufg_I_O)         0.091    13.341 r  clk_IBUF_BUFG_inst/O
                         net (fo=136, routed)         1.441    14.782    rtm/clk_IBUF_BUFG
    SLICE_X51Y29         FDCE                                         r  rtm/wait_target_reg[4]/C
                         clock pessimism              0.260    15.042    
                         clock uncertainty           -0.035    15.007    
    SLICE_X51Y29         FDCE (Setup_fdce_C_D)        0.062    15.069    rtm/wait_target_reg[4]
  -------------------------------------------------------------------
                         required time                         15.069    
                         arrival time                         -10.525    
  -------------------------------------------------------------------
                         slack                                  4.544    





Min Delay Paths
--------------------------------------------------------------------------------------
Slack (MET) :             0.198ns  (arrival time - required time)
  Source:                 db_react/data_sync0_reg/C
                            (rising edge-triggered cell FDCE clocked by sys_clk_pin  {rise@0.000ns fall@5.000ns period=10.000ns})
  Destination:            db_react/data_sync1_reg/D
                            (rising edge-triggered cell FDCE clocked by sys_clk_pin  {rise@0.000ns fall@5.000ns period=10.000ns})
  Path Group:             sys_clk_pin
  Path Type:              Hold (Min at Fast Process Corner)
  Requirement:            0.000ns  (sys_clk_pin rise@0.000ns - sys_clk_pin rise@0.000ns)
  Data Path Delay:        0.245ns  (logic 0.141ns (57.511%)  route 0.104ns (42.489%))
  Logic Levels:           0  
  Clock Path Skew:        0.000ns (DCD - SCD - CPR)
    Destination Clock Delay (DCD):    1.955ns
    Source Clock Delay      (SCD):    1.442ns
    Clock Pessimism Removal (CPR):    0.513ns

    Location             Delay type                Incr(ns)  Path(ns)    Netlist Resource(s)
  -------------------------------------------------------------------    -------------------
                         (clock sys_clk_pin rise edge)
                                                      0.000     0.000 r  
    W5                                                0.000     0.000 r  clk (IN)
                         net (fo=0)                   0.000     0.000    clk
    W5                   IBUF (Prop_ibuf_I_O)         0.226     0.226 r  clk_IBUF_inst/O
                         net (fo=1, routed)           0.631     0.858    clk_IBUF
    BUFGCTRL_X0Y0        BUFG (Prop_bufg_I_O)         0.026     0.884 r  clk_IBUF_BUFG_inst/O
                         net (fo=136, routed)         0.559     1.442    db_react/clk_IBUF_BUFG
    SLICE_X53Y31         FDCE                                         r  db_react/data_sync0_reg/C
  -------------------------------------------------------------------    -------------------
    SLICE_X53Y31         FDCE (Prop_fdce_C_Q)         0.141     1.583 r  db_react/data_sync0_reg/Q
                         net (fo=1, routed)           0.104     1.687    db_react/data_sync0_reg_n_0
    SLICE_X53Y31         FDCE                                         r  db_react/data_sync1_reg/D
  -------------------------------------------------------------------    -------------------

                         (clock sys_clk_pin rise edge)
                                                      0.000     0.000 r  
    W5                                                0.000     0.000 r  clk (IN)
                         net (fo=0)                   0.000     0.000    clk
    W5                   IBUF (Prop_ibuf_I_O)         0.414     0.414 r  clk_IBUF_inst/O
                         net (fo=1, routed)           0.685     1.099    clk_IBUF
    BUFGCTRL_X0Y0        BUFG (Prop_bufg_I_O)         0.029     1.128 r  clk_IBUF_BUFG_inst/O
                         net (fo=136, routed)         0.828     1.955    db_react/clk_IBUF_BUFG
    SLICE_X53Y31         FDCE                                         r  db_react/data_sync1_reg/C
                         clock pessimism             -0.513     1.442    
    SLICE_X53Y31         FDCE (Hold_fdce_C_D)         0.047     1.489    db_react/data_sync1_reg
  -------------------------------------------------------------------
                         required time                         -1.489    
                         arrival time                           1.687    
  -------------------------------------------------------------------
                         slack                                  0.198    

Slack (MET) :             0.202ns  (arrival time - required time)
  Source:                 rtm/random1/rnd_reg[10]/C
                            (rising edge-triggered cell FDCE clocked by sys_clk_pin  {rise@0.000ns fall@5.000ns period=10.000ns})
  Destination:            rtm/random1/rnd_reg[0]/D
                            (rising edge-triggered cell FDCE clocked by sys_clk_pin  {rise@0.000ns fall@5.000ns period=10.000ns})
  Path Group:             sys_clk_pin
  Path Type:              Hold (Min at Fast Process Corner)
  Requirement:            0.000ns  (sys_clk_pin rise@0.000ns - sys_clk_pin rise@0.000ns)
  Data Path Delay:        0.306ns  (logic 0.186ns (60.763%)  route 0.120ns (39.237%))
  Logic Levels:           1  (LUT4=1)
  Clock Path Skew:        0.013ns (DCD - SCD - CPR)
    Destination Clock Delay (DCD):    1.956ns
    Source Clock Delay      (SCD):    1.444ns
    Clock Pessimism Removal (CPR):    0.499ns

    Location             Delay type                Incr(ns)  Path(ns)    Netlist Resource(s)
  -------------------------------------------------------------------    -------------------
                         (clock sys_clk_pin rise edge)
                                                      0.000     0.000 r  
    W5                                                0.000     0.000 r  clk (IN)
                         net (fo=0)                   0.000     0.000    clk
    W5                   IBUF (Prop_ibuf_I_O)         0.226     0.226 r  clk_IBUF_inst/O
                         net (fo=1, routed)           0.631     0.858    clk_IBUF
    BUFGCTRL_X0Y0        BUFG (Prop_bufg_I_O)         0.026     0.884 r  clk_IBUF_BUFG_inst/O
                         net (fo=136, routed)         0.561     1.444    rtm/random1/clk_IBUF_BUFG
    SLICE_X49Y33         FDCE                                         r  rtm/random1/rnd_reg[10]/C
  -------------------------------------------------------------------    -------------------
    SLICE_X49Y33         FDCE (Prop_fdce_C_Q)         0.141     1.585 r  rtm/random1/rnd_reg[10]/Q
                         net (fo=4, routed)           0.120     1.705    rtm/random1/Q[10]
    SLICE_X48Y33         LUT4 (Prop_lut4_I0_O)        0.045     1.750 r  rtm/random1/p_0_out/O
                         net (fo=1, routed)           0.000     1.750    rtm/random1/p_0_out__0[0]
    SLICE_X48Y33         FDCE                                         r  rtm/random1/rnd_reg[0]/D
  -------------------------------------------------------------------    -------------------

                         (clock sys_clk_pin rise edge)
                                                      0.000     0.000 r  
    W5                                                0.000     0.000 r  clk (IN)
                         net (fo=0)                   0.000     0.000    clk
    W5                   IBUF (Prop_ibuf_I_O)         0.414     0.414 r  clk_IBUF_inst/O
                         net (fo=1, routed)           0.685     1.099    clk_IBUF
    BUFGCTRL_X0Y0        BUFG (Prop_bufg_I_O)         0.029     1.128 r  clk_IBUF_BUFG_inst/O
                         net (fo=136, routed)         0.829     1.956    rtm/random1/clk_IBUF_BUFG
    SLICE_X48Y33         FDCE                                         r  rtm/random1/rnd_reg[0]/C
                         clock pessimism             -0.499     1.457    
    SLICE_X48Y33         FDCE (Hold_fdce_C_D)         0.091     1.548    rtm/random1/rnd_reg[0]
  -------------------------------------------------------------------
                         required time                         -1.548    
                         arrival time                           1.750    
  -------------------------------------------------------------------
                         slack                                  0.202    

Slack (MET) :             0.222ns  (arrival time - required time)
  Source:                 rtm/FSM_sequential_state_reg[0]/C
                            (rising edge-triggered cell FDCE clocked by sys_clk_pin  {rise@0.000ns fall@5.000ns period=10.000ns})
  Destination:            rtm/wait_count_reg[4]/D
                            (rising edge-triggered cell FDCE clocked by sys_clk_pin  {rise@0.000ns fall@5.000ns period=10.000ns})
  Path Group:             sys_clk_pin
  Path Type:              Hold (Min at Fast Process Corner)
  Requirement:            0.000ns  (sys_clk_pin rise@0.000ns - sys_clk_pin rise@0.000ns)
  Data Path Delay:        0.327ns  (logic 0.209ns (63.956%)  route 0.118ns (36.044%))
  Logic Levels:           1  (LUT5=1)
  Clock Path Skew:        0.013ns (DCD - SCD - CPR)
    Destination Clock Delay (DCD):    1.956ns
    Source Clock Delay      (SCD):    1.443ns
    Clock Pessimism Removal (CPR):    0.500ns

    Location             Delay type                Incr(ns)  Path(ns)    Netlist Resource(s)
  -------------------------------------------------------------------    -------------------
                         (clock sys_clk_pin rise edge)
                                                      0.000     0.000 r  
    W5                                                0.000     0.000 r  clk (IN)
                         net (fo=0)                   0.000     0.000    clk
    W5                   IBUF (Prop_ibuf_I_O)         0.226     0.226 r  clk_IBUF_inst/O
                         net (fo=1, routed)           0.631     0.858    clk_IBUF
    BUFGCTRL_X0Y0        BUFG (Prop_bufg_I_O)         0.026     0.884 r  clk_IBUF_BUFG_inst/O
                         net (fo=136, routed)         0.560     1.443    rtm/clk_IBUF_BUFG
    SLICE_X52Y32         FDCE                                         r  rtm/FSM_sequential_state_reg[0]/C
  -------------------------------------------------------------------    -------------------
    SLICE_X52Y32         FDCE (Prop_fdce_C_Q)         0.164     1.607 r  rtm/FSM_sequential_state_reg[0]/Q
                         net (fo=34, routed)          0.118     1.725    rtm/state__0[0]
    SLICE_X53Y32         LUT5 (Prop_lut5_I1_O)        0.045     1.770 r  rtm/wait_count[4]_i_1/O
                         net (fo=1, routed)           0.000     1.770    rtm/wait_count[4]
    SLICE_X53Y32         FDCE                                         r  rtm/wait_count_reg[4]/D
  -------------------------------------------------------------------    -------------------

                         (clock sys_clk_pin rise edge)
                                                      0.000     0.000 r  
    W5                                                0.000     0.000 r  clk (IN)
                         net (fo=0)                   0.000     0.000    clk
    W5                   IBUF (Prop_ibuf_I_O)         0.414     0.414 r  clk_IBUF_inst/O
                         net (fo=1, routed)           0.685     1.099    clk_IBUF
    BUFGCTRL_X0Y0        BUFG (Prop_bufg_I_O)         0.029     1.128 r  clk_IBUF_BUFG_inst/O
                         net (fo=136, routed)         0.829     1.956    rtm/clk_IBUF_BUFG
    SLICE_X53Y32         FDCE                                         r  rtm/wait_count_reg[4]/C
                         clock pessimism             -0.500     1.456    
    SLICE_X53Y32         FDCE (Hold_fdce_C_D)         0.092     1.548    rtm/wait_count_reg[4]
  -------------------------------------------------------------------
                         required time                         -1.548    
                         arrival time                           1.770    
  -------------------------------------------------------------------
                         slack                                  0.222    

Slack (MET) :             0.225ns  (arrival time - required time)
  Source:                 rtm/FSM_sequential_state_reg[0]/C
                            (rising edge-triggered cell FDCE clocked by sys_clk_pin  {rise@0.000ns fall@5.000ns period=10.000ns})
  Destination:            rtm/wait_count_reg[0]/D
                            (rising edge-triggered cell FDCE clocked by sys_clk_pin  {rise@0.000ns fall@5.000ns period=10.000ns})
  Path Group:             sys_clk_pin
  Path Type:              Hold (Min at Fast Process Corner)
  Requirement:            0.000ns  (sys_clk_pin rise@0.000ns - sys_clk_pin rise@0.000ns)
  Data Path Delay:        0.330ns  (logic 0.209ns (63.374%)  route 0.121ns (36.626%))
  Logic Levels:           1  (LUT5=1)
  Clock Path Skew:        0.013ns (DCD - SCD - CPR)
    Destination Clock Delay (DCD):    1.956ns
    Source Clock Delay      (SCD):    1.443ns
    Clock Pessimism Removal (CPR):    0.500ns

    Location             Delay type                Incr(ns)  Path(ns)    Netlist Resource(s)
  -------------------------------------------------------------------    -------------------
                         (clock sys_clk_pin rise edge)
                                                      0.000     0.000 r  
    W5                                                0.000     0.000 r  clk (IN)
                         net (fo=0)                   0.000     0.000    clk
    W5                   IBUF (Prop_ibuf_I_O)         0.226     0.226 r  clk_IBUF_inst/O
                         net (fo=1, routed)           0.631     0.858    clk_IBUF
    BUFGCTRL_X0Y0        BUFG (Prop_bufg_I_O)         0.026     0.884 r  clk_IBUF_BUFG_inst/O
                         net (fo=136, routed)         0.560     1.443    rtm/clk_IBUF_BUFG
    SLICE_X52Y32         FDCE                                         r  rtm/FSM_sequential_state_reg[0]/C
  -------------------------------------------------------------------    -------------------
    SLICE_X52Y32         FDCE (Prop_fdce_C_Q)         0.164     1.607 r  rtm/FSM_sequential_state_reg[0]/Q
                         net (fo=34, routed)          0.121     1.728    rtm/state__0[0]
    SLICE_X53Y32         LUT5 (Prop_lut5_I1_O)        0.045     1.773 r  rtm/wait_count[0]_i_1/O
                         net (fo=1, routed)           0.000     1.773    rtm/wait_count[0]
    SLICE_X53Y32         FDCE                                         r  rtm/wait_count_reg[0]/D
  -------------------------------------------------------------------    -------------------

                         (clock sys_clk_pin rise edge)
                                                      0.000     0.000 r  
    W5                                                0.000     0.000 r  clk (IN)
                         net (fo=0)                   0.000     0.000    clk
    W5                   IBUF (Prop_ibuf_I_O)         0.414     0.414 r  clk_IBUF_inst/O
                         net (fo=1, routed)           0.685     1.099    clk_IBUF
    BUFGCTRL_X0Y0        BUFG (Prop_bufg_I_O)         0.029     1.128 r  clk_IBUF_BUFG_inst/O
                         net (fo=136, routed)         0.829     1.956    rtm/clk_IBUF_BUFG
    SLICE_X53Y32         FDCE                                         r  rtm/wait_count_reg[0]/C
                         clock pessimism             -0.500     1.456    
    SLICE_X53Y32         FDCE (Hold_fdce_C_D)         0.092     1.548    rtm/wait_count_reg[0]
  -------------------------------------------------------------------
                         required time                         -1.548    
                         arrival time                           1.773    
  -------------------------------------------------------------------
                         slack                                  0.225    

Slack (MET) :             0.225ns  (arrival time - required time)
  Source:                 db_react/debounced_reg/C
                            (rising edge-triggered cell FDCE clocked by sys_clk_pin  {rise@0.000ns fall@5.000ns period=10.000ns})
  Destination:            rtm/react_old_reg/D
                            (rising edge-triggered cell FDCE clocked by sys_clk_pin  {rise@0.000ns fall@5.000ns period=10.000ns})
  Path Group:             sys_clk_pin
  Path Type:              Hold (Min at Fast Process Corner)
  Requirement:            0.000ns  (sys_clk_pin rise@0.000ns - sys_clk_pin rise@0.000ns)
  Data Path Delay:        0.297ns  (logic 0.164ns (55.174%)  route 0.133ns (44.826%))
  Logic Levels:           0  
  Clock Path Skew:        0.013ns (DCD - SCD - CPR)
    Destination Clock Delay (DCD):    1.955ns
    Source Clock Delay      (SCD):    1.443ns
    Clock Pessimism Removal (CPR):    0.499ns

    Location             Delay type                Incr(ns)  Path(ns)    Netlist Resource(s)
  -------------------------------------------------------------------    -------------------
                         (clock sys_clk_pin rise edge)
                                                      0.000     0.000 r  
    W5                                                0.000     0.000 r  clk (IN)
                         net (fo=0)                   0.000     0.000    clk
    W5                   IBUF (Prop_ibuf_I_O)         0.226     0.226 r  clk_IBUF_inst/O
                         net (fo=1, routed)           0.631     0.858    clk_IBUF
    BUFGCTRL_X0Y0        BUFG (Prop_bufg_I_O)         0.026     0.884 r  clk_IBUF_BUFG_inst/O
                         net (fo=136, routed)         0.560     1.443    db_react/clk_IBUF_BUFG
    SLICE_X54Y32         FDCE                                         r  db_react/debounced_reg/C
  -------------------------------------------------------------------    -------------------
    SLICE_X54Y32         FDCE (Prop_fdce_C_Q)         0.164     1.607 r  db_react/debounced_reg/Q
                         net (fo=4, routed)           0.133     1.740    rtm/react_db
    SLICE_X54Y31         FDCE                                         r  rtm/react_old_reg/D
  -------------------------------------------------------------------    -------------------

                         (clock sys_clk_pin rise edge)
                                                      0.000     0.000 r  
    W5                                                0.000     0.000 r  clk (IN)
                         net (fo=0)                   0.000     0.000    clk
    W5                   IBUF (Prop_ibuf_I_O)         0.414     0.414 r  clk_IBUF_inst/O
                         net (fo=1, routed)           0.685     1.099    clk_IBUF
    BUFGCTRL_X0Y0        BUFG (Prop_bufg_I_O)         0.029     1.128 r  clk_IBUF_BUFG_inst/O
                         net (fo=136, routed)         0.828     1.955    rtm/clk_IBUF_BUFG
    SLICE_X54Y31         FDCE                                         r  rtm/react_old_reg/C
                         clock pessimism             -0.499     1.456    
    SLICE_X54Y31         FDCE (Hold_fdce_C_D)         0.059     1.515    rtm/react_old_reg
  -------------------------------------------------------------------
                         required time                         -1.515    
                         arrival time                           1.740    
  -------------------------------------------------------------------
                         slack                                  0.225    

Slack (MET) :             0.237ns  (arrival time - required time)
  Source:                 rtm/FSM_sequential_state_reg[1]/C
                            (rising edge-triggered cell FDCE clocked by sys_clk_pin  {rise@0.000ns fall@5.000ns period=10.000ns})
  Destination:            rtm/wait_count_reg[2]/D
                            (rising edge-triggered cell FDCE clocked by sys_clk_pin  {rise@0.000ns fall@5.000ns period=10.000ns})
  Path Group:             sys_clk_pin
  Path Type:              Hold (Min at Fast Process Corner)
  Requirement:            0.000ns  (sys_clk_pin rise@0.000ns - sys_clk_pin rise@0.000ns)
  Data Path Delay:        0.371ns  (logic 0.209ns (56.267%)  route 0.162ns (43.733%))
  Logic Levels:           1  (LUT5=1)
  Clock Path Skew:        0.013ns (DCD - SCD - CPR)
    Destination Clock Delay (DCD):    1.955ns
    Source Clock Delay      (SCD):    1.443ns
    Clock Pessimism Removal (CPR):    0.499ns

    Location             Delay type                Incr(ns)  Path(ns)    Netlist Resource(s)
  -------------------------------------------------------------------    -------------------
                         (clock sys_clk_pin rise edge)
                                                      0.000     0.000 r  
    W5                                                0.000     0.000 r  clk (IN)
                         net (fo=0)                   0.000     0.000    clk
    W5                   IBUF (Prop_ibuf_I_O)         0.226     0.226 r  clk_IBUF_inst/O
                         net (fo=1, routed)           0.631     0.858    clk_IBUF
    BUFGCTRL_X0Y0        BUFG (Prop_bufg_I_O)         0.026     0.884 r  clk_IBUF_BUFG_inst/O
                         net (fo=136, routed)         0.560     1.443    rtm/clk_IBUF_BUFG
    SLICE_X52Y32         FDCE                                         r  rtm/FSM_sequential_state_reg[1]/C
  -------------------------------------------------------------------    -------------------
    SLICE_X52Y32         FDCE (Prop_fdce_C_Q)         0.164     1.607 f  rtm/FSM_sequential_state_reg[1]/Q
                         net (fo=35, routed)          0.162     1.770    rtm/state__0[1]
    SLICE_X52Y31         LUT5 (Prop_lut5_I0_O)        0.045     1.815 r  rtm/wait_count[2]_i_1/O
                         net (fo=1, routed)           0.000     1.815    rtm/wait_count[2]
    SLICE_X52Y31         FDCE                                         r  rtm/wait_count_reg[2]/D
  -------------------------------------------------------------------    -------------------

                         (clock sys_clk_pin rise edge)
                                                      0.000     0.000 r  
    W5                                                0.000     0.000 r  clk (IN)
                         net (fo=0)                   0.000     0.000    clk
    W5                   IBUF (Prop_ibuf_I_O)         0.414     0.414 r  clk_IBUF_inst/O
                         net (fo=1, routed)           0.685     1.099    clk_IBUF
    BUFGCTRL_X0Y0        BUFG (Prop_bufg_I_O)         0.029     1.128 r  clk_IBUF_BUFG_inst/O
                         net (fo=136, routed)         0.828     1.955    rtm/clk_IBUF_BUFG
    SLICE_X52Y31         FDCE                                         r  rtm/wait_count_reg[2]/C
                         clock pessimism             -0.499     1.456    
    SLICE_X52Y31         FDCE (Hold_fdce_C_D)         0.121     1.577    rtm/wait_count_reg[2]
  -------------------------------------------------------------------
                         required time                         -1.577    
                         arrival time                           1.815    
  -------------------------------------------------------------------
                         slack                                  0.237    

Slack (MET) :             0.246ns  (arrival time - required time)
  Source:                 clkdiv/count_reg[0]/C
                            (rising edge-triggered cell FDCE clocked by sys_clk_pin  {rise@0.000ns fall@5.000ns period=10.000ns})
  Destination:            clkdiv/count_reg[0]/D
                            (rising edge-triggered cell FDCE clocked by sys_clk_pin  {rise@0.000ns fall@5.000ns period=10.000ns})
  Path Group:             sys_clk_pin
  Path Type:              Hold (Min at Fast Process Corner)
  Requirement:            0.000ns  (sys_clk_pin rise@0.000ns - sys_clk_pin rise@0.000ns)
  Data Path Delay:        0.351ns  (logic 0.183ns (52.092%)  route 0.168ns (47.908%))
  Logic Levels:           1  (LUT1=1)
  Clock Path Skew:        0.000ns (DCD - SCD - CPR)
    Destination Clock Delay (DCD):    1.959ns
    Source Clock Delay      (SCD):    1.445ns
    Clock Pessimism Removal (CPR):    0.514ns

    Location             Delay type                Incr(ns)  Path(ns)    Netlist Resource(s)
  -------------------------------------------------------------------    -------------------
                         (clock sys_clk_pin rise edge)
                                                      0.000     0.000 r  
    W5                                                0.000     0.000 r  clk (IN)
                         net (fo=0)                   0.000     0.000    clk
    W5                   IBUF (Prop_ibuf_I_O)         0.226     0.226 r  clk_IBUF_inst/O
                         net (fo=1, routed)           0.631     0.858    clk_IBUF
    BUFGCTRL_X0Y0        BUFG (Prop_bufg_I_O)         0.026     0.884 r  clk_IBUF_BUFG_inst/O
                         net (fo=136, routed)         0.562     1.445    clkdiv/clk_IBUF_BUFG
    SLICE_X53Y35         FDCE                                         r  clkdiv/count_reg[0]/C
  -------------------------------------------------------------------    -------------------
    SLICE_X53Y35         FDCE (Prop_fdce_C_Q)         0.141     1.586 f  clkdiv/count_reg[0]/Q
                         net (fo=3, routed)           0.168     1.754    clkdiv/count[0]
    SLICE_X53Y35         LUT1 (Prop_lut1_I0_O)        0.042     1.796 r  clkdiv/count[0]_i_1/O
                         net (fo=1, routed)           0.000     1.796    clkdiv/count_1[0]
    SLICE_X53Y35         FDCE                                         r  clkdiv/count_reg[0]/D
  -------------------------------------------------------------------    -------------------

                         (clock sys_clk_pin rise edge)
                                                      0.000     0.000 r  
    W5                                                0.000     0.000 r  clk (IN)
                         net (fo=0)                   0.000     0.000    clk
    W5                   IBUF (Prop_ibuf_I_O)         0.414     0.414 r  clk_IBUF_inst/O
                         net (fo=1, routed)           0.685     1.099    clk_IBUF
    BUFGCTRL_X0Y0        BUFG (Prop_bufg_I_O)         0.029     1.128 r  clk_IBUF_BUFG_inst/O
                         net (fo=136, routed)         0.832     1.959    clkdiv/clk_IBUF_BUFG
    SLICE_X53Y35         FDCE                                         r  clkdiv/count_reg[0]/C
                         clock pessimism             -0.514     1.445    
    SLICE_X53Y35         FDCE (Hold_fdce_C_D)         0.105     1.550    clkdiv/count_reg[0]
  -------------------------------------------------------------------
                         required time                         -1.550    
                         arrival time                           1.796    
  -------------------------------------------------------------------
                         slack                                  0.246    

Slack (MET) :             0.254ns  (arrival time - required time)
  Source:                 disp/refresh_reg[14]/C
                            (rising edge-triggered cell FDRE clocked by sys_clk_pin  {rise@0.000ns fall@5.000ns period=10.000ns})
  Destination:            disp/refresh_reg[14]/D
                            (rising edge-triggered cell FDRE clocked by sys_clk_pin  {rise@0.000ns fall@5.000ns period=10.000ns})
  Path Group:             sys_clk_pin
  Path Type:              Hold (Min at Fast Process Corner)
  Requirement:            0.000ns  (sys_clk_pin rise@0.000ns - sys_clk_pin rise@0.000ns)
  Data Path Delay:        0.388ns  (logic 0.274ns (70.550%)  route 0.114ns (29.450%))
  Logic Levels:           1  (CARRY4=1)
  Clock Path Skew:        0.000ns (DCD - SCD - CPR)
    Destination Clock Delay (DCD):    1.988ns
    Source Clock Delay      (SCD):    1.474ns
    Clock Pessimism Removal (CPR):    0.514ns

    Location             Delay type                Incr(ns)  Path(ns)    Netlist Resource(s)
  -------------------------------------------------------------------    -------------------
                         (clock sys_clk_pin rise edge)
                                                      0.000     0.000 r  
    W5                                                0.000     0.000 r  clk (IN)
                         net (fo=0)                   0.000     0.000    clk
    W5                   IBUF (Prop_ibuf_I_O)         0.226     0.226 r  clk_IBUF_inst/O
                         net (fo=1, routed)           0.631     0.858    clk_IBUF
    BUFGCTRL_X0Y0        BUFG (Prop_bufg_I_O)         0.026     0.884 r  clk_IBUF_BUFG_inst/O
                         net (fo=136, routed)         0.591     1.474    disp/clk_IBUF_BUFG
    SLICE_X64Y35         FDRE                                         r  disp/refresh_reg[14]/C
  -------------------------------------------------------------------    -------------------
    SLICE_X64Y35         FDRE (Prop_fdre_C_Q)         0.164     1.638 r  disp/refresh_reg[14]/Q
                         net (fo=1, routed)           0.114     1.753    disp/refresh_reg_n_0_[14]
    SLICE_X64Y35         CARRY4 (Prop_carry4_S[2]_O[2])
                                                      0.110     1.863 r  disp/refresh_reg[12]_i_1/O[2]
                         net (fo=1, routed)           0.000     1.863    disp/refresh_reg[12]_i_1_n_5
    SLICE_X64Y35         FDRE                                         r  disp/refresh_reg[14]/D
  -------------------------------------------------------------------    -------------------

                         (clock sys_clk_pin rise edge)
                                                      0.000     0.000 r  
    W5                                                0.000     0.000 r  clk (IN)
                         net (fo=0)                   0.000     0.000    clk
    W5                   IBUF (Prop_ibuf_I_O)         0.414     0.414 r  clk_IBUF_inst/O
                         net (fo=1, routed)           0.685     1.099    clk_IBUF
    BUFGCTRL_X0Y0        BUFG (Prop_bufg_I_O)         0.029     1.128 r  clk_IBUF_BUFG_inst/O
                         net (fo=136, routed)         0.861     1.988    disp/clk_IBUF_BUFG
    SLICE_X64Y35         FDRE                                         r  disp/refresh_reg[14]/C
                         clock pessimism             -0.514     1.474    
    SLICE_X64Y35         FDRE (Hold_fdre_C_D)         0.134     1.608    disp/refresh_reg[14]
  -------------------------------------------------------------------
                         required time                         -1.608    
                         arrival time                           1.863    
  -------------------------------------------------------------------
                         slack                                  0.254    

Slack (MET) :             0.254ns  (arrival time - required time)
  Source:                 disp/refresh_reg[6]/C
                            (rising edge-triggered cell FDRE clocked by sys_clk_pin  {rise@0.000ns fall@5.000ns period=10.000ns})
  Destination:            disp/refresh_reg[6]/D
                            (rising edge-triggered cell FDRE clocked by sys_clk_pin  {rise@0.000ns fall@5.000ns period=10.000ns})
  Path Group:             sys_clk_pin
  Path Type:              Hold (Min at Fast Process Corner)
  Requirement:            0.000ns  (sys_clk_pin rise@0.000ns - sys_clk_pin rise@0.000ns)
  Data Path Delay:        0.388ns  (logic 0.274ns (70.550%)  route 0.114ns (29.450%))
  Logic Levels:           1  (CARRY4=1)
  Clock Path Skew:        0.000ns (DCD - SCD - CPR)
    Destination Clock Delay (DCD):    1.986ns
    Source Clock Delay      (SCD):    1.473ns
    Clock Pessimism Removal (CPR):    0.513ns

    Location             Delay type                Incr(ns)  Path(ns)    Netlist Resource(s)
  -------------------------------------------------------------------    -------------------
                         (clock sys_clk_pin rise edge)
                                                      0.000     0.000 r  
    W5                                                0.000     0.000 r  clk (IN)
                         net (fo=0)                   0.000     0.000    clk
    W5                   IBUF (Prop_ibuf_I_O)         0.226     0.226 r  clk_IBUF_inst/O
                         net (fo=1, routed)           0.631     0.858    clk_IBUF
    BUFGCTRL_X0Y0        BUFG (Prop_bufg_I_O)         0.026     0.884 r  clk_IBUF_BUFG_inst/O
                         net (fo=136, routed)         0.590     1.473    disp/clk_IBUF_BUFG
    SLICE_X64Y33         FDRE                                         r  disp/refresh_reg[6]/C
  -------------------------------------------------------------------    -------------------
    SLICE_X64Y33         FDRE (Prop_fdre_C_Q)         0.164     1.637 r  disp/refresh_reg[6]/Q
                         net (fo=1, routed)           0.114     1.752    disp/refresh_reg_n_0_[6]
    SLICE_X64Y33         CARRY4 (Prop_carry4_S[2]_O[2])
                                                      0.110     1.862 r  disp/refresh_reg[4]_i_1/O[2]
                         net (fo=1, routed)           0.000     1.862    disp/refresh_reg[4]_i_1_n_5
    SLICE_X64Y33         FDRE                                         r  disp/refresh_reg[6]/D
  -------------------------------------------------------------------    -------------------

                         (clock sys_clk_pin rise edge)
                                                      0.000     0.000 r  
    W5                                                0.000     0.000 r  clk (IN)
                         net (fo=0)                   0.000     0.000    clk
    W5                   IBUF (Prop_ibuf_I_O)         0.414     0.414 r  clk_IBUF_inst/O
                         net (fo=1, routed)           0.685     1.099    clk_IBUF
    BUFGCTRL_X0Y0        BUFG (Prop_bufg_I_O)         0.029     1.128 r  clk_IBUF_BUFG_inst/O
                         net (fo=136, routed)         0.859     1.986    disp/clk_IBUF_BUFG
    SLICE_X64Y33         FDRE                                         r  disp/refresh_reg[6]/C
                         clock pessimism             -0.513     1.473    
    SLICE_X64Y33         FDRE (Hold_fdre_C_D)         0.134     1.607    disp/refresh_reg[6]
  -------------------------------------------------------------------
                         required time                         -1.607    
                         arrival time                           1.862    
  -------------------------------------------------------------------
                         slack                                  0.254    

Slack (MET) :             0.254ns  (arrival time - required time)
  Source:                 disp/refresh_reg[2]/C
                            (rising edge-triggered cell FDRE clocked by sys_clk_pin  {rise@0.000ns fall@5.000ns period=10.000ns})
  Destination:            disp/refresh_reg[2]/D
                            (rising edge-triggered cell FDRE clocked by sys_clk_pin  {rise@0.000ns fall@5.000ns period=10.000ns})
  Path Group:             sys_clk_pin
  Path Type:              Hold (Min at Fast Process Corner)
  Requirement:            0.000ns  (sys_clk_pin rise@0.000ns - sys_clk_pin rise@0.000ns)
  Data Path Delay:        0.388ns  (logic 0.274ns (70.550%)  route 0.114ns (29.450%))
  Logic Levels:           1  (CARRY4=1)
  Clock Path Skew:        0.000ns (DCD - SCD - CPR)
    Destination Clock Delay (DCD):    1.985ns
    Source Clock Delay      (SCD):    1.472ns
    Clock Pessimism Removal (CPR):    0.513ns

    Location             Delay type                Incr(ns)  Path(ns)    Netlist Resource(s)
  -------------------------------------------------------------------    -------------------
                         (clock sys_clk_pin rise edge)
                                                      0.000     0.000 r  
    W5                                                0.000     0.000 r  clk (IN)
                         net (fo=0)                   0.000     0.000    clk
    W5                   IBUF (Prop_ibuf_I_O)         0.226     0.226 r  clk_IBUF_inst/O
                         net (fo=1, routed)           0.631     0.858    clk_IBUF
    BUFGCTRL_X0Y0        BUFG (Prop_bufg_I_O)         0.026     0.884 r  clk_IBUF_BUFG_inst/O
                         net (fo=136, routed)         0.589     1.472    disp/clk_IBUF_BUFG
    SLICE_X64Y32         FDRE                                         r  disp/refresh_reg[2]/C
  -------------------------------------------------------------------    -------------------
    SLICE_X64Y32         FDRE (Prop_fdre_C_Q)         0.164     1.636 r  disp/refresh_reg[2]/Q
                         net (fo=1, routed)           0.114     1.751    disp/refresh_reg_n_0_[2]
    SLICE_X64Y32         CARRY4 (Prop_carry4_S[2]_O[2])
                                                      0.110     1.861 r  disp/refresh_reg[0]_i_1/O[2]
                         net (fo=1, routed)           0.000     1.861    disp/refresh_reg[0]_i_1_n_5
    SLICE_X64Y32         FDRE                                         r  disp/refresh_reg[2]/D
  -------------------------------------------------------------------    -------------------

                         (clock sys_clk_pin rise edge)
                                                      0.000     0.000 r  
    W5                                                0.000     0.000 r  clk (IN)
                         net (fo=0)                   0.000     0.000    clk
    W5                   IBUF (Prop_ibuf_I_O)         0.414     0.414 r  clk_IBUF_inst/O
                         net (fo=1, routed)           0.685     1.099    clk_IBUF
    BUFGCTRL_X0Y0        BUFG (Prop_bufg_I_O)         0.029     1.128 r  clk_IBUF_BUFG_inst/O
                         net (fo=136, routed)         0.858     1.985    disp/clk_IBUF_BUFG
    SLICE_X64Y32         FDRE                                         r  disp/refresh_reg[2]/C
                         clock pessimism             -0.513     1.472    
    SLICE_X64Y32         FDRE (Hold_fdre_C_D)         0.134     1.606    disp/refresh_reg[2]
  -------------------------------------------------------------------
                         required time                         -1.606    
                         arrival time                           1.861    
  -------------------------------------------------------------------
                         slack                                  0.254    





Pulse Width Checks
--------------------------------------------------------------------------------------
Clock Name:         sys_clk_pin
Waveform(ns):       { 0.000 5.000 }
Period(ns):         10.000
Sources:            { clk }

Check Type        Corner  Lib Pin  Reference Pin  Required(ns)  Actual(ns)  Slack(ns)  Location       Pin
Min Period        n/a     BUFG/I   n/a            2.155         10.000      7.845      BUFGCTRL_X0Y0  clk_IBUF_BUFG_inst/I
Min Period        n/a     FDCE/C   n/a            1.000         10.000      9.000      SLICE_X53Y35   clkdiv/count_reg[0]/C
Min Period        n/a     FDCE/C   n/a            1.000         10.000      9.000      SLICE_X53Y36   clkdiv/count_reg[10]/C
Min Period        n/a     FDCE/C   n/a            1.000         10.000      9.000      SLICE_X53Y36   clkdiv/count_reg[11]/C
Min Period        n/a     FDCE/C   n/a            1.000         10.000      9.000      SLICE_X53Y36   clkdiv/count_reg[12]/C
Min Period        n/a     FDCE/C   n/a            1.000         10.000      9.000      SLICE_X53Y37   clkdiv/count_reg[13]/C
Min Period        n/a     FDCE/C   n/a            1.000         10.000      9.000      SLICE_X53Y37   clkdiv/count_reg[14]/C
Min Period        n/a     FDCE/C   n/a            1.000         10.000      9.000      SLICE_X53Y37   clkdiv/count_reg[15]/C
Min Period        n/a     FDCE/C   n/a            1.000         10.000      9.000      SLICE_X53Y37   clkdiv/count_reg[16]/C
Min Period        n/a     FDCE/C   n/a            1.000         10.000      9.000      SLICE_X53Y34   clkdiv/count_reg[1]/C
Low Pulse Width   Slow    FDCE/C   n/a            0.500         5.000       4.500      SLICE_X53Y35   clkdiv/count_reg[0]/C
Low Pulse Width   Fast    FDCE/C   n/a            0.500         5.000       4.500      SLICE_X53Y35   clkdiv/count_reg[0]/C
Low Pulse Width   Slow    FDCE/C   n/a            0.500         5.000       4.500      SLICE_X53Y36   clkdiv/count_reg[10]/C
Low Pulse Width   Fast    FDCE/C   n/a            0.500         5.000       4.500      SLICE_X53Y36   clkdiv/count_reg[10]/C
Low Pulse Width   Slow    FDCE/C   n/a            0.500         5.000       4.500      SLICE_X53Y36   clkdiv/count_reg[11]/C
Low Pulse Width   Fast    FDCE/C   n/a            0.500         5.000       4.500      SLICE_X53Y36   clkdiv/count_reg[11]/C
Low Pulse Width   Slow    FDCE/C   n/a            0.500         5.000       4.500      SLICE_X53Y36   clkdiv/count_reg[12]/C
Low Pulse Width   Fast    FDCE/C   n/a            0.500         5.000       4.500      SLICE_X53Y36   clkdiv/count_reg[12]/C
Low Pulse Width   Slow    FDCE/C   n/a            0.500         5.000       4.500      SLICE_X53Y37   clkdiv/count_reg[13]/C
Low Pulse Width   Fast    FDCE/C   n/a            0.500         5.000       4.500      SLICE_X53Y37   clkdiv/count_reg[13]/C
High Pulse Width  Slow    FDCE/C   n/a            0.500         5.000       4.500      SLICE_X53Y35   clkdiv/count_reg[0]/C
High Pulse Width  Fast    FDCE/C   n/a            0.500         5.000       4.500      SLICE_X53Y35   clkdiv/count_reg[0]/C
High Pulse Width  Slow    FDCE/C   n/a            0.500         5.000       4.500      SLICE_X53Y36   clkdiv/count_reg[10]/C
High Pulse Width  Fast    FDCE/C   n/a            0.500         5.000       4.500      SLICE_X53Y36   clkdiv/count_reg[10]/C
High Pulse Width  Slow    FDCE/C   n/a            0.500         5.000       4.500      SLICE_X53Y36   clkdiv/count_reg[11]/C
High Pulse Width  Fast    FDCE/C   n/a            0.500         5.000       4.500      SLICE_X53Y36   clkdiv/count_reg[11]/C
High Pulse Width  Slow    FDCE/C   n/a            0.500         5.000       4.500      SLICE_X53Y36   clkdiv/count_reg[12]/C
High Pulse Width  Fast    FDCE/C   n/a            0.500         5.000       4.500      SLICE_X53Y36   clkdiv/count_reg[12]/C
High Pulse Width  Slow    FDCE/C   n/a            0.500         5.000       4.500      SLICE_X53Y37   clkdiv/count_reg[13]/C
High Pulse Width  Fast    FDCE/C   n/a            0.500         5.000       4.500      SLICE_X53Y37   clkdiv/count_reg[13]/C



--------------------------------------------------------------------------------------
Path Group:  (none)
From Clock:  sys_clk_pin
  To Clock:  

Max Delay            12 Endpoints
Min Delay            12 Endpoints
--------------------------------------------------------------------------------------


Max Delay Paths
--------------------------------------------------------------------------------------
Slack:                    inf
  Source:                 rtm/reaction_time_reg[12]/C
                            (rising edge-triggered cell FDCE clocked by sys_clk_pin  {rise@0.000ns fall@5.000ns period=10.000ns})
  Destination:            seg[5]
                            (output port)
  Path Group:             (none)
  Path Type:              Max at Slow Process Corner
  Data Path Delay:        48.693ns  (logic 18.189ns (37.355%)  route 30.504ns (62.645%))
  Logic Levels:           47  (CARRY4=25 LUT2=4 LUT3=5 LUT4=6 LUT5=3 LUT6=3 OBUF=1)
  Clock Uncertainty:      0.025ns  ((TSJ^2 + TIJ^2)^1/2 + DJ) / 2 + PE
    Total System Jitter     (TSJ):    0.050ns
    Total Input Jitter      (TIJ):    0.000ns
    Discrete Jitter          (DJ):    0.000ns
    Phase Error              (PE):    0.000ns

    Location             Delay type                Incr(ns)  Path(ns)    Netlist Resource(s)
  -------------------------------------------------------------------    -------------------
                         (clock sys_clk_pin rise edge)
                                                      0.000     0.000 r  
    W5                                                0.000     0.000 r  clk (IN)
                         net (fo=0)                   0.000     0.000    clk
    W5                   IBUF (Prop_ibuf_I_O)         1.458     1.458 r  clk_IBUF_inst/O
                         net (fo=1, routed)           1.967     3.425    clk_IBUF
    BUFGCTRL_X0Y0        BUFG (Prop_bufg_I_O)         0.096     3.521 r  clk_IBUF_BUFG_inst/O
                         net (fo=136, routed)         1.557     5.078    rtm/clk_IBUF_BUFG
    SLICE_X48Y29         FDCE                                         r  rtm/reaction_time_reg[12]/C
  -------------------------------------------------------------------    -------------------
    SLICE_X48Y29         FDCE (Prop_fdce_C_Q)         0.419     5.497 r  rtm/reaction_time_reg[12]/Q
                         net (fo=32, routed)          2.168     7.665    rtm/reaction_time[12]
    SLICE_X43Y22         LUT3 (Prop_lut3_I0_O)        0.296     7.961 r  rtm/seg_OBUF[6]_inst_i_802/O
                         net (fo=1, routed)           0.000     7.961    rtm/seg_OBUF[6]_inst_i_802_n_0
    SLICE_X43Y22         CARRY4 (Prop_carry4_S[0]_O[1])
                                                      0.424     8.385 r  rtm/seg_OBUF[6]_inst_i_635/O[1]
                         net (fo=2, routed)           0.808     9.193    rtm/seg_OBUF[6]_inst_i_635_n_6
    SLICE_X42Y22         LUT5 (Prop_lut5_I4_O)        0.303     9.496 r  rtm/seg_OBUF[6]_inst_i_638/O
                         net (fo=1, routed)           0.000     9.496    rtm/seg_OBUF[6]_inst_i_638_n_0
    SLICE_X42Y22         CARRY4 (Prop_carry4_S[1]_O[3])
                                                      0.643    10.139 r  rtm/seg_OBUF[6]_inst_i_484/O[3]
                         net (fo=1, routed)           0.990    11.129    rtm/seg_OBUF[6]_inst_i_484_n_4
    SLICE_X45Y25         LUT2 (Prop_lut2_I1_O)        0.307    11.436 r  rtm/seg_OBUF[6]_inst_i_330/O
                         net (fo=1, routed)           0.000    11.436    rtm/seg_OBUF[6]_inst_i_330_n_0
    SLICE_X45Y25         CARRY4 (Prop_carry4_S[1]_O[2])
                                                      0.580    12.016 r  rtm/seg_OBUF[6]_inst_i_187/O[2]
                         net (fo=20, routed)          2.177    14.193    rtm/seg_OBUF[6]_inst_i_187_n_5
    SLICE_X51Y20         LUT5 (Prop_lut5_I4_O)        0.302    14.495 f  rtm/seg_OBUF[6]_inst_i_327/O
                         net (fo=43, routed)          1.646    16.142    rtm/seg_OBUF[6]_inst_i_459_n_0
    SLICE_X49Y23         LUT3 (Prop_lut3_I2_O)        0.150    16.292 r  rtm/seg_OBUF[6]_inst_i_452/O
                         net (fo=4, routed)           1.263    17.554    rtm/seg_OBUF[6]_inst_i_452_n_0
    SLICE_X49Y23         LUT4 (Prop_lut4_I3_O)        0.326    17.880 r  rtm/seg_OBUF[6]_inst_i_819/O
                         net (fo=1, routed)           0.000    17.880    rtm/seg_OBUF[6]_inst_i_819_n_0
    SLICE_X49Y23         CARRY4 (Prop_carry4_S[1]_CO[3])
                                                      0.550    18.430 r  rtm/seg_OBUF[6]_inst_i_649/CO[3]
                         net (fo=1, routed)           0.000    18.430    rtm/seg_OBUF[6]_inst_i_649_n_0
    SLICE_X49Y24         CARRY4 (Prop_carry4_CI_O[1])
                                                      0.334    18.764 r  rtm/seg_OBUF[6]_inst_i_498/O[1]
                         net (fo=4, routed)           1.112    19.877    rtm_n_116
    SLICE_X49Y20         LUT4 (Prop_lut4_I2_O)        0.329    20.206 r  seg_OBUF[6]_inst_i_336/O
                         net (fo=2, routed)           1.226    21.432    seg_OBUF[6]_inst_i_336_n_0
    SLICE_X49Y20         LUT5 (Prop_lut5_I4_O)        0.326    21.758 r  seg_OBUF[6]_inst_i_340/O
                         net (fo=1, routed)           0.000    21.758    rtm/seg_OBUF[6]_inst_i_482_0[1]
    SLICE_X49Y20         CARRY4 (Prop_carry4_S[1]_CO[3])
                                                      0.550    22.308 r  rtm/seg_OBUF[6]_inst_i_193/CO[3]
                         net (fo=1, routed)           0.000    22.308    rtm/seg_OBUF[6]_inst_i_193_n_0
    SLICE_X49Y21         CARRY4 (Prop_carry4_CI_O[0])
                                                      0.222    22.530 r  rtm/seg_OBUF[6]_inst_i_632/O[0]
                         net (fo=2, routed)           1.060    23.590    rtm_n_125
    SLICE_X49Y26         LUT4 (Prop_lut4_I3_O)        0.299    23.889 r  seg_OBUF[6]_inst_i_481/O
                         net (fo=1, routed)           0.000    23.889    seg_OBUF[6]_inst_i_481_n_0
    SLICE_X49Y26         CARRY4 (Prop_carry4_S[1]_O[2])
                                                      0.580    24.469 r  seg_OBUF[6]_inst_i_328/O[2]
                         net (fo=1, routed)           0.816    25.285    rtm/seg_OBUF[6]_inst_i_90_0[2]
    SLICE_X51Y23         LUT2 (Prop_lut2_I1_O)        0.302    25.587 r  rtm/seg_OBUF[6]_inst_i_183/O
                         net (fo=1, routed)           0.000    25.587    rtm/seg_OBUF[6]_inst_i_183_n_0
    SLICE_X51Y23         CARRY4 (Prop_carry4_S[3]_O[3])
                                                      0.248    25.835 r  rtm/seg_OBUF[6]_inst_i_90/O[3]
                         net (fo=60, routed)          1.630    27.465    rtm_n_10
    SLICE_X58Y23         LUT6 (Prop_lut6_I0_O)        0.306    27.771 f  seg_OBUF[6]_inst_i_35/O
                         net (fo=50, routed)          1.153    28.924    rtm/digit50_in[0]
    SLICE_X58Y21         LUT3 (Prop_lut3_I0_O)        0.124    29.048 r  rtm/seg_OBUF[6]_inst_i_395/O
                         net (fo=6, routed)           0.627    29.676    rtm/seg_OBUF[6]_inst_i_395_n_0
    SLICE_X60Y19         CARRY4 (Prop_carry4_DI[3]_CO[3])
                                                      0.396    30.072 r  rtm/seg_OBUF[6]_inst_i_743/CO[3]
                         net (fo=1, routed)           0.000    30.072    rtm/seg_OBUF[6]_inst_i_743_n_0
    SLICE_X60Y20         CARRY4 (Prop_carry4_CI_CO[3])
                                                      0.117    30.189 r  rtm/seg_OBUF[6]_inst_i_574/CO[3]
                         net (fo=1, routed)           0.000    30.189    rtm/seg_OBUF[6]_inst_i_574_n_0
    SLICE_X60Y21         CARRY4 (Prop_carry4_CI_CO[2])
                                                      0.229    30.418 f  rtm/seg_OBUF[6]_inst_i_416/CO[2]
                         net (fo=61, routed)          2.136    32.554    rtm_n_131
    SLICE_X63Y31         LUT3 (Prop_lut3_I2_O)        0.340    32.894 r  seg_OBUF[6]_inst_i_238/O
                         net (fo=69, routed)          2.050    34.944    seg_OBUF[6]_inst_i_238_n_0
    SLICE_X63Y23         LUT4 (Prop_lut4_I0_O)        0.327    35.271 r  seg_OBUF[6]_inst_i_411/O
                         net (fo=1, routed)           0.000    35.271    seg_OBUF[6]_inst_i_411_n_0
    SLICE_X63Y23         CARRY4 (Prop_carry4_S[2]_CO[3])
                                                      0.398    35.669 r  seg_OBUF[6]_inst_i_237/CO[3]
                         net (fo=1, routed)           0.000    35.669    seg_OBUF[6]_inst_i_237_n_0
    SLICE_X63Y24         CARRY4 (Prop_carry4_CI_O[2])
                                                      0.239    35.908 r  seg_OBUF[6]_inst_i_131/O[2]
                         net (fo=2, routed)           1.016    36.924    seg_OBUF[6]_inst_i_131_n_5
    SLICE_X62Y24         LUT3 (Prop_lut3_I0_O)        0.331    37.255 r  seg_OBUF[6]_inst_i_120/O
                         net (fo=2, routed)           0.909    38.164    seg_OBUF[6]_inst_i_120_n_0
    SLICE_X62Y24         LUT4 (Prop_lut4_I3_O)        0.327    38.491 r  seg_OBUF[6]_inst_i_124/O
                         net (fo=1, routed)           0.000    38.491    seg_OBUF[6]_inst_i_124_n_0
    SLICE_X62Y24         CARRY4 (Prop_carry4_S[3]_CO[3])
                                                      0.401    38.892 r  seg_OBUF[6]_inst_i_49/CO[3]
                         net (fo=1, routed)           0.009    38.901    seg_OBUF[6]_inst_i_49_n_0
    SLICE_X62Y25         CARRY4 (Prop_carry4_CI_O[1])
                                                      0.334    39.235 r  seg_OBUF[6]_inst_i_26/O[1]
                         net (fo=4, routed)           1.318    40.554    seg_OBUF[6]_inst_i_26_n_6
    SLICE_X59Y28         LUT2 (Prop_lut2_I1_O)        0.303    40.857 r  seg_OBUF[6]_inst_i_1000/O
                         net (fo=1, routed)           0.000    40.857    seg_OBUF[6]_inst_i_1000_n_0
    SLICE_X59Y28         CARRY4 (Prop_carry4_S[2]_CO[3])
                                                      0.398    41.255 r  seg_OBUF[6]_inst_i_855/CO[3]
                         net (fo=1, routed)           0.000    41.255    seg_OBUF[6]_inst_i_855_n_0
    SLICE_X59Y29         CARRY4 (Prop_carry4_CI_CO[3])
                                                      0.114    41.369 r  seg_OBUF[6]_inst_i_693/CO[3]
                         net (fo=1, routed)           0.000    41.369    seg_OBUF[6]_inst_i_693_n_0
    SLICE_X59Y30         CARRY4 (Prop_carry4_CI_CO[3])
                                                      0.114    41.483 r  seg_OBUF[6]_inst_i_527/CO[3]
                         net (fo=1, routed)           0.000    41.483    seg_OBUF[6]_inst_i_527_n_0
    SLICE_X59Y31         CARRY4 (Prop_carry4_CI_CO[3])
                                                      0.114    41.597 r  seg_OBUF[6]_inst_i_356/CO[3]
                         net (fo=1, routed)           0.000    41.597    seg_OBUF[6]_inst_i_356_n_0
    SLICE_X59Y32         CARRY4 (Prop_carry4_CI_CO[3])
                                                      0.114    41.711 r  seg_OBUF[6]_inst_i_204/CO[3]
                         net (fo=1, routed)           0.000    41.711    seg_OBUF[6]_inst_i_204_n_0
    SLICE_X59Y33         CARRY4 (Prop_carry4_CI_CO[3])
                                                      0.114    41.825 r  seg_OBUF[6]_inst_i_99/CO[3]
                         net (fo=1, routed)           0.000    41.825    seg_OBUF[6]_inst_i_99_n_0
    SLICE_X59Y34         CARRY4 (Prop_carry4_CI_O[0])
                                                      0.222    42.047 r  seg_OBUF[6]_inst_i_43/O[0]
                         net (fo=3, routed)           1.301    43.347    seg_OBUF[6]_inst_i_43_n_7
    SLICE_X58Y34         LUT2 (Prop_lut2_I0_O)        0.299    43.646 r  seg_OBUF[6]_inst_i_117/O
                         net (fo=1, routed)           0.000    43.646    seg_OBUF[6]_inst_i_117_n_0
    SLICE_X58Y34         CARRY4 (Prop_carry4_S[1]_CO[3])
                                                      0.550    44.196 r  seg_OBUF[6]_inst_i_46/CO[3]
                         net (fo=1, routed)           0.000    44.196    seg_OBUF[6]_inst_i_46_n_0
    SLICE_X58Y35         CARRY4 (Prop_carry4_CI_CO[1])
                                                      0.157    44.353 r  seg_OBUF[6]_inst_i_25/CO[1]
                         net (fo=4, routed)           1.018    45.371    disp/seg_OBUF[6]_inst_i_3_2[0]
    SLICE_X60Y27         LUT6 (Prop_lut6_I2_O)        0.329    45.700 r  disp/seg_OBUF[6]_inst_i_18/O
                         net (fo=1, routed)           0.957    46.658    disp/seg_OBUF[6]_inst_i_18_n_0
    SLICE_X58Y27         LUT6 (Prop_lut6_I0_O)        0.124    46.782 r  disp/seg_OBUF[6]_inst_i_5/O
                         net (fo=7, routed)           0.961    47.742    disp/digit[1]
    SLICE_X64Y26         LUT4 (Prop_lut4_I2_O)        0.150    47.892 r  disp/seg_OBUF[5]_inst_i_1/O
                         net (fo=1, routed)           2.151    50.043    seg_OBUF[5]
    V5                   OBUF (Prop_obuf_I_O)         3.728    53.771 r  seg_OBUF[5]_inst/O
                         net (fo=0)                   0.000    53.771    seg[5]
    V5                                                                r  seg[5] (OUT)
  -------------------------------------------------------------------    -------------------

Slack:                    inf
  Source:                 rtm/reaction_time_reg[12]/C
                            (rising edge-triggered cell FDCE clocked by sys_clk_pin  {rise@0.000ns fall@5.000ns period=10.000ns})
  Destination:            seg[6]
                            (output port)
  Path Group:             (none)
  Path Type:              Max at Slow Process Corner
  Data Path Delay:        48.617ns  (logic 17.966ns (36.955%)  route 30.650ns (63.045%))
  Logic Levels:           47  (CARRY4=25 LUT2=4 LUT3=5 LUT4=6 LUT5=3 LUT6=3 OBUF=1)
  Clock Uncertainty:      0.025ns  ((TSJ^2 + TIJ^2)^1/2 + DJ) / 2 + PE
    Total System Jitter     (TSJ):    0.050ns
    Total Input Jitter      (TIJ):    0.000ns
    Discrete Jitter          (DJ):    0.000ns
    Phase Error              (PE):    0.000ns

    Location             Delay type                Incr(ns)  Path(ns)    Netlist Resource(s)
  -------------------------------------------------------------------    -------------------
                         (clock sys_clk_pin rise edge)
                                                      0.000     0.000 r  
    W5                                                0.000     0.000 r  clk (IN)
                         net (fo=0)                   0.000     0.000    clk
    W5                   IBUF (Prop_ibuf_I_O)         1.458     1.458 r  clk_IBUF_inst/O
                         net (fo=1, routed)           1.967     3.425    clk_IBUF
    BUFGCTRL_X0Y0        BUFG (Prop_bufg_I_O)         0.096     3.521 r  clk_IBUF_BUFG_inst/O
                         net (fo=136, routed)         1.557     5.078    rtm/clk_IBUF_BUFG
    SLICE_X48Y29         FDCE                                         r  rtm/reaction_time_reg[12]/C
  -------------------------------------------------------------------    -------------------
    SLICE_X48Y29         FDCE (Prop_fdce_C_Q)         0.419     5.497 r  rtm/reaction_time_reg[12]/Q
                         net (fo=32, routed)          2.168     7.665    rtm/reaction_time[12]
    SLICE_X43Y22         LUT3 (Prop_lut3_I0_O)        0.296     7.961 r  rtm/seg_OBUF[6]_inst_i_802/O
                         net (fo=1, routed)           0.000     7.961    rtm/seg_OBUF[6]_inst_i_802_n_0
    SLICE_X43Y22         CARRY4 (Prop_carry4_S[0]_O[1])
                                                      0.424     8.385 r  rtm/seg_OBUF[6]_inst_i_635/O[1]
                         net (fo=2, routed)           0.808     9.193    rtm/seg_OBUF[6]_inst_i_635_n_6
    SLICE_X42Y22         LUT5 (Prop_lut5_I4_O)        0.303     9.496 r  rtm/seg_OBUF[6]_inst_i_638/O
                         net (fo=1, routed)           0.000     9.496    rtm/seg_OBUF[6]_inst_i_638_n_0
    SLICE_X42Y22         CARRY4 (Prop_carry4_S[1]_O[3])
                                                      0.643    10.139 r  rtm/seg_OBUF[6]_inst_i_484/O[3]
                         net (fo=1, routed)           0.990    11.129    rtm/seg_OBUF[6]_inst_i_484_n_4
    SLICE_X45Y25         LUT2 (Prop_lut2_I1_O)        0.307    11.436 r  rtm/seg_OBUF[6]_inst_i_330/O
                         net (fo=1, routed)           0.000    11.436    rtm/seg_OBUF[6]_inst_i_330_n_0
    SLICE_X45Y25         CARRY4 (Prop_carry4_S[1]_O[2])
                                                      0.580    12.016 r  rtm/seg_OBUF[6]_inst_i_187/O[2]
                         net (fo=20, routed)          2.177    14.193    rtm/seg_OBUF[6]_inst_i_187_n_5
    SLICE_X51Y20         LUT5 (Prop_lut5_I4_O)        0.302    14.495 f  rtm/seg_OBUF[6]_inst_i_327/O
                         net (fo=43, routed)          1.646    16.142    rtm/seg_OBUF[6]_inst_i_459_n_0
    SLICE_X49Y23         LUT3 (Prop_lut3_I2_O)        0.150    16.292 r  rtm/seg_OBUF[6]_inst_i_452/O
                         net (fo=4, routed)           1.263    17.554    rtm/seg_OBUF[6]_inst_i_452_n_0
    SLICE_X49Y23         LUT4 (Prop_lut4_I3_O)        0.326    17.880 r  rtm/seg_OBUF[6]_inst_i_819/O
                         net (fo=1, routed)           0.000    17.880    rtm/seg_OBUF[6]_inst_i_819_n_0
    SLICE_X49Y23         CARRY4 (Prop_carry4_S[1]_CO[3])
                                                      0.550    18.430 r  rtm/seg_OBUF[6]_inst_i_649/CO[3]
                         net (fo=1, routed)           0.000    18.430    rtm/seg_OBUF[6]_inst_i_649_n_0
    SLICE_X49Y24         CARRY4 (Prop_carry4_CI_O[1])
                                                      0.334    18.764 r  rtm/seg_OBUF[6]_inst_i_498/O[1]
                         net (fo=4, routed)           1.112    19.877    rtm_n_116
    SLICE_X49Y20         LUT4 (Prop_lut4_I2_O)        0.329    20.206 r  seg_OBUF[6]_inst_i_336/O
                         net (fo=2, routed)           1.226    21.432    seg_OBUF[6]_inst_i_336_n_0
    SLICE_X49Y20         LUT5 (Prop_lut5_I4_O)        0.326    21.758 r  seg_OBUF[6]_inst_i_340/O
                         net (fo=1, routed)           0.000    21.758    rtm/seg_OBUF[6]_inst_i_482_0[1]
    SLICE_X49Y20         CARRY4 (Prop_carry4_S[1]_CO[3])
                                                      0.550    22.308 r  rtm/seg_OBUF[6]_inst_i_193/CO[3]
                         net (fo=1, routed)           0.000    22.308    rtm/seg_OBUF[6]_inst_i_193_n_0
    SLICE_X49Y21         CARRY4 (Prop_carry4_CI_O[0])
                                                      0.222    22.530 r  rtm/seg_OBUF[6]_inst_i_632/O[0]
                         net (fo=2, routed)           1.060    23.590    rtm_n_125
    SLICE_X49Y26         LUT4 (Prop_lut4_I3_O)        0.299    23.889 r  seg_OBUF[6]_inst_i_481/O
                         net (fo=1, routed)           0.000    23.889    seg_OBUF[6]_inst_i_481_n_0
    SLICE_X49Y26         CARRY4 (Prop_carry4_S[1]_O[2])
                                                      0.580    24.469 r  seg_OBUF[6]_inst_i_328/O[2]
                         net (fo=1, routed)           0.816    25.285    rtm/seg_OBUF[6]_inst_i_90_0[2]
    SLICE_X51Y23         LUT2 (Prop_lut2_I1_O)        0.302    25.587 r  rtm/seg_OBUF[6]_inst_i_183/O
                         net (fo=1, routed)           0.000    25.587    rtm/seg_OBUF[6]_inst_i_183_n_0
    SLICE_X51Y23         CARRY4 (Prop_carry4_S[3]_O[3])
                                                      0.248    25.835 r  rtm/seg_OBUF[6]_inst_i_90/O[3]
                         net (fo=60, routed)          1.630    27.465    rtm_n_10
    SLICE_X58Y23         LUT6 (Prop_lut6_I0_O)        0.306    27.771 f  seg_OBUF[6]_inst_i_35/O
                         net (fo=50, routed)          1.153    28.924    rtm/digit50_in[0]
    SLICE_X58Y21         LUT3 (Prop_lut3_I0_O)        0.124    29.048 r  rtm/seg_OBUF[6]_inst_i_395/O
                         net (fo=6, routed)           0.627    29.676    rtm/seg_OBUF[6]_inst_i_395_n_0
    SLICE_X60Y19         CARRY4 (Prop_carry4_DI[3]_CO[3])
                                                      0.396    30.072 r  rtm/seg_OBUF[6]_inst_i_743/CO[3]
                         net (fo=1, routed)           0.000    30.072    rtm/seg_OBUF[6]_inst_i_743_n_0
    SLICE_X60Y20         CARRY4 (Prop_carry4_CI_CO[3])
                                                      0.117    30.189 r  rtm/seg_OBUF[6]_inst_i_574/CO[3]
                         net (fo=1, routed)           0.000    30.189    rtm/seg_OBUF[6]_inst_i_574_n_0
    SLICE_X60Y21         CARRY4 (Prop_carry4_CI_CO[2])
                                                      0.229    30.418 f  rtm/seg_OBUF[6]_inst_i_416/CO[2]
                         net (fo=61, routed)          2.136    32.554    rtm_n_131
    SLICE_X63Y31         LUT3 (Prop_lut3_I2_O)        0.340    32.894 r  seg_OBUF[6]_inst_i_238/O
                         net (fo=69, routed)          2.050    34.944    seg_OBUF[6]_inst_i_238_n_0
    SLICE_X63Y23         LUT4 (Prop_lut4_I0_O)        0.327    35.271 r  seg_OBUF[6]_inst_i_411/O
                         net (fo=1, routed)           0.000    35.271    seg_OBUF[6]_inst_i_411_n_0
    SLICE_X63Y23         CARRY4 (Prop_carry4_S[2]_CO[3])
                                                      0.398    35.669 r  seg_OBUF[6]_inst_i_237/CO[3]
                         net (fo=1, routed)           0.000    35.669    seg_OBUF[6]_inst_i_237_n_0
    SLICE_X63Y24         CARRY4 (Prop_carry4_CI_O[2])
                                                      0.239    35.908 r  seg_OBUF[6]_inst_i_131/O[2]
                         net (fo=2, routed)           1.016    36.924    seg_OBUF[6]_inst_i_131_n_5
    SLICE_X62Y24         LUT3 (Prop_lut3_I0_O)        0.331    37.255 r  seg_OBUF[6]_inst_i_120/O
                         net (fo=2, routed)           0.909    38.164    seg_OBUF[6]_inst_i_120_n_0
    SLICE_X62Y24         LUT4 (Prop_lut4_I3_O)        0.327    38.491 r  seg_OBUF[6]_inst_i_124/O
                         net (fo=1, routed)           0.000    38.491    seg_OBUF[6]_inst_i_124_n_0
    SLICE_X62Y24         CARRY4 (Prop_carry4_S[3]_CO[3])
                                                      0.401    38.892 r  seg_OBUF[6]_inst_i_49/CO[3]
                         net (fo=1, routed)           0.009    38.901    seg_OBUF[6]_inst_i_49_n_0
    SLICE_X62Y25         CARRY4 (Prop_carry4_CI_O[1])
                                                      0.334    39.235 r  seg_OBUF[6]_inst_i_26/O[1]
                         net (fo=4, routed)           1.318    40.554    seg_OBUF[6]_inst_i_26_n_6
    SLICE_X59Y28         LUT2 (Prop_lut2_I1_O)        0.303    40.857 r  seg_OBUF[6]_inst_i_1000/O
                         net (fo=1, routed)           0.000    40.857    seg_OBUF[6]_inst_i_1000_n_0
    SLICE_X59Y28         CARRY4 (Prop_carry4_S[2]_CO[3])
                                                      0.398    41.255 r  seg_OBUF[6]_inst_i_855/CO[3]
                         net (fo=1, routed)           0.000    41.255    seg_OBUF[6]_inst_i_855_n_0
    SLICE_X59Y29         CARRY4 (Prop_carry4_CI_CO[3])
                                                      0.114    41.369 r  seg_OBUF[6]_inst_i_693/CO[3]
                         net (fo=1, routed)           0.000    41.369    seg_OBUF[6]_inst_i_693_n_0
    SLICE_X59Y30         CARRY4 (Prop_carry4_CI_CO[3])
                                                      0.114    41.483 r  seg_OBUF[6]_inst_i_527/CO[3]
                         net (fo=1, routed)           0.000    41.483    seg_OBUF[6]_inst_i_527_n_0
    SLICE_X59Y31         CARRY4 (Prop_carry4_CI_CO[3])
                                                      0.114    41.597 r  seg_OBUF[6]_inst_i_356/CO[3]
                         net (fo=1, routed)           0.000    41.597    seg_OBUF[6]_inst_i_356_n_0
    SLICE_X59Y32         CARRY4 (Prop_carry4_CI_CO[3])
                                                      0.114    41.711 r  seg_OBUF[6]_inst_i_204/CO[3]
                         net (fo=1, routed)           0.000    41.711    seg_OBUF[6]_inst_i_204_n_0
    SLICE_X59Y33         CARRY4 (Prop_carry4_CI_CO[3])
                                                      0.114    41.825 r  seg_OBUF[6]_inst_i_99/CO[3]
                         net (fo=1, routed)           0.000    41.825    seg_OBUF[6]_inst_i_99_n_0
    SLICE_X59Y34         CARRY4 (Prop_carry4_CI_O[0])
                                                      0.222    42.047 r  seg_OBUF[6]_inst_i_43/O[0]
                         net (fo=3, routed)           1.301    43.347    seg_OBUF[6]_inst_i_43_n_7
    SLICE_X58Y34         LUT2 (Prop_lut2_I0_O)        0.299    43.646 r  seg_OBUF[6]_inst_i_117/O
                         net (fo=1, routed)           0.000    43.646    seg_OBUF[6]_inst_i_117_n_0
    SLICE_X58Y34         CARRY4 (Prop_carry4_S[1]_CO[3])
                                                      0.550    44.196 r  seg_OBUF[6]_inst_i_46/CO[3]
                         net (fo=1, routed)           0.000    44.196    seg_OBUF[6]_inst_i_46_n_0
    SLICE_X58Y35         CARRY4 (Prop_carry4_CI_CO[1])
                                                      0.157    44.353 r  seg_OBUF[6]_inst_i_25/CO[1]
                         net (fo=4, routed)           1.162    45.515    disp/seg_OBUF[6]_inst_i_3_2[0]
    SLICE_X64Y27         LUT6 (Prop_lut6_I2_O)        0.329    45.844 r  disp/seg_OBUF[6]_inst_i_6/O
                         net (fo=1, routed)           0.962    46.807    disp/seg_OBUF[6]_inst_i_6_n_0
    SLICE_X60Y26         LUT6 (Prop_lut6_I0_O)        0.124    46.931 r  disp/seg_OBUF[6]_inst_i_2/O
                         net (fo=7, routed)           0.866    47.797    disp/digit[3]
    SLICE_X64Y26         LUT4 (Prop_lut4_I0_O)        0.124    47.921 r  disp/seg_OBUF[6]_inst_i_1/O
                         net (fo=1, routed)           2.243    50.164    seg_OBUF[6]
    U7                   OBUF (Prop_obuf_I_O)         3.531    53.695 r  seg_OBUF[6]_inst/O
                         net (fo=0)                   0.000    53.695    seg[6]
    U7                                                                r  seg[6] (OUT)
  -------------------------------------------------------------------    -------------------

Slack:                    inf
  Source:                 rtm/reaction_time_reg[12]/C
                            (rising edge-triggered cell FDCE clocked by sys_clk_pin  {rise@0.000ns fall@5.000ns period=10.000ns})
  Destination:            seg[3]
                            (output port)
  Path Group:             (none)
  Path Type:              Max at Slow Process Corner
  Data Path Delay:        48.502ns  (logic 18.201ns (37.525%)  route 30.302ns (62.475%))
  Logic Levels:           47  (CARRY4=25 LUT2=4 LUT3=5 LUT4=6 LUT5=3 LUT6=3 OBUF=1)
  Clock Uncertainty:      0.025ns  ((TSJ^2 + TIJ^2)^1/2 + DJ) / 2 + PE
    Total System Jitter     (TSJ):    0.050ns
    Total Input Jitter      (TIJ):    0.000ns
    Discrete Jitter          (DJ):    0.000ns
    Phase Error              (PE):    0.000ns

    Location             Delay type                Incr(ns)  Path(ns)    Netlist Resource(s)
  -------------------------------------------------------------------    -------------------
                         (clock sys_clk_pin rise edge)
                                                      0.000     0.000 r  
    W5                                                0.000     0.000 r  clk (IN)
                         net (fo=0)                   0.000     0.000    clk
    W5                   IBUF (Prop_ibuf_I_O)         1.458     1.458 r  clk_IBUF_inst/O
                         net (fo=1, routed)           1.967     3.425    clk_IBUF
    BUFGCTRL_X0Y0        BUFG (Prop_bufg_I_O)         0.096     3.521 r  clk_IBUF_BUFG_inst/O
                         net (fo=136, routed)         1.557     5.078    rtm/clk_IBUF_BUFG
    SLICE_X48Y29         FDCE                                         r  rtm/reaction_time_reg[12]/C
  -------------------------------------------------------------------    -------------------
    SLICE_X48Y29         FDCE (Prop_fdce_C_Q)         0.419     5.497 r  rtm/reaction_time_reg[12]/Q
                         net (fo=32, routed)          2.168     7.665    rtm/reaction_time[12]
    SLICE_X43Y22         LUT3 (Prop_lut3_I0_O)        0.296     7.961 r  rtm/seg_OBUF[6]_inst_i_802/O
                         net (fo=1, routed)           0.000     7.961    rtm/seg_OBUF[6]_inst_i_802_n_0
    SLICE_X43Y22         CARRY4 (Prop_carry4_S[0]_O[1])
                                                      0.424     8.385 r  rtm/seg_OBUF[6]_inst_i_635/O[1]
                         net (fo=2, routed)           0.808     9.193    rtm/seg_OBUF[6]_inst_i_635_n_6
    SLICE_X42Y22         LUT5 (Prop_lut5_I4_O)        0.303     9.496 r  rtm/seg_OBUF[6]_inst_i_638/O
                         net (fo=1, routed)           0.000     9.496    rtm/seg_OBUF[6]_inst_i_638_n_0
    SLICE_X42Y22         CARRY4 (Prop_carry4_S[1]_O[3])
                                                      0.643    10.139 r  rtm/seg_OBUF[6]_inst_i_484/O[3]
                         net (fo=1, routed)           0.990    11.129    rtm/seg_OBUF[6]_inst_i_484_n_4
    SLICE_X45Y25         LUT2 (Prop_lut2_I1_O)        0.307    11.436 r  rtm/seg_OBUF[6]_inst_i_330/O
                         net (fo=1, routed)           0.000    11.436    rtm/seg_OBUF[6]_inst_i_330_n_0
    SLICE_X45Y25         CARRY4 (Prop_carry4_S[1]_O[2])
                                                      0.580    12.016 r  rtm/seg_OBUF[6]_inst_i_187/O[2]
                         net (fo=20, routed)          2.177    14.193    rtm/seg_OBUF[6]_inst_i_187_n_5
    SLICE_X51Y20         LUT5 (Prop_lut5_I4_O)        0.302    14.495 f  rtm/seg_OBUF[6]_inst_i_327/O
                         net (fo=43, routed)          1.646    16.142    rtm/seg_OBUF[6]_inst_i_459_n_0
    SLICE_X49Y23         LUT3 (Prop_lut3_I2_O)        0.150    16.292 r  rtm/seg_OBUF[6]_inst_i_452/O
                         net (fo=4, routed)           1.263    17.554    rtm/seg_OBUF[6]_inst_i_452_n_0
    SLICE_X49Y23         LUT4 (Prop_lut4_I3_O)        0.326    17.880 r  rtm/seg_OBUF[6]_inst_i_819/O
                         net (fo=1, routed)           0.000    17.880    rtm/seg_OBUF[6]_inst_i_819_n_0
    SLICE_X49Y23         CARRY4 (Prop_carry4_S[1]_CO[3])
                                                      0.550    18.430 r  rtm/seg_OBUF[6]_inst_i_649/CO[3]
                         net (fo=1, routed)           0.000    18.430    rtm/seg_OBUF[6]_inst_i_649_n_0
    SLICE_X49Y24         CARRY4 (Prop_carry4_CI_O[1])
                                                      0.334    18.764 r  rtm/seg_OBUF[6]_inst_i_498/O[1]
                         net (fo=4, routed)           1.112    19.877    rtm_n_116
    SLICE_X49Y20         LUT4 (Prop_lut4_I2_O)        0.329    20.206 r  seg_OBUF[6]_inst_i_336/O
                         net (fo=2, routed)           1.226    21.432    seg_OBUF[6]_inst_i_336_n_0
    SLICE_X49Y20         LUT5 (Prop_lut5_I4_O)        0.326    21.758 r  seg_OBUF[6]_inst_i_340/O
                         net (fo=1, routed)           0.000    21.758    rtm/seg_OBUF[6]_inst_i_482_0[1]
    SLICE_X49Y20         CARRY4 (Prop_carry4_S[1]_CO[3])
                                                      0.550    22.308 r  rtm/seg_OBUF[6]_inst_i_193/CO[3]
                         net (fo=1, routed)           0.000    22.308    rtm/seg_OBUF[6]_inst_i_193_n_0
    SLICE_X49Y21         CARRY4 (Prop_carry4_CI_O[0])
                                                      0.222    22.530 r  rtm/seg_OBUF[6]_inst_i_632/O[0]
                         net (fo=2, routed)           1.060    23.590    rtm_n_125
    SLICE_X49Y26         LUT4 (Prop_lut4_I3_O)        0.299    23.889 r  seg_OBUF[6]_inst_i_481/O
                         net (fo=1, routed)           0.000    23.889    seg_OBUF[6]_inst_i_481_n_0
    SLICE_X49Y26         CARRY4 (Prop_carry4_S[1]_O[2])
                                                      0.580    24.469 r  seg_OBUF[6]_inst_i_328/O[2]
                         net (fo=1, routed)           0.816    25.285    rtm/seg_OBUF[6]_inst_i_90_0[2]
    SLICE_X51Y23         LUT2 (Prop_lut2_I1_O)        0.302    25.587 r  rtm/seg_OBUF[6]_inst_i_183/O
                         net (fo=1, routed)           0.000    25.587    rtm/seg_OBUF[6]_inst_i_183_n_0
    SLICE_X51Y23         CARRY4 (Prop_carry4_S[3]_O[3])
                                                      0.248    25.835 r  rtm/seg_OBUF[6]_inst_i_90/O[3]
                         net (fo=60, routed)          1.630    27.465    rtm_n_10
    SLICE_X58Y23         LUT6 (Prop_lut6_I0_O)        0.306    27.771 f  seg_OBUF[6]_inst_i_35/O
                         net (fo=50, routed)          1.153    28.924    rtm/digit50_in[0]
    SLICE_X58Y21         LUT3 (Prop_lut3_I0_O)        0.124    29.048 r  rtm/seg_OBUF[6]_inst_i_395/O
                         net (fo=6, routed)           0.627    29.676    rtm/seg_OBUF[6]_inst_i_395_n_0
    SLICE_X60Y19         CARRY4 (Prop_carry4_DI[3]_CO[3])
                                                      0.396    30.072 r  rtm/seg_OBUF[6]_inst_i_743/CO[3]
                         net (fo=1, routed)           0.000    30.072    rtm/seg_OBUF[6]_inst_i_743_n_0
    SLICE_X60Y20         CARRY4 (Prop_carry4_CI_CO[3])
                                                      0.117    30.189 r  rtm/seg_OBUF[6]_inst_i_574/CO[3]
                         net (fo=1, routed)           0.000    30.189    rtm/seg_OBUF[6]_inst_i_574_n_0
    SLICE_X60Y21         CARRY4 (Prop_carry4_CI_CO[2])
                                                      0.229    30.418 f  rtm/seg_OBUF[6]_inst_i_416/CO[2]
                         net (fo=61, routed)          2.136    32.554    rtm_n_131
    SLICE_X63Y31         LUT3 (Prop_lut3_I2_O)        0.340    32.894 r  seg_OBUF[6]_inst_i_238/O
                         net (fo=69, routed)          2.050    34.944    seg_OBUF[6]_inst_i_238_n_0
    SLICE_X63Y23         LUT4 (Prop_lut4_I0_O)        0.327    35.271 r  seg_OBUF[6]_inst_i_411/O
                         net (fo=1, routed)           0.000    35.271    seg_OBUF[6]_inst_i_411_n_0
    SLICE_X63Y23         CARRY4 (Prop_carry4_S[2]_CO[3])
                                                      0.398    35.669 r  seg_OBUF[6]_inst_i_237/CO[3]
                         net (fo=1, routed)           0.000    35.669    seg_OBUF[6]_inst_i_237_n_0
    SLICE_X63Y24         CARRY4 (Prop_carry4_CI_O[2])
                                                      0.239    35.908 r  seg_OBUF[6]_inst_i_131/O[2]
                         net (fo=2, routed)           1.016    36.924    seg_OBUF[6]_inst_i_131_n_5
    SLICE_X62Y24         LUT3 (Prop_lut3_I0_O)        0.331    37.255 r  seg_OBUF[6]_inst_i_120/O
                         net (fo=2, routed)           0.909    38.164    seg_OBUF[6]_inst_i_120_n_0
    SLICE_X62Y24         LUT4 (Prop_lut4_I3_O)        0.327    38.491 r  seg_OBUF[6]_inst_i_124/O
                         net (fo=1, routed)           0.000    38.491    seg_OBUF[6]_inst_i_124_n_0
    SLICE_X62Y24         CARRY4 (Prop_carry4_S[3]_CO[3])
                                                      0.401    38.892 r  seg_OBUF[6]_inst_i_49/CO[3]
                         net (fo=1, routed)           0.009    38.901    seg_OBUF[6]_inst_i_49_n_0
    SLICE_X62Y25         CARRY4 (Prop_carry4_CI_O[1])
                                                      0.334    39.235 r  seg_OBUF[6]_inst_i_26/O[1]
                         net (fo=4, routed)           1.318    40.554    seg_OBUF[6]_inst_i_26_n_6
    SLICE_X59Y28         LUT2 (Prop_lut2_I1_O)        0.303    40.857 r  seg_OBUF[6]_inst_i_1000/O
                         net (fo=1, routed)           0.000    40.857    seg_OBUF[6]_inst_i_1000_n_0
    SLICE_X59Y28         CARRY4 (Prop_carry4_S[2]_CO[3])
                                                      0.398    41.255 r  seg_OBUF[6]_inst_i_855/CO[3]
                         net (fo=1, routed)           0.000    41.255    seg_OBUF[6]_inst_i_855_n_0
    SLICE_X59Y29         CARRY4 (Prop_carry4_CI_CO[3])
                                                      0.114    41.369 r  seg_OBUF[6]_inst_i_693/CO[3]
                         net (fo=1, routed)           0.000    41.369    seg_OBUF[6]_inst_i_693_n_0
    SLICE_X59Y30         CARRY4 (Prop_carry4_CI_CO[3])
                                                      0.114    41.483 r  seg_OBUF[6]_inst_i_527/CO[3]
                         net (fo=1, routed)           0.000    41.483    seg_OBUF[6]_inst_i_527_n_0
    SLICE_X59Y31         CARRY4 (Prop_carry4_CI_CO[3])
                                                      0.114    41.597 r  seg_OBUF[6]_inst_i_356/CO[3]
                         net (fo=1, routed)           0.000    41.597    seg_OBUF[6]_inst_i_356_n_0
    SLICE_X59Y32         CARRY4 (Prop_carry4_CI_CO[3])
                                                      0.114    41.711 r  seg_OBUF[6]_inst_i_204/CO[3]
                         net (fo=1, routed)           0.000    41.711    seg_OBUF[6]_inst_i_204_n_0
    SLICE_X59Y33         CARRY4 (Prop_carry4_CI_CO[3])
                                                      0.114    41.825 r  seg_OBUF[6]_inst_i_99/CO[3]
                         net (fo=1, routed)           0.000    41.825    seg_OBUF[6]_inst_i_99_n_0
    SLICE_X59Y34         CARRY4 (Prop_carry4_CI_O[0])
                                                      0.222    42.047 r  seg_OBUF[6]_inst_i_43/O[0]
                         net (fo=3, routed)           1.301    43.347    seg_OBUF[6]_inst_i_43_n_7
    SLICE_X58Y34         LUT2 (Prop_lut2_I0_O)        0.299    43.646 r  seg_OBUF[6]_inst_i_117/O
                         net (fo=1, routed)           0.000    43.646    seg_OBUF[6]_inst_i_117_n_0
    SLICE_X58Y34         CARRY4 (Prop_carry4_S[1]_CO[3])
                                                      0.550    44.196 r  seg_OBUF[6]_inst_i_46/CO[3]
                         net (fo=1, routed)           0.000    44.196    seg_OBUF[6]_inst_i_46_n_0
    SLICE_X58Y35         CARRY4 (Prop_carry4_CI_CO[1])
                                                      0.157    44.353 r  seg_OBUF[6]_inst_i_25/CO[1]
                         net (fo=4, routed)           1.018    45.371    disp/seg_OBUF[6]_inst_i_3_2[0]
    SLICE_X60Y27         LUT6 (Prop_lut6_I2_O)        0.329    45.700 r  disp/seg_OBUF[6]_inst_i_18/O
                         net (fo=1, routed)           0.957    46.658    disp/seg_OBUF[6]_inst_i_18_n_0
    SLICE_X58Y27         LUT6 (Prop_lut6_I0_O)        0.124    46.782 r  disp/seg_OBUF[6]_inst_i_5/O
                         net (fo=7, routed)           0.964    47.745    disp/digit[1]
    SLICE_X64Y26         LUT4 (Prop_lut4_I3_O)        0.150    47.895 r  disp/seg_OBUF[3]_inst_i_1/O
                         net (fo=1, routed)           1.946    49.841    seg_OBUF[3]
    V8                   OBUF (Prop_obuf_I_O)         3.740    53.581 r  seg_OBUF[3]_inst/O
                         net (fo=0)                   0.000    53.581    seg[3]
    V8                                                                r  seg[3] (OUT)
  -------------------------------------------------------------------    -------------------

Slack:                    inf
  Source:                 rtm/reaction_time_reg[12]/C
                            (rising edge-triggered cell FDCE clocked by sys_clk_pin  {rise@0.000ns fall@5.000ns period=10.000ns})
  Destination:            seg[0]
                            (output port)
  Path Group:             (none)
  Path Type:              Max at Slow Process Corner
  Data Path Delay:        48.413ns  (logic 18.182ns (37.555%)  route 30.232ns (62.445%))
  Logic Levels:           47  (CARRY4=25 LUT2=4 LUT3=5 LUT4=6 LUT5=3 LUT6=3 OBUF=1)
  Clock Uncertainty:      0.025ns  ((TSJ^2 + TIJ^2)^1/2 + DJ) / 2 + PE
    Total System Jitter     (TSJ):    0.050ns
    Total Input Jitter      (TIJ):    0.000ns
    Discrete Jitter          (DJ):    0.000ns
    Phase Error              (PE):    0.000ns

    Location             Delay type                Incr(ns)  Path(ns)    Netlist Resource(s)
  -------------------------------------------------------------------    -------------------
                         (clock sys_clk_pin rise edge)
                                                      0.000     0.000 r  
    W5                                                0.000     0.000 r  clk (IN)
                         net (fo=0)                   0.000     0.000    clk
    W5                   IBUF (Prop_ibuf_I_O)         1.458     1.458 r  clk_IBUF_inst/O
                         net (fo=1, routed)           1.967     3.425    clk_IBUF
    BUFGCTRL_X0Y0        BUFG (Prop_bufg_I_O)         0.096     3.521 r  clk_IBUF_BUFG_inst/O
                         net (fo=136, routed)         1.557     5.078    rtm/clk_IBUF_BUFG
    SLICE_X48Y29         FDCE                                         r  rtm/reaction_time_reg[12]/C
  -------------------------------------------------------------------    -------------------
    SLICE_X48Y29         FDCE (Prop_fdce_C_Q)         0.419     5.497 r  rtm/reaction_time_reg[12]/Q
                         net (fo=32, routed)          2.168     7.665    rtm/reaction_time[12]
    SLICE_X43Y22         LUT3 (Prop_lut3_I0_O)        0.296     7.961 r  rtm/seg_OBUF[6]_inst_i_802/O
                         net (fo=1, routed)           0.000     7.961    rtm/seg_OBUF[6]_inst_i_802_n_0
    SLICE_X43Y22         CARRY4 (Prop_carry4_S[0]_O[1])
                                                      0.424     8.385 r  rtm/seg_OBUF[6]_inst_i_635/O[1]
                         net (fo=2, routed)           0.808     9.193    rtm/seg_OBUF[6]_inst_i_635_n_6
    SLICE_X42Y22         LUT5 (Prop_lut5_I4_O)        0.303     9.496 r  rtm/seg_OBUF[6]_inst_i_638/O
                         net (fo=1, routed)           0.000     9.496    rtm/seg_OBUF[6]_inst_i_638_n_0
    SLICE_X42Y22         CARRY4 (Prop_carry4_S[1]_O[3])
                                                      0.643    10.139 r  rtm/seg_OBUF[6]_inst_i_484/O[3]
                         net (fo=1, routed)           0.990    11.129    rtm/seg_OBUF[6]_inst_i_484_n_4
    SLICE_X45Y25         LUT2 (Prop_lut2_I1_O)        0.307    11.436 r  rtm/seg_OBUF[6]_inst_i_330/O
                         net (fo=1, routed)           0.000    11.436    rtm/seg_OBUF[6]_inst_i_330_n_0
    SLICE_X45Y25         CARRY4 (Prop_carry4_S[1]_O[2])
                                                      0.580    12.016 r  rtm/seg_OBUF[6]_inst_i_187/O[2]
                         net (fo=20, routed)          2.177    14.193    rtm/seg_OBUF[6]_inst_i_187_n_5
    SLICE_X51Y20         LUT5 (Prop_lut5_I4_O)        0.302    14.495 f  rtm/seg_OBUF[6]_inst_i_327/O
                         net (fo=43, routed)          1.646    16.142    rtm/seg_OBUF[6]_inst_i_459_n_0
    SLICE_X49Y23         LUT3 (Prop_lut3_I2_O)        0.150    16.292 r  rtm/seg_OBUF[6]_inst_i_452/O
                         net (fo=4, routed)           1.263    17.554    rtm/seg_OBUF[6]_inst_i_452_n_0
    SLICE_X49Y23         LUT4 (Prop_lut4_I3_O)        0.326    17.880 r  rtm/seg_OBUF[6]_inst_i_819/O
                         net (fo=1, routed)           0.000    17.880    rtm/seg_OBUF[6]_inst_i_819_n_0
    SLICE_X49Y23         CARRY4 (Prop_carry4_S[1]_CO[3])
                                                      0.550    18.430 r  rtm/seg_OBUF[6]_inst_i_649/CO[3]
                         net (fo=1, routed)           0.000    18.430    rtm/seg_OBUF[6]_inst_i_649_n_0
    SLICE_X49Y24         CARRY4 (Prop_carry4_CI_O[1])
                                                      0.334    18.764 r  rtm/seg_OBUF[6]_inst_i_498/O[1]
                         net (fo=4, routed)           1.112    19.877    rtm_n_116
    SLICE_X49Y20         LUT4 (Prop_lut4_I2_O)        0.329    20.206 r  seg_OBUF[6]_inst_i_336/O
                         net (fo=2, routed)           1.226    21.432    seg_OBUF[6]_inst_i_336_n_0
    SLICE_X49Y20         LUT5 (Prop_lut5_I4_O)        0.326    21.758 r  seg_OBUF[6]_inst_i_340/O
                         net (fo=1, routed)           0.000    21.758    rtm/seg_OBUF[6]_inst_i_482_0[1]
    SLICE_X49Y20         CARRY4 (Prop_carry4_S[1]_CO[3])
                                                      0.550    22.308 r  rtm/seg_OBUF[6]_inst_i_193/CO[3]
                         net (fo=1, routed)           0.000    22.308    rtm/seg_OBUF[6]_inst_i_193_n_0
    SLICE_X49Y21         CARRY4 (Prop_carry4_CI_O[0])
                                                      0.222    22.530 r  rtm/seg_OBUF[6]_inst_i_632/O[0]
                         net (fo=2, routed)           1.060    23.590    rtm_n_125
    SLICE_X49Y26         LUT4 (Prop_lut4_I3_O)        0.299    23.889 r  seg_OBUF[6]_inst_i_481/O
                         net (fo=1, routed)           0.000    23.889    seg_OBUF[6]_inst_i_481_n_0
    SLICE_X49Y26         CARRY4 (Prop_carry4_S[1]_O[2])
                                                      0.580    24.469 r  seg_OBUF[6]_inst_i_328/O[2]
                         net (fo=1, routed)           0.816    25.285    rtm/seg_OBUF[6]_inst_i_90_0[2]
    SLICE_X51Y23         LUT2 (Prop_lut2_I1_O)        0.302    25.587 r  rtm/seg_OBUF[6]_inst_i_183/O
                         net (fo=1, routed)           0.000    25.587    rtm/seg_OBUF[6]_inst_i_183_n_0
    SLICE_X51Y23         CARRY4 (Prop_carry4_S[3]_O[3])
                                                      0.248    25.835 r  rtm/seg_OBUF[6]_inst_i_90/O[3]
                         net (fo=60, routed)          1.630    27.465    rtm_n_10
    SLICE_X58Y23         LUT6 (Prop_lut6_I0_O)        0.306    27.771 f  seg_OBUF[6]_inst_i_35/O
                         net (fo=50, routed)          1.153    28.924    rtm/digit50_in[0]
    SLICE_X58Y21         LUT3 (Prop_lut3_I0_O)        0.124    29.048 r  rtm/seg_OBUF[6]_inst_i_395/O
                         net (fo=6, routed)           0.627    29.676    rtm/seg_OBUF[6]_inst_i_395_n_0
    SLICE_X60Y19         CARRY4 (Prop_carry4_DI[3]_CO[3])
                                                      0.396    30.072 r  rtm/seg_OBUF[6]_inst_i_743/CO[3]
                         net (fo=1, routed)           0.000    30.072    rtm/seg_OBUF[6]_inst_i_743_n_0
    SLICE_X60Y20         CARRY4 (Prop_carry4_CI_CO[3])
                                                      0.117    30.189 r  rtm/seg_OBUF[6]_inst_i_574/CO[3]
                         net (fo=1, routed)           0.000    30.189    rtm/seg_OBUF[6]_inst_i_574_n_0
    SLICE_X60Y21         CARRY4 (Prop_carry4_CI_CO[2])
                                                      0.229    30.418 f  rtm/seg_OBUF[6]_inst_i_416/CO[2]
                         net (fo=61, routed)          2.136    32.554    rtm_n_131
    SLICE_X63Y31         LUT3 (Prop_lut3_I2_O)        0.340    32.894 r  seg_OBUF[6]_inst_i_238/O
                         net (fo=69, routed)          2.050    34.944    seg_OBUF[6]_inst_i_238_n_0
    SLICE_X63Y23         LUT4 (Prop_lut4_I0_O)        0.327    35.271 r  seg_OBUF[6]_inst_i_411/O
                         net (fo=1, routed)           0.000    35.271    seg_OBUF[6]_inst_i_411_n_0
    SLICE_X63Y23         CARRY4 (Prop_carry4_S[2]_CO[3])
                                                      0.398    35.669 r  seg_OBUF[6]_inst_i_237/CO[3]
                         net (fo=1, routed)           0.000    35.669    seg_OBUF[6]_inst_i_237_n_0
    SLICE_X63Y24         CARRY4 (Prop_carry4_CI_O[2])
                                                      0.239    35.908 r  seg_OBUF[6]_inst_i_131/O[2]
                         net (fo=2, routed)           1.016    36.924    seg_OBUF[6]_inst_i_131_n_5
    SLICE_X62Y24         LUT3 (Prop_lut3_I0_O)        0.331    37.255 r  seg_OBUF[6]_inst_i_120/O
                         net (fo=2, routed)           0.909    38.164    seg_OBUF[6]_inst_i_120_n_0
    SLICE_X62Y24         LUT4 (Prop_lut4_I3_O)        0.327    38.491 r  seg_OBUF[6]_inst_i_124/O
                         net (fo=1, routed)           0.000    38.491    seg_OBUF[6]_inst_i_124_n_0
    SLICE_X62Y24         CARRY4 (Prop_carry4_S[3]_CO[3])
                                                      0.401    38.892 r  seg_OBUF[6]_inst_i_49/CO[3]
                         net (fo=1, routed)           0.009    38.901    seg_OBUF[6]_inst_i_49_n_0
    SLICE_X62Y25         CARRY4 (Prop_carry4_CI_O[1])
                                                      0.334    39.235 r  seg_OBUF[6]_inst_i_26/O[1]
                         net (fo=4, routed)           1.318    40.554    seg_OBUF[6]_inst_i_26_n_6
    SLICE_X59Y28         LUT2 (Prop_lut2_I1_O)        0.303    40.857 r  seg_OBUF[6]_inst_i_1000/O
                         net (fo=1, routed)           0.000    40.857    seg_OBUF[6]_inst_i_1000_n_0
    SLICE_X59Y28         CARRY4 (Prop_carry4_S[2]_CO[3])
                                                      0.398    41.255 r  seg_OBUF[6]_inst_i_855/CO[3]
                         net (fo=1, routed)           0.000    41.255    seg_OBUF[6]_inst_i_855_n_0
    SLICE_X59Y29         CARRY4 (Prop_carry4_CI_CO[3])
                                                      0.114    41.369 r  seg_OBUF[6]_inst_i_693/CO[3]
                         net (fo=1, routed)           0.000    41.369    seg_OBUF[6]_inst_i_693_n_0
    SLICE_X59Y30         CARRY4 (Prop_carry4_CI_CO[3])
                                                      0.114    41.483 r  seg_OBUF[6]_inst_i_527/CO[3]
                         net (fo=1, routed)           0.000    41.483    seg_OBUF[6]_inst_i_527_n_0
    SLICE_X59Y31         CARRY4 (Prop_carry4_CI_CO[3])
                                                      0.114    41.597 r  seg_OBUF[6]_inst_i_356/CO[3]
                         net (fo=1, routed)           0.000    41.597    seg_OBUF[6]_inst_i_356_n_0
    SLICE_X59Y32         CARRY4 (Prop_carry4_CI_CO[3])
                                                      0.114    41.711 r  seg_OBUF[6]_inst_i_204/CO[3]
                         net (fo=1, routed)           0.000    41.711    seg_OBUF[6]_inst_i_204_n_0
    SLICE_X59Y33         CARRY4 (Prop_carry4_CI_CO[3])
                                                      0.114    41.825 r  seg_OBUF[6]_inst_i_99/CO[3]
                         net (fo=1, routed)           0.000    41.825    seg_OBUF[6]_inst_i_99_n_0
    SLICE_X59Y34         CARRY4 (Prop_carry4_CI_O[0])
                                                      0.222    42.047 r  seg_OBUF[6]_inst_i_43/O[0]
                         net (fo=3, routed)           1.301    43.347    seg_OBUF[6]_inst_i_43_n_7
    SLICE_X58Y34         LUT2 (Prop_lut2_I0_O)        0.299    43.646 r  seg_OBUF[6]_inst_i_117/O
                         net (fo=1, routed)           0.000    43.646    seg_OBUF[6]_inst_i_117_n_0
    SLICE_X58Y34         CARRY4 (Prop_carry4_S[1]_CO[3])
                                                      0.550    44.196 r  seg_OBUF[6]_inst_i_46/CO[3]
                         net (fo=1, routed)           0.000    44.196    seg_OBUF[6]_inst_i_46_n_0
    SLICE_X58Y35         CARRY4 (Prop_carry4_CI_CO[1])
                                                      0.157    44.353 r  seg_OBUF[6]_inst_i_25/CO[1]
                         net (fo=4, routed)           1.162    45.515    disp/seg_OBUF[6]_inst_i_3_2[0]
    SLICE_X64Y27         LUT6 (Prop_lut6_I2_O)        0.329    45.844 r  disp/seg_OBUF[6]_inst_i_6/O
                         net (fo=1, routed)           0.962    46.807    disp/seg_OBUF[6]_inst_i_6_n_0
    SLICE_X60Y26         LUT6 (Prop_lut6_I0_O)        0.124    46.931 r  disp/seg_OBUF[6]_inst_i_2/O
                         net (fo=7, routed)           0.847    47.778    disp/digit[3]
    SLICE_X64Y26         LUT4 (Prop_lut4_I0_O)        0.153    47.931 r  disp/seg_OBUF[0]_inst_i_1/O
                         net (fo=1, routed)           1.843    49.774    seg_OBUF[0]
    W7                   OBUF (Prop_obuf_I_O)         3.718    53.492 r  seg_OBUF[0]_inst/O
                         net (fo=0)                   0.000    53.492    seg[0]
    W7                                                                r  seg[0] (OUT)
  -------------------------------------------------------------------    -------------------

Slack:                    inf
  Source:                 rtm/reaction_time_reg[12]/C
                            (rising edge-triggered cell FDCE clocked by sys_clk_pin  {rise@0.000ns fall@5.000ns period=10.000ns})
  Destination:            seg[4]
                            (output port)
  Path Group:             (none)
  Path Type:              Max at Slow Process Corner
  Data Path Delay:        48.400ns  (logic 17.955ns (37.097%)  route 30.445ns (62.903%))
  Logic Levels:           47  (CARRY4=25 LUT2=4 LUT3=5 LUT4=6 LUT5=3 LUT6=3 OBUF=1)
  Clock Uncertainty:      0.025ns  ((TSJ^2 + TIJ^2)^1/2 + DJ) / 2 + PE
    Total System Jitter     (TSJ):    0.050ns
    Total Input Jitter      (TIJ):    0.000ns
    Discrete Jitter          (DJ):    0.000ns
    Phase Error              (PE):    0.000ns

    Location             Delay type                Incr(ns)  Path(ns)    Netlist Resource(s)
  -------------------------------------------------------------------    -------------------
                         (clock sys_clk_pin rise edge)
                                                      0.000     0.000 r  
    W5                                                0.000     0.000 r  clk (IN)
                         net (fo=0)                   0.000     0.000    clk
    W5                   IBUF (Prop_ibuf_I_O)         1.458     1.458 r  clk_IBUF_inst/O
                         net (fo=1, routed)           1.967     3.425    clk_IBUF
    BUFGCTRL_X0Y0        BUFG (Prop_bufg_I_O)         0.096     3.521 r  clk_IBUF_BUFG_inst/O
                         net (fo=136, routed)         1.557     5.078    rtm/clk_IBUF_BUFG
    SLICE_X48Y29         FDCE                                         r  rtm/reaction_time_reg[12]/C
  -------------------------------------------------------------------    -------------------
    SLICE_X48Y29         FDCE (Prop_fdce_C_Q)         0.419     5.497 r  rtm/reaction_time_reg[12]/Q
                         net (fo=32, routed)          2.168     7.665    rtm/reaction_time[12]
    SLICE_X43Y22         LUT3 (Prop_lut3_I0_O)        0.296     7.961 r  rtm/seg_OBUF[6]_inst_i_802/O
                         net (fo=1, routed)           0.000     7.961    rtm/seg_OBUF[6]_inst_i_802_n_0
    SLICE_X43Y22         CARRY4 (Prop_carry4_S[0]_O[1])
                                                      0.424     8.385 r  rtm/seg_OBUF[6]_inst_i_635/O[1]
                         net (fo=2, routed)           0.808     9.193    rtm/seg_OBUF[6]_inst_i_635_n_6
    SLICE_X42Y22         LUT5 (Prop_lut5_I4_O)        0.303     9.496 r  rtm/seg_OBUF[6]_inst_i_638/O
                         net (fo=1, routed)           0.000     9.496    rtm/seg_OBUF[6]_inst_i_638_n_0
    SLICE_X42Y22         CARRY4 (Prop_carry4_S[1]_O[3])
                                                      0.643    10.139 r  rtm/seg_OBUF[6]_inst_i_484/O[3]
                         net (fo=1, routed)           0.990    11.129    rtm/seg_OBUF[6]_inst_i_484_n_4
    SLICE_X45Y25         LUT2 (Prop_lut2_I1_O)        0.307    11.436 r  rtm/seg_OBUF[6]_inst_i_330/O
                         net (fo=1, routed)           0.000    11.436    rtm/seg_OBUF[6]_inst_i_330_n_0
    SLICE_X45Y25         CARRY4 (Prop_carry4_S[1]_O[2])
                                                      0.580    12.016 r  rtm/seg_OBUF[6]_inst_i_187/O[2]
                         net (fo=20, routed)          2.177    14.193    rtm/seg_OBUF[6]_inst_i_187_n_5
    SLICE_X51Y20         LUT5 (Prop_lut5_I4_O)        0.302    14.495 f  rtm/seg_OBUF[6]_inst_i_327/O
                         net (fo=43, routed)          1.646    16.142    rtm/seg_OBUF[6]_inst_i_459_n_0
    SLICE_X49Y23         LUT3 (Prop_lut3_I2_O)        0.150    16.292 r  rtm/seg_OBUF[6]_inst_i_452/O
                         net (fo=4, routed)           1.263    17.554    rtm/seg_OBUF[6]_inst_i_452_n_0
    SLICE_X49Y23         LUT4 (Prop_lut4_I3_O)        0.326    17.880 r  rtm/seg_OBUF[6]_inst_i_819/O
                         net (fo=1, routed)           0.000    17.880    rtm/seg_OBUF[6]_inst_i_819_n_0
    SLICE_X49Y23         CARRY4 (Prop_carry4_S[1]_CO[3])
                                                      0.550    18.430 r  rtm/seg_OBUF[6]_inst_i_649/CO[3]
                         net (fo=1, routed)           0.000    18.430    rtm/seg_OBUF[6]_inst_i_649_n_0
    SLICE_X49Y24         CARRY4 (Prop_carry4_CI_O[1])
                                                      0.334    18.764 r  rtm/seg_OBUF[6]_inst_i_498/O[1]
                         net (fo=4, routed)           1.112    19.877    rtm_n_116
    SLICE_X49Y20         LUT4 (Prop_lut4_I2_O)        0.329    20.206 r  seg_OBUF[6]_inst_i_336/O
                         net (fo=2, routed)           1.226    21.432    seg_OBUF[6]_inst_i_336_n_0
    SLICE_X49Y20         LUT5 (Prop_lut5_I4_O)        0.326    21.758 r  seg_OBUF[6]_inst_i_340/O
                         net (fo=1, routed)           0.000    21.758    rtm/seg_OBUF[6]_inst_i_482_0[1]
    SLICE_X49Y20         CARRY4 (Prop_carry4_S[1]_CO[3])
                                                      0.550    22.308 r  rtm/seg_OBUF[6]_inst_i_193/CO[3]
                         net (fo=1, routed)           0.000    22.308    rtm/seg_OBUF[6]_inst_i_193_n_0
    SLICE_X49Y21         CARRY4 (Prop_carry4_CI_O[0])
                                                      0.222    22.530 r  rtm/seg_OBUF[6]_inst_i_632/O[0]
                         net (fo=2, routed)           1.060    23.590    rtm_n_125
    SLICE_X49Y26         LUT4 (Prop_lut4_I3_O)        0.299    23.889 r  seg_OBUF[6]_inst_i_481/O
                         net (fo=1, routed)           0.000    23.889    seg_OBUF[6]_inst_i_481_n_0
    SLICE_X49Y26         CARRY4 (Prop_carry4_S[1]_O[2])
                                                      0.580    24.469 r  seg_OBUF[6]_inst_i_328/O[2]
                         net (fo=1, routed)           0.816    25.285    rtm/seg_OBUF[6]_inst_i_90_0[2]
    SLICE_X51Y23         LUT2 (Prop_lut2_I1_O)        0.302    25.587 r  rtm/seg_OBUF[6]_inst_i_183/O
                         net (fo=1, routed)           0.000    25.587    rtm/seg_OBUF[6]_inst_i_183_n_0
    SLICE_X51Y23         CARRY4 (Prop_carry4_S[3]_O[3])
                                                      0.248    25.835 r  rtm/seg_OBUF[6]_inst_i_90/O[3]
                         net (fo=60, routed)          1.630    27.465    rtm_n_10
    SLICE_X58Y23         LUT6 (Prop_lut6_I0_O)        0.306    27.771 f  seg_OBUF[6]_inst_i_35/O
                         net (fo=50, routed)          1.153    28.924    rtm/digit50_in[0]
    SLICE_X58Y21         LUT3 (Prop_lut3_I0_O)        0.124    29.048 r  rtm/seg_OBUF[6]_inst_i_395/O
                         net (fo=6, routed)           0.627    29.676    rtm/seg_OBUF[6]_inst_i_395_n_0
    SLICE_X60Y19         CARRY4 (Prop_carry4_DI[3]_CO[3])
                                                      0.396    30.072 r  rtm/seg_OBUF[6]_inst_i_743/CO[3]
                         net (fo=1, routed)           0.000    30.072    rtm/seg_OBUF[6]_inst_i_743_n_0
    SLICE_X60Y20         CARRY4 (Prop_carry4_CI_CO[3])
                                                      0.117    30.189 r  rtm/seg_OBUF[6]_inst_i_574/CO[3]
                         net (fo=1, routed)           0.000    30.189    rtm/seg_OBUF[6]_inst_i_574_n_0
    SLICE_X60Y21         CARRY4 (Prop_carry4_CI_CO[2])
                                                      0.229    30.418 f  rtm/seg_OBUF[6]_inst_i_416/CO[2]
                         net (fo=61, routed)          2.136    32.554    rtm_n_131
    SLICE_X63Y31         LUT3 (Prop_lut3_I2_O)        0.340    32.894 r  seg_OBUF[6]_inst_i_238/O
                         net (fo=69, routed)          2.050    34.944    seg_OBUF[6]_inst_i_238_n_0
    SLICE_X63Y23         LUT4 (Prop_lut4_I0_O)        0.327    35.271 r  seg_OBUF[6]_inst_i_411/O
                         net (fo=1, routed)           0.000    35.271    seg_OBUF[6]_inst_i_411_n_0
    SLICE_X63Y23         CARRY4 (Prop_carry4_S[2]_CO[3])
                                                      0.398    35.669 r  seg_OBUF[6]_inst_i_237/CO[3]
                         net (fo=1, routed)           0.000    35.669    seg_OBUF[6]_inst_i_237_n_0
    SLICE_X63Y24         CARRY4 (Prop_carry4_CI_O[2])
                                                      0.239    35.908 r  seg_OBUF[6]_inst_i_131/O[2]
                         net (fo=2, routed)           1.016    36.924    seg_OBUF[6]_inst_i_131_n_5
    SLICE_X62Y24         LUT3 (Prop_lut3_I0_O)        0.331    37.255 r  seg_OBUF[6]_inst_i_120/O
                         net (fo=2, routed)           0.909    38.164    seg_OBUF[6]_inst_i_120_n_0
    SLICE_X62Y24         LUT4 (Prop_lut4_I3_O)        0.327    38.491 r  seg_OBUF[6]_inst_i_124/O
                         net (fo=1, routed)           0.000    38.491    seg_OBUF[6]_inst_i_124_n_0
    SLICE_X62Y24         CARRY4 (Prop_carry4_S[3]_CO[3])
                                                      0.401    38.892 r  seg_OBUF[6]_inst_i_49/CO[3]
                         net (fo=1, routed)           0.009    38.901    seg_OBUF[6]_inst_i_49_n_0
    SLICE_X62Y25         CARRY4 (Prop_carry4_CI_O[1])
                                                      0.334    39.235 r  seg_OBUF[6]_inst_i_26/O[1]
                         net (fo=4, routed)           1.318    40.554    seg_OBUF[6]_inst_i_26_n_6
    SLICE_X59Y28         LUT2 (Prop_lut2_I1_O)        0.303    40.857 r  seg_OBUF[6]_inst_i_1000/O
                         net (fo=1, routed)           0.000    40.857    seg_OBUF[6]_inst_i_1000_n_0
    SLICE_X59Y28         CARRY4 (Prop_carry4_S[2]_CO[3])
                                                      0.398    41.255 r  seg_OBUF[6]_inst_i_855/CO[3]
                         net (fo=1, routed)           0.000    41.255    seg_OBUF[6]_inst_i_855_n_0
    SLICE_X59Y29         CARRY4 (Prop_carry4_CI_CO[3])
                                                      0.114    41.369 r  seg_OBUF[6]_inst_i_693/CO[3]
                         net (fo=1, routed)           0.000    41.369    seg_OBUF[6]_inst_i_693_n_0
    SLICE_X59Y30         CARRY4 (Prop_carry4_CI_CO[3])
                                                      0.114    41.483 r  seg_OBUF[6]_inst_i_527/CO[3]
                         net (fo=1, routed)           0.000    41.483    seg_OBUF[6]_inst_i_527_n_0
    SLICE_X59Y31         CARRY4 (Prop_carry4_CI_CO[3])
                                                      0.114    41.597 r  seg_OBUF[6]_inst_i_356/CO[3]
                         net (fo=1, routed)           0.000    41.597    seg_OBUF[6]_inst_i_356_n_0
    SLICE_X59Y32         CARRY4 (Prop_carry4_CI_CO[3])
                                                      0.114    41.711 r  seg_OBUF[6]_inst_i_204/CO[3]
                         net (fo=1, routed)           0.000    41.711    seg_OBUF[6]_inst_i_204_n_0
    SLICE_X59Y33         CARRY4 (Prop_carry4_CI_CO[3])
                                                      0.114    41.825 r  seg_OBUF[6]_inst_i_99/CO[3]
                         net (fo=1, routed)           0.000    41.825    seg_OBUF[6]_inst_i_99_n_0
    SLICE_X59Y34         CARRY4 (Prop_carry4_CI_O[0])
                                                      0.222    42.047 r  seg_OBUF[6]_inst_i_43/O[0]
                         net (fo=3, routed)           1.301    43.347    seg_OBUF[6]_inst_i_43_n_7
    SLICE_X58Y34         LUT2 (Prop_lut2_I0_O)        0.299    43.646 r  seg_OBUF[6]_inst_i_117/O
                         net (fo=1, routed)           0.000    43.646    seg_OBUF[6]_inst_i_117_n_0
    SLICE_X58Y34         CARRY4 (Prop_carry4_S[1]_CO[3])
                                                      0.550    44.196 r  seg_OBUF[6]_inst_i_46/CO[3]
                         net (fo=1, routed)           0.000    44.196    seg_OBUF[6]_inst_i_46_n_0
    SLICE_X58Y35         CARRY4 (Prop_carry4_CI_CO[1])
                                                      0.157    44.353 r  seg_OBUF[6]_inst_i_25/CO[1]
                         net (fo=4, routed)           1.162    45.515    disp/seg_OBUF[6]_inst_i_3_2[0]
    SLICE_X64Y27         LUT6 (Prop_lut6_I2_O)        0.329    45.844 r  disp/seg_OBUF[6]_inst_i_6/O
                         net (fo=1, routed)           0.962    46.807    disp/seg_OBUF[6]_inst_i_6_n_0
    SLICE_X60Y26         LUT6 (Prop_lut6_I0_O)        0.124    46.931 r  disp/seg_OBUF[6]_inst_i_2/O
                         net (fo=7, routed)           0.847    47.778    disp/digit[3]
    SLICE_X64Y26         LUT4 (Prop_lut4_I0_O)        0.124    47.902 r  disp/seg_OBUF[4]_inst_i_1/O
                         net (fo=1, routed)           2.056    49.958    seg_OBUF[4]
    U5                   OBUF (Prop_obuf_I_O)         3.520    53.478 r  seg_OBUF[4]_inst/O
                         net (fo=0)                   0.000    53.478    seg[4]
    U5                                                                r  seg[4] (OUT)
  -------------------------------------------------------------------    -------------------

Slack:                    inf
  Source:                 rtm/reaction_time_reg[12]/C
                            (rising edge-triggered cell FDCE clocked by sys_clk_pin  {rise@0.000ns fall@5.000ns period=10.000ns})
  Destination:            seg[2]
                            (output port)
  Path Group:             (none)
  Path Type:              Max at Slow Process Corner
  Data Path Delay:        48.226ns  (logic 17.970ns (37.262%)  route 30.256ns (62.738%))
  Logic Levels:           47  (CARRY4=25 LUT2=4 LUT3=5 LUT4=6 LUT5=3 LUT6=3 OBUF=1)
  Clock Uncertainty:      0.025ns  ((TSJ^2 + TIJ^2)^1/2 + DJ) / 2 + PE
    Total System Jitter     (TSJ):    0.050ns
    Total Input Jitter      (TIJ):    0.000ns
    Discrete Jitter          (DJ):    0.000ns
    Phase Error              (PE):    0.000ns

    Location             Delay type                Incr(ns)  Path(ns)    Netlist Resource(s)
  -------------------------------------------------------------------    -------------------
                         (clock sys_clk_pin rise edge)
                                                      0.000     0.000 r  
    W5                                                0.000     0.000 r  clk (IN)
                         net (fo=0)                   0.000     0.000    clk
    W5                   IBUF (Prop_ibuf_I_O)         1.458     1.458 r  clk_IBUF_inst/O
                         net (fo=1, routed)           1.967     3.425    clk_IBUF
    BUFGCTRL_X0Y0        BUFG (Prop_bufg_I_O)         0.096     3.521 r  clk_IBUF_BUFG_inst/O
                         net (fo=136, routed)         1.557     5.078    rtm/clk_IBUF_BUFG
    SLICE_X48Y29         FDCE                                         r  rtm/reaction_time_reg[12]/C
  -------------------------------------------------------------------    -------------------
    SLICE_X48Y29         FDCE (Prop_fdce_C_Q)         0.419     5.497 r  rtm/reaction_time_reg[12]/Q
                         net (fo=32, routed)          2.168     7.665    rtm/reaction_time[12]
    SLICE_X43Y22         LUT3 (Prop_lut3_I0_O)        0.296     7.961 r  rtm/seg_OBUF[6]_inst_i_802/O
                         net (fo=1, routed)           0.000     7.961    rtm/seg_OBUF[6]_inst_i_802_n_0
    SLICE_X43Y22         CARRY4 (Prop_carry4_S[0]_O[1])
                                                      0.424     8.385 r  rtm/seg_OBUF[6]_inst_i_635/O[1]
                         net (fo=2, routed)           0.808     9.193    rtm/seg_OBUF[6]_inst_i_635_n_6
    SLICE_X42Y22         LUT5 (Prop_lut5_I4_O)        0.303     9.496 r  rtm/seg_OBUF[6]_inst_i_638/O
                         net (fo=1, routed)           0.000     9.496    rtm/seg_OBUF[6]_inst_i_638_n_0
    SLICE_X42Y22         CARRY4 (Prop_carry4_S[1]_O[3])
                                                      0.643    10.139 r  rtm/seg_OBUF[6]_inst_i_484/O[3]
                         net (fo=1, routed)           0.990    11.129    rtm/seg_OBUF[6]_inst_i_484_n_4
    SLICE_X45Y25         LUT2 (Prop_lut2_I1_O)        0.307    11.436 r  rtm/seg_OBUF[6]_inst_i_330/O
                         net (fo=1, routed)           0.000    11.436    rtm/seg_OBUF[6]_inst_i_330_n_0
    SLICE_X45Y25         CARRY4 (Prop_carry4_S[1]_O[2])
                                                      0.580    12.016 r  rtm/seg_OBUF[6]_inst_i_187/O[2]
                         net (fo=20, routed)          2.177    14.193    rtm/seg_OBUF[6]_inst_i_187_n_5
    SLICE_X51Y20         LUT5 (Prop_lut5_I4_O)        0.302    14.495 f  rtm/seg_OBUF[6]_inst_i_327/O
                         net (fo=43, routed)          1.646    16.142    rtm/seg_OBUF[6]_inst_i_459_n_0
    SLICE_X49Y23         LUT3 (Prop_lut3_I2_O)        0.150    16.292 r  rtm/seg_OBUF[6]_inst_i_452/O
                         net (fo=4, routed)           1.263    17.554    rtm/seg_OBUF[6]_inst_i_452_n_0
    SLICE_X49Y23         LUT4 (Prop_lut4_I3_O)        0.326    17.880 r  rtm/seg_OBUF[6]_inst_i_819/O
                         net (fo=1, routed)           0.000    17.880    rtm/seg_OBUF[6]_inst_i_819_n_0
    SLICE_X49Y23         CARRY4 (Prop_carry4_S[1]_CO[3])
                                                      0.550    18.430 r  rtm/seg_OBUF[6]_inst_i_649/CO[3]
                         net (fo=1, routed)           0.000    18.430    rtm/seg_OBUF[6]_inst_i_649_n_0
    SLICE_X49Y24         CARRY4 (Prop_carry4_CI_O[1])
                                                      0.334    18.764 r  rtm/seg_OBUF[6]_inst_i_498/O[1]
                         net (fo=4, routed)           1.112    19.877    rtm_n_116
    SLICE_X49Y20         LUT4 (Prop_lut4_I2_O)        0.329    20.206 r  seg_OBUF[6]_inst_i_336/O
                         net (fo=2, routed)           1.226    21.432    seg_OBUF[6]_inst_i_336_n_0
    SLICE_X49Y20         LUT5 (Prop_lut5_I4_O)        0.326    21.758 r  seg_OBUF[6]_inst_i_340/O
                         net (fo=1, routed)           0.000    21.758    rtm/seg_OBUF[6]_inst_i_482_0[1]
    SLICE_X49Y20         CARRY4 (Prop_carry4_S[1]_CO[3])
                                                      0.550    22.308 r  rtm/seg_OBUF[6]_inst_i_193/CO[3]
                         net (fo=1, routed)           0.000    22.308    rtm/seg_OBUF[6]_inst_i_193_n_0
    SLICE_X49Y21         CARRY4 (Prop_carry4_CI_O[0])
                                                      0.222    22.530 r  rtm/seg_OBUF[6]_inst_i_632/O[0]
                         net (fo=2, routed)           1.060    23.590    rtm_n_125
    SLICE_X49Y26         LUT4 (Prop_lut4_I3_O)        0.299    23.889 r  seg_OBUF[6]_inst_i_481/O
                         net (fo=1, routed)           0.000    23.889    seg_OBUF[6]_inst_i_481_n_0
    SLICE_X49Y26         CARRY4 (Prop_carry4_S[1]_O[2])
                                                      0.580    24.469 r  seg_OBUF[6]_inst_i_328/O[2]
                         net (fo=1, routed)           0.816    25.285    rtm/seg_OBUF[6]_inst_i_90_0[2]
    SLICE_X51Y23         LUT2 (Prop_lut2_I1_O)        0.302    25.587 r  rtm/seg_OBUF[6]_inst_i_183/O
                         net (fo=1, routed)           0.000    25.587    rtm/seg_OBUF[6]_inst_i_183_n_0
    SLICE_X51Y23         CARRY4 (Prop_carry4_S[3]_O[3])
                                                      0.248    25.835 r  rtm/seg_OBUF[6]_inst_i_90/O[3]
                         net (fo=60, routed)          1.630    27.465    rtm_n_10
    SLICE_X58Y23         LUT6 (Prop_lut6_I0_O)        0.306    27.771 f  seg_OBUF[6]_inst_i_35/O
                         net (fo=50, routed)          1.153    28.924    rtm/digit50_in[0]
    SLICE_X58Y21         LUT3 (Prop_lut3_I0_O)        0.124    29.048 r  rtm/seg_OBUF[6]_inst_i_395/O
                         net (fo=6, routed)           0.627    29.676    rtm/seg_OBUF[6]_inst_i_395_n_0
    SLICE_X60Y19         CARRY4 (Prop_carry4_DI[3]_CO[3])
                                                      0.396    30.072 r  rtm/seg_OBUF[6]_inst_i_743/CO[3]
                         net (fo=1, routed)           0.000    30.072    rtm/seg_OBUF[6]_inst_i_743_n_0
    SLICE_X60Y20         CARRY4 (Prop_carry4_CI_CO[3])
                                                      0.117    30.189 r  rtm/seg_OBUF[6]_inst_i_574/CO[3]
                         net (fo=1, routed)           0.000    30.189    rtm/seg_OBUF[6]_inst_i_574_n_0
    SLICE_X60Y21         CARRY4 (Prop_carry4_CI_CO[2])
                                                      0.229    30.418 f  rtm/seg_OBUF[6]_inst_i_416/CO[2]
                         net (fo=61, routed)          2.136    32.554    rtm_n_131
    SLICE_X63Y31         LUT3 (Prop_lut3_I2_O)        0.340    32.894 r  seg_OBUF[6]_inst_i_238/O
                         net (fo=69, routed)          2.050    34.944    seg_OBUF[6]_inst_i_238_n_0
    SLICE_X63Y23         LUT4 (Prop_lut4_I0_O)        0.327    35.271 r  seg_OBUF[6]_inst_i_411/O
                         net (fo=1, routed)           0.000    35.271    seg_OBUF[6]_inst_i_411_n_0
    SLICE_X63Y23         CARRY4 (Prop_carry4_S[2]_CO[3])
                                                      0.398    35.669 r  seg_OBUF[6]_inst_i_237/CO[3]
                         net (fo=1, routed)           0.000    35.669    seg_OBUF[6]_inst_i_237_n_0
    SLICE_X63Y24         CARRY4 (Prop_carry4_CI_O[2])
                                                      0.239    35.908 r  seg_OBUF[6]_inst_i_131/O[2]
                         net (fo=2, routed)           1.016    36.924    seg_OBUF[6]_inst_i_131_n_5
    SLICE_X62Y24         LUT3 (Prop_lut3_I0_O)        0.331    37.255 r  seg_OBUF[6]_inst_i_120/O
                         net (fo=2, routed)           0.909    38.164    seg_OBUF[6]_inst_i_120_n_0
    SLICE_X62Y24         LUT4 (Prop_lut4_I3_O)        0.327    38.491 r  seg_OBUF[6]_inst_i_124/O
                         net (fo=1, routed)           0.000    38.491    seg_OBUF[6]_inst_i_124_n_0
    SLICE_X62Y24         CARRY4 (Prop_carry4_S[3]_CO[3])
                                                      0.401    38.892 r  seg_OBUF[6]_inst_i_49/CO[3]
                         net (fo=1, routed)           0.009    38.901    seg_OBUF[6]_inst_i_49_n_0
    SLICE_X62Y25         CARRY4 (Prop_carry4_CI_O[1])
                                                      0.334    39.235 r  seg_OBUF[6]_inst_i_26/O[1]
                         net (fo=4, routed)           1.318    40.554    seg_OBUF[6]_inst_i_26_n_6
    SLICE_X59Y28         LUT2 (Prop_lut2_I1_O)        0.303    40.857 r  seg_OBUF[6]_inst_i_1000/O
                         net (fo=1, routed)           0.000    40.857    seg_OBUF[6]_inst_i_1000_n_0
    SLICE_X59Y28         CARRY4 (Prop_carry4_S[2]_CO[3])
                                                      0.398    41.255 r  seg_OBUF[6]_inst_i_855/CO[3]
                         net (fo=1, routed)           0.000    41.255    seg_OBUF[6]_inst_i_855_n_0
    SLICE_X59Y29         CARRY4 (Prop_carry4_CI_CO[3])
                                                      0.114    41.369 r  seg_OBUF[6]_inst_i_693/CO[3]
                         net (fo=1, routed)           0.000    41.369    seg_OBUF[6]_inst_i_693_n_0
    SLICE_X59Y30         CARRY4 (Prop_carry4_CI_CO[3])
                                                      0.114    41.483 r  seg_OBUF[6]_inst_i_527/CO[3]
                         net (fo=1, routed)           0.000    41.483    seg_OBUF[6]_inst_i_527_n_0
    SLICE_X59Y31         CARRY4 (Prop_carry4_CI_CO[3])
                                                      0.114    41.597 r  seg_OBUF[6]_inst_i_356/CO[3]
                         net (fo=1, routed)           0.000    41.597    seg_OBUF[6]_inst_i_356_n_0
    SLICE_X59Y32         CARRY4 (Prop_carry4_CI_CO[3])
                                                      0.114    41.711 r  seg_OBUF[6]_inst_i_204/CO[3]
                         net (fo=1, routed)           0.000    41.711    seg_OBUF[6]_inst_i_204_n_0
    SLICE_X59Y33         CARRY4 (Prop_carry4_CI_CO[3])
                                                      0.114    41.825 r  seg_OBUF[6]_inst_i_99/CO[3]
                         net (fo=1, routed)           0.000    41.825    seg_OBUF[6]_inst_i_99_n_0
    SLICE_X59Y34         CARRY4 (Prop_carry4_CI_O[0])
                                                      0.222    42.047 r  seg_OBUF[6]_inst_i_43/O[0]
                         net (fo=3, routed)           1.301    43.347    seg_OBUF[6]_inst_i_43_n_7
    SLICE_X58Y34         LUT2 (Prop_lut2_I0_O)        0.299    43.646 r  seg_OBUF[6]_inst_i_117/O
                         net (fo=1, routed)           0.000    43.646    seg_OBUF[6]_inst_i_117_n_0
    SLICE_X58Y34         CARRY4 (Prop_carry4_S[1]_CO[3])
                                                      0.550    44.196 r  seg_OBUF[6]_inst_i_46/CO[3]
                         net (fo=1, routed)           0.000    44.196    seg_OBUF[6]_inst_i_46_n_0
    SLICE_X58Y35         CARRY4 (Prop_carry4_CI_CO[1])
                                                      0.157    44.353 r  seg_OBUF[6]_inst_i_25/CO[1]
                         net (fo=4, routed)           1.018    45.371    disp/seg_OBUF[6]_inst_i_3_2[0]
    SLICE_X60Y27         LUT6 (Prop_lut6_I2_O)        0.329    45.700 r  disp/seg_OBUF[6]_inst_i_18/O
                         net (fo=1, routed)           0.957    46.658    disp/seg_OBUF[6]_inst_i_18_n_0
    SLICE_X58Y27         LUT6 (Prop_lut6_I0_O)        0.124    46.782 r  disp/seg_OBUF[6]_inst_i_5/O
                         net (fo=7, routed)           0.961    47.742    disp/digit[1]
    SLICE_X64Y26         LUT4 (Prop_lut4_I2_O)        0.124    47.866 r  disp/seg_OBUF[2]_inst_i_1/O
                         net (fo=1, routed)           1.903    49.769    seg_OBUF[2]
    U8                   OBUF (Prop_obuf_I_O)         3.535    53.305 r  seg_OBUF[2]_inst/O
                         net (fo=0)                   0.000    53.305    seg[2]
    U8                                                                r  seg[2] (OUT)
  -------------------------------------------------------------------    -------------------

Slack:                    inf
  Source:                 rtm/reaction_time_reg[12]/C
                            (rising edge-triggered cell FDCE clocked by sys_clk_pin  {rise@0.000ns fall@5.000ns period=10.000ns})
  Destination:            seg[1]
                            (output port)
  Path Group:             (none)
  Path Type:              Max at Slow Process Corner
  Data Path Delay:        48.163ns  (logic 17.964ns (37.299%)  route 30.199ns (62.701%))
  Logic Levels:           47  (CARRY4=25 LUT2=4 LUT3=5 LUT4=6 LUT5=3 LUT6=3 OBUF=1)
  Clock Uncertainty:      0.025ns  ((TSJ^2 + TIJ^2)^1/2 + DJ) / 2 + PE
    Total System Jitter     (TSJ):    0.050ns
    Total Input Jitter      (TIJ):    0.000ns
    Discrete Jitter          (DJ):    0.000ns
    Phase Error              (PE):    0.000ns

    Location             Delay type                Incr(ns)  Path(ns)    Netlist Resource(s)
  -------------------------------------------------------------------    -------------------
                         (clock sys_clk_pin rise edge)
                                                      0.000     0.000 r  
    W5                                                0.000     0.000 r  clk (IN)
                         net (fo=0)                   0.000     0.000    clk
    W5                   IBUF (Prop_ibuf_I_O)         1.458     1.458 r  clk_IBUF_inst/O
                         net (fo=1, routed)           1.967     3.425    clk_IBUF
    BUFGCTRL_X0Y0        BUFG (Prop_bufg_I_O)         0.096     3.521 r  clk_IBUF_BUFG_inst/O
                         net (fo=136, routed)         1.557     5.078    rtm/clk_IBUF_BUFG
    SLICE_X48Y29         FDCE                                         r  rtm/reaction_time_reg[12]/C
  -------------------------------------------------------------------    -------------------
    SLICE_X48Y29         FDCE (Prop_fdce_C_Q)         0.419     5.497 r  rtm/reaction_time_reg[12]/Q
                         net (fo=32, routed)          2.168     7.665    rtm/reaction_time[12]
    SLICE_X43Y22         LUT3 (Prop_lut3_I0_O)        0.296     7.961 r  rtm/seg_OBUF[6]_inst_i_802/O
                         net (fo=1, routed)           0.000     7.961    rtm/seg_OBUF[6]_inst_i_802_n_0
    SLICE_X43Y22         CARRY4 (Prop_carry4_S[0]_O[1])
                                                      0.424     8.385 r  rtm/seg_OBUF[6]_inst_i_635/O[1]
                         net (fo=2, routed)           0.808     9.193    rtm/seg_OBUF[6]_inst_i_635_n_6
    SLICE_X42Y22         LUT5 (Prop_lut5_I4_O)        0.303     9.496 r  rtm/seg_OBUF[6]_inst_i_638/O
                         net (fo=1, routed)           0.000     9.496    rtm/seg_OBUF[6]_inst_i_638_n_0
    SLICE_X42Y22         CARRY4 (Prop_carry4_S[1]_O[3])
                                                      0.643    10.139 r  rtm/seg_OBUF[6]_inst_i_484/O[3]
                         net (fo=1, routed)           0.990    11.129    rtm/seg_OBUF[6]_inst_i_484_n_4
    SLICE_X45Y25         LUT2 (Prop_lut2_I1_O)        0.307    11.436 r  rtm/seg_OBUF[6]_inst_i_330/O
                         net (fo=1, routed)           0.000    11.436    rtm/seg_OBUF[6]_inst_i_330_n_0
    SLICE_X45Y25         CARRY4 (Prop_carry4_S[1]_O[2])
                                                      0.580    12.016 r  rtm/seg_OBUF[6]_inst_i_187/O[2]
                         net (fo=20, routed)          2.177    14.193    rtm/seg_OBUF[6]_inst_i_187_n_5
    SLICE_X51Y20         LUT5 (Prop_lut5_I4_O)        0.302    14.495 f  rtm/seg_OBUF[6]_inst_i_327/O
                         net (fo=43, routed)          1.646    16.142    rtm/seg_OBUF[6]_inst_i_459_n_0
    SLICE_X49Y23         LUT3 (Prop_lut3_I2_O)        0.150    16.292 r  rtm/seg_OBUF[6]_inst_i_452/O
                         net (fo=4, routed)           1.263    17.554    rtm/seg_OBUF[6]_inst_i_452_n_0
    SLICE_X49Y23         LUT4 (Prop_lut4_I3_O)        0.326    17.880 r  rtm/seg_OBUF[6]_inst_i_819/O
                         net (fo=1, routed)           0.000    17.880    rtm/seg_OBUF[6]_inst_i_819_n_0
    SLICE_X49Y23         CARRY4 (Prop_carry4_S[1]_CO[3])
                                                      0.550    18.430 r  rtm/seg_OBUF[6]_inst_i_649/CO[3]
                         net (fo=1, routed)           0.000    18.430    rtm/seg_OBUF[6]_inst_i_649_n_0
    SLICE_X49Y24         CARRY4 (Prop_carry4_CI_O[1])
                                                      0.334    18.764 r  rtm/seg_OBUF[6]_inst_i_498/O[1]
                         net (fo=4, routed)           1.112    19.877    rtm_n_116
    SLICE_X49Y20         LUT4 (Prop_lut4_I2_O)        0.329    20.206 r  seg_OBUF[6]_inst_i_336/O
                         net (fo=2, routed)           1.226    21.432    seg_OBUF[6]_inst_i_336_n_0
    SLICE_X49Y20         LUT5 (Prop_lut5_I4_O)        0.326    21.758 r  seg_OBUF[6]_inst_i_340/O
                         net (fo=1, routed)           0.000    21.758    rtm/seg_OBUF[6]_inst_i_482_0[1]
    SLICE_X49Y20         CARRY4 (Prop_carry4_S[1]_CO[3])
                                                      0.550    22.308 r  rtm/seg_OBUF[6]_inst_i_193/CO[3]
                         net (fo=1, routed)           0.000    22.308    rtm/seg_OBUF[6]_inst_i_193_n_0
    SLICE_X49Y21         CARRY4 (Prop_carry4_CI_O[0])
                                                      0.222    22.530 r  rtm/seg_OBUF[6]_inst_i_632/O[0]
                         net (fo=2, routed)           1.060    23.590    rtm_n_125
    SLICE_X49Y26         LUT4 (Prop_lut4_I3_O)        0.299    23.889 r  seg_OBUF[6]_inst_i_481/O
                         net (fo=1, routed)           0.000    23.889    seg_OBUF[6]_inst_i_481_n_0
    SLICE_X49Y26         CARRY4 (Prop_carry4_S[1]_O[2])
                                                      0.580    24.469 r  seg_OBUF[6]_inst_i_328/O[2]
                         net (fo=1, routed)           0.816    25.285    rtm/seg_OBUF[6]_inst_i_90_0[2]
    SLICE_X51Y23         LUT2 (Prop_lut2_I1_O)        0.302    25.587 r  rtm/seg_OBUF[6]_inst_i_183/O
                         net (fo=1, routed)           0.000    25.587    rtm/seg_OBUF[6]_inst_i_183_n_0
    SLICE_X51Y23         CARRY4 (Prop_carry4_S[3]_O[3])
                                                      0.248    25.835 r  rtm/seg_OBUF[6]_inst_i_90/O[3]
                         net (fo=60, routed)          1.630    27.465    rtm_n_10
    SLICE_X58Y23         LUT6 (Prop_lut6_I0_O)        0.306    27.771 f  seg_OBUF[6]_inst_i_35/O
                         net (fo=50, routed)          1.153    28.924    rtm/digit50_in[0]
    SLICE_X58Y21         LUT3 (Prop_lut3_I0_O)        0.124    29.048 r  rtm/seg_OBUF[6]_inst_i_395/O
                         net (fo=6, routed)           0.627    29.676    rtm/seg_OBUF[6]_inst_i_395_n_0
    SLICE_X60Y19         CARRY4 (Prop_carry4_DI[3]_CO[3])
                                                      0.396    30.072 r  rtm/seg_OBUF[6]_inst_i_743/CO[3]
                         net (fo=1, routed)           0.000    30.072    rtm/seg_OBUF[6]_inst_i_743_n_0
    SLICE_X60Y20         CARRY4 (Prop_carry4_CI_CO[3])
                                                      0.117    30.189 r  rtm/seg_OBUF[6]_inst_i_574/CO[3]
                         net (fo=1, routed)           0.000    30.189    rtm/seg_OBUF[6]_inst_i_574_n_0
    SLICE_X60Y21         CARRY4 (Prop_carry4_CI_CO[2])
                                                      0.229    30.418 f  rtm/seg_OBUF[6]_inst_i_416/CO[2]
                         net (fo=61, routed)          2.136    32.554    rtm_n_131
    SLICE_X63Y31         LUT3 (Prop_lut3_I2_O)        0.340    32.894 r  seg_OBUF[6]_inst_i_238/O
                         net (fo=69, routed)          2.050    34.944    seg_OBUF[6]_inst_i_238_n_0
    SLICE_X63Y23         LUT4 (Prop_lut4_I0_O)        0.327    35.271 r  seg_OBUF[6]_inst_i_411/O
                         net (fo=1, routed)           0.000    35.271    seg_OBUF[6]_inst_i_411_n_0
    SLICE_X63Y23         CARRY4 (Prop_carry4_S[2]_CO[3])
                                                      0.398    35.669 r  seg_OBUF[6]_inst_i_237/CO[3]
                         net (fo=1, routed)           0.000    35.669    seg_OBUF[6]_inst_i_237_n_0
    SLICE_X63Y24         CARRY4 (Prop_carry4_CI_O[2])
                                                      0.239    35.908 r  seg_OBUF[6]_inst_i_131/O[2]
                         net (fo=2, routed)           1.016    36.924    seg_OBUF[6]_inst_i_131_n_5
    SLICE_X62Y24         LUT3 (Prop_lut3_I0_O)        0.331    37.255 r  seg_OBUF[6]_inst_i_120/O
                         net (fo=2, routed)           0.909    38.164    seg_OBUF[6]_inst_i_120_n_0
    SLICE_X62Y24         LUT4 (Prop_lut4_I3_O)        0.327    38.491 r  seg_OBUF[6]_inst_i_124/O
                         net (fo=1, routed)           0.000    38.491    seg_OBUF[6]_inst_i_124_n_0
    SLICE_X62Y24         CARRY4 (Prop_carry4_S[3]_CO[3])
                                                      0.401    38.892 r  seg_OBUF[6]_inst_i_49/CO[3]
                         net (fo=1, routed)           0.009    38.901    seg_OBUF[6]_inst_i_49_n_0
    SLICE_X62Y25         CARRY4 (Prop_carry4_CI_O[1])
                                                      0.334    39.235 r  seg_OBUF[6]_inst_i_26/O[1]
                         net (fo=4, routed)           1.318    40.554    seg_OBUF[6]_inst_i_26_n_6
    SLICE_X59Y28         LUT2 (Prop_lut2_I1_O)        0.303    40.857 r  seg_OBUF[6]_inst_i_1000/O
                         net (fo=1, routed)           0.000    40.857    seg_OBUF[6]_inst_i_1000_n_0
    SLICE_X59Y28         CARRY4 (Prop_carry4_S[2]_CO[3])
                                                      0.398    41.255 r  seg_OBUF[6]_inst_i_855/CO[3]
                         net (fo=1, routed)           0.000    41.255    seg_OBUF[6]_inst_i_855_n_0
    SLICE_X59Y29         CARRY4 (Prop_carry4_CI_CO[3])
                                                      0.114    41.369 r  seg_OBUF[6]_inst_i_693/CO[3]
                         net (fo=1, routed)           0.000    41.369    seg_OBUF[6]_inst_i_693_n_0
    SLICE_X59Y30         CARRY4 (Prop_carry4_CI_CO[3])
                                                      0.114    41.483 r  seg_OBUF[6]_inst_i_527/CO[3]
                         net (fo=1, routed)           0.000    41.483    seg_OBUF[6]_inst_i_527_n_0
    SLICE_X59Y31         CARRY4 (Prop_carry4_CI_CO[3])
                                                      0.114    41.597 r  seg_OBUF[6]_inst_i_356/CO[3]
                         net (fo=1, routed)           0.000    41.597    seg_OBUF[6]_inst_i_356_n_0
    SLICE_X59Y32         CARRY4 (Prop_carry4_CI_CO[3])
                                                      0.114    41.711 r  seg_OBUF[6]_inst_i_204/CO[3]
                         net (fo=1, routed)           0.000    41.711    seg_OBUF[6]_inst_i_204_n_0
    SLICE_X59Y33         CARRY4 (Prop_carry4_CI_CO[3])
                                                      0.114    41.825 r  seg_OBUF[6]_inst_i_99/CO[3]
                         net (fo=1, routed)           0.000    41.825    seg_OBUF[6]_inst_i_99_n_0
    SLICE_X59Y34         CARRY4 (Prop_carry4_CI_O[0])
                                                      0.222    42.047 r  seg_OBUF[6]_inst_i_43/O[0]
                         net (fo=3, routed)           1.301    43.347    seg_OBUF[6]_inst_i_43_n_7
    SLICE_X58Y34         LUT2 (Prop_lut2_I0_O)        0.299    43.646 r  seg_OBUF[6]_inst_i_117/O
                         net (fo=1, routed)           0.000    43.646    seg_OBUF[6]_inst_i_117_n_0
    SLICE_X58Y34         CARRY4 (Prop_carry4_S[1]_CO[3])
                                                      0.550    44.196 r  seg_OBUF[6]_inst_i_46/CO[3]
                         net (fo=1, routed)           0.000    44.196    seg_OBUF[6]_inst_i_46_n_0
    SLICE_X58Y35         CARRY4 (Prop_carry4_CI_CO[1])
                                                      0.157    44.353 r  seg_OBUF[6]_inst_i_25/CO[1]
                         net (fo=4, routed)           1.018    45.371    disp/seg_OBUF[6]_inst_i_3_2[0]
    SLICE_X60Y27         LUT6 (Prop_lut6_I2_O)        0.329    45.700 r  disp/seg_OBUF[6]_inst_i_18/O
                         net (fo=1, routed)           0.957    46.658    disp/seg_OBUF[6]_inst_i_18_n_0
    SLICE_X58Y27         LUT6 (Prop_lut6_I0_O)        0.124    46.782 r  disp/seg_OBUF[6]_inst_i_5/O
                         net (fo=7, routed)           0.964    47.745    disp/digit[1]
    SLICE_X64Y26         LUT4 (Prop_lut4_I2_O)        0.124    47.869 r  disp/seg_OBUF[1]_inst_i_1/O
                         net (fo=1, routed)           1.843    49.712    seg_OBUF[1]
    W6                   OBUF (Prop_obuf_I_O)         3.529    53.241 r  seg_OBUF[1]_inst/O
                         net (fo=0)                   0.000    53.241    seg[1]
    W6                                                                r  seg[1] (OUT)
  -------------------------------------------------------------------    -------------------

Slack:                    inf
  Source:                 rtm/react_led_reg/C
                            (rising edge-triggered cell FDCE clocked by sys_clk_pin  {rise@0.000ns fall@5.000ns period=10.000ns})
  Destination:            react_led
                            (output port)
  Path Group:             (none)
  Path Type:              Max at Slow Process Corner
  Data Path Delay:        8.062ns  (logic 4.154ns (51.525%)  route 3.908ns (48.475%))
  Logic Levels:           1  (OBUF=1)
  Clock Uncertainty:      0.025ns  ((TSJ^2 + TIJ^2)^1/2 + DJ) / 2 + PE
    Total System Jitter     (TSJ):    0.050ns
    Total Input Jitter      (TIJ):    0.000ns
    Discrete Jitter          (DJ):    0.000ns
    Phase Error              (PE):    0.000ns

    Location             Delay type                Incr(ns)  Path(ns)    Netlist Resource(s)
  -------------------------------------------------------------------    -------------------
                         (clock sys_clk_pin rise edge)
                                                      0.000     0.000 r  
    W5                                                0.000     0.000 r  clk (IN)
                         net (fo=0)                   0.000     0.000    clk
    W5                   IBUF (Prop_ibuf_I_O)         1.458     1.458 r  clk_IBUF_inst/O
                         net (fo=1, routed)           1.967     3.425    clk_IBUF
    BUFGCTRL_X0Y0        BUFG (Prop_bufg_I_O)         0.096     3.521 r  clk_IBUF_BUFG_inst/O
                         net (fo=136, routed)         1.562     5.083    rtm/clk_IBUF_BUFG
    SLICE_X52Y32         FDCE                                         r  rtm/react_led_reg/C
  -------------------------------------------------------------------    -------------------
    SLICE_X52Y32         FDCE (Prop_fdce_C_Q)         0.478     5.561 r  rtm/react_led_reg/Q
                         net (fo=1, routed)           3.908     9.469    react_led_OBUF
    U16                  OBUF (Prop_obuf_I_O)         3.676    13.145 r  react_led_OBUF_inst/O
                         net (fo=0)                   0.000    13.145    react_led
    U16                                                               r  react_led (OUT)
  -------------------------------------------------------------------    -------------------

Slack:                    inf
  Source:                 disp/sel_reg[0]/C
                            (rising edge-triggered cell FDRE clocked by sys_clk_pin  {rise@0.000ns fall@5.000ns period=10.000ns})
  Destination:            an[2]
                            (output port)
  Path Group:             (none)
  Path Type:              Max at Slow Process Corner
  Data Path Delay:        7.247ns  (logic 4.333ns (59.791%)  route 2.914ns (40.209%))
  Logic Levels:           2  (LUT2=1 OBUF=1)
  Clock Uncertainty:      0.025ns  ((TSJ^2 + TIJ^2)^1/2 + DJ) / 2 + PE
    Total System Jitter     (TSJ):    0.050ns
    Total Input Jitter      (TIJ):    0.000ns
    Discrete Jitter          (DJ):    0.000ns
    Phase Error              (PE):    0.000ns

    Location             Delay type                Incr(ns)  Path(ns)    Netlist Resource(s)
  -------------------------------------------------------------------    -------------------
                         (clock sys_clk_pin rise edge)
                                                      0.000     0.000 r  
    W5                                                0.000     0.000 r  clk (IN)
                         net (fo=0)                   0.000     0.000    clk
    W5                   IBUF (Prop_ibuf_I_O)         1.458     1.458 r  clk_IBUF_inst/O
                         net (fo=1, routed)           1.967     3.425    clk_IBUF
    BUFGCTRL_X0Y0        BUFG (Prop_bufg_I_O)         0.096     3.521 r  clk_IBUF_BUFG_inst/O
                         net (fo=136, routed)         1.630     5.151    disp/clk_IBUF_BUFG
    SLICE_X65Y33         FDRE                                         r  disp/sel_reg[0]/C
  -------------------------------------------------------------------    -------------------
    SLICE_X65Y33         FDRE (Prop_fdre_C_Q)         0.456     5.607 r  disp/sel_reg[0]/Q
                         net (fo=20, routed)          1.250     6.857    disp/Q[0]
    SLICE_X64Y27         LUT2 (Prop_lut2_I0_O)        0.150     7.007 r  disp/an_OBUF[2]_inst_i_1/O
                         net (fo=1, routed)           1.664     8.671    an_OBUF[2]
    V4                   OBUF (Prop_obuf_I_O)         3.727    12.398 r  an_OBUF[2]_inst/O
                         net (fo=0)                   0.000    12.398    an[2]
    V4                                                                r  an[2] (OUT)
  -------------------------------------------------------------------    -------------------

Slack:                    inf
  Source:                 disp/sel_reg[0]/C
                            (rising edge-triggered cell FDRE clocked by sys_clk_pin  {rise@0.000ns fall@5.000ns period=10.000ns})
  Destination:            an[0]
                            (output port)
  Path Group:             (none)
  Path Type:              Max at Slow Process Corner
  Data Path Delay:        7.008ns  (logic 4.311ns (61.510%)  route 2.698ns (38.490%))
  Logic Levels:           2  (LUT2=1 OBUF=1)
  Clock Uncertainty:      0.025ns  ((TSJ^2 + TIJ^2)^1/2 + DJ) / 2 + PE
    Total System Jitter     (TSJ):    0.050ns
    Total Input Jitter      (TIJ):    0.000ns
    Discrete Jitter          (DJ):    0.000ns
    Phase Error              (PE):    0.000ns

    Location             Delay type                Incr(ns)  Path(ns)    Netlist Resource(s)
  -------------------------------------------------------------------    -------------------
                         (clock sys_clk_pin rise edge)
                                                      0.000     0.000 r  
    W5                                                0.000     0.000 r  clk (IN)
                         net (fo=0)                   0.000     0.000    clk
    W5                   IBUF (Prop_ibuf_I_O)         1.458     1.458 r  clk_IBUF_inst/O
                         net (fo=1, routed)           1.967     3.425    clk_IBUF
    BUFGCTRL_X0Y0        BUFG (Prop_bufg_I_O)         0.096     3.521 r  clk_IBUF_BUFG_inst/O
                         net (fo=136, routed)         1.630     5.151    disp/clk_IBUF_BUFG
    SLICE_X65Y33         FDRE                                         r  disp/sel_reg[0]/C
  -------------------------------------------------------------------    -------------------
    SLICE_X65Y33         FDRE (Prop_fdre_C_Q)         0.456     5.607 r  disp/sel_reg[0]/Q
                         net (fo=20, routed)          0.890     6.497    disp/Q[0]
    SLICE_X64Y28         LUT2 (Prop_lut2_I1_O)        0.148     6.645 r  disp/an_OBUF[0]_inst_i_1/O
                         net (fo=1, routed)           1.807     8.453    an_OBUF[0]
    U2                   OBUF (Prop_obuf_I_O)         3.707    12.160 r  an_OBUF[0]_inst/O
                         net (fo=0)                   0.000    12.160    an[0]
    U2                                                                r  an[0] (OUT)
  -------------------------------------------------------------------    -------------------





Min Delay Paths
--------------------------------------------------------------------------------------
Slack:                    inf
  Source:                 disp/sel_reg[1]/C
                            (rising edge-triggered cell FDRE clocked by sys_clk_pin  {rise@0.000ns fall@5.000ns period=10.000ns})
  Destination:            an[3]
                            (output port)
  Path Group:             (none)
  Path Type:              Min at Fast Process Corner
  Data Path Delay:        2.087ns  (logic 1.397ns (66.973%)  route 0.689ns (33.027%))
  Logic Levels:           2  (LUT2=1 OBUF=1)
  Clock Uncertainty:      0.025ns  ((TSJ^2 + TIJ^2)^1/2 + DJ) / 2 + PE
    Total System Jitter     (TSJ):    0.050ns
    Total Input Jitter      (TIJ):    0.000ns
    Discrete Jitter          (DJ):    0.000ns
    Phase Error              (PE):    0.000ns

    Location             Delay type                Incr(ns)  Path(ns)    Netlist Resource(s)
  -------------------------------------------------------------------    -------------------
                         (clock sys_clk_pin rise edge)
                                                      0.000     0.000 r  
    W5                                                0.000     0.000 r  clk (IN)
                         net (fo=0)                   0.000     0.000    clk
    W5                   IBUF (Prop_ibuf_I_O)         0.226     0.226 r  clk_IBUF_inst/O
                         net (fo=1, routed)           0.631     0.858    clk_IBUF
    BUFGCTRL_X0Y0        BUFG (Prop_bufg_I_O)         0.026     0.884 r  clk_IBUF_BUFG_inst/O
                         net (fo=136, routed)         0.590     1.473    disp/clk_IBUF_BUFG
    SLICE_X65Y33         FDRE                                         r  disp/sel_reg[1]/C
  -------------------------------------------------------------------    -------------------
    SLICE_X65Y33         FDRE (Prop_fdre_C_Q)         0.141     1.614 f  disp/sel_reg[1]/Q
                         net (fo=20, routed)          0.309     1.923    disp/Q[1]
    SLICE_X64Y28         LUT2 (Prop_lut2_I0_O)        0.045     1.968 r  disp/an_OBUF[3]_inst_i_1/O
                         net (fo=1, routed)           0.380     2.348    an_OBUF[3]
    W4                   OBUF (Prop_obuf_I_O)         1.211     3.560 r  an_OBUF[3]_inst/O
                         net (fo=0)                   0.000     3.560    an[3]
    W4                                                                r  an[3] (OUT)
  -------------------------------------------------------------------    -------------------

Slack:                    inf
  Source:                 disp/sel_reg[1]/C
                            (rising edge-triggered cell FDRE clocked by sys_clk_pin  {rise@0.000ns fall@5.000ns period=10.000ns})
  Destination:            an[0]
                            (output port)
  Path Group:             (none)
  Path Type:              Min at Fast Process Corner
  Data Path Delay:        2.164ns  (logic 1.457ns (67.320%)  route 0.707ns (32.680%))
  Logic Levels:           2  (LUT2=1 OBUF=1)
  Clock Uncertainty:      0.025ns  ((TSJ^2 + TIJ^2)^1/2 + DJ) / 2 + PE
    Total System Jitter     (TSJ):    0.050ns
    Total Input Jitter      (TIJ):    0.000ns
    Discrete Jitter          (DJ):    0.000ns
    Phase Error              (PE):    0.000ns

    Location             Delay type                Incr(ns)  Path(ns)    Netlist Resource(s)
  -------------------------------------------------------------------    -------------------
                         (clock sys_clk_pin rise edge)
                                                      0.000     0.000 r  
    W5                                                0.000     0.000 r  clk (IN)
                         net (fo=0)                   0.000     0.000    clk
    W5                   IBUF (Prop_ibuf_I_O)         0.226     0.226 r  clk_IBUF_inst/O
                         net (fo=1, routed)           0.631     0.858    clk_IBUF
    BUFGCTRL_X0Y0        BUFG (Prop_bufg_I_O)         0.026     0.884 r  clk_IBUF_BUFG_inst/O
                         net (fo=136, routed)         0.590     1.473    disp/clk_IBUF_BUFG
    SLICE_X65Y33         FDRE                                         r  disp/sel_reg[1]/C
  -------------------------------------------------------------------    -------------------
    SLICE_X65Y33         FDRE (Prop_fdre_C_Q)         0.141     1.614 r  disp/sel_reg[1]/Q
                         net (fo=20, routed)          0.309     1.923    disp/Q[1]
    SLICE_X64Y28         LUT2 (Prop_lut2_I0_O)        0.046     1.969 r  disp/an_OBUF[0]_inst_i_1/O
                         net (fo=1, routed)           0.398     2.367    an_OBUF[0]
    U2                   OBUF (Prop_obuf_I_O)         1.270     3.637 r  an_OBUF[0]_inst/O
                         net (fo=0)                   0.000     3.637    an[0]
    U2                                                                r  an[0] (OUT)
  -------------------------------------------------------------------    -------------------

Slack:                    inf
  Source:                 disp/sel_reg[0]/C
                            (rising edge-triggered cell FDRE clocked by sys_clk_pin  {rise@0.000ns fall@5.000ns period=10.000ns})
  Destination:            an[1]
                            (output port)
  Path Group:             (none)
  Path Type:              Min at Fast Process Corner
  Data Path Delay:        2.180ns  (logic 1.386ns (63.597%)  route 0.794ns (36.403%))
  Logic Levels:           2  (LUT2=1 OBUF=1)
  Clock Uncertainty:      0.025ns  ((TSJ^2 + TIJ^2)^1/2 + DJ) / 2 + PE
    Total System Jitter     (TSJ):    0.050ns
    Total Input Jitter      (TIJ):    0.000ns
    Discrete Jitter          (DJ):    0.000ns
    Phase Error              (PE):    0.000ns

    Location             Delay type                Incr(ns)  Path(ns)    Netlist Resource(s)
  -------------------------------------------------------------------    -------------------
                         (clock sys_clk_pin rise edge)
                                                      0.000     0.000 r  
    W5                                                0.000     0.000 r  clk (IN)
                         net (fo=0)                   0.000     0.000    clk
    W5                   IBUF (Prop_ibuf_I_O)         0.226     0.226 r  clk_IBUF_inst/O
                         net (fo=1, routed)           0.631     0.858    clk_IBUF
    BUFGCTRL_X0Y0        BUFG (Prop_bufg_I_O)         0.026     0.884 r  clk_IBUF_BUFG_inst/O
                         net (fo=136, routed)         0.590     1.473    disp/clk_IBUF_BUFG
    SLICE_X65Y33         FDRE                                         r  disp/sel_reg[0]/C
  -------------------------------------------------------------------    -------------------
    SLICE_X65Y33         FDRE (Prop_fdre_C_Q)         0.141     1.614 f  disp/sel_reg[0]/Q
                         net (fo=20, routed)          0.465     2.079    disp/Q[0]
    SLICE_X64Y27         LUT2 (Prop_lut2_I1_O)        0.045     2.124 r  disp/an_OBUF[1]_inst_i_1/O
                         net (fo=1, routed)           0.328     2.453    an_OBUF[1]
    U4                   OBUF (Prop_obuf_I_O)         1.200     3.653 r  an_OBUF[1]_inst/O
                         net (fo=0)                   0.000     3.653    an[1]
    U4                                                                r  an[1] (OUT)
  -------------------------------------------------------------------    -------------------

Slack:                    inf
  Source:                 disp/sel_reg[0]/C
                            (rising edge-triggered cell FDRE clocked by sys_clk_pin  {rise@0.000ns fall@5.000ns period=10.000ns})
  Destination:            an[2]
                            (output port)
  Path Group:             (none)
  Path Type:              Min at Fast Process Corner
  Data Path Delay:        2.275ns  (logic 1.475ns (64.837%)  route 0.800ns (35.163%))
  Logic Levels:           2  (LUT2=1 OBUF=1)
  Clock Uncertainty:      0.025ns  ((TSJ^2 + TIJ^2)^1/2 + DJ) / 2 + PE
    Total System Jitter     (TSJ):    0.050ns
    Total Input Jitter      (TIJ):    0.000ns
    Discrete Jitter          (DJ):    0.000ns
    Phase Error              (PE):    0.000ns

    Location             Delay type                Incr(ns)  Path(ns)    Netlist Resource(s)
  -------------------------------------------------------------------    -------------------
                         (clock sys_clk_pin rise edge)
                                                      0.000     0.000 r  
    W5                                                0.000     0.000 r  clk (IN)
                         net (fo=0)                   0.000     0.000    clk
    W5                   IBUF (Prop_ibuf_I_O)         0.226     0.226 r  clk_IBUF_inst/O
                         net (fo=1, routed)           0.631     0.858    clk_IBUF
    BUFGCTRL_X0Y0        BUFG (Prop_bufg_I_O)         0.026     0.884 r  clk_IBUF_BUFG_inst/O
                         net (fo=136, routed)         0.590     1.473    disp/clk_IBUF_BUFG
    SLICE_X65Y33         FDRE                                         r  disp/sel_reg[0]/C
  -------------------------------------------------------------------    -------------------
    SLICE_X65Y33         FDRE (Prop_fdre_C_Q)         0.141     1.614 r  disp/sel_reg[0]/Q
                         net (fo=20, routed)          0.465     2.079    disp/Q[0]
    SLICE_X64Y27         LUT2 (Prop_lut2_I0_O)        0.044     2.123 r  disp/an_OBUF[2]_inst_i_1/O
                         net (fo=1, routed)           0.335     2.458    an_OBUF[2]
    V4                   OBUF (Prop_obuf_I_O)         1.290     3.748 r  an_OBUF[2]_inst/O
                         net (fo=0)                   0.000     3.748    an[2]
    V4                                                                r  an[2] (OUT)
  -------------------------------------------------------------------    -------------------

Slack:                    inf
  Source:                 disp/sel_reg[1]/C
                            (rising edge-triggered cell FDRE clocked by sys_clk_pin  {rise@0.000ns fall@5.000ns period=10.000ns})
  Destination:            seg[1]
                            (output port)
  Path Group:             (none)
  Path Type:              Min at Fast Process Corner
  Data Path Delay:        2.434ns  (logic 1.461ns (60.017%)  route 0.973ns (39.983%))
  Logic Levels:           3  (LUT4=1 LUT6=1 OBUF=1)
  Clock Uncertainty:      0.025ns  ((TSJ^2 + TIJ^2)^1/2 + DJ) / 2 + PE
    Total System Jitter     (TSJ):    0.050ns
    Total Input Jitter      (TIJ):    0.000ns
    Discrete Jitter          (DJ):    0.000ns
    Phase Error              (PE):    0.000ns

    Location             Delay type                Incr(ns)  Path(ns)    Netlist Resource(s)
  -------------------------------------------------------------------    -------------------
                         (clock sys_clk_pin rise edge)
                                                      0.000     0.000 r  
    W5                                                0.000     0.000 r  clk (IN)
                         net (fo=0)                   0.000     0.000    clk
    W5                   IBUF (Prop_ibuf_I_O)         0.226     0.226 r  clk_IBUF_inst/O
                         net (fo=1, routed)           0.631     0.858    clk_IBUF
    BUFGCTRL_X0Y0        BUFG (Prop_bufg_I_O)         0.026     0.884 r  clk_IBUF_BUFG_inst/O
                         net (fo=136, routed)         0.590     1.473    disp/clk_IBUF_BUFG
    SLICE_X65Y33         FDRE                                         r  disp/sel_reg[1]/C
  -------------------------------------------------------------------    -------------------
    SLICE_X65Y33         FDRE (Prop_fdre_C_Q)         0.141     1.614 r  disp/sel_reg[1]/Q
                         net (fo=20, routed)          0.388     2.002    disp/Q[1]
    SLICE_X60Y26         LUT6 (Prop_lut6_I3_O)        0.045     2.047 r  disp/seg_OBUF[6]_inst_i_2/O
                         net (fo=7, routed)           0.175     2.223    disp/digit[3]
    SLICE_X64Y26         LUT4 (Prop_lut4_I0_O)        0.045     2.268 r  disp/seg_OBUF[1]_inst_i_1/O
                         net (fo=1, routed)           0.410     2.677    seg_OBUF[1]
    W6                   OBUF (Prop_obuf_I_O)         1.230     3.908 r  seg_OBUF[1]_inst/O
                         net (fo=0)                   0.000     3.908    seg[1]
    W6                                                                r  seg[1] (OUT)
  -------------------------------------------------------------------    -------------------

Slack:                    inf
  Source:                 disp/sel_reg[1]/C
                            (rising edge-triggered cell FDRE clocked by sys_clk_pin  {rise@0.000ns fall@5.000ns period=10.000ns})
  Destination:            seg[4]
                            (output port)
  Path Group:             (none)
  Path Type:              Min at Fast Process Corner
  Data Path Delay:        2.512ns  (logic 1.452ns (57.797%)  route 1.060ns (42.203%))
  Logic Levels:           3  (LUT4=1 LUT6=1 OBUF=1)
  Clock Uncertainty:      0.025ns  ((TSJ^2 + TIJ^2)^1/2 + DJ) / 2 + PE
    Total System Jitter     (TSJ):    0.050ns
    Total Input Jitter      (TIJ):    0.000ns
    Discrete Jitter          (DJ):    0.000ns
    Phase Error              (PE):    0.000ns

    Location             Delay type                Incr(ns)  Path(ns)    Netlist Resource(s)
  -------------------------------------------------------------------    -------------------
                         (clock sys_clk_pin rise edge)
                                                      0.000     0.000 r  
    W5                                                0.000     0.000 r  clk (IN)
                         net (fo=0)                   0.000     0.000    clk
    W5                   IBUF (Prop_ibuf_I_O)         0.226     0.226 r  clk_IBUF_inst/O
                         net (fo=1, routed)           0.631     0.858    clk_IBUF
    BUFGCTRL_X0Y0        BUFG (Prop_bufg_I_O)         0.026     0.884 r  clk_IBUF_BUFG_inst/O
                         net (fo=136, routed)         0.590     1.473    disp/clk_IBUF_BUFG
    SLICE_X65Y33         FDRE                                         r  disp/sel_reg[1]/C
  -------------------------------------------------------------------    -------------------
    SLICE_X65Y33         FDRE (Prop_fdre_C_Q)         0.141     1.614 r  disp/sel_reg[1]/Q
                         net (fo=20, routed)          0.345     1.959    disp/Q[1]
    SLICE_X60Y27         LUT6 (Prop_lut6_I3_O)        0.045     2.004 r  disp/seg_OBUF[6]_inst_i_4/O
                         net (fo=7, routed)           0.230     2.234    disp/digit[2]
    SLICE_X64Y26         LUT4 (Prop_lut4_I2_O)        0.045     2.279 r  disp/seg_OBUF[4]_inst_i_1/O
                         net (fo=1, routed)           0.485     2.764    seg_OBUF[4]
    U5                   OBUF (Prop_obuf_I_O)         1.221     3.985 r  seg_OBUF[4]_inst/O
                         net (fo=0)                   0.000     3.985    seg[4]
    U5                                                                r  seg[4] (OUT)
  -------------------------------------------------------------------    -------------------

Slack:                    inf
  Source:                 disp/sel_reg[1]/C
                            (rising edge-triggered cell FDRE clocked by sys_clk_pin  {rise@0.000ns fall@5.000ns period=10.000ns})
  Destination:            seg[0]
                            (output port)
  Path Group:             (none)
  Path Type:              Min at Fast Process Corner
  Data Path Delay:        2.516ns  (logic 1.515ns (60.212%)  route 1.001ns (39.788%))
  Logic Levels:           3  (LUT4=1 LUT6=1 OBUF=1)
  Clock Uncertainty:      0.025ns  ((TSJ^2 + TIJ^2)^1/2 + DJ) / 2 + PE
    Total System Jitter     (TSJ):    0.050ns
    Total Input Jitter      (TIJ):    0.000ns
    Discrete Jitter          (DJ):    0.000ns
    Phase Error              (PE):    0.000ns

    Location             Delay type                Incr(ns)  Path(ns)    Netlist Resource(s)
  -------------------------------------------------------------------    -------------------
                         (clock sys_clk_pin rise edge)
                                                      0.000     0.000 r  
    W5                                                0.000     0.000 r  clk (IN)
                         net (fo=0)                   0.000     0.000    clk
    W5                   IBUF (Prop_ibuf_I_O)         0.226     0.226 r  clk_IBUF_inst/O
                         net (fo=1, routed)           0.631     0.858    clk_IBUF
    BUFGCTRL_X0Y0        BUFG (Prop_bufg_I_O)         0.026     0.884 r  clk_IBUF_BUFG_inst/O
                         net (fo=136, routed)         0.590     1.473    disp/clk_IBUF_BUFG
    SLICE_X65Y33         FDRE                                         r  disp/sel_reg[1]/C
  -------------------------------------------------------------------    -------------------
    SLICE_X65Y33         FDRE (Prop_fdre_C_Q)         0.141     1.614 r  disp/sel_reg[1]/Q
                         net (fo=20, routed)          0.345     1.959    disp/Q[1]
    SLICE_X60Y27         LUT6 (Prop_lut6_I3_O)        0.045     2.004 r  disp/seg_OBUF[6]_inst_i_4/O
                         net (fo=7, routed)           0.230     2.234    disp/digit[2]
    SLICE_X64Y26         LUT4 (Prop_lut4_I1_O)        0.049     2.283 r  disp/seg_OBUF[0]_inst_i_1/O
                         net (fo=1, routed)           0.426     2.709    seg_OBUF[0]
    W7                   OBUF (Prop_obuf_I_O)         1.280     3.989 r  seg_OBUF[0]_inst/O
                         net (fo=0)                   0.000     3.989    seg[0]
    W7                                                                r  seg[0] (OUT)
  -------------------------------------------------------------------    -------------------

Slack:                    inf
  Source:                 disp/sel_reg[1]/C
                            (rising edge-triggered cell FDRE clocked by sys_clk_pin  {rise@0.000ns fall@5.000ns period=10.000ns})
  Destination:            seg[2]
                            (output port)
  Path Group:             (none)
  Path Type:              Min at Fast Process Corner
  Data Path Delay:        2.548ns  (logic 1.467ns (57.564%)  route 1.081ns (42.436%))
  Logic Levels:           3  (LUT4=1 LUT6=1 OBUF=1)
  Clock Uncertainty:      0.025ns  ((TSJ^2 + TIJ^2)^1/2 + DJ) / 2 + PE
    Total System Jitter     (TSJ):    0.050ns
    Total Input Jitter      (TIJ):    0.000ns
    Discrete Jitter          (DJ):    0.000ns
    Phase Error              (PE):    0.000ns

    Location             Delay type                Incr(ns)  Path(ns)    Netlist Resource(s)
  -------------------------------------------------------------------    -------------------
                         (clock sys_clk_pin rise edge)
                                                      0.000     0.000 r  
    W5                                                0.000     0.000 r  clk (IN)
                         net (fo=0)                   0.000     0.000    clk
    W5                   IBUF (Prop_ibuf_I_O)         0.226     0.226 r  clk_IBUF_inst/O
                         net (fo=1, routed)           0.631     0.858    clk_IBUF
    BUFGCTRL_X0Y0        BUFG (Prop_bufg_I_O)         0.026     0.884 r  clk_IBUF_BUFG_inst/O
                         net (fo=136, routed)         0.590     1.473    disp/clk_IBUF_BUFG
    SLICE_X65Y33         FDRE                                         r  disp/sel_reg[1]/C
  -------------------------------------------------------------------    -------------------
    SLICE_X65Y33         FDRE (Prop_fdre_C_Q)         0.141     1.614 r  disp/sel_reg[1]/Q
                         net (fo=20, routed)          0.388     2.002    disp/Q[1]
    SLICE_X60Y26         LUT6 (Prop_lut6_I3_O)        0.045     2.047 r  disp/seg_OBUF[6]_inst_i_2/O
                         net (fo=7, routed)           0.251     2.299    disp/digit[3]
    SLICE_X64Y26         LUT4 (Prop_lut4_I0_O)        0.045     2.344 r  disp/seg_OBUF[2]_inst_i_1/O
                         net (fo=1, routed)           0.442     2.786    seg_OBUF[2]
    U8                   OBUF (Prop_obuf_I_O)         1.236     4.022 r  seg_OBUF[2]_inst/O
                         net (fo=0)                   0.000     4.022    seg[2]
    U8                                                                r  seg[2] (OUT)
  -------------------------------------------------------------------    -------------------

Slack:                    inf
  Source:                 disp/sel_reg[1]/C
                            (rising edge-triggered cell FDRE clocked by sys_clk_pin  {rise@0.000ns fall@5.000ns period=10.000ns})
  Destination:            seg[3]
                            (output port)
  Path Group:             (none)
  Path Type:              Min at Fast Process Corner
  Data Path Delay:        2.559ns  (logic 1.536ns (60.048%)  route 1.022ns (39.952%))
  Logic Levels:           3  (LUT4=1 LUT6=1 OBUF=1)
  Clock Uncertainty:      0.025ns  ((TSJ^2 + TIJ^2)^1/2 + DJ) / 2 + PE
    Total System Jitter     (TSJ):    0.050ns
    Total Input Jitter      (TIJ):    0.000ns
    Discrete Jitter          (DJ):    0.000ns
    Phase Error              (PE):    0.000ns

    Location             Delay type                Incr(ns)  Path(ns)    Netlist Resource(s)
  -------------------------------------------------------------------    -------------------
                         (clock sys_clk_pin rise edge)
                                                      0.000     0.000 r  
    W5                                                0.000     0.000 r  clk (IN)
                         net (fo=0)                   0.000     0.000    clk
    W5                   IBUF (Prop_ibuf_I_O)         0.226     0.226 r  clk_IBUF_inst/O
                         net (fo=1, routed)           0.631     0.858    clk_IBUF
    BUFGCTRL_X0Y0        BUFG (Prop_bufg_I_O)         0.026     0.884 r  clk_IBUF_BUFG_inst/O
                         net (fo=136, routed)         0.590     1.473    disp/clk_IBUF_BUFG
    SLICE_X65Y33         FDRE                                         r  disp/sel_reg[1]/C
  -------------------------------------------------------------------    -------------------
    SLICE_X65Y33         FDRE (Prop_fdre_C_Q)         0.141     1.614 r  disp/sel_reg[1]/Q
                         net (fo=20, routed)          0.388     2.002    disp/Q[1]
    SLICE_X60Y26         LUT6 (Prop_lut6_I3_O)        0.045     2.047 r  disp/seg_OBUF[6]_inst_i_2/O
                         net (fo=7, routed)           0.175     2.223    disp/digit[3]
    SLICE_X64Y26         LUT4 (Prop_lut4_I0_O)        0.048     2.271 r  disp/seg_OBUF[3]_inst_i_1/O
                         net (fo=1, routed)           0.459     2.729    seg_OBUF[3]
    V8                   OBUF (Prop_obuf_I_O)         1.302     4.032 r  seg_OBUF[3]_inst/O
                         net (fo=0)                   0.000     4.032    seg[3]
    V8                                                                r  seg[3] (OUT)
  -------------------------------------------------------------------    -------------------

Slack:                    inf
  Source:                 disp/sel_reg[1]/C
                            (rising edge-triggered cell FDRE clocked by sys_clk_pin  {rise@0.000ns fall@5.000ns period=10.000ns})
  Destination:            seg[6]
                            (output port)
  Path Group:             (none)
  Path Type:              Min at Fast Process Corner
  Data Path Delay:        2.628ns  (logic 1.463ns (55.680%)  route 1.165ns (44.320%))
  Logic Levels:           3  (LUT4=1 LUT6=1 OBUF=1)
  Clock Uncertainty:      0.025ns  ((TSJ^2 + TIJ^2)^1/2 + DJ) / 2 + PE
    Total System Jitter     (TSJ):    0.050ns
    Total Input Jitter      (TIJ):    0.000ns
    Discrete Jitter          (DJ):    0.000ns
    Phase Error              (PE):    0.000ns

    Location             Delay type                Incr(ns)  Path(ns)    Netlist Resource(s)
  -------------------------------------------------------------------    -------------------
                         (clock sys_clk_pin rise edge)
                                                      0.000     0.000 r  
    W5                                                0.000     0.000 r  clk (IN)
                         net (fo=0)                   0.000     0.000    clk
    W5                   IBUF (Prop_ibuf_I_O)         0.226     0.226 r  clk_IBUF_inst/O
                         net (fo=1, routed)           0.631     0.858    clk_IBUF
    BUFGCTRL_X0Y0        BUFG (Prop_bufg_I_O)         0.026     0.884 r  clk_IBUF_BUFG_inst/O
                         net (fo=136, routed)         0.590     1.473    disp/clk_IBUF_BUFG
    SLICE_X65Y33         FDRE                                         r  disp/sel_reg[1]/C
  -------------------------------------------------------------------    -------------------
    SLICE_X65Y33         FDRE (Prop_fdre_C_Q)         0.141     1.614 r  disp/sel_reg[1]/Q
                         net (fo=20, routed)          0.345     1.959    disp/Q[1]
    SLICE_X60Y27         LUT6 (Prop_lut6_I3_O)        0.045     2.004 r  disp/seg_OBUF[6]_inst_i_4/O
                         net (fo=7, routed)           0.221     2.225    disp/digit[2]
    SLICE_X64Y26         LUT4 (Prop_lut4_I2_O)        0.045     2.270 r  disp/seg_OBUF[6]_inst_i_1/O
                         net (fo=1, routed)           0.599     2.869    seg_OBUF[6]
    U7                   OBUF (Prop_obuf_I_O)         1.232     4.101 r  seg_OBUF[6]_inst/O
                         net (fo=0)                   0.000     4.101    seg[6]
    U7                                                                r  seg[6] (OUT)
  -------------------------------------------------------------------    -------------------





--------------------------------------------------------------------------------------
Path Group:  (none)
From Clock:  
  To Clock:  sys_clk_pin

Max Delay           119 Endpoints
Min Delay           119 Endpoints
--------------------------------------------------------------------------------------


Max Delay Paths
--------------------------------------------------------------------------------------
Slack:                    inf
  Source:                 btnD
                            (input port)
  Destination:            db_start/count_reg[12]/CLR
                            (recovery check against rising-edge clock sys_clk_pin  {rise@0.000ns fall@5.000ns period=10.000ns})
  Path Group:             (none)
  Path Type:              Recovery (Max at Slow Process Corner)
  Data Path Delay:        6.815ns  (logic 1.452ns (21.312%)  route 5.363ns (78.688%))
  Logic Levels:           1  (IBUF=1)
  Clock Path Skew:        4.792ns (DCD - SCD + CPR)
    Destination Clock Delay (DCD):    4.792ns
    Source Clock Delay      (SCD):    0.000ns
    Clock Pessimism Removal (CPR):    0.000ns
  Clock Uncertainty:      0.025ns  ((TSJ^2 + TIJ^2)^1/2 + DJ) / 2 + PE
    Total System Jitter     (TSJ):    0.050ns
    Total Input Jitter      (TIJ):    0.000ns
    Discrete Jitter          (DJ):    0.000ns
    Phase Error              (PE):    0.000ns

    Location             Delay type                Incr(ns)  Path(ns)    Netlist Resource(s)
  -------------------------------------------------------------------    -------------------
    U17                                               0.000     0.000 f  btnD (IN)
                         net (fo=0)                   0.000     0.000    btnD
    U17                  IBUF (Prop_ibuf_I_O)         1.452     1.452 f  btnD_IBUF_inst/O
                         net (fo=117, routed)         5.363     6.815    db_start/AR[0]
    SLICE_X57Y40         FDCE                                         f  db_start/count_reg[12]/CLR
  -------------------------------------------------------------------    -------------------

                         (clock sys_clk_pin rise edge)
                                                      0.000     0.000 r  
    W5                                                0.000     0.000 r  clk (IN)
                         net (fo=0)                   0.000     0.000    clk
    W5                   IBUF (Prop_ibuf_I_O)         1.388     1.388 r  clk_IBUF_inst/O
                         net (fo=1, routed)           1.862     3.250    clk_IBUF
    BUFGCTRL_X0Y0        BUFG (Prop_bufg_I_O)         0.091     3.341 r  clk_IBUF_BUFG_inst/O
                         net (fo=136, routed)         1.451     4.792    db_start/clk_IBUF_BUFG
    SLICE_X57Y40         FDCE                                         r  db_start/count_reg[12]/C

Slack:                    inf
  Source:                 btnD
                            (input port)
  Destination:            db_start/count_reg[13]/CLR
                            (recovery check against rising-edge clock sys_clk_pin  {rise@0.000ns fall@5.000ns period=10.000ns})
  Path Group:             (none)
  Path Type:              Recovery (Max at Slow Process Corner)
  Data Path Delay:        6.815ns  (logic 1.452ns (21.312%)  route 5.363ns (78.688%))
  Logic Levels:           1  (IBUF=1)
  Clock Path Skew:        4.792ns (DCD - SCD + CPR)
    Destination Clock Delay (DCD):    4.792ns
    Source Clock Delay      (SCD):    0.000ns
    Clock Pessimism Removal (CPR):    0.000ns
  Clock Uncertainty:      0.025ns  ((TSJ^2 + TIJ^2)^1/2 + DJ) / 2 + PE
    Total System Jitter     (TSJ):    0.050ns
    Total Input Jitter      (TIJ):    0.000ns
    Discrete Jitter          (DJ):    0.000ns
    Phase Error              (PE):    0.000ns

    Location             Delay type                Incr(ns)  Path(ns)    Netlist Resource(s)
  -------------------------------------------------------------------    -------------------
    U17                                               0.000     0.000 f  btnD (IN)
                         net (fo=0)                   0.000     0.000    btnD
    U17                  IBUF (Prop_ibuf_I_O)         1.452     1.452 f  btnD_IBUF_inst/O
                         net (fo=117, routed)         5.363     6.815    db_start/AR[0]
    SLICE_X57Y40         FDCE                                         f  db_start/count_reg[13]/CLR
  -------------------------------------------------------------------    -------------------

                         (clock sys_clk_pin rise edge)
                                                      0.000     0.000 r  
    W5                                                0.000     0.000 r  clk (IN)
                         net (fo=0)                   0.000     0.000    clk
    W5                   IBUF (Prop_ibuf_I_O)         1.388     1.388 r  clk_IBUF_inst/O
                         net (fo=1, routed)           1.862     3.250    clk_IBUF
    BUFGCTRL_X0Y0        BUFG (Prop_bufg_I_O)         0.091     3.341 r  clk_IBUF_BUFG_inst/O
                         net (fo=136, routed)         1.451     4.792    db_start/clk_IBUF_BUFG
    SLICE_X57Y40         FDCE                                         r  db_start/count_reg[13]/C

Slack:                    inf
  Source:                 btnD
                            (input port)
  Destination:            db_start/count_reg[14]/CLR
                            (recovery check against rising-edge clock sys_clk_pin  {rise@0.000ns fall@5.000ns period=10.000ns})
  Path Group:             (none)
  Path Type:              Recovery (Max at Slow Process Corner)
  Data Path Delay:        6.815ns  (logic 1.452ns (21.312%)  route 5.363ns (78.688%))
  Logic Levels:           1  (IBUF=1)
  Clock Path Skew:        4.792ns (DCD - SCD + CPR)
    Destination Clock Delay (DCD):    4.792ns
    Source Clock Delay      (SCD):    0.000ns
    Clock Pessimism Removal (CPR):    0.000ns
  Clock Uncertainty:      0.025ns  ((TSJ^2 + TIJ^2)^1/2 + DJ) / 2 + PE
    Total System Jitter     (TSJ):    0.050ns
    Total Input Jitter      (TIJ):    0.000ns
    Discrete Jitter          (DJ):    0.000ns
    Phase Error              (PE):    0.000ns

    Location             Delay type                Incr(ns)  Path(ns)    Netlist Resource(s)
  -------------------------------------------------------------------    -------------------
    U17                                               0.000     0.000 f  btnD (IN)
                         net (fo=0)                   0.000     0.000    btnD
    U17                  IBUF (Prop_ibuf_I_O)         1.452     1.452 f  btnD_IBUF_inst/O
                         net (fo=117, routed)         5.363     6.815    db_start/AR[0]
    SLICE_X57Y40         FDCE                                         f  db_start/count_reg[14]/CLR
  -------------------------------------------------------------------    -------------------

                         (clock sys_clk_pin rise edge)
                                                      0.000     0.000 r  
    W5                                                0.000     0.000 r  clk (IN)
                         net (fo=0)                   0.000     0.000    clk
    W5                   IBUF (Prop_ibuf_I_O)         1.388     1.388 r  clk_IBUF_inst/O
                         net (fo=1, routed)           1.862     3.250    clk_IBUF
    BUFGCTRL_X0Y0        BUFG (Prop_bufg_I_O)         0.091     3.341 r  clk_IBUF_BUFG_inst/O
                         net (fo=136, routed)         1.451     4.792    db_start/clk_IBUF_BUFG
    SLICE_X57Y40         FDCE                                         r  db_start/count_reg[14]/C

Slack:                    inf
  Source:                 btnD
                            (input port)
  Destination:            db_start/count_reg[10]/CLR
                            (recovery check against rising-edge clock sys_clk_pin  {rise@0.000ns fall@5.000ns period=10.000ns})
  Path Group:             (none)
  Path Type:              Recovery (Max at Slow Process Corner)
  Data Path Delay:        6.677ns  (logic 1.452ns (21.754%)  route 5.224ns (78.246%))
  Logic Levels:           1  (IBUF=1)
  Clock Path Skew:        4.792ns (DCD - SCD + CPR)
    Destination Clock Delay (DCD):    4.792ns
    Source Clock Delay      (SCD):    0.000ns
    Clock Pessimism Removal (CPR):    0.000ns
  Clock Uncertainty:      0.025ns  ((TSJ^2 + TIJ^2)^1/2 + DJ) / 2 + PE
    Total System Jitter     (TSJ):    0.050ns
    Total Input Jitter      (TIJ):    0.000ns
    Discrete Jitter          (DJ):    0.000ns
    Phase Error              (PE):    0.000ns

    Location             Delay type                Incr(ns)  Path(ns)    Netlist Resource(s)
  -------------------------------------------------------------------    -------------------
    U17                                               0.000     0.000 f  btnD (IN)
                         net (fo=0)                   0.000     0.000    btnD
    U17                  IBUF (Prop_ibuf_I_O)         1.452     1.452 f  btnD_IBUF_inst/O
                         net (fo=117, routed)         5.224     6.677    db_start/AR[0]
    SLICE_X57Y39         FDCE                                         f  db_start/count_reg[10]/CLR
  -------------------------------------------------------------------    -------------------

                         (clock sys_clk_pin rise edge)
                                                      0.000     0.000 r  
    W5                                                0.000     0.000 r  clk (IN)
                         net (fo=0)                   0.000     0.000    clk
    W5                   IBUF (Prop_ibuf_I_O)         1.388     1.388 r  clk_IBUF_inst/O
                         net (fo=1, routed)           1.862     3.250    clk_IBUF
    BUFGCTRL_X0Y0        BUFG (Prop_bufg_I_O)         0.091     3.341 r  clk_IBUF_BUFG_inst/O
                         net (fo=136, routed)         1.451     4.792    db_start/clk_IBUF_BUFG
    SLICE_X57Y39         FDCE                                         r  db_start/count_reg[10]/C

Slack:                    inf
  Source:                 btnD
                            (input port)
  Destination:            db_start/count_reg[11]/CLR
                            (recovery check against rising-edge clock sys_clk_pin  {rise@0.000ns fall@5.000ns period=10.000ns})
  Path Group:             (none)
  Path Type:              Recovery (Max at Slow Process Corner)
  Data Path Delay:        6.677ns  (logic 1.452ns (21.754%)  route 5.224ns (78.246%))
  Logic Levels:           1  (IBUF=1)
  Clock Path Skew:        4.792ns (DCD - SCD + CPR)
    Destination Clock Delay (DCD):    4.792ns
    Source Clock Delay      (SCD):    0.000ns
    Clock Pessimism Removal (CPR):    0.000ns
  Clock Uncertainty:      0.025ns  ((TSJ^2 + TIJ^2)^1/2 + DJ) / 2 + PE
    Total System Jitter     (TSJ):    0.050ns
    Total Input Jitter      (TIJ):    0.000ns
    Discrete Jitter          (DJ):    0.000ns
    Phase Error              (PE):    0.000ns

    Location             Delay type                Incr(ns)  Path(ns)    Netlist Resource(s)
  -------------------------------------------------------------------    -------------------
    U17                                               0.000     0.000 f  btnD (IN)
                         net (fo=0)                   0.000     0.000    btnD
    U17                  IBUF (Prop_ibuf_I_O)         1.452     1.452 f  btnD_IBUF_inst/O
                         net (fo=117, routed)         5.224     6.677    db_start/AR[0]
    SLICE_X57Y39         FDCE                                         f  db_start/count_reg[11]/CLR
  -------------------------------------------------------------------    -------------------

                         (clock sys_clk_pin rise edge)
                                                      0.000     0.000 r  
    W5                                                0.000     0.000 r  clk (IN)
                         net (fo=0)                   0.000     0.000    clk
    W5                   IBUF (Prop_ibuf_I_O)         1.388     1.388 r  clk_IBUF_inst/O
                         net (fo=1, routed)           1.862     3.250    clk_IBUF
    BUFGCTRL_X0Y0        BUFG (Prop_bufg_I_O)         0.091     3.341 r  clk_IBUF_BUFG_inst/O
                         net (fo=136, routed)         1.451     4.792    db_start/clk_IBUF_BUFG
    SLICE_X57Y39         FDCE                                         r  db_start/count_reg[11]/C

Slack:                    inf
  Source:                 btnD
                            (input port)
  Destination:            db_start/count_reg[8]/CLR
                            (recovery check against rising-edge clock sys_clk_pin  {rise@0.000ns fall@5.000ns period=10.000ns})
  Path Group:             (none)
  Path Type:              Recovery (Max at Slow Process Corner)
  Data Path Delay:        6.677ns  (logic 1.452ns (21.754%)  route 5.224ns (78.246%))
  Logic Levels:           1  (IBUF=1)
  Clock Path Skew:        4.792ns (DCD - SCD + CPR)
    Destination Clock Delay (DCD):    4.792ns
    Source Clock Delay      (SCD):    0.000ns
    Clock Pessimism Removal (CPR):    0.000ns
  Clock Uncertainty:      0.025ns  ((TSJ^2 + TIJ^2)^1/2 + DJ) / 2 + PE
    Total System Jitter     (TSJ):    0.050ns
    Total Input Jitter      (TIJ):    0.000ns
    Discrete Jitter          (DJ):    0.000ns
    Phase Error              (PE):    0.000ns

    Location             Delay type                Incr(ns)  Path(ns)    Netlist Resource(s)
  -------------------------------------------------------------------    -------------------
    U17                                               0.000     0.000 f  btnD (IN)
                         net (fo=0)                   0.000     0.000    btnD
    U17                  IBUF (Prop_ibuf_I_O)         1.452     1.452 f  btnD_IBUF_inst/O
                         net (fo=117, routed)         5.224     6.677    db_start/AR[0]
    SLICE_X57Y39         FDCE                                         f  db_start/count_reg[8]/CLR
  -------------------------------------------------------------------    -------------------

                         (clock sys_clk_pin rise edge)
                                                      0.000     0.000 r  
    W5                                                0.000     0.000 r  clk (IN)
                         net (fo=0)                   0.000     0.000    clk
    W5                   IBUF (Prop_ibuf_I_O)         1.388     1.388 r  clk_IBUF_inst/O
                         net (fo=1, routed)           1.862     3.250    clk_IBUF
    BUFGCTRL_X0Y0        BUFG (Prop_bufg_I_O)         0.091     3.341 r  clk_IBUF_BUFG_inst/O
                         net (fo=136, routed)         1.451     4.792    db_start/clk_IBUF_BUFG
    SLICE_X57Y39         FDCE                                         r  db_start/count_reg[8]/C

Slack:                    inf
  Source:                 btnD
                            (input port)
  Destination:            db_start/count_reg[9]/CLR
                            (recovery check against rising-edge clock sys_clk_pin  {rise@0.000ns fall@5.000ns period=10.000ns})
  Path Group:             (none)
  Path Type:              Recovery (Max at Slow Process Corner)
  Data Path Delay:        6.677ns  (logic 1.452ns (21.754%)  route 5.224ns (78.246%))
  Logic Levels:           1  (IBUF=1)
  Clock Path Skew:        4.792ns (DCD - SCD + CPR)
    Destination Clock Delay (DCD):    4.792ns
    Source Clock Delay      (SCD):    0.000ns
    Clock Pessimism Removal (CPR):    0.000ns
  Clock Uncertainty:      0.025ns  ((TSJ^2 + TIJ^2)^1/2 + DJ) / 2 + PE
    Total System Jitter     (TSJ):    0.050ns
    Total Input Jitter      (TIJ):    0.000ns
    Discrete Jitter          (DJ):    0.000ns
    Phase Error              (PE):    0.000ns

    Location             Delay type                Incr(ns)  Path(ns)    Netlist Resource(s)
  -------------------------------------------------------------------    -------------------
    U17                                               0.000     0.000 f  btnD (IN)
                         net (fo=0)                   0.000     0.000    btnD
    U17                  IBUF (Prop_ibuf_I_O)         1.452     1.452 f  btnD_IBUF_inst/O
                         net (fo=117, routed)         5.224     6.677    db_start/AR[0]
    SLICE_X57Y39         FDCE                                         f  db_start/count_reg[9]/CLR
  -------------------------------------------------------------------    -------------------

                         (clock sys_clk_pin rise edge)
                                                      0.000     0.000 r  
    W5                                                0.000     0.000 r  clk (IN)
                         net (fo=0)                   0.000     0.000    clk
    W5                   IBUF (Prop_ibuf_I_O)         1.388     1.388 r  clk_IBUF_inst/O
                         net (fo=1, routed)           1.862     3.250    clk_IBUF
    BUFGCTRL_X0Y0        BUFG (Prop_bufg_I_O)         0.091     3.341 r  clk_IBUF_BUFG_inst/O
                         net (fo=136, routed)         1.451     4.792    db_start/clk_IBUF_BUFG
    SLICE_X57Y39         FDCE                                         r  db_start/count_reg[9]/C

Slack:                    inf
  Source:                 btnD
                            (input port)
  Destination:            db_start/count_reg[4]/CLR
                            (recovery check against rising-edge clock sys_clk_pin  {rise@0.000ns fall@5.000ns period=10.000ns})
  Path Group:             (none)
  Path Type:              Recovery (Max at Slow Process Corner)
  Data Path Delay:        6.529ns  (logic 1.452ns (22.248%)  route 5.076ns (77.752%))
  Logic Levels:           1  (IBUF=1)
  Clock Path Skew:        4.791ns (DCD - SCD + CPR)
    Destination Clock Delay (DCD):    4.791ns
    Source Clock Delay      (SCD):    0.000ns
    Clock Pessimism Removal (CPR):    0.000ns
  Clock Uncertainty:      0.025ns  ((TSJ^2 + TIJ^2)^1/2 + DJ) / 2 + PE
    Total System Jitter     (TSJ):    0.050ns
    Total Input Jitter      (TIJ):    0.000ns
    Discrete Jitter          (DJ):    0.000ns
    Phase Error              (PE):    0.000ns

    Location             Delay type                Incr(ns)  Path(ns)    Netlist Resource(s)
  -------------------------------------------------------------------    -------------------
    U17                                               0.000     0.000 f  btnD (IN)
                         net (fo=0)                   0.000     0.000    btnD
    U17                  IBUF (Prop_ibuf_I_O)         1.452     1.452 f  btnD_IBUF_inst/O
                         net (fo=117, routed)         5.076     6.529    db_start/AR[0]
    SLICE_X57Y38         FDCE                                         f  db_start/count_reg[4]/CLR
  -------------------------------------------------------------------    -------------------

                         (clock sys_clk_pin rise edge)
                                                      0.000     0.000 r  
    W5                                                0.000     0.000 r  clk (IN)
                         net (fo=0)                   0.000     0.000    clk
    W5                   IBUF (Prop_ibuf_I_O)         1.388     1.388 r  clk_IBUF_inst/O
                         net (fo=1, routed)           1.862     3.250    clk_IBUF
    BUFGCTRL_X0Y0        BUFG (Prop_bufg_I_O)         0.091     3.341 r  clk_IBUF_BUFG_inst/O
                         net (fo=136, routed)         1.450     4.791    db_start/clk_IBUF_BUFG
    SLICE_X57Y38         FDCE                                         r  db_start/count_reg[4]/C

Slack:                    inf
  Source:                 btnD
                            (input port)
  Destination:            db_start/count_reg[5]/CLR
                            (recovery check against rising-edge clock sys_clk_pin  {rise@0.000ns fall@5.000ns period=10.000ns})
  Path Group:             (none)
  Path Type:              Recovery (Max at Slow Process Corner)
  Data Path Delay:        6.529ns  (logic 1.452ns (22.248%)  route 5.076ns (77.752%))
  Logic Levels:           1  (IBUF=1)
  Clock Path Skew:        4.791ns (DCD - SCD + CPR)
    Destination Clock Delay (DCD):    4.791ns
    Source Clock Delay      (SCD):    0.000ns
    Clock Pessimism Removal (CPR):    0.000ns
  Clock Uncertainty:      0.025ns  ((TSJ^2 + TIJ^2)^1/2 + DJ) / 2 + PE
    Total System Jitter     (TSJ):    0.050ns
    Total Input Jitter      (TIJ):    0.000ns
    Discrete Jitter          (DJ):    0.000ns
    Phase Error              (PE):    0.000ns

    Location             Delay type                Incr(ns)  Path(ns)    Netlist Resource(s)
  -------------------------------------------------------------------    -------------------
    U17                                               0.000     0.000 f  btnD (IN)
                         net (fo=0)                   0.000     0.000    btnD
    U17                  IBUF (Prop_ibuf_I_O)         1.452     1.452 f  btnD_IBUF_inst/O
                         net (fo=117, routed)         5.076     6.529    db_start/AR[0]
    SLICE_X57Y38         FDCE                                         f  db_start/count_reg[5]/CLR
  -------------------------------------------------------------------    -------------------

                         (clock sys_clk_pin rise edge)
                                                      0.000     0.000 r  
    W5                                                0.000     0.000 r  clk (IN)
                         net (fo=0)                   0.000     0.000    clk
    W5                   IBUF (Prop_ibuf_I_O)         1.388     1.388 r  clk_IBUF_inst/O
                         net (fo=1, routed)           1.862     3.250    clk_IBUF
    BUFGCTRL_X0Y0        BUFG (Prop_bufg_I_O)         0.091     3.341 r  clk_IBUF_BUFG_inst/O
                         net (fo=136, routed)         1.450     4.791    db_start/clk_IBUF_BUFG
    SLICE_X57Y38         FDCE                                         r  db_start/count_reg[5]/C

Slack:                    inf
  Source:                 btnD
                            (input port)
  Destination:            db_start/count_reg[6]/CLR
                            (recovery check against rising-edge clock sys_clk_pin  {rise@0.000ns fall@5.000ns period=10.000ns})
  Path Group:             (none)
  Path Type:              Recovery (Max at Slow Process Corner)
  Data Path Delay:        6.529ns  (logic 1.452ns (22.248%)  route 5.076ns (77.752%))
  Logic Levels:           1  (IBUF=1)
  Clock Path Skew:        4.791ns (DCD - SCD + CPR)
    Destination Clock Delay (DCD):    4.791ns
    Source Clock Delay      (SCD):    0.000ns
    Clock Pessimism Removal (CPR):    0.000ns
  Clock Uncertainty:      0.025ns  ((TSJ^2 + TIJ^2)^1/2 + DJ) / 2 + PE
    Total System Jitter     (TSJ):    0.050ns
    Total Input Jitter      (TIJ):    0.000ns
    Discrete Jitter          (DJ):    0.000ns
    Phase Error              (PE):    0.000ns

    Location             Delay type                Incr(ns)  Path(ns)    Netlist Resource(s)
  -------------------------------------------------------------------    -------------------
    U17                                               0.000     0.000 f  btnD (IN)
                         net (fo=0)                   0.000     0.000    btnD
    U17                  IBUF (Prop_ibuf_I_O)         1.452     1.452 f  btnD_IBUF_inst/O
                         net (fo=117, routed)         5.076     6.529    db_start/AR[0]
    SLICE_X57Y38         FDCE                                         f  db_start/count_reg[6]/CLR
  -------------------------------------------------------------------    -------------------

                         (clock sys_clk_pin rise edge)
                                                      0.000     0.000 r  
    W5                                                0.000     0.000 r  clk (IN)
                         net (fo=0)                   0.000     0.000    clk
    W5                   IBUF (Prop_ibuf_I_O)         1.388     1.388 r  clk_IBUF_inst/O
                         net (fo=1, routed)           1.862     3.250    clk_IBUF
    BUFGCTRL_X0Y0        BUFG (Prop_bufg_I_O)         0.091     3.341 r  clk_IBUF_BUFG_inst/O
                         net (fo=136, routed)         1.450     4.791    db_start/clk_IBUF_BUFG
    SLICE_X57Y38         FDCE                                         r  db_start/count_reg[6]/C





Min Delay Paths
--------------------------------------------------------------------------------------
Slack:                    inf
  Source:                 btnD
                            (input port)
  Destination:            rtm/reaction_time_reg[0]/CLR
                            (removal check against rising-edge clock sys_clk_pin  {rise@0.000ns fall@5.000ns period=10.000ns})
  Path Group:             (none)
  Path Type:              Removal (Min at Fast Process Corner)
  Data Path Delay:        1.519ns  (logic 0.221ns (14.518%)  route 1.299ns (85.482%))
  Logic Levels:           1  (IBUF=1)
  Clock Path Skew:        1.951ns (DCD - SCD - CPR)
    Destination Clock Delay (DCD):    1.951ns
    Source Clock Delay      (SCD):    0.000ns
    Clock Pessimism Removal (CPR):    -0.000ns

    Location             Delay type                Incr(ns)  Path(ns)    Netlist Resource(s)
  -------------------------------------------------------------------    -------------------
    U17                                               0.000     0.000 f  btnD (IN)
                         net (fo=0)                   0.000     0.000    btnD
    U17                  IBUF (Prop_ibuf_I_O)         0.221     0.221 f  btnD_IBUF_inst/O
                         net (fo=117, routed)         1.299     1.519    rtm/AR[0]
    SLICE_X50Y27         FDCE                                         f  rtm/reaction_time_reg[0]/CLR
  -------------------------------------------------------------------    -------------------

                         (clock sys_clk_pin rise edge)
                                                      0.000     0.000 r  
    W5                                                0.000     0.000 r  clk (IN)
                         net (fo=0)                   0.000     0.000    clk
    W5                   IBUF (Prop_ibuf_I_O)         0.414     0.414 r  clk_IBUF_inst/O
                         net (fo=1, routed)           0.685     1.099    clk_IBUF
    BUFGCTRL_X0Y0        BUFG (Prop_bufg_I_O)         0.029     1.128 r  clk_IBUF_BUFG_inst/O
                         net (fo=136, routed)         0.824     1.951    rtm/clk_IBUF_BUFG
    SLICE_X50Y27         FDCE                                         r  rtm/reaction_time_reg[0]/C

Slack:                    inf
  Source:                 btnD
                            (input port)
  Destination:            rtm/reaction_time_reg[1]/CLR
                            (removal check against rising-edge clock sys_clk_pin  {rise@0.000ns fall@5.000ns period=10.000ns})
  Path Group:             (none)
  Path Type:              Removal (Min at Fast Process Corner)
  Data Path Delay:        1.519ns  (logic 0.221ns (14.518%)  route 1.299ns (85.482%))
  Logic Levels:           1  (IBUF=1)
  Clock Path Skew:        1.951ns (DCD - SCD - CPR)
    Destination Clock Delay (DCD):    1.951ns
    Source Clock Delay      (SCD):    0.000ns
    Clock Pessimism Removal (CPR):    -0.000ns

    Location             Delay type                Incr(ns)  Path(ns)    Netlist Resource(s)
  -------------------------------------------------------------------    -------------------
    U17                                               0.000     0.000 f  btnD (IN)
                         net (fo=0)                   0.000     0.000    btnD
    U17                  IBUF (Prop_ibuf_I_O)         0.221     0.221 f  btnD_IBUF_inst/O
                         net (fo=117, routed)         1.299     1.519    rtm/AR[0]
    SLICE_X50Y27         FDCE                                         f  rtm/reaction_time_reg[1]/CLR
  -------------------------------------------------------------------    -------------------

                         (clock sys_clk_pin rise edge)
                                                      0.000     0.000 r  
    W5                                                0.000     0.000 r  clk (IN)
                         net (fo=0)                   0.000     0.000    clk
    W5                   IBUF (Prop_ibuf_I_O)         0.414     0.414 r  clk_IBUF_inst/O
                         net (fo=1, routed)           0.685     1.099    clk_IBUF
    BUFGCTRL_X0Y0        BUFG (Prop_bufg_I_O)         0.029     1.128 r  clk_IBUF_BUFG_inst/O
                         net (fo=136, routed)         0.824     1.951    rtm/clk_IBUF_BUFG
    SLICE_X50Y27         FDCE                                         r  rtm/reaction_time_reg[1]/C

Slack:                    inf
  Source:                 btnD
                            (input port)
  Destination:            rtm/reaction_time_reg[2]/CLR
                            (removal check against rising-edge clock sys_clk_pin  {rise@0.000ns fall@5.000ns period=10.000ns})
  Path Group:             (none)
  Path Type:              Removal (Min at Fast Process Corner)
  Data Path Delay:        1.519ns  (logic 0.221ns (14.518%)  route 1.299ns (85.482%))
  Logic Levels:           1  (IBUF=1)
  Clock Path Skew:        1.951ns (DCD - SCD - CPR)
    Destination Clock Delay (DCD):    1.951ns
    Source Clock Delay      (SCD):    0.000ns
    Clock Pessimism Removal (CPR):    -0.000ns

    Location             Delay type                Incr(ns)  Path(ns)    Netlist Resource(s)
  -------------------------------------------------------------------    -------------------
    U17                                               0.000     0.000 f  btnD (IN)
                         net (fo=0)                   0.000     0.000    btnD
    U17                  IBUF (Prop_ibuf_I_O)         0.221     0.221 f  btnD_IBUF_inst/O
                         net (fo=117, routed)         1.299     1.519    rtm/AR[0]
    SLICE_X50Y27         FDCE                                         f  rtm/reaction_time_reg[2]/CLR
  -------------------------------------------------------------------    -------------------

                         (clock sys_clk_pin rise edge)
                                                      0.000     0.000 r  
    W5                                                0.000     0.000 r  clk (IN)
                         net (fo=0)                   0.000     0.000    clk
    W5                   IBUF (Prop_ibuf_I_O)         0.414     0.414 r  clk_IBUF_inst/O
                         net (fo=1, routed)           0.685     1.099    clk_IBUF
    BUFGCTRL_X0Y0        BUFG (Prop_bufg_I_O)         0.029     1.128 r  clk_IBUF_BUFG_inst/O
                         net (fo=136, routed)         0.824     1.951    rtm/clk_IBUF_BUFG
    SLICE_X50Y27         FDCE                                         r  rtm/reaction_time_reg[2]/C

Slack:                    inf
  Source:                 btnD
                            (input port)
  Destination:            rtm/reaction_time_reg[3]/CLR
                            (removal check against rising-edge clock sys_clk_pin  {rise@0.000ns fall@5.000ns period=10.000ns})
  Path Group:             (none)
  Path Type:              Removal (Min at Fast Process Corner)
  Data Path Delay:        1.519ns  (logic 0.221ns (14.518%)  route 1.299ns (85.482%))
  Logic Levels:           1  (IBUF=1)
  Clock Path Skew:        1.951ns (DCD - SCD - CPR)
    Destination Clock Delay (DCD):    1.951ns
    Source Clock Delay      (SCD):    0.000ns
    Clock Pessimism Removal (CPR):    -0.000ns

    Location             Delay type                Incr(ns)  Path(ns)    Netlist Resource(s)
  -------------------------------------------------------------------    -------------------
    U17                                               0.000     0.000 f  btnD (IN)
                         net (fo=0)                   0.000     0.000    btnD
    U17                  IBUF (Prop_ibuf_I_O)         0.221     0.221 f  btnD_IBUF_inst/O
                         net (fo=117, routed)         1.299     1.519    rtm/AR[0]
    SLICE_X50Y27         FDCE                                         f  rtm/reaction_time_reg[3]/CLR
  -------------------------------------------------------------------    -------------------

                         (clock sys_clk_pin rise edge)
                                                      0.000     0.000 r  
    W5                                                0.000     0.000 r  clk (IN)
                         net (fo=0)                   0.000     0.000    clk
    W5                   IBUF (Prop_ibuf_I_O)         0.414     0.414 r  clk_IBUF_inst/O
                         net (fo=1, routed)           0.685     1.099    clk_IBUF
    BUFGCTRL_X0Y0        BUFG (Prop_bufg_I_O)         0.029     1.128 r  clk_IBUF_BUFG_inst/O
                         net (fo=136, routed)         0.824     1.951    rtm/clk_IBUF_BUFG
    SLICE_X50Y27         FDCE                                         r  rtm/reaction_time_reg[3]/C

Slack:                    inf
  Source:                 btnD
                            (input port)
  Destination:            rtm/reaction_time_reg[4]/CLR
                            (removal check against rising-edge clock sys_clk_pin  {rise@0.000ns fall@5.000ns period=10.000ns})
  Path Group:             (none)
  Path Type:              Removal (Min at Fast Process Corner)
  Data Path Delay:        1.519ns  (logic 0.221ns (14.518%)  route 1.299ns (85.482%))
  Logic Levels:           1  (IBUF=1)
  Clock Path Skew:        1.951ns (DCD - SCD - CPR)
    Destination Clock Delay (DCD):    1.951ns
    Source Clock Delay      (SCD):    0.000ns
    Clock Pessimism Removal (CPR):    -0.000ns

    Location             Delay type                Incr(ns)  Path(ns)    Netlist Resource(s)
  -------------------------------------------------------------------    -------------------
    U17                                               0.000     0.000 f  btnD (IN)
                         net (fo=0)                   0.000     0.000    btnD
    U17                  IBUF (Prop_ibuf_I_O)         0.221     0.221 f  btnD_IBUF_inst/O
                         net (fo=117, routed)         1.299     1.519    rtm/AR[0]
    SLICE_X50Y27         FDCE                                         f  rtm/reaction_time_reg[4]/CLR
  -------------------------------------------------------------------    -------------------

                         (clock sys_clk_pin rise edge)
                                                      0.000     0.000 r  
    W5                                                0.000     0.000 r  clk (IN)
                         net (fo=0)                   0.000     0.000    clk
    W5                   IBUF (Prop_ibuf_I_O)         0.414     0.414 r  clk_IBUF_inst/O
                         net (fo=1, routed)           0.685     1.099    clk_IBUF
    BUFGCTRL_X0Y0        BUFG (Prop_bufg_I_O)         0.029     1.128 r  clk_IBUF_BUFG_inst/O
                         net (fo=136, routed)         0.824     1.951    rtm/clk_IBUF_BUFG
    SLICE_X50Y27         FDCE                                         r  rtm/reaction_time_reg[4]/C

Slack:                    inf
  Source:                 btnD
                            (input port)
  Destination:            rtm/reaction_time_reg[5]/CLR
                            (removal check against rising-edge clock sys_clk_pin  {rise@0.000ns fall@5.000ns period=10.000ns})
  Path Group:             (none)
  Path Type:              Removal (Min at Fast Process Corner)
  Data Path Delay:        1.519ns  (logic 0.221ns (14.518%)  route 1.299ns (85.482%))
  Logic Levels:           1  (IBUF=1)
  Clock Path Skew:        1.951ns (DCD - SCD - CPR)
    Destination Clock Delay (DCD):    1.951ns
    Source Clock Delay      (SCD):    0.000ns
    Clock Pessimism Removal (CPR):    -0.000ns

    Location             Delay type                Incr(ns)  Path(ns)    Netlist Resource(s)
  -------------------------------------------------------------------    -------------------
    U17                                               0.000     0.000 f  btnD (IN)
                         net (fo=0)                   0.000     0.000    btnD
    U17                  IBUF (Prop_ibuf_I_O)         0.221     0.221 f  btnD_IBUF_inst/O
                         net (fo=117, routed)         1.299     1.519    rtm/AR[0]
    SLICE_X50Y27         FDCE                                         f  rtm/reaction_time_reg[5]/CLR
  -------------------------------------------------------------------    -------------------

                         (clock sys_clk_pin rise edge)
                                                      0.000     0.000 r  
    W5                                                0.000     0.000 r  clk (IN)
                         net (fo=0)                   0.000     0.000    clk
    W5                   IBUF (Prop_ibuf_I_O)         0.414     0.414 r  clk_IBUF_inst/O
                         net (fo=1, routed)           0.685     1.099    clk_IBUF
    BUFGCTRL_X0Y0        BUFG (Prop_bufg_I_O)         0.029     1.128 r  clk_IBUF_BUFG_inst/O
                         net (fo=136, routed)         0.824     1.951    rtm/clk_IBUF_BUFG
    SLICE_X50Y27         FDCE                                         r  rtm/reaction_time_reg[5]/C

Slack:                    inf
  Source:                 btnD
                            (input port)
  Destination:            rtm/reaction_time_reg[7]/CLR
                            (removal check against rising-edge clock sys_clk_pin  {rise@0.000ns fall@5.000ns period=10.000ns})
  Path Group:             (none)
  Path Type:              Removal (Min at Fast Process Corner)
  Data Path Delay:        1.519ns  (logic 0.221ns (14.518%)  route 1.299ns (85.482%))
  Logic Levels:           1  (IBUF=1)
  Clock Path Skew:        1.951ns (DCD - SCD - CPR)
    Destination Clock Delay (DCD):    1.951ns
    Source Clock Delay      (SCD):    0.000ns
    Clock Pessimism Removal (CPR):    -0.000ns

    Location             Delay type                Incr(ns)  Path(ns)    Netlist Resource(s)
  -------------------------------------------------------------------    -------------------
    U17                                               0.000     0.000 f  btnD (IN)
                         net (fo=0)                   0.000     0.000    btnD
    U17                  IBUF (Prop_ibuf_I_O)         0.221     0.221 f  btnD_IBUF_inst/O
                         net (fo=117, routed)         1.299     1.519    rtm/AR[0]
    SLICE_X50Y27         FDCE                                         f  rtm/reaction_time_reg[7]/CLR
  -------------------------------------------------------------------    -------------------

                         (clock sys_clk_pin rise edge)
                                                      0.000     0.000 r  
    W5                                                0.000     0.000 r  clk (IN)
                         net (fo=0)                   0.000     0.000    clk
    W5                   IBUF (Prop_ibuf_I_O)         0.414     0.414 r  clk_IBUF_inst/O
                         net (fo=1, routed)           0.685     1.099    clk_IBUF
    BUFGCTRL_X0Y0        BUFG (Prop_bufg_I_O)         0.029     1.128 r  clk_IBUF_BUFG_inst/O
                         net (fo=136, routed)         0.824     1.951    rtm/clk_IBUF_BUFG
    SLICE_X50Y27         FDCE                                         r  rtm/reaction_time_reg[7]/C

Slack:                    inf
  Source:                 btnD
                            (input port)
  Destination:            rtm/reaction_time_reg[8]/CLR
                            (removal check against rising-edge clock sys_clk_pin  {rise@0.000ns fall@5.000ns period=10.000ns})
  Path Group:             (none)
  Path Type:              Removal (Min at Fast Process Corner)
  Data Path Delay:        1.519ns  (logic 0.221ns (14.518%)  route 1.299ns (85.482%))
  Logic Levels:           1  (IBUF=1)
  Clock Path Skew:        1.951ns (DCD - SCD - CPR)
    Destination Clock Delay (DCD):    1.951ns
    Source Clock Delay      (SCD):    0.000ns
    Clock Pessimism Removal (CPR):    -0.000ns

    Location             Delay type                Incr(ns)  Path(ns)    Netlist Resource(s)
  -------------------------------------------------------------------    -------------------
    U17                                               0.000     0.000 f  btnD (IN)
                         net (fo=0)                   0.000     0.000    btnD
    U17                  IBUF (Prop_ibuf_I_O)         0.221     0.221 f  btnD_IBUF_inst/O
                         net (fo=117, routed)         1.299     1.519    rtm/AR[0]
    SLICE_X50Y27         FDCE                                         f  rtm/reaction_time_reg[8]/CLR
  -------------------------------------------------------------------    -------------------

                         (clock sys_clk_pin rise edge)
                                                      0.000     0.000 r  
    W5                                                0.000     0.000 r  clk (IN)
                         net (fo=0)                   0.000     0.000    clk
    W5                   IBUF (Prop_ibuf_I_O)         0.414     0.414 r  clk_IBUF_inst/O
                         net (fo=1, routed)           0.685     1.099    clk_IBUF
    BUFGCTRL_X0Y0        BUFG (Prop_bufg_I_O)         0.029     1.128 r  clk_IBUF_BUFG_inst/O
                         net (fo=136, routed)         0.824     1.951    rtm/clk_IBUF_BUFG
    SLICE_X50Y27         FDCE                                         r  rtm/reaction_time_reg[8]/C

Slack:                    inf
  Source:                 btnU
                            (input port)
  Destination:            db_start/data_sync0_reg/D
                            (rising edge-triggered cell FDCE clocked by sys_clk_pin  {rise@0.000ns fall@5.000ns period=10.000ns})
  Path Group:             (none)
  Path Type:              Hold (Min at Fast Process Corner)
  Data Path Delay:        1.563ns  (logic 0.222ns (14.191%)  route 1.342ns (85.809%))
  Logic Levels:           1  (IBUF=1)
  Clock Path Skew:        1.955ns (DCD - SCD - CPR)
    Destination Clock Delay (DCD):    1.955ns
    Source Clock Delay      (SCD):    0.000ns
    Clock Pessimism Removal (CPR):    -0.000ns

    Location             Delay type                Incr(ns)  Path(ns)    Netlist Resource(s)
  -------------------------------------------------------------------    -------------------
    T18                                               0.000     0.000 r  btnU (IN)
                         net (fo=0)                   0.000     0.000    btnU
    T18                  IBUF (Prop_ibuf_I_O)         0.222     0.222 r  btnU_IBUF_inst/O
                         net (fo=1, routed)           1.342     1.563    db_start/btnU_IBUF
    SLICE_X53Y31         FDCE                                         r  db_start/data_sync0_reg/D
  -------------------------------------------------------------------    -------------------

                         (clock sys_clk_pin rise edge)
                                                      0.000     0.000 r  
    W5                                                0.000     0.000 r  clk (IN)
                         net (fo=0)                   0.000     0.000    clk
    W5                   IBUF (Prop_ibuf_I_O)         0.414     0.414 r  clk_IBUF_inst/O
                         net (fo=1, routed)           0.685     1.099    clk_IBUF
    BUFGCTRL_X0Y0        BUFG (Prop_bufg_I_O)         0.029     1.128 r  clk_IBUF_BUFG_inst/O
                         net (fo=136, routed)         0.828     1.955    db_start/clk_IBUF_BUFG
    SLICE_X53Y31         FDCE                                         r  db_start/data_sync0_reg/C

Slack:                    inf
  Source:                 btnC
                            (input port)
  Destination:            db_react/data_sync0_reg/D
                            (rising edge-triggered cell FDCE clocked by sys_clk_pin  {rise@0.000ns fall@5.000ns period=10.000ns})
  Path Group:             (none)
  Path Type:              Hold (Min at Fast Process Corner)
  Data Path Delay:        1.573ns  (logic 0.210ns (13.323%)  route 1.363ns (86.677%))
  Logic Levels:           1  (IBUF=1)
  Clock Path Skew:        1.955ns (DCD - SCD - CPR)
    Destination Clock Delay (DCD):    1.955ns
    Source Clock Delay      (SCD):    0.000ns
    Clock Pessimism Removal (CPR):    -0.000ns

    Location             Delay type                Incr(ns)  Path(ns)    Netlist Resource(s)
  -------------------------------------------------------------------    -------------------
    U18                                               0.000     0.000 r  btnC (IN)
                         net (fo=0)                   0.000     0.000    btnC
    U18                  IBUF (Prop_ibuf_I_O)         0.210     0.210 r  btnC_IBUF_inst/O
                         net (fo=1, routed)           1.363     1.573    db_react/btnC_IBUF
    SLICE_X53Y31         FDCE                                         r  db_react/data_sync0_reg/D
  -------------------------------------------------------------------    -------------------

                         (clock sys_clk_pin rise edge)
                                                      0.000     0.000 r  
    W5                                                0.000     0.000 r  clk (IN)
                         net (fo=0)                   0.000     0.000    clk
    W5                   IBUF (Prop_ibuf_I_O)         0.414     0.414 r  clk_IBUF_inst/O
                         net (fo=1, routed)           0.685     1.099    clk_IBUF
    BUFGCTRL_X0Y0        BUFG (Prop_bufg_I_O)         0.029     1.128 r  clk_IBUF_BUFG_inst/O
                         net (fo=136, routed)         0.828     1.955    db_react/clk_IBUF_BUFG
    SLICE_X53Y31         FDCE                                         r  db_react/data_sync0_reg/C





