Copyright 1986-2022 Xilinx, Inc. All Rights Reserved.
------------------------------------------------------------------------------------------------------------------------------------------------------------------------------------------------------------------
| Tool Version : Vivado v.2022.1 (win64) Build 3526262 Mon Apr 18 15:48:16 MDT 2022
| Date         : Tue Apr 21 15:28:17 2026
| Host         : DESKTOP-TM7VUND running 64-bit major release  (build 9200)
| Command      : report_timing_summary -max_paths 10 -report_unconstrained -file wrapper_timing_summary_routed.rpt -pb wrapper_timing_summary_routed.pb -rpx wrapper_timing_summary_routed.rpx -warn_on_violation
| Design       : wrapper
| Device       : 7a35t-cpg236
| Speed File   : -1  PRODUCTION 1.23 2018-06-13
------------------------------------------------------------------------------------------------------------------------------------------------------------------------------------------------------------------

Timing Summary Report

------------------------------------------------------------------------------------------------
| Timer Settings
| --------------
------------------------------------------------------------------------------------------------

  Enable Multi Corner Analysis               :  Yes
  Enable Pessimism Removal                   :  Yes
  Pessimism Removal Resolution               :  Nearest Common Node
  Enable Input Delay Default Clock           :  No
  Enable Preset / Clear Arcs                 :  No
  Disable Flight Delays                      :  No
  Ignore I/O Paths                           :  No
  Timing Early Launch at Borrowing Latches   :  No
  Borrow Time for Max Delay Exceptions       :  Yes
  Merge Timing Exceptions                    :  Yes

  Corner  Analyze    Analyze    
  Name    Max Paths  Min Paths  
  ------  ---------  ---------  
  Slow    Yes        Yes        
  Fast    Yes        Yes        


------------------------------------------------------------------------------------------------
| Report Methodology
| ------------------
------------------------------------------------------------------------------------------------

Rule       Severity  Description                    Violations  
---------  --------  -----------------------------  ----------  
TIMING-18  Warning   Missing input or output delay  8           

Note: This report is based on the most recent report_methodology run and may not be up-to-date. Run report_methodology on the current design for the latest report.



check_timing report

Table of Contents
-----------------
1. checking no_clock (0)
2. checking constant_clock (0)
3. checking pulse_width_clock (0)
4. checking unconstrained_internal_endpoints (0)
5. checking no_input_delay (0)
6. checking no_output_delay (8)
7. checking multiple_clock (0)
8. checking generated_clocks (0)
9. checking loops (0)
10. checking partial_input_delay (0)
11. checking partial_output_delay (0)
12. checking latch_loops (0)

1. checking no_clock (0)
------------------------
 There are 0 register/latch pins with no clock.


2. checking constant_clock (0)
------------------------------
 There are 0 register/latch pins with constant_clock.


3. checking pulse_width_clock (0)
---------------------------------
 There are 0 register/latch pins which need pulse_width check


4. checking unconstrained_internal_endpoints (0)
------------------------------------------------
 There are 0 pins that are not constrained for maximum delay.

 There are 0 pins that are not constrained for maximum delay due to constant clock.


5. checking no_input_delay (0)
------------------------------
 There are 0 input ports with no input delay specified.

 There are 0 input ports with no input delay but user has a false path constraint.


6. checking no_output_delay (8)
-------------------------------
 There are 8 ports with no output delay specified. (HIGH)

 There are 0 ports with no output delay but user has a false path constraint

 There are 0 ports with no output delay but with a timing clock defined on it or propagating through it


7. checking multiple_clock (0)
------------------------------
 There are 0 register/latch pins with multiple clocks.


8. checking generated_clocks (0)
--------------------------------
 There are 0 generated clocks that are not connected to a clock source.


9. checking loops (0)
---------------------
 There are 0 combinational loops in the design.


10. checking partial_input_delay (0)
------------------------------------
 There are 0 input ports with partial input delay specified.


11. checking partial_output_delay (0)
-------------------------------------
 There are 0 ports with partial output delay specified.


12. checking latch_loops (0)
----------------------------
 There are 0 combinational latch loops in the design through latch input



------------------------------------------------------------------------------------------------
| Design Timing Summary
| ---------------------
------------------------------------------------------------------------------------------------

    WNS(ns)      TNS(ns)  TNS Failing Endpoints  TNS Total Endpoints      WHS(ns)      THS(ns)  THS Failing Endpoints  THS Total Endpoints     WPWS(ns)     TPWS(ns)  TPWS Failing Endpoints  TPWS Total Endpoints  
    -------      -------  ---------------------  -------------------      -------      -------  ---------------------  -------------------     --------     --------  ----------------------  --------------------  
      7.204        0.000                      0                   28        0.324        0.000                      0                   28        4.500        0.000                       0                    29  


All user specified timing constraints are met.


------------------------------------------------------------------------------------------------
| Clock Summary
| -------------
------------------------------------------------------------------------------------------------

Clock        Waveform(ns)       Period(ns)      Frequency(MHz)
-----        ------------       ----------      --------------
sys_clk_pin  {0.000 5.000}      10.000          100.000         


------------------------------------------------------------------------------------------------
| Intra Clock Table
| -----------------
------------------------------------------------------------------------------------------------

Clock             WNS(ns)      TNS(ns)  TNS Failing Endpoints  TNS Total Endpoints      WHS(ns)      THS(ns)  THS Failing Endpoints  THS Total Endpoints     WPWS(ns)     TPWS(ns)  TPWS Failing Endpoints  TPWS Total Endpoints  
-----             -------      -------  ---------------------  -------------------      -------      -------  ---------------------  -------------------     --------     --------  ----------------------  --------------------  
sys_clk_pin         7.204        0.000                      0                   28        0.324        0.000                      0                   28        4.500        0.000                       0                    29  


------------------------------------------------------------------------------------------------
| Inter Clock Table
| -----------------
------------------------------------------------------------------------------------------------

From Clock    To Clock          WNS(ns)      TNS(ns)  TNS Failing Endpoints  TNS Total Endpoints      WHS(ns)      THS(ns)  THS Failing Endpoints  THS Total Endpoints  
----------    --------          -------      -------  ---------------------  -------------------      -------      -------  ---------------------  -------------------  


------------------------------------------------------------------------------------------------
| Other Path Groups Table
| -----------------------
------------------------------------------------------------------------------------------------

Path Group    From Clock    To Clock          WNS(ns)      TNS(ns)  TNS Failing Endpoints  TNS Total Endpoints      WHS(ns)      THS(ns)  THS Failing Endpoints  THS Total Endpoints  
----------    ----------    --------          -------      -------  ---------------------  -------------------      -------      -------  ---------------------  -------------------  


------------------------------------------------------------------------------------------------
| User Ignored Path Table
| -----------------------
------------------------------------------------------------------------------------------------

Path Group    From Clock    To Clock    
----------    ----------    --------    


------------------------------------------------------------------------------------------------
| Unconstrained Path Table
| ------------------------
------------------------------------------------------------------------------------------------

Path Group    From Clock    To Clock    
----------    ----------    --------    
(none)                                    
(none)        sys_clk_pin                 


------------------------------------------------------------------------------------------------
| Timing Details
| --------------
------------------------------------------------------------------------------------------------


---------------------------------------------------------------------------------------------------
From Clock:  sys_clk_pin
  To Clock:  sys_clk_pin

Setup :            0  Failing Endpoints,  Worst Slack        7.204ns,  Total Violation        0.000ns
Hold  :            0  Failing Endpoints,  Worst Slack        0.324ns,  Total Violation        0.000ns
PW    :            0  Failing Endpoints,  Worst Slack        4.500ns,  Total Violation        0.000ns
---------------------------------------------------------------------------------------------------


Max Delay Paths
--------------------------------------------------------------------------------------
Slack (MET) :             7.204ns  (required time - arrival time)
  Source:                 U1/count_reg[1]/C
                            (rising edge-triggered cell FDRE clocked by sys_clk_pin  {rise@0.000ns fall@5.000ns period=10.000ns})
  Destination:            U1/count_reg[25]/D
                            (rising edge-triggered cell FDRE clocked by sys_clk_pin  {rise@0.000ns fall@5.000ns period=10.000ns})
  Path Group:             sys_clk_pin
  Path Type:              Setup (Max at Slow Process Corner)
  Requirement:            10.000ns  (sys_clk_pin rise@10.000ns - sys_clk_pin rise@0.000ns)
  Data Path Delay:        2.796ns  (logic 2.034ns (72.750%)  route 0.762ns (27.250%))
  Logic Levels:           7  (CARRY4=7)
  Clock Path Skew:        -0.027ns (DCD - SCD + CPR)
    Destination Clock Delay (DCD):    4.858ns = ( 14.858 - 10.000 ) 
    Source Clock Delay      (SCD):    5.159ns
    Clock Pessimism Removal (CPR):    0.274ns
  Clock Uncertainty:      0.035ns  ((TSJ^2 + TIJ^2)^1/2 + DJ) / 2 + PE
    Total System Jitter     (TSJ):    0.071ns
    Total Input Jitter      (TIJ):    0.000ns
    Discrete Jitter          (DJ):    0.000ns
    Phase Error              (PE):    0.000ns

    Location             Delay type                Incr(ns)  Path(ns)    Netlist Resource(s)
  -------------------------------------------------------------------    -------------------
                         (clock sys_clk_pin rise edge)
                                                      0.000     0.000 r  
    W5                                                0.000     0.000 r  clk (IN)
                         net (fo=0)                   0.000     0.000    clk
    W5                   IBUF (Prop_ibuf_I_O)         1.458     1.458 r  clk_IBUF_inst/O
                         net (fo=1, routed)           1.967     3.425    clk_IBUF
    BUFGCTRL_X0Y0        BUFG (Prop_bufg_I_O)         0.096     3.521 r  clk_IBUF_BUFG_inst/O
                         net (fo=28, routed)          1.638     5.159    U1/clk
    SLICE_X0Y4           FDRE                                         r  U1/count_reg[1]/C
  -------------------------------------------------------------------    -------------------
    SLICE_X0Y4           FDRE (Prop_fdre_C_Q)         0.456     5.615 r  U1/count_reg[1]/Q
                         net (fo=1, routed)           0.762     6.377    U1/count_reg_n_0_[1]
    SLICE_X0Y4           CARRY4 (Prop_carry4_S[1]_CO[3])
                                                      0.674     7.051 r  U1/count_reg[0]_i_1/CO[3]
                         net (fo=1, routed)           0.000     7.051    U1/count_reg[0]_i_1_n_0
    SLICE_X0Y5           CARRY4 (Prop_carry4_CI_CO[3])
                                                      0.114     7.165 r  U1/count_reg[4]_i_1/CO[3]
                         net (fo=1, routed)           0.000     7.165    U1/count_reg[4]_i_1_n_0
    SLICE_X0Y6           CARRY4 (Prop_carry4_CI_CO[3])
                                                      0.114     7.279 r  U1/count_reg[8]_i_1/CO[3]
                         net (fo=1, routed)           0.000     7.279    U1/count_reg[8]_i_1_n_0
    SLICE_X0Y7           CARRY4 (Prop_carry4_CI_CO[3])
                                                      0.114     7.393 r  U1/count_reg[12]_i_1/CO[3]
                         net (fo=1, routed)           0.000     7.393    U1/count_reg[12]_i_1_n_0
    SLICE_X0Y8           CARRY4 (Prop_carry4_CI_CO[3])
                                                      0.114     7.507 r  U1/count_reg[16]_i_1/CO[3]
                         net (fo=1, routed)           0.000     7.507    U1/count_reg[16]_i_1_n_0
    SLICE_X0Y9           CARRY4 (Prop_carry4_CI_CO[3])
                                                      0.114     7.621 r  U1/count_reg[20]_i_1/CO[3]
                         net (fo=1, routed)           0.000     7.621    U1/count_reg[20]_i_1_n_0
    SLICE_X0Y10          CARRY4 (Prop_carry4_CI_O[1])
                                                      0.334     7.955 r  U1/count_reg[24]_i_1/O[1]
                         net (fo=1, routed)           0.000     7.955    U1/count_reg[24]_i_1_n_6
    SLICE_X0Y10          FDRE                                         r  U1/count_reg[25]/D
  -------------------------------------------------------------------    -------------------

                         (clock sys_clk_pin rise edge)
                                                     10.000    10.000 r  
    W5                                                0.000    10.000 r  clk (IN)
                         net (fo=0)                   0.000    10.000    clk
    W5                   IBUF (Prop_ibuf_I_O)         1.388    11.388 r  clk_IBUF_inst/O
                         net (fo=1, routed)           1.862    13.250    clk_IBUF
    BUFGCTRL_X0Y0        BUFG (Prop_bufg_I_O)         0.091    13.341 r  clk_IBUF_BUFG_inst/O
                         net (fo=28, routed)          1.517    14.858    U1/clk
    SLICE_X0Y10          FDRE                                         r  U1/count_reg[25]/C
                         clock pessimism              0.274    15.132    
                         clock uncertainty           -0.035    15.097    
    SLICE_X0Y10          FDRE (Setup_fdre_C_D)        0.062    15.159    U1/count_reg[25]
  -------------------------------------------------------------------
                         required time                         15.159    
                         arrival time                          -7.955    
  -------------------------------------------------------------------
                         slack                                  7.204    

Slack (MET) :             7.225ns  (required time - arrival time)
  Source:                 U1/count_reg[1]/C
                            (rising edge-triggered cell FDRE clocked by sys_clk_pin  {rise@0.000ns fall@5.000ns period=10.000ns})
  Destination:            U1/count_reg[27]/D
                            (rising edge-triggered cell FDRE clocked by sys_clk_pin  {rise@0.000ns fall@5.000ns period=10.000ns})
  Path Group:             sys_clk_pin
  Path Type:              Setup (Max at Slow Process Corner)
  Requirement:            10.000ns  (sys_clk_pin rise@10.000ns - sys_clk_pin rise@0.000ns)
  Data Path Delay:        2.775ns  (logic 2.013ns (72.544%)  route 0.762ns (27.456%))
  Logic Levels:           7  (CARRY4=7)
  Clock Path Skew:        -0.027ns (DCD - SCD + CPR)
    Destination Clock Delay (DCD):    4.858ns = ( 14.858 - 10.000 ) 
    Source Clock Delay      (SCD):    5.159ns
    Clock Pessimism Removal (CPR):    0.274ns
  Clock Uncertainty:      0.035ns  ((TSJ^2 + TIJ^2)^1/2 + DJ) / 2 + PE
    Total System Jitter     (TSJ):    0.071ns
    Total Input Jitter      (TIJ):    0.000ns
    Discrete Jitter          (DJ):    0.000ns
    Phase Error              (PE):    0.000ns

    Location             Delay type                Incr(ns)  Path(ns)    Netlist Resource(s)
  -------------------------------------------------------------------    -------------------
                         (clock sys_clk_pin rise edge)
                                                      0.000     0.000 r  
    W5                                                0.000     0.000 r  clk (IN)
                         net (fo=0)                   0.000     0.000    clk
    W5                   IBUF (Prop_ibuf_I_O)         1.458     1.458 r  clk_IBUF_inst/O
                         net (fo=1, routed)           1.967     3.425    clk_IBUF
    BUFGCTRL_X0Y0        BUFG (Prop_bufg_I_O)         0.096     3.521 r  clk_IBUF_BUFG_inst/O
                         net (fo=28, routed)          1.638     5.159    U1/clk
    SLICE_X0Y4           FDRE                                         r  U1/count_reg[1]/C
  -------------------------------------------------------------------    -------------------
    SLICE_X0Y4           FDRE (Prop_fdre_C_Q)         0.456     5.615 r  U1/count_reg[1]/Q
                         net (fo=1, routed)           0.762     6.377    U1/count_reg_n_0_[1]
    SLICE_X0Y4           CARRY4 (Prop_carry4_S[1]_CO[3])
                                                      0.674     7.051 r  U1/count_reg[0]_i_1/CO[3]
                         net (fo=1, routed)           0.000     7.051    U1/count_reg[0]_i_1_n_0
    SLICE_X0Y5           CARRY4 (Prop_carry4_CI_CO[3])
                                                      0.114     7.165 r  U1/count_reg[4]_i_1/CO[3]
                         net (fo=1, routed)           0.000     7.165    U1/count_reg[4]_i_1_n_0
    SLICE_X0Y6           CARRY4 (Prop_carry4_CI_CO[3])
                                                      0.114     7.279 r  U1/count_reg[8]_i_1/CO[3]
                         net (fo=1, routed)           0.000     7.279    U1/count_reg[8]_i_1_n_0
    SLICE_X0Y7           CARRY4 (Prop_carry4_CI_CO[3])
                                                      0.114     7.393 r  U1/count_reg[12]_i_1/CO[3]
                         net (fo=1, routed)           0.000     7.393    U1/count_reg[12]_i_1_n_0
    SLICE_X0Y8           CARRY4 (Prop_carry4_CI_CO[3])
                                                      0.114     7.507 r  U1/count_reg[16]_i_1/CO[3]
                         net (fo=1, routed)           0.000     7.507    U1/count_reg[16]_i_1_n_0
    SLICE_X0Y9           CARRY4 (Prop_carry4_CI_CO[3])
                                                      0.114     7.621 r  U1/count_reg[20]_i_1/CO[3]
                         net (fo=1, routed)           0.000     7.621    U1/count_reg[20]_i_1_n_0
    SLICE_X0Y10          CARRY4 (Prop_carry4_CI_O[3])
                                                      0.313     7.934 r  U1/count_reg[24]_i_1/O[3]
                         net (fo=1, routed)           0.000     7.934    U1/count_reg[24]_i_1_n_4
    SLICE_X0Y10          FDRE                                         r  U1/count_reg[27]/D
  -------------------------------------------------------------------    -------------------

                         (clock sys_clk_pin rise edge)
                                                     10.000    10.000 r  
    W5                                                0.000    10.000 r  clk (IN)
                         net (fo=0)                   0.000    10.000    clk
    W5                   IBUF (Prop_ibuf_I_O)         1.388    11.388 r  clk_IBUF_inst/O
                         net (fo=1, routed)           1.862    13.250    clk_IBUF
    BUFGCTRL_X0Y0        BUFG (Prop_bufg_I_O)         0.091    13.341 r  clk_IBUF_BUFG_inst/O
                         net (fo=28, routed)          1.517    14.858    U1/clk
    SLICE_X0Y10          FDRE                                         r  U1/count_reg[27]/C
                         clock pessimism              0.274    15.132    
                         clock uncertainty           -0.035    15.097    
    SLICE_X0Y10          FDRE (Setup_fdre_C_D)        0.062    15.159    U1/count_reg[27]
  -------------------------------------------------------------------
                         required time                         15.159    
                         arrival time                          -7.934    
  -------------------------------------------------------------------
                         slack                                  7.225    

Slack (MET) :             7.299ns  (required time - arrival time)
  Source:                 U1/count_reg[1]/C
                            (rising edge-triggered cell FDRE clocked by sys_clk_pin  {rise@0.000ns fall@5.000ns period=10.000ns})
  Destination:            U1/count_reg[26]/D
                            (rising edge-triggered cell FDRE clocked by sys_clk_pin  {rise@0.000ns fall@5.000ns period=10.000ns})
  Path Group:             sys_clk_pin
  Path Type:              Setup (Max at Slow Process Corner)
  Requirement:            10.000ns  (sys_clk_pin rise@10.000ns - sys_clk_pin rise@0.000ns)
  Data Path Delay:        2.701ns  (logic 1.939ns (71.792%)  route 0.762ns (28.208%))
  Logic Levels:           7  (CARRY4=7)
  Clock Path Skew:        -0.027ns (DCD - SCD + CPR)
    Destination Clock Delay (DCD):    4.858ns = ( 14.858 - 10.000 ) 
    Source Clock Delay      (SCD):    5.159ns
    Clock Pessimism Removal (CPR):    0.274ns
  Clock Uncertainty:      0.035ns  ((TSJ^2 + TIJ^2)^1/2 + DJ) / 2 + PE
    Total System Jitter     (TSJ):    0.071ns
    Total Input Jitter      (TIJ):    0.000ns
    Discrete Jitter          (DJ):    0.000ns
    Phase Error              (PE):    0.000ns

    Location             Delay type                Incr(ns)  Path(ns)    Netlist Resource(s)
  -------------------------------------------------------------------    -------------------
                         (clock sys_clk_pin rise edge)
                                                      0.000     0.000 r  
    W5                                                0.000     0.000 r  clk (IN)
                         net (fo=0)                   0.000     0.000    clk
    W5                   IBUF (Prop_ibuf_I_O)         1.458     1.458 r  clk_IBUF_inst/O
                         net (fo=1, routed)           1.967     3.425    clk_IBUF
    BUFGCTRL_X0Y0        BUFG (Prop_bufg_I_O)         0.096     3.521 r  clk_IBUF_BUFG_inst/O
                         net (fo=28, routed)          1.638     5.159    U1/clk
    SLICE_X0Y4           FDRE                                         r  U1/count_reg[1]/C
  -------------------------------------------------------------------    -------------------
    SLICE_X0Y4           FDRE (Prop_fdre_C_Q)         0.456     5.615 r  U1/count_reg[1]/Q
                         net (fo=1, routed)           0.762     6.377    U1/count_reg_n_0_[1]
    SLICE_X0Y4           CARRY4 (Prop_carry4_S[1]_CO[3])
                                                      0.674     7.051 r  U1/count_reg[0]_i_1/CO[3]
                         net (fo=1, routed)           0.000     7.051    U1/count_reg[0]_i_1_n_0
    SLICE_X0Y5           CARRY4 (Prop_carry4_CI_CO[3])
                                                      0.114     7.165 r  U1/count_reg[4]_i_1/CO[3]
                         net (fo=1, routed)           0.000     7.165    U1/count_reg[4]_i_1_n_0
    SLICE_X0Y6           CARRY4 (Prop_carry4_CI_CO[3])
                                                      0.114     7.279 r  U1/count_reg[8]_i_1/CO[3]
                         net (fo=1, routed)           0.000     7.279    U1/count_reg[8]_i_1_n_0
    SLICE_X0Y7           CARRY4 (Prop_carry4_CI_CO[3])
                                                      0.114     7.393 r  U1/count_reg[12]_i_1/CO[3]
                         net (fo=1, routed)           0.000     7.393    U1/count_reg[12]_i_1_n_0
    SLICE_X0Y8           CARRY4 (Prop_carry4_CI_CO[3])
                                                      0.114     7.507 r  U1/count_reg[16]_i_1/CO[3]
                         net (fo=1, routed)           0.000     7.507    U1/count_reg[16]_i_1_n_0
    SLICE_X0Y9           CARRY4 (Prop_carry4_CI_CO[3])
                                                      0.114     7.621 r  U1/count_reg[20]_i_1/CO[3]
                         net (fo=1, routed)           0.000     7.621    U1/count_reg[20]_i_1_n_0
    SLICE_X0Y10          CARRY4 (Prop_carry4_CI_O[2])
                                                      0.239     7.860 r  U1/count_reg[24]_i_1/O[2]
                         net (fo=1, routed)           0.000     7.860    U1/count_reg[24]_i_1_n_5
    SLICE_X0Y10          FDRE                                         r  U1/count_reg[26]/D
  -------------------------------------------------------------------    -------------------

                         (clock sys_clk_pin rise edge)
                                                     10.000    10.000 r  
    W5                                                0.000    10.000 r  clk (IN)
                         net (fo=0)                   0.000    10.000    clk
    W5                   IBUF (Prop_ibuf_I_O)         1.388    11.388 r  clk_IBUF_inst/O
                         net (fo=1, routed)           1.862    13.250    clk_IBUF
    BUFGCTRL_X0Y0        BUFG (Prop_bufg_I_O)         0.091    13.341 r  clk_IBUF_BUFG_inst/O
                         net (fo=28, routed)          1.517    14.858    U1/clk
    SLICE_X0Y10          FDRE                                         r  U1/count_reg[26]/C
                         clock pessimism              0.274    15.132    
                         clock uncertainty           -0.035    15.097    
    SLICE_X0Y10          FDRE (Setup_fdre_C_D)        0.062    15.159    U1/count_reg[26]
  -------------------------------------------------------------------
                         required time                         15.159    
                         arrival time                          -7.860    
  -------------------------------------------------------------------
                         slack                                  7.299    

Slack (MET) :             7.315ns  (required time - arrival time)
  Source:                 U1/count_reg[1]/C
                            (rising edge-triggered cell FDRE clocked by sys_clk_pin  {rise@0.000ns fall@5.000ns period=10.000ns})
  Destination:            U1/count_reg[24]/D
                            (rising edge-triggered cell FDRE clocked by sys_clk_pin  {rise@0.000ns fall@5.000ns period=10.000ns})
  Path Group:             sys_clk_pin
  Path Type:              Setup (Max at Slow Process Corner)
  Requirement:            10.000ns  (sys_clk_pin rise@10.000ns - sys_clk_pin rise@0.000ns)
  Data Path Delay:        2.685ns  (logic 1.923ns (71.624%)  route 0.762ns (28.376%))
  Logic Levels:           7  (CARRY4=7)
  Clock Path Skew:        -0.027ns (DCD - SCD + CPR)
    Destination Clock Delay (DCD):    4.858ns = ( 14.858 - 10.000 ) 
    Source Clock Delay      (SCD):    5.159ns
    Clock Pessimism Removal (CPR):    0.274ns
  Clock Uncertainty:      0.035ns  ((TSJ^2 + TIJ^2)^1/2 + DJ) / 2 + PE
    Total System Jitter     (TSJ):    0.071ns
    Total Input Jitter      (TIJ):    0.000ns
    Discrete Jitter          (DJ):    0.000ns
    Phase Error              (PE):    0.000ns

    Location             Delay type                Incr(ns)  Path(ns)    Netlist Resource(s)
  -------------------------------------------------------------------    -------------------
                         (clock sys_clk_pin rise edge)
                                                      0.000     0.000 r  
    W5                                                0.000     0.000 r  clk (IN)
                         net (fo=0)                   0.000     0.000    clk
    W5                   IBUF (Prop_ibuf_I_O)         1.458     1.458 r  clk_IBUF_inst/O
                         net (fo=1, routed)           1.967     3.425    clk_IBUF
    BUFGCTRL_X0Y0        BUFG (Prop_bufg_I_O)         0.096     3.521 r  clk_IBUF_BUFG_inst/O
                         net (fo=28, routed)          1.638     5.159    U1/clk
    SLICE_X0Y4           FDRE                                         r  U1/count_reg[1]/C
  -------------------------------------------------------------------    -------------------
    SLICE_X0Y4           FDRE (Prop_fdre_C_Q)         0.456     5.615 r  U1/count_reg[1]/Q
                         net (fo=1, routed)           0.762     6.377    U1/count_reg_n_0_[1]
    SLICE_X0Y4           CARRY4 (Prop_carry4_S[1]_CO[3])
                                                      0.674     7.051 r  U1/count_reg[0]_i_1/CO[3]
                         net (fo=1, routed)           0.000     7.051    U1/count_reg[0]_i_1_n_0
    SLICE_X0Y5           CARRY4 (Prop_carry4_CI_CO[3])
                                                      0.114     7.165 r  U1/count_reg[4]_i_1/CO[3]
                         net (fo=1, routed)           0.000     7.165    U1/count_reg[4]_i_1_n_0
    SLICE_X0Y6           CARRY4 (Prop_carry4_CI_CO[3])
                                                      0.114     7.279 r  U1/count_reg[8]_i_1/CO[3]
                         net (fo=1, routed)           0.000     7.279    U1/count_reg[8]_i_1_n_0
    SLICE_X0Y7           CARRY4 (Prop_carry4_CI_CO[3])
                                                      0.114     7.393 r  U1/count_reg[12]_i_1/CO[3]
                         net (fo=1, routed)           0.000     7.393    U1/count_reg[12]_i_1_n_0
    SLICE_X0Y8           CARRY4 (Prop_carry4_CI_CO[3])
                                                      0.114     7.507 r  U1/count_reg[16]_i_1/CO[3]
                         net (fo=1, routed)           0.000     7.507    U1/count_reg[16]_i_1_n_0
    SLICE_X0Y9           CARRY4 (Prop_carry4_CI_CO[3])
                                                      0.114     7.621 r  U1/count_reg[20]_i_1/CO[3]
                         net (fo=1, routed)           0.000     7.621    U1/count_reg[20]_i_1_n_0
    SLICE_X0Y10          CARRY4 (Prop_carry4_CI_O[0])
                                                      0.223     7.844 r  U1/count_reg[24]_i_1/O[0]
                         net (fo=1, routed)           0.000     7.844    U1/count_reg[24]_i_1_n_7
    SLICE_X0Y10          FDRE                                         r  U1/count_reg[24]/D
  -------------------------------------------------------------------    -------------------

                         (clock sys_clk_pin rise edge)
                                                     10.000    10.000 r  
    W5                                                0.000    10.000 r  clk (IN)
                         net (fo=0)                   0.000    10.000    clk
    W5                   IBUF (Prop_ibuf_I_O)         1.388    11.388 r  clk_IBUF_inst/O
                         net (fo=1, routed)           1.862    13.250    clk_IBUF
    BUFGCTRL_X0Y0        BUFG (Prop_bufg_I_O)         0.091    13.341 r  clk_IBUF_BUFG_inst/O
                         net (fo=28, routed)          1.517    14.858    U1/clk
    SLICE_X0Y10          FDRE                                         r  U1/count_reg[24]/C
                         clock pessimism              0.274    15.132    
                         clock uncertainty           -0.035    15.097    
    SLICE_X0Y10          FDRE (Setup_fdre_C_D)        0.062    15.159    U1/count_reg[24]
  -------------------------------------------------------------------
                         required time                         15.159    
                         arrival time                          -7.844    
  -------------------------------------------------------------------
                         slack                                  7.315    

Slack (MET) :             7.318ns  (required time - arrival time)
  Source:                 U1/count_reg[1]/C
                            (rising edge-triggered cell FDRE clocked by sys_clk_pin  {rise@0.000ns fall@5.000ns period=10.000ns})
  Destination:            U1/count_reg[21]/D
                            (rising edge-triggered cell FDRE clocked by sys_clk_pin  {rise@0.000ns fall@5.000ns period=10.000ns})
  Path Group:             sys_clk_pin
  Path Type:              Setup (Max at Slow Process Corner)
  Requirement:            10.000ns  (sys_clk_pin rise@10.000ns - sys_clk_pin rise@0.000ns)
  Data Path Delay:        2.682ns  (logic 1.920ns (71.592%)  route 0.762ns (28.408%))
  Logic Levels:           6  (CARRY4=6)
  Clock Path Skew:        -0.027ns (DCD - SCD + CPR)
    Destination Clock Delay (DCD):    4.858ns = ( 14.858 - 10.000 ) 
    Source Clock Delay      (SCD):    5.159ns
    Clock Pessimism Removal (CPR):    0.274ns
  Clock Uncertainty:      0.035ns  ((TSJ^2 + TIJ^2)^1/2 + DJ) / 2 + PE
    Total System Jitter     (TSJ):    0.071ns
    Total Input Jitter      (TIJ):    0.000ns
    Discrete Jitter          (DJ):    0.000ns
    Phase Error              (PE):    0.000ns

    Location             Delay type                Incr(ns)  Path(ns)    Netlist Resource(s)
  -------------------------------------------------------------------    -------------------
                         (clock sys_clk_pin rise edge)
                                                      0.000     0.000 r  
    W5                                                0.000     0.000 r  clk (IN)
                         net (fo=0)                   0.000     0.000    clk
    W5                   IBUF (Prop_ibuf_I_O)         1.458     1.458 r  clk_IBUF_inst/O
                         net (fo=1, routed)           1.967     3.425    clk_IBUF
    BUFGCTRL_X0Y0        BUFG (Prop_bufg_I_O)         0.096     3.521 r  clk_IBUF_BUFG_inst/O
                         net (fo=28, routed)          1.638     5.159    U1/clk
    SLICE_X0Y4           FDRE                                         r  U1/count_reg[1]/C
  -------------------------------------------------------------------    -------------------
    SLICE_X0Y4           FDRE (Prop_fdre_C_Q)         0.456     5.615 r  U1/count_reg[1]/Q
                         net (fo=1, routed)           0.762     6.377    U1/count_reg_n_0_[1]
    SLICE_X0Y4           CARRY4 (Prop_carry4_S[1]_CO[3])
                                                      0.674     7.051 r  U1/count_reg[0]_i_1/CO[3]
                         net (fo=1, routed)           0.000     7.051    U1/count_reg[0]_i_1_n_0
    SLICE_X0Y5           CARRY4 (Prop_carry4_CI_CO[3])
                                                      0.114     7.165 r  U1/count_reg[4]_i_1/CO[3]
                         net (fo=1, routed)           0.000     7.165    U1/count_reg[4]_i_1_n_0
    SLICE_X0Y6           CARRY4 (Prop_carry4_CI_CO[3])
                                                      0.114     7.279 r  U1/count_reg[8]_i_1/CO[3]
                         net (fo=1, routed)           0.000     7.279    U1/count_reg[8]_i_1_n_0
    SLICE_X0Y7           CARRY4 (Prop_carry4_CI_CO[3])
                                                      0.114     7.393 r  U1/count_reg[12]_i_1/CO[3]
                         net (fo=1, routed)           0.000     7.393    U1/count_reg[12]_i_1_n_0
    SLICE_X0Y8           CARRY4 (Prop_carry4_CI_CO[3])
                                                      0.114     7.507 r  U1/count_reg[16]_i_1/CO[3]
                         net (fo=1, routed)           0.000     7.507    U1/count_reg[16]_i_1_n_0
    SLICE_X0Y9           CARRY4 (Prop_carry4_CI_O[1])
                                                      0.334     7.841 r  U1/count_reg[20]_i_1/O[1]
                         net (fo=1, routed)           0.000     7.841    U1/count_reg[20]_i_1_n_6
    SLICE_X0Y9           FDRE                                         r  U1/count_reg[21]/D
  -------------------------------------------------------------------    -------------------

                         (clock sys_clk_pin rise edge)
                                                     10.000    10.000 r  
    W5                                                0.000    10.000 r  clk (IN)
                         net (fo=0)                   0.000    10.000    clk
    W5                   IBUF (Prop_ibuf_I_O)         1.388    11.388 r  clk_IBUF_inst/O
                         net (fo=1, routed)           1.862    13.250    clk_IBUF
    BUFGCTRL_X0Y0        BUFG (Prop_bufg_I_O)         0.091    13.341 r  clk_IBUF_BUFG_inst/O
                         net (fo=28, routed)          1.517    14.858    U1/clk
    SLICE_X0Y9           FDRE                                         r  U1/count_reg[21]/C
                         clock pessimism              0.274    15.132    
                         clock uncertainty           -0.035    15.097    
    SLICE_X0Y9           FDRE (Setup_fdre_C_D)        0.062    15.159    U1/count_reg[21]
  -------------------------------------------------------------------
                         required time                         15.159    
                         arrival time                          -7.841    
  -------------------------------------------------------------------
                         slack                                  7.318    

Slack (MET) :             7.339ns  (required time - arrival time)
  Source:                 U1/count_reg[1]/C
                            (rising edge-triggered cell FDRE clocked by sys_clk_pin  {rise@0.000ns fall@5.000ns period=10.000ns})
  Destination:            U1/count_reg[23]/D
                            (rising edge-triggered cell FDRE clocked by sys_clk_pin  {rise@0.000ns fall@5.000ns period=10.000ns})
  Path Group:             sys_clk_pin
  Path Type:              Setup (Max at Slow Process Corner)
  Requirement:            10.000ns  (sys_clk_pin rise@10.000ns - sys_clk_pin rise@0.000ns)
  Data Path Delay:        2.661ns  (logic 1.899ns (71.368%)  route 0.762ns (28.632%))
  Logic Levels:           6  (CARRY4=6)
  Clock Path Skew:        -0.027ns (DCD - SCD + CPR)
    Destination Clock Delay (DCD):    4.858ns = ( 14.858 - 10.000 ) 
    Source Clock Delay      (SCD):    5.159ns
    Clock Pessimism Removal (CPR):    0.274ns
  Clock Uncertainty:      0.035ns  ((TSJ^2 + TIJ^2)^1/2 + DJ) / 2 + PE
    Total System Jitter     (TSJ):    0.071ns
    Total Input Jitter      (TIJ):    0.000ns
    Discrete Jitter          (DJ):    0.000ns
    Phase Error              (PE):    0.000ns

    Location             Delay type                Incr(ns)  Path(ns)    Netlist Resource(s)
  -------------------------------------------------------------------    -------------------
                         (clock sys_clk_pin rise edge)
                                                      0.000     0.000 r  
    W5                                                0.000     0.000 r  clk (IN)
                         net (fo=0)                   0.000     0.000    clk
    W5                   IBUF (Prop_ibuf_I_O)         1.458     1.458 r  clk_IBUF_inst/O
                         net (fo=1, routed)           1.967     3.425    clk_IBUF
    BUFGCTRL_X0Y0        BUFG (Prop_bufg_I_O)         0.096     3.521 r  clk_IBUF_BUFG_inst/O
                         net (fo=28, routed)          1.638     5.159    U1/clk
    SLICE_X0Y4           FDRE                                         r  U1/count_reg[1]/C
  -------------------------------------------------------------------    -------------------
    SLICE_X0Y4           FDRE (Prop_fdre_C_Q)         0.456     5.615 r  U1/count_reg[1]/Q
                         net (fo=1, routed)           0.762     6.377    U1/count_reg_n_0_[1]
    SLICE_X0Y4           CARRY4 (Prop_carry4_S[1]_CO[3])
                                                      0.674     7.051 r  U1/count_reg[0]_i_1/CO[3]
                         net (fo=1, routed)           0.000     7.051    U1/count_reg[0]_i_1_n_0
    SLICE_X0Y5           CARRY4 (Prop_carry4_CI_CO[3])
                                                      0.114     7.165 r  U1/count_reg[4]_i_1/CO[3]
                         net (fo=1, routed)           0.000     7.165    U1/count_reg[4]_i_1_n_0
    SLICE_X0Y6           CARRY4 (Prop_carry4_CI_CO[3])
                                                      0.114     7.279 r  U1/count_reg[8]_i_1/CO[3]
                         net (fo=1, routed)           0.000     7.279    U1/count_reg[8]_i_1_n_0
    SLICE_X0Y7           CARRY4 (Prop_carry4_CI_CO[3])
                                                      0.114     7.393 r  U1/count_reg[12]_i_1/CO[3]
                         net (fo=1, routed)           0.000     7.393    U1/count_reg[12]_i_1_n_0
    SLICE_X0Y8           CARRY4 (Prop_carry4_CI_CO[3])
                                                      0.114     7.507 r  U1/count_reg[16]_i_1/CO[3]
                         net (fo=1, routed)           0.000     7.507    U1/count_reg[16]_i_1_n_0
    SLICE_X0Y9           CARRY4 (Prop_carry4_CI_O[3])
                                                      0.313     7.820 r  U1/count_reg[20]_i_1/O[3]
                         net (fo=1, routed)           0.000     7.820    U1/count_reg[20]_i_1_n_4
    SLICE_X0Y9           FDRE                                         r  U1/count_reg[23]/D
  -------------------------------------------------------------------    -------------------

                         (clock sys_clk_pin rise edge)
                                                     10.000    10.000 r  
    W5                                                0.000    10.000 r  clk (IN)
                         net (fo=0)                   0.000    10.000    clk
    W5                   IBUF (Prop_ibuf_I_O)         1.388    11.388 r  clk_IBUF_inst/O
                         net (fo=1, routed)           1.862    13.250    clk_IBUF
    BUFGCTRL_X0Y0        BUFG (Prop_bufg_I_O)         0.091    13.341 r  clk_IBUF_BUFG_inst/O
                         net (fo=28, routed)          1.517    14.858    U1/clk
    SLICE_X0Y9           FDRE                                         r  U1/count_reg[23]/C
                         clock pessimism              0.274    15.132    
                         clock uncertainty           -0.035    15.097    
    SLICE_X0Y9           FDRE (Setup_fdre_C_D)        0.062    15.159    U1/count_reg[23]
  -------------------------------------------------------------------
                         required time                         15.159    
                         arrival time                          -7.820    
  -------------------------------------------------------------------
                         slack                                  7.339    

Slack (MET) :             7.413ns  (required time - arrival time)
  Source:                 U1/count_reg[1]/C
                            (rising edge-triggered cell FDRE clocked by sys_clk_pin  {rise@0.000ns fall@5.000ns period=10.000ns})
  Destination:            U1/count_reg[22]/D
                            (rising edge-triggered cell FDRE clocked by sys_clk_pin  {rise@0.000ns fall@5.000ns period=10.000ns})
  Path Group:             sys_clk_pin
  Path Type:              Setup (Max at Slow Process Corner)
  Requirement:            10.000ns  (sys_clk_pin rise@10.000ns - sys_clk_pin rise@0.000ns)
  Data Path Delay:        2.587ns  (logic 1.825ns (70.549%)  route 0.762ns (29.451%))
  Logic Levels:           6  (CARRY4=6)
  Clock Path Skew:        -0.027ns (DCD - SCD + CPR)
    Destination Clock Delay (DCD):    4.858ns = ( 14.858 - 10.000 ) 
    Source Clock Delay      (SCD):    5.159ns
    Clock Pessimism Removal (CPR):    0.274ns
  Clock Uncertainty:      0.035ns  ((TSJ^2 + TIJ^2)^1/2 + DJ) / 2 + PE
    Total System Jitter     (TSJ):    0.071ns
    Total Input Jitter      (TIJ):    0.000ns
    Discrete Jitter          (DJ):    0.000ns
    Phase Error              (PE):    0.000ns

    Location             Delay type                Incr(ns)  Path(ns)    Netlist Resource(s)
  -------------------------------------------------------------------    -------------------
                         (clock sys_clk_pin rise edge)
                                                      0.000     0.000 r  
    W5                                                0.000     0.000 r  clk (IN)
                         net (fo=0)                   0.000     0.000    clk
    W5                   IBUF (Prop_ibuf_I_O)         1.458     1.458 r  clk_IBUF_inst/O
                         net (fo=1, routed)           1.967     3.425    clk_IBUF
    BUFGCTRL_X0Y0        BUFG (Prop_bufg_I_O)         0.096     3.521 r  clk_IBUF_BUFG_inst/O
                         net (fo=28, routed)          1.638     5.159    U1/clk
    SLICE_X0Y4           FDRE                                         r  U1/count_reg[1]/C
  -------------------------------------------------------------------    -------------------
    SLICE_X0Y4           FDRE (Prop_fdre_C_Q)         0.456     5.615 r  U1/count_reg[1]/Q
                         net (fo=1, routed)           0.762     6.377    U1/count_reg_n_0_[1]
    SLICE_X0Y4           CARRY4 (Prop_carry4_S[1]_CO[3])
                                                      0.674     7.051 r  U1/count_reg[0]_i_1/CO[3]
                         net (fo=1, routed)           0.000     7.051    U1/count_reg[0]_i_1_n_0
    SLICE_X0Y5           CARRY4 (Prop_carry4_CI_CO[3])
                                                      0.114     7.165 r  U1/count_reg[4]_i_1/CO[3]
                         net (fo=1, routed)           0.000     7.165    U1/count_reg[4]_i_1_n_0
    SLICE_X0Y6           CARRY4 (Prop_carry4_CI_CO[3])
                                                      0.114     7.279 r  U1/count_reg[8]_i_1/CO[3]
                         net (fo=1, routed)           0.000     7.279    U1/count_reg[8]_i_1_n_0
    SLICE_X0Y7           CARRY4 (Prop_carry4_CI_CO[3])
                                                      0.114     7.393 r  U1/count_reg[12]_i_1/CO[3]
                         net (fo=1, routed)           0.000     7.393    U1/count_reg[12]_i_1_n_0
    SLICE_X0Y8           CARRY4 (Prop_carry4_CI_CO[3])
                                                      0.114     7.507 r  U1/count_reg[16]_i_1/CO[3]
                         net (fo=1, routed)           0.000     7.507    U1/count_reg[16]_i_1_n_0
    SLICE_X0Y9           CARRY4 (Prop_carry4_CI_O[2])
                                                      0.239     7.746 r  U1/count_reg[20]_i_1/O[2]
                         net (fo=1, routed)           0.000     7.746    U1/count_reg[20]_i_1_n_5
    SLICE_X0Y9           FDRE                                         r  U1/count_reg[22]/D
  -------------------------------------------------------------------    -------------------

                         (clock sys_clk_pin rise edge)
                                                     10.000    10.000 r  
    W5                                                0.000    10.000 r  clk (IN)
                         net (fo=0)                   0.000    10.000    clk
    W5                   IBUF (Prop_ibuf_I_O)         1.388    11.388 r  clk_IBUF_inst/O
                         net (fo=1, routed)           1.862    13.250    clk_IBUF
    BUFGCTRL_X0Y0        BUFG (Prop_bufg_I_O)         0.091    13.341 r  clk_IBUF_BUFG_inst/O
                         net (fo=28, routed)          1.517    14.858    U1/clk
    SLICE_X0Y9           FDRE                                         r  U1/count_reg[22]/C
                         clock pessimism              0.274    15.132    
                         clock uncertainty           -0.035    15.097    
    SLICE_X0Y9           FDRE (Setup_fdre_C_D)        0.062    15.159    U1/count_reg[22]
  -------------------------------------------------------------------
                         required time                         15.159    
                         arrival time                          -7.746    
  -------------------------------------------------------------------
                         slack                                  7.413    

Slack (MET) :             7.429ns  (required time - arrival time)
  Source:                 U1/count_reg[1]/C
                            (rising edge-triggered cell FDRE clocked by sys_clk_pin  {rise@0.000ns fall@5.000ns period=10.000ns})
  Destination:            U1/count_reg[20]/D
                            (rising edge-triggered cell FDRE clocked by sys_clk_pin  {rise@0.000ns fall@5.000ns period=10.000ns})
  Path Group:             sys_clk_pin
  Path Type:              Setup (Max at Slow Process Corner)
  Requirement:            10.000ns  (sys_clk_pin rise@10.000ns - sys_clk_pin rise@0.000ns)
  Data Path Delay:        2.571ns  (logic 1.809ns (70.365%)  route 0.762ns (29.635%))
  Logic Levels:           6  (CARRY4=6)
  Clock Path Skew:        -0.027ns (DCD - SCD + CPR)
    Destination Clock Delay (DCD):    4.858ns = ( 14.858 - 10.000 ) 
    Source Clock Delay      (SCD):    5.159ns
    Clock Pessimism Removal (CPR):    0.274ns
  Clock Uncertainty:      0.035ns  ((TSJ^2 + TIJ^2)^1/2 + DJ) / 2 + PE
    Total System Jitter     (TSJ):    0.071ns
    Total Input Jitter      (TIJ):    0.000ns
    Discrete Jitter          (DJ):    0.000ns
    Phase Error              (PE):    0.000ns

    Location             Delay type                Incr(ns)  Path(ns)    Netlist Resource(s)
  -------------------------------------------------------------------    -------------------
                         (clock sys_clk_pin rise edge)
                                                      0.000     0.000 r  
    W5                                                0.000     0.000 r  clk (IN)
                         net (fo=0)                   0.000     0.000    clk
    W5                   IBUF (Prop_ibuf_I_O)         1.458     1.458 r  clk_IBUF_inst/O
                         net (fo=1, routed)           1.967     3.425    clk_IBUF
    BUFGCTRL_X0Y0        BUFG (Prop_bufg_I_O)         0.096     3.521 r  clk_IBUF_BUFG_inst/O
                         net (fo=28, routed)          1.638     5.159    U1/clk
    SLICE_X0Y4           FDRE                                         r  U1/count_reg[1]/C
  -------------------------------------------------------------------    -------------------
    SLICE_X0Y4           FDRE (Prop_fdre_C_Q)         0.456     5.615 r  U1/count_reg[1]/Q
                         net (fo=1, routed)           0.762     6.377    U1/count_reg_n_0_[1]
    SLICE_X0Y4           CARRY4 (Prop_carry4_S[1]_CO[3])
                                                      0.674     7.051 r  U1/count_reg[0]_i_1/CO[3]
                         net (fo=1, routed)           0.000     7.051    U1/count_reg[0]_i_1_n_0
    SLICE_X0Y5           CARRY4 (Prop_carry4_CI_CO[3])
                                                      0.114     7.165 r  U1/count_reg[4]_i_1/CO[3]
                         net (fo=1, routed)           0.000     7.165    U1/count_reg[4]_i_1_n_0
    SLICE_X0Y6           CARRY4 (Prop_carry4_CI_CO[3])
                                                      0.114     7.279 r  U1/count_reg[8]_i_1/CO[3]
                         net (fo=1, routed)           0.000     7.279    U1/count_reg[8]_i_1_n_0
    SLICE_X0Y7           CARRY4 (Prop_carry4_CI_CO[3])
                                                      0.114     7.393 r  U1/count_reg[12]_i_1/CO[3]
                         net (fo=1, routed)           0.000     7.393    U1/count_reg[12]_i_1_n_0
    SLICE_X0Y8           CARRY4 (Prop_carry4_CI_CO[3])
                                                      0.114     7.507 r  U1/count_reg[16]_i_1/CO[3]
                         net (fo=1, routed)           0.000     7.507    U1/count_reg[16]_i_1_n_0
    SLICE_X0Y9           CARRY4 (Prop_carry4_CI_O[0])
                                                      0.223     7.730 r  U1/count_reg[20]_i_1/O[0]
                         net (fo=1, routed)           0.000     7.730    U1/count_reg[20]_i_1_n_7
    SLICE_X0Y9           FDRE                                         r  U1/count_reg[20]/D
  -------------------------------------------------------------------    -------------------

                         (clock sys_clk_pin rise edge)
                                                     10.000    10.000 r  
    W5                                                0.000    10.000 r  clk (IN)
                         net (fo=0)                   0.000    10.000    clk
    W5                   IBUF (Prop_ibuf_I_O)         1.388    11.388 r  clk_IBUF_inst/O
                         net (fo=1, routed)           1.862    13.250    clk_IBUF
    BUFGCTRL_X0Y0        BUFG (Prop_bufg_I_O)         0.091    13.341 r  clk_IBUF_BUFG_inst/O
                         net (fo=28, routed)          1.517    14.858    U1/clk
    SLICE_X0Y9           FDRE                                         r  U1/count_reg[20]/C
                         clock pessimism              0.274    15.132    
                         clock uncertainty           -0.035    15.097    
    SLICE_X0Y9           FDRE (Setup_fdre_C_D)        0.062    15.159    U1/count_reg[20]
  -------------------------------------------------------------------
                         required time                         15.159    
                         arrival time                          -7.730    
  -------------------------------------------------------------------
                         slack                                  7.429    

Slack (MET) :             7.433ns  (required time - arrival time)
  Source:                 U1/count_reg[1]/C
                            (rising edge-triggered cell FDRE clocked by sys_clk_pin  {rise@0.000ns fall@5.000ns period=10.000ns})
  Destination:            U1/count_reg[17]/D
                            (rising edge-triggered cell FDRE clocked by sys_clk_pin  {rise@0.000ns fall@5.000ns period=10.000ns})
  Path Group:             sys_clk_pin
  Path Type:              Setup (Max at Slow Process Corner)
  Requirement:            10.000ns  (sys_clk_pin rise@10.000ns - sys_clk_pin rise@0.000ns)
  Data Path Delay:        2.568ns  (logic 1.806ns (70.331%)  route 0.762ns (29.669%))
  Logic Levels:           5  (CARRY4=5)
  Clock Path Skew:        -0.026ns (DCD - SCD + CPR)
    Destination Clock Delay (DCD):    4.859ns = ( 14.859 - 10.000 ) 
    Source Clock Delay      (SCD):    5.159ns
    Clock Pessimism Removal (CPR):    0.274ns
  Clock Uncertainty:      0.035ns  ((TSJ^2 + TIJ^2)^1/2 + DJ) / 2 + PE
    Total System Jitter     (TSJ):    0.071ns
    Total Input Jitter      (TIJ):    0.000ns
    Discrete Jitter          (DJ):    0.000ns
    Phase Error              (PE):    0.000ns

    Location             Delay type                Incr(ns)  Path(ns)    Netlist Resource(s)
  -------------------------------------------------------------------    -------------------
                         (clock sys_clk_pin rise edge)
                                                      0.000     0.000 r  
    W5                                                0.000     0.000 r  clk (IN)
                         net (fo=0)                   0.000     0.000    clk
    W5                   IBUF (Prop_ibuf_I_O)         1.458     1.458 r  clk_IBUF_inst/O
                         net (fo=1, routed)           1.967     3.425    clk_IBUF
    BUFGCTRL_X0Y0        BUFG (Prop_bufg_I_O)         0.096     3.521 r  clk_IBUF_BUFG_inst/O
                         net (fo=28, routed)          1.638     5.159    U1/clk
    SLICE_X0Y4           FDRE                                         r  U1/count_reg[1]/C
  -------------------------------------------------------------------    -------------------
    SLICE_X0Y4           FDRE (Prop_fdre_C_Q)         0.456     5.615 r  U1/count_reg[1]/Q
                         net (fo=1, routed)           0.762     6.377    U1/count_reg_n_0_[1]
    SLICE_X0Y4           CARRY4 (Prop_carry4_S[1]_CO[3])
                                                      0.674     7.051 r  U1/count_reg[0]_i_1/CO[3]
                         net (fo=1, routed)           0.000     7.051    U1/count_reg[0]_i_1_n_0
    SLICE_X0Y5           CARRY4 (Prop_carry4_CI_CO[3])
                                                      0.114     7.165 r  U1/count_reg[4]_i_1/CO[3]
                         net (fo=1, routed)           0.000     7.165    U1/count_reg[4]_i_1_n_0
    SLICE_X0Y6           CARRY4 (Prop_carry4_CI_CO[3])
                                                      0.114     7.279 r  U1/count_reg[8]_i_1/CO[3]
                         net (fo=1, routed)           0.000     7.279    U1/count_reg[8]_i_1_n_0
    SLICE_X0Y7           CARRY4 (Prop_carry4_CI_CO[3])
                                                      0.114     7.393 r  U1/count_reg[12]_i_1/CO[3]
                         net (fo=1, routed)           0.000     7.393    U1/count_reg[12]_i_1_n_0
    SLICE_X0Y8           CARRY4 (Prop_carry4_CI_O[1])
                                                      0.334     7.727 r  U1/count_reg[16]_i_1/O[1]
                         net (fo=1, routed)           0.000     7.727    U1/count_reg[16]_i_1_n_6
    SLICE_X0Y8           FDRE                                         r  U1/count_reg[17]/D
  -------------------------------------------------------------------    -------------------

                         (clock sys_clk_pin rise edge)
                                                     10.000    10.000 r  
    W5                                                0.000    10.000 r  clk (IN)
                         net (fo=0)                   0.000    10.000    clk
    W5                   IBUF (Prop_ibuf_I_O)         1.388    11.388 r  clk_IBUF_inst/O
                         net (fo=1, routed)           1.862    13.250    clk_IBUF
    BUFGCTRL_X0Y0        BUFG (Prop_bufg_I_O)         0.091    13.341 r  clk_IBUF_BUFG_inst/O
                         net (fo=28, routed)          1.518    14.859    U1/clk
    SLICE_X0Y8           FDRE                                         r  U1/count_reg[17]/C
                         clock pessimism              0.274    15.133    
                         clock uncertainty           -0.035    15.098    
    SLICE_X0Y8           FDRE (Setup_fdre_C_D)        0.062    15.160    U1/count_reg[17]
  -------------------------------------------------------------------
                         required time                         15.160    
                         arrival time                          -7.727    
  -------------------------------------------------------------------
                         slack                                  7.433    

Slack (MET) :             7.454ns  (required time - arrival time)
  Source:                 U1/count_reg[1]/C
                            (rising edge-triggered cell FDRE clocked by sys_clk_pin  {rise@0.000ns fall@5.000ns period=10.000ns})
  Destination:            U1/count_reg[19]/D
                            (rising edge-triggered cell FDRE clocked by sys_clk_pin  {rise@0.000ns fall@5.000ns period=10.000ns})
  Path Group:             sys_clk_pin
  Path Type:              Setup (Max at Slow Process Corner)
  Requirement:            10.000ns  (sys_clk_pin rise@10.000ns - sys_clk_pin rise@0.000ns)
  Data Path Delay:        2.547ns  (logic 1.785ns (70.086%)  route 0.762ns (29.914%))
  Logic Levels:           5  (CARRY4=5)
  Clock Path Skew:        -0.026ns (DCD - SCD + CPR)
    Destination Clock Delay (DCD):    4.859ns = ( 14.859 - 10.000 ) 
    Source Clock Delay      (SCD):    5.159ns
    Clock Pessimism Removal (CPR):    0.274ns
  Clock Uncertainty:      0.035ns  ((TSJ^2 + TIJ^2)^1/2 + DJ) / 2 + PE
    Total System Jitter     (TSJ):    0.071ns
    Total Input Jitter      (TIJ):    0.000ns
    Discrete Jitter          (DJ):    0.000ns
    Phase Error              (PE):    0.000ns

    Location             Delay type                Incr(ns)  Path(ns)    Netlist Resource(s)
  -------------------------------------------------------------------    -------------------
                         (clock sys_clk_pin rise edge)
                                                      0.000     0.000 r  
    W5                                                0.000     0.000 r  clk (IN)
                         net (fo=0)                   0.000     0.000    clk
    W5                   IBUF (Prop_ibuf_I_O)         1.458     1.458 r  clk_IBUF_inst/O
                         net (fo=1, routed)           1.967     3.425    clk_IBUF
    BUFGCTRL_X0Y0        BUFG (Prop_bufg_I_O)         0.096     3.521 r  clk_IBUF_BUFG_inst/O
                         net (fo=28, routed)          1.638     5.159    U1/clk
    SLICE_X0Y4           FDRE                                         r  U1/count_reg[1]/C
  -------------------------------------------------------------------    -------------------
    SLICE_X0Y4           FDRE (Prop_fdre_C_Q)         0.456     5.615 r  U1/count_reg[1]/Q
                         net (fo=1, routed)           0.762     6.377    U1/count_reg_n_0_[1]
    SLICE_X0Y4           CARRY4 (Prop_carry4_S[1]_CO[3])
                                                      0.674     7.051 r  U1/count_reg[0]_i_1/CO[3]
                         net (fo=1, routed)           0.000     7.051    U1/count_reg[0]_i_1_n_0
    SLICE_X0Y5           CARRY4 (Prop_carry4_CI_CO[3])
                                                      0.114     7.165 r  U1/count_reg[4]_i_1/CO[3]
                         net (fo=1, routed)           0.000     7.165    U1/count_reg[4]_i_1_n_0
    SLICE_X0Y6           CARRY4 (Prop_carry4_CI_CO[3])
                                                      0.114     7.279 r  U1/count_reg[8]_i_1/CO[3]
                         net (fo=1, routed)           0.000     7.279    U1/count_reg[8]_i_1_n_0
    SLICE_X0Y7           CARRY4 (Prop_carry4_CI_CO[3])
                                                      0.114     7.393 r  U1/count_reg[12]_i_1/CO[3]
                         net (fo=1, routed)           0.000     7.393    U1/count_reg[12]_i_1_n_0
    SLICE_X0Y8           CARRY4 (Prop_carry4_CI_O[3])
                                                      0.313     7.706 r  U1/count_reg[16]_i_1/O[3]
                         net (fo=1, routed)           0.000     7.706    U1/count_reg[16]_i_1_n_4
    SLICE_X0Y8           FDRE                                         r  U1/count_reg[19]/D
  -------------------------------------------------------------------    -------------------

                         (clock sys_clk_pin rise edge)
                                                     10.000    10.000 r  
    W5                                                0.000    10.000 r  clk (IN)
                         net (fo=0)                   0.000    10.000    clk
    W5                   IBUF (Prop_ibuf_I_O)         1.388    11.388 r  clk_IBUF_inst/O
                         net (fo=1, routed)           1.862    13.250    clk_IBUF
    BUFGCTRL_X0Y0        BUFG (Prop_bufg_I_O)         0.091    13.341 r  clk_IBUF_BUFG_inst/O
                         net (fo=28, routed)          1.518    14.859    U1/clk
    SLICE_X0Y8           FDRE                                         r  U1/count_reg[19]/C
                         clock pessimism              0.274    15.133    
                         clock uncertainty           -0.035    15.098    
    SLICE_X0Y8           FDRE (Setup_fdre_C_D)        0.062    15.160    U1/count_reg[19]
  -------------------------------------------------------------------
                         required time                         15.160    
                         arrival time                          -7.706    
  -------------------------------------------------------------------
                         slack                                  7.454    





Min Delay Paths
--------------------------------------------------------------------------------------
Slack (MET) :             0.324ns  (arrival time - required time)
  Source:                 U1/count_reg[0]/C
                            (rising edge-triggered cell FDRE clocked by sys_clk_pin  {rise@0.000ns fall@5.000ns period=10.000ns})
  Destination:            U1/count_reg[0]/D
                            (rising edge-triggered cell FDRE clocked by sys_clk_pin  {rise@0.000ns fall@5.000ns period=10.000ns})
  Path Group:             sys_clk_pin
  Path Type:              Hold (Min at Fast Process Corner)
  Requirement:            0.000ns  (sys_clk_pin rise@0.000ns - sys_clk_pin rise@0.000ns)
  Data Path Delay:        0.429ns  (logic 0.256ns (59.730%)  route 0.173ns (40.270%))
  Logic Levels:           2  (CARRY4=1 LUT1=1)
  Clock Path Skew:        0.000ns (DCD - SCD - CPR)
    Destination Clock Delay (DCD):    1.993ns
    Source Clock Delay      (SCD):    1.478ns
    Clock Pessimism Removal (CPR):    0.515ns

    Location             Delay type                Incr(ns)  Path(ns)    Netlist Resource(s)
  -------------------------------------------------------------------    -------------------
                         (clock sys_clk_pin rise edge)
                                                      0.000     0.000 r  
    W5                                                0.000     0.000 r  clk (IN)
                         net (fo=0)                   0.000     0.000    clk
    W5                   IBUF (Prop_ibuf_I_O)         0.226     0.226 r  clk_IBUF_inst/O
                         net (fo=1, routed)           0.631     0.858    clk_IBUF
    BUFGCTRL_X0Y0        BUFG (Prop_bufg_I_O)         0.026     0.884 r  clk_IBUF_BUFG_inst/O
                         net (fo=28, routed)          0.595     1.478    U1/clk
    SLICE_X0Y4           FDRE                                         r  U1/count_reg[0]/C
  -------------------------------------------------------------------    -------------------
    SLICE_X0Y4           FDRE (Prop_fdre_C_Q)         0.141     1.619 f  U1/count_reg[0]/Q
                         net (fo=1, routed)           0.173     1.792    U1/count_reg_n_0_[0]
    SLICE_X0Y4           LUT1 (Prop_lut1_I0_O)        0.045     1.837 r  U1/count[0]_i_2/O
                         net (fo=1, routed)           0.000     1.837    U1/count[0]_i_2_n_0
    SLICE_X0Y4           CARRY4 (Prop_carry4_S[0]_O[0])
                                                      0.070     1.907 r  U1/count_reg[0]_i_1/O[0]
                         net (fo=1, routed)           0.000     1.907    U1/count_reg[0]_i_1_n_7
    SLICE_X0Y4           FDRE                                         r  U1/count_reg[0]/D
  -------------------------------------------------------------------    -------------------

                         (clock sys_clk_pin rise edge)
                                                      0.000     0.000 r  
    W5                                                0.000     0.000 r  clk (IN)
                         net (fo=0)                   0.000     0.000    clk
    W5                   IBUF (Prop_ibuf_I_O)         0.414     0.414 r  clk_IBUF_inst/O
                         net (fo=1, routed)           0.685     1.099    clk_IBUF
    BUFGCTRL_X0Y0        BUFG (Prop_bufg_I_O)         0.029     1.128 r  clk_IBUF_BUFG_inst/O
                         net (fo=28, routed)          0.866     1.993    U1/clk
    SLICE_X0Y4           FDRE                                         r  U1/count_reg[0]/C
                         clock pessimism             -0.515     1.478    
    SLICE_X0Y4           FDRE (Hold_fdre_C_D)         0.105     1.583    U1/count_reg[0]
  -------------------------------------------------------------------
                         required time                         -1.583    
                         arrival time                           1.907    
  -------------------------------------------------------------------
                         slack                                  0.324    

Slack (MET) :             0.327ns  (arrival time - required time)
  Source:                 U1/count_reg[12]/C
                            (rising edge-triggered cell FDRE clocked by sys_clk_pin  {rise@0.000ns fall@5.000ns period=10.000ns})
  Destination:            U1/count_reg[12]/D
                            (rising edge-triggered cell FDRE clocked by sys_clk_pin  {rise@0.000ns fall@5.000ns period=10.000ns})
  Path Group:             sys_clk_pin
  Path Type:              Hold (Min at Fast Process Corner)
  Requirement:            0.000ns  (sys_clk_pin rise@0.000ns - sys_clk_pin rise@0.000ns)
  Data Path Delay:        0.432ns  (logic 0.256ns (59.199%)  route 0.176ns (40.801%))
  Logic Levels:           1  (CARRY4=1)
  Clock Path Skew:        0.000ns (DCD - SCD - CPR)
    Destination Clock Delay (DCD):    1.992ns
    Source Clock Delay      (SCD):    1.477ns
    Clock Pessimism Removal (CPR):    0.515ns

    Location             Delay type                Incr(ns)  Path(ns)    Netlist Resource(s)
  -------------------------------------------------------------------    -------------------
                         (clock sys_clk_pin rise edge)
                                                      0.000     0.000 r  
    W5                                                0.000     0.000 r  clk (IN)
                         net (fo=0)                   0.000     0.000    clk
    W5                   IBUF (Prop_ibuf_I_O)         0.226     0.226 r  clk_IBUF_inst/O
                         net (fo=1, routed)           0.631     0.858    clk_IBUF
    BUFGCTRL_X0Y0        BUFG (Prop_bufg_I_O)         0.026     0.884 r  clk_IBUF_BUFG_inst/O
                         net (fo=28, routed)          0.594     1.477    U1/clk
    SLICE_X0Y7           FDRE                                         r  U1/count_reg[12]/C
  -------------------------------------------------------------------    -------------------
    SLICE_X0Y7           FDRE (Prop_fdre_C_Q)         0.141     1.618 r  U1/count_reg[12]/Q
                         net (fo=1, routed)           0.176     1.795    U1/count_reg_n_0_[12]
    SLICE_X0Y7           CARRY4 (Prop_carry4_S[0]_O[0])
                                                      0.115     1.910 r  U1/count_reg[12]_i_1/O[0]
                         net (fo=1, routed)           0.000     1.910    U1/count_reg[12]_i_1_n_7
    SLICE_X0Y7           FDRE                                         r  U1/count_reg[12]/D
  -------------------------------------------------------------------    -------------------

                         (clock sys_clk_pin rise edge)
                                                      0.000     0.000 r  
    W5                                                0.000     0.000 r  clk (IN)
                         net (fo=0)                   0.000     0.000    clk
    W5                   IBUF (Prop_ibuf_I_O)         0.414     0.414 r  clk_IBUF_inst/O
                         net (fo=1, routed)           0.685     1.099    clk_IBUF
    BUFGCTRL_X0Y0        BUFG (Prop_bufg_I_O)         0.029     1.128 r  clk_IBUF_BUFG_inst/O
                         net (fo=28, routed)          0.865     1.992    U1/clk
    SLICE_X0Y7           FDRE                                         r  U1/count_reg[12]/C
                         clock pessimism             -0.515     1.477    
    SLICE_X0Y7           FDRE (Hold_fdre_C_D)         0.105     1.582    U1/count_reg[12]
  -------------------------------------------------------------------
                         required time                         -1.582    
                         arrival time                           1.910    
  -------------------------------------------------------------------
                         slack                                  0.327    

Slack (MET) :             0.327ns  (arrival time - required time)
  Source:                 U1/count_reg[16]/C
                            (rising edge-triggered cell FDRE clocked by sys_clk_pin  {rise@0.000ns fall@5.000ns period=10.000ns})
  Destination:            U1/count_reg[16]/D
                            (rising edge-triggered cell FDRE clocked by sys_clk_pin  {rise@0.000ns fall@5.000ns period=10.000ns})
  Path Group:             sys_clk_pin
  Path Type:              Hold (Min at Fast Process Corner)
  Requirement:            0.000ns  (sys_clk_pin rise@0.000ns - sys_clk_pin rise@0.000ns)
  Data Path Delay:        0.432ns  (logic 0.256ns (59.199%)  route 0.176ns (40.801%))
  Logic Levels:           1  (CARRY4=1)
  Clock Path Skew:        0.000ns (DCD - SCD - CPR)
    Destination Clock Delay (DCD):    1.992ns
    Source Clock Delay      (SCD):    1.477ns
    Clock Pessimism Removal (CPR):    0.515ns

    Location             Delay type                Incr(ns)  Path(ns)    Netlist Resource(s)
  -------------------------------------------------------------------    -------------------
                         (clock sys_clk_pin rise edge)
                                                      0.000     0.000 r  
    W5                                                0.000     0.000 r  clk (IN)
                         net (fo=0)                   0.000     0.000    clk
    W5                   IBUF (Prop_ibuf_I_O)         0.226     0.226 r  clk_IBUF_inst/O
                         net (fo=1, routed)           0.631     0.858    clk_IBUF
    BUFGCTRL_X0Y0        BUFG (Prop_bufg_I_O)         0.026     0.884 r  clk_IBUF_BUFG_inst/O
                         net (fo=28, routed)          0.594     1.477    U1/clk
    SLICE_X0Y8           FDRE                                         r  U1/count_reg[16]/C
  -------------------------------------------------------------------    -------------------
    SLICE_X0Y8           FDRE (Prop_fdre_C_Q)         0.141     1.618 r  U1/count_reg[16]/Q
                         net (fo=1, routed)           0.176     1.795    U1/count_reg_n_0_[16]
    SLICE_X0Y8           CARRY4 (Prop_carry4_S[0]_O[0])
                                                      0.115     1.910 r  U1/count_reg[16]_i_1/O[0]
                         net (fo=1, routed)           0.000     1.910    U1/count_reg[16]_i_1_n_7
    SLICE_X0Y8           FDRE                                         r  U1/count_reg[16]/D
  -------------------------------------------------------------------    -------------------

                         (clock sys_clk_pin rise edge)
                                                      0.000     0.000 r  
    W5                                                0.000     0.000 r  clk (IN)
                         net (fo=0)                   0.000     0.000    clk
    W5                   IBUF (Prop_ibuf_I_O)         0.414     0.414 r  clk_IBUF_inst/O
                         net (fo=1, routed)           0.685     1.099    clk_IBUF
    BUFGCTRL_X0Y0        BUFG (Prop_bufg_I_O)         0.029     1.128 r  clk_IBUF_BUFG_inst/O
                         net (fo=28, routed)          0.865     1.992    U1/clk
    SLICE_X0Y8           FDRE                                         r  U1/count_reg[16]/C
                         clock pessimism             -0.515     1.477    
    SLICE_X0Y8           FDRE (Hold_fdre_C_D)         0.105     1.582    U1/count_reg[16]
  -------------------------------------------------------------------
                         required time                         -1.582    
                         arrival time                           1.910    
  -------------------------------------------------------------------
                         slack                                  0.327    

Slack (MET) :             0.327ns  (arrival time - required time)
  Source:                 U1/count_reg[20]/C
                            (rising edge-triggered cell FDRE clocked by sys_clk_pin  {rise@0.000ns fall@5.000ns period=10.000ns})
  Destination:            U1/count_reg[20]/D
                            (rising edge-triggered cell FDRE clocked by sys_clk_pin  {rise@0.000ns fall@5.000ns period=10.000ns})
  Path Group:             sys_clk_pin
  Path Type:              Hold (Min at Fast Process Corner)
  Requirement:            0.000ns  (sys_clk_pin rise@0.000ns - sys_clk_pin rise@0.000ns)
  Data Path Delay:        0.432ns  (logic 0.256ns (59.199%)  route 0.176ns (40.801%))
  Logic Levels:           1  (CARRY4=1)
  Clock Path Skew:        0.000ns (DCD - SCD - CPR)
    Destination Clock Delay (DCD):    1.992ns
    Source Clock Delay      (SCD):    1.477ns
    Clock Pessimism Removal (CPR):    0.515ns

    Location             Delay type                Incr(ns)  Path(ns)    Netlist Resource(s)
  -------------------------------------------------------------------    -------------------
                         (clock sys_clk_pin rise edge)
                                                      0.000     0.000 r  
    W5                                                0.000     0.000 r  clk (IN)
                         net (fo=0)                   0.000     0.000    clk
    W5                   IBUF (Prop_ibuf_I_O)         0.226     0.226 r  clk_IBUF_inst/O
                         net (fo=1, routed)           0.631     0.858    clk_IBUF
    BUFGCTRL_X0Y0        BUFG (Prop_bufg_I_O)         0.026     0.884 r  clk_IBUF_BUFG_inst/O
                         net (fo=28, routed)          0.594     1.477    U1/clk
    SLICE_X0Y9           FDRE                                         r  U1/count_reg[20]/C
  -------------------------------------------------------------------    -------------------
    SLICE_X0Y9           FDRE (Prop_fdre_C_Q)         0.141     1.618 r  U1/count_reg[20]/Q
                         net (fo=1, routed)           0.176     1.795    U1/count_reg_n_0_[20]
    SLICE_X0Y9           CARRY4 (Prop_carry4_S[0]_O[0])
                                                      0.115     1.910 r  U1/count_reg[20]_i_1/O[0]
                         net (fo=1, routed)           0.000     1.910    U1/count_reg[20]_i_1_n_7
    SLICE_X0Y9           FDRE                                         r  U1/count_reg[20]/D
  -------------------------------------------------------------------    -------------------

                         (clock sys_clk_pin rise edge)
                                                      0.000     0.000 r  
    W5                                                0.000     0.000 r  clk (IN)
                         net (fo=0)                   0.000     0.000    clk
    W5                   IBUF (Prop_ibuf_I_O)         0.414     0.414 r  clk_IBUF_inst/O
                         net (fo=1, routed)           0.685     1.099    clk_IBUF
    BUFGCTRL_X0Y0        BUFG (Prop_bufg_I_O)         0.029     1.128 r  clk_IBUF_BUFG_inst/O
                         net (fo=28, routed)          0.865     1.992    U1/clk
    SLICE_X0Y9           FDRE                                         r  U1/count_reg[20]/C
                         clock pessimism             -0.515     1.477    
    SLICE_X0Y9           FDRE (Hold_fdre_C_D)         0.105     1.582    U1/count_reg[20]
  -------------------------------------------------------------------
                         required time                         -1.582    
                         arrival time                           1.910    
  -------------------------------------------------------------------
                         slack                                  0.327    

Slack (MET) :             0.327ns  (arrival time - required time)
  Source:                 U1/count_reg[24]/C
                            (rising edge-triggered cell FDRE clocked by sys_clk_pin  {rise@0.000ns fall@5.000ns period=10.000ns})
  Destination:            U1/count_reg[24]/D
                            (rising edge-triggered cell FDRE clocked by sys_clk_pin  {rise@0.000ns fall@5.000ns period=10.000ns})
  Path Group:             sys_clk_pin
  Path Type:              Hold (Min at Fast Process Corner)
  Requirement:            0.000ns  (sys_clk_pin rise@0.000ns - sys_clk_pin rise@0.000ns)
  Data Path Delay:        0.432ns  (logic 0.256ns (59.199%)  route 0.176ns (40.801%))
  Logic Levels:           1  (CARRY4=1)
  Clock Path Skew:        0.000ns (DCD - SCD - CPR)
    Destination Clock Delay (DCD):    1.991ns
    Source Clock Delay      (SCD):    1.476ns
    Clock Pessimism Removal (CPR):    0.515ns

    Location             Delay type                Incr(ns)  Path(ns)    Netlist Resource(s)
  -------------------------------------------------------------------    -------------------
                         (clock sys_clk_pin rise edge)
                                                      0.000     0.000 r  
    W5                                                0.000     0.000 r  clk (IN)
                         net (fo=0)                   0.000     0.000    clk
    W5                   IBUF (Prop_ibuf_I_O)         0.226     0.226 r  clk_IBUF_inst/O
                         net (fo=1, routed)           0.631     0.858    clk_IBUF
    BUFGCTRL_X0Y0        BUFG (Prop_bufg_I_O)         0.026     0.884 r  clk_IBUF_BUFG_inst/O
                         net (fo=28, routed)          0.593     1.476    U1/clk
    SLICE_X0Y10          FDRE                                         r  U1/count_reg[24]/C
  -------------------------------------------------------------------    -------------------
    SLICE_X0Y10          FDRE (Prop_fdre_C_Q)         0.141     1.617 r  U1/count_reg[24]/Q
                         net (fo=1, routed)           0.176     1.794    U1/count_reg_n_0_[24]
    SLICE_X0Y10          CARRY4 (Prop_carry4_S[0]_O[0])
                                                      0.115     1.909 r  U1/count_reg[24]_i_1/O[0]
                         net (fo=1, routed)           0.000     1.909    U1/count_reg[24]_i_1_n_7
    SLICE_X0Y10          FDRE                                         r  U1/count_reg[24]/D
  -------------------------------------------------------------------    -------------------

                         (clock sys_clk_pin rise edge)
                                                      0.000     0.000 r  
    W5                                                0.000     0.000 r  clk (IN)
                         net (fo=0)                   0.000     0.000    clk
    W5                   IBUF (Prop_ibuf_I_O)         0.414     0.414 r  clk_IBUF_inst/O
                         net (fo=1, routed)           0.685     1.099    clk_IBUF
    BUFGCTRL_X0Y0        BUFG (Prop_bufg_I_O)         0.029     1.128 r  clk_IBUF_BUFG_inst/O
                         net (fo=28, routed)          0.864     1.991    U1/clk
    SLICE_X0Y10          FDRE                                         r  U1/count_reg[24]/C
                         clock pessimism             -0.515     1.476    
    SLICE_X0Y10          FDRE (Hold_fdre_C_D)         0.105     1.581    U1/count_reg[24]
  -------------------------------------------------------------------
                         required time                         -1.581    
                         arrival time                           1.909    
  -------------------------------------------------------------------
                         slack                                  0.327    

Slack (MET) :             0.327ns  (arrival time - required time)
  Source:                 U1/count_reg[4]/C
                            (rising edge-triggered cell FDRE clocked by sys_clk_pin  {rise@0.000ns fall@5.000ns period=10.000ns})
  Destination:            U1/count_reg[4]/D
                            (rising edge-triggered cell FDRE clocked by sys_clk_pin  {rise@0.000ns fall@5.000ns period=10.000ns})
  Path Group:             sys_clk_pin
  Path Type:              Hold (Min at Fast Process Corner)
  Requirement:            0.000ns  (sys_clk_pin rise@0.000ns - sys_clk_pin rise@0.000ns)
  Data Path Delay:        0.432ns  (logic 0.256ns (59.199%)  route 0.176ns (40.801%))
  Logic Levels:           1  (CARRY4=1)
  Clock Path Skew:        0.000ns (DCD - SCD - CPR)
    Destination Clock Delay (DCD):    1.993ns
    Source Clock Delay      (SCD):    1.478ns
    Clock Pessimism Removal (CPR):    0.515ns

    Location             Delay type                Incr(ns)  Path(ns)    Netlist Resource(s)
  -------------------------------------------------------------------    -------------------
                         (clock sys_clk_pin rise edge)
                                                      0.000     0.000 r  
    W5                                                0.000     0.000 r  clk (IN)
                         net (fo=0)                   0.000     0.000    clk
    W5                   IBUF (Prop_ibuf_I_O)         0.226     0.226 r  clk_IBUF_inst/O
                         net (fo=1, routed)           0.631     0.858    clk_IBUF
    BUFGCTRL_X0Y0        BUFG (Prop_bufg_I_O)         0.026     0.884 r  clk_IBUF_BUFG_inst/O
                         net (fo=28, routed)          0.595     1.478    U1/clk
    SLICE_X0Y5           FDRE                                         r  U1/count_reg[4]/C
  -------------------------------------------------------------------    -------------------
    SLICE_X0Y5           FDRE (Prop_fdre_C_Q)         0.141     1.619 r  U1/count_reg[4]/Q
                         net (fo=1, routed)           0.176     1.796    U1/count_reg_n_0_[4]
    SLICE_X0Y5           CARRY4 (Prop_carry4_S[0]_O[0])
                                                      0.115     1.911 r  U1/count_reg[4]_i_1/O[0]
                         net (fo=1, routed)           0.000     1.911    U1/count_reg[4]_i_1_n_7
    SLICE_X0Y5           FDRE                                         r  U1/count_reg[4]/D
  -------------------------------------------------------------------    -------------------

                         (clock sys_clk_pin rise edge)
                                                      0.000     0.000 r  
    W5                                                0.000     0.000 r  clk (IN)
                         net (fo=0)                   0.000     0.000    clk
    W5                   IBUF (Prop_ibuf_I_O)         0.414     0.414 r  clk_IBUF_inst/O
                         net (fo=1, routed)           0.685     1.099    clk_IBUF
    BUFGCTRL_X0Y0        BUFG (Prop_bufg_I_O)         0.029     1.128 r  clk_IBUF_BUFG_inst/O
                         net (fo=28, routed)          0.866     1.993    U1/clk
    SLICE_X0Y5           FDRE                                         r  U1/count_reg[4]/C
                         clock pessimism             -0.515     1.478    
    SLICE_X0Y5           FDRE (Hold_fdre_C_D)         0.105     1.583    U1/count_reg[4]
  -------------------------------------------------------------------
                         required time                         -1.583    
                         arrival time                           1.911    
  -------------------------------------------------------------------
                         slack                                  0.327    

Slack (MET) :             0.327ns  (arrival time - required time)
  Source:                 U1/count_reg[8]/C
                            (rising edge-triggered cell FDRE clocked by sys_clk_pin  {rise@0.000ns fall@5.000ns period=10.000ns})
  Destination:            U1/count_reg[8]/D
                            (rising edge-triggered cell FDRE clocked by sys_clk_pin  {rise@0.000ns fall@5.000ns period=10.000ns})
  Path Group:             sys_clk_pin
  Path Type:              Hold (Min at Fast Process Corner)
  Requirement:            0.000ns  (sys_clk_pin rise@0.000ns - sys_clk_pin rise@0.000ns)
  Data Path Delay:        0.432ns  (logic 0.256ns (59.199%)  route 0.176ns (40.801%))
  Logic Levels:           1  (CARRY4=1)
  Clock Path Skew:        0.000ns (DCD - SCD - CPR)
    Destination Clock Delay (DCD):    1.993ns
    Source Clock Delay      (SCD):    1.478ns
    Clock Pessimism Removal (CPR):    0.515ns

    Location             Delay type                Incr(ns)  Path(ns)    Netlist Resource(s)
  -------------------------------------------------------------------    -------------------
                         (clock sys_clk_pin rise edge)
                                                      0.000     0.000 r  
    W5                                                0.000     0.000 r  clk (IN)
                         net (fo=0)                   0.000     0.000    clk
    W5                   IBUF (Prop_ibuf_I_O)         0.226     0.226 r  clk_IBUF_inst/O
                         net (fo=1, routed)           0.631     0.858    clk_IBUF
    BUFGCTRL_X0Y0        BUFG (Prop_bufg_I_O)         0.026     0.884 r  clk_IBUF_BUFG_inst/O
                         net (fo=28, routed)          0.595     1.478    U1/clk
    SLICE_X0Y6           FDRE                                         r  U1/count_reg[8]/C
  -------------------------------------------------------------------    -------------------
    SLICE_X0Y6           FDRE (Prop_fdre_C_Q)         0.141     1.619 r  U1/count_reg[8]/Q
                         net (fo=1, routed)           0.176     1.796    U1/count_reg_n_0_[8]
    SLICE_X0Y6           CARRY4 (Prop_carry4_S[0]_O[0])
                                                      0.115     1.911 r  U1/count_reg[8]_i_1/O[0]
                         net (fo=1, routed)           0.000     1.911    U1/count_reg[8]_i_1_n_7
    SLICE_X0Y6           FDRE                                         r  U1/count_reg[8]/D
  -------------------------------------------------------------------    -------------------

                         (clock sys_clk_pin rise edge)
                                                      0.000     0.000 r  
    W5                                                0.000     0.000 r  clk (IN)
                         net (fo=0)                   0.000     0.000    clk
    W5                   IBUF (Prop_ibuf_I_O)         0.414     0.414 r  clk_IBUF_inst/O
                         net (fo=1, routed)           0.685     1.099    clk_IBUF
    BUFGCTRL_X0Y0        BUFG (Prop_bufg_I_O)         0.029     1.128 r  clk_IBUF_BUFG_inst/O
                         net (fo=28, routed)          0.866     1.993    U1/clk
    SLICE_X0Y6           FDRE                                         r  U1/count_reg[8]/C
                         clock pessimism             -0.515     1.478    
    SLICE_X0Y6           FDRE (Hold_fdre_C_D)         0.105     1.583    U1/count_reg[8]
  -------------------------------------------------------------------
                         required time                         -1.583    
                         arrival time                           1.911    
  -------------------------------------------------------------------
                         slack                                  0.327    

Slack (MET) :             0.360ns  (arrival time - required time)
  Source:                 U1/count_reg[0]/C
                            (rising edge-triggered cell FDRE clocked by sys_clk_pin  {rise@0.000ns fall@5.000ns period=10.000ns})
  Destination:            U1/count_reg[1]/D
                            (rising edge-triggered cell FDRE clocked by sys_clk_pin  {rise@0.000ns fall@5.000ns period=10.000ns})
  Path Group:             sys_clk_pin
  Path Type:              Hold (Min at Fast Process Corner)
  Requirement:            0.000ns  (sys_clk_pin rise@0.000ns - sys_clk_pin rise@0.000ns)
  Data Path Delay:        0.465ns  (logic 0.292ns (62.850%)  route 0.173ns (37.150%))
  Logic Levels:           2  (CARRY4=1 LUT1=1)
  Clock Path Skew:        0.000ns (DCD - SCD - CPR)
    Destination Clock Delay (DCD):    1.993ns
    Source Clock Delay      (SCD):    1.478ns
    Clock Pessimism Removal (CPR):    0.515ns

    Location             Delay type                Incr(ns)  Path(ns)    Netlist Resource(s)
  -------------------------------------------------------------------    -------------------
                         (clock sys_clk_pin rise edge)
                                                      0.000     0.000 r  
    W5                                                0.000     0.000 r  clk (IN)
                         net (fo=0)                   0.000     0.000    clk
    W5                   IBUF (Prop_ibuf_I_O)         0.226     0.226 r  clk_IBUF_inst/O
                         net (fo=1, routed)           0.631     0.858    clk_IBUF
    BUFGCTRL_X0Y0        BUFG (Prop_bufg_I_O)         0.026     0.884 r  clk_IBUF_BUFG_inst/O
                         net (fo=28, routed)          0.595     1.478    U1/clk
    SLICE_X0Y4           FDRE                                         r  U1/count_reg[0]/C
  -------------------------------------------------------------------    -------------------
    SLICE_X0Y4           FDRE (Prop_fdre_C_Q)         0.141     1.619 f  U1/count_reg[0]/Q
                         net (fo=1, routed)           0.173     1.792    U1/count_reg_n_0_[0]
    SLICE_X0Y4           LUT1 (Prop_lut1_I0_O)        0.045     1.837 r  U1/count[0]_i_2/O
                         net (fo=1, routed)           0.000     1.837    U1/count[0]_i_2_n_0
    SLICE_X0Y4           CARRY4 (Prop_carry4_S[0]_O[1])
                                                      0.106     1.943 r  U1/count_reg[0]_i_1/O[1]
                         net (fo=1, routed)           0.000     1.943    U1/count_reg[0]_i_1_n_6
    SLICE_X0Y4           FDRE                                         r  U1/count_reg[1]/D
  -------------------------------------------------------------------    -------------------

                         (clock sys_clk_pin rise edge)
                                                      0.000     0.000 r  
    W5                                                0.000     0.000 r  clk (IN)
                         net (fo=0)                   0.000     0.000    clk
    W5                   IBUF (Prop_ibuf_I_O)         0.414     0.414 r  clk_IBUF_inst/O
                         net (fo=1, routed)           0.685     1.099    clk_IBUF
    BUFGCTRL_X0Y0        BUFG (Prop_bufg_I_O)         0.029     1.128 r  clk_IBUF_BUFG_inst/O
                         net (fo=28, routed)          0.866     1.993    U1/clk
    SLICE_X0Y4           FDRE                                         r  U1/count_reg[1]/C
                         clock pessimism             -0.515     1.478    
    SLICE_X0Y4           FDRE (Hold_fdre_C_D)         0.105     1.583    U1/count_reg[1]
  -------------------------------------------------------------------
                         required time                         -1.583    
                         arrival time                           1.943    
  -------------------------------------------------------------------
                         slack                                  0.360    

Slack (MET) :             0.363ns  (arrival time - required time)
  Source:                 U1/count_reg[12]/C
                            (rising edge-triggered cell FDRE clocked by sys_clk_pin  {rise@0.000ns fall@5.000ns period=10.000ns})
  Destination:            U1/count_reg[13]/D
                            (rising edge-triggered cell FDRE clocked by sys_clk_pin  {rise@0.000ns fall@5.000ns period=10.000ns})
  Path Group:             sys_clk_pin
  Path Type:              Hold (Min at Fast Process Corner)
  Requirement:            0.000ns  (sys_clk_pin rise@0.000ns - sys_clk_pin rise@0.000ns)
  Data Path Delay:        0.468ns  (logic 0.292ns (62.334%)  route 0.176ns (37.666%))
  Logic Levels:           1  (CARRY4=1)
  Clock Path Skew:        0.000ns (DCD - SCD - CPR)
    Destination Clock Delay (DCD):    1.992ns
    Source Clock Delay      (SCD):    1.477ns
    Clock Pessimism Removal (CPR):    0.515ns

    Location             Delay type                Incr(ns)  Path(ns)    Netlist Resource(s)
  -------------------------------------------------------------------    -------------------
                         (clock sys_clk_pin rise edge)
                                                      0.000     0.000 r  
    W5                                                0.000     0.000 r  clk (IN)
                         net (fo=0)                   0.000     0.000    clk
    W5                   IBUF (Prop_ibuf_I_O)         0.226     0.226 r  clk_IBUF_inst/O
                         net (fo=1, routed)           0.631     0.858    clk_IBUF
    BUFGCTRL_X0Y0        BUFG (Prop_bufg_I_O)         0.026     0.884 r  clk_IBUF_BUFG_inst/O
                         net (fo=28, routed)          0.594     1.477    U1/clk
    SLICE_X0Y7           FDRE                                         r  U1/count_reg[12]/C
  -------------------------------------------------------------------    -------------------
    SLICE_X0Y7           FDRE (Prop_fdre_C_Q)         0.141     1.618 r  U1/count_reg[12]/Q
                         net (fo=1, routed)           0.176     1.795    U1/count_reg_n_0_[12]
    SLICE_X0Y7           CARRY4 (Prop_carry4_S[0]_O[1])
                                                      0.151     1.946 r  U1/count_reg[12]_i_1/O[1]
                         net (fo=1, routed)           0.000     1.946    U1/count_reg[12]_i_1_n_6
    SLICE_X0Y7           FDRE                                         r  U1/count_reg[13]/D
  -------------------------------------------------------------------    -------------------

                         (clock sys_clk_pin rise edge)
                                                      0.000     0.000 r  
    W5                                                0.000     0.000 r  clk (IN)
                         net (fo=0)                   0.000     0.000    clk
    W5                   IBUF (Prop_ibuf_I_O)         0.414     0.414 r  clk_IBUF_inst/O
                         net (fo=1, routed)           0.685     1.099    clk_IBUF
    BUFGCTRL_X0Y0        BUFG (Prop_bufg_I_O)         0.029     1.128 r  clk_IBUF_BUFG_inst/O
                         net (fo=28, routed)          0.865     1.992    U1/clk
    SLICE_X0Y7           FDRE                                         r  U1/count_reg[13]/C
                         clock pessimism             -0.515     1.477    
    SLICE_X0Y7           FDRE (Hold_fdre_C_D)         0.105     1.582    U1/count_reg[13]
  -------------------------------------------------------------------
                         required time                         -1.582    
                         arrival time                           1.946    
  -------------------------------------------------------------------
                         slack                                  0.363    

Slack (MET) :             0.363ns  (arrival time - required time)
  Source:                 U1/count_reg[16]/C
                            (rising edge-triggered cell FDRE clocked by sys_clk_pin  {rise@0.000ns fall@5.000ns period=10.000ns})
  Destination:            U1/count_reg[17]/D
                            (rising edge-triggered cell FDRE clocked by sys_clk_pin  {rise@0.000ns fall@5.000ns period=10.000ns})
  Path Group:             sys_clk_pin
  Path Type:              Hold (Min at Fast Process Corner)
  Requirement:            0.000ns  (sys_clk_pin rise@0.000ns - sys_clk_pin rise@0.000ns)
  Data Path Delay:        0.468ns  (logic 0.292ns (62.334%)  route 0.176ns (37.666%))
  Logic Levels:           1  (CARRY4=1)
  Clock Path Skew:        0.000ns (DCD - SCD - CPR)
    Destination Clock Delay (DCD):    1.992ns
    Source Clock Delay      (SCD):    1.477ns
    Clock Pessimism Removal (CPR):    0.515ns

    Location             Delay type                Incr(ns)  Path(ns)    Netlist Resource(s)
  -------------------------------------------------------------------    -------------------
                         (clock sys_clk_pin rise edge)
                                                      0.000     0.000 r  
    W5                                                0.000     0.000 r  clk (IN)
                         net (fo=0)                   0.000     0.000    clk
    W5                   IBUF (Prop_ibuf_I_O)         0.226     0.226 r  clk_IBUF_inst/O
                         net (fo=1, routed)           0.631     0.858    clk_IBUF
    BUFGCTRL_X0Y0        BUFG (Prop_bufg_I_O)         0.026     0.884 r  clk_IBUF_BUFG_inst/O
                         net (fo=28, routed)          0.594     1.477    U1/clk
    SLICE_X0Y8           FDRE                                         r  U1/count_reg[16]/C
  -------------------------------------------------------------------    -------------------
    SLICE_X0Y8           FDRE (Prop_fdre_C_Q)         0.141     1.618 r  U1/count_reg[16]/Q
                         net (fo=1, routed)           0.176     1.795    U1/count_reg_n_0_[16]
    SLICE_X0Y8           CARRY4 (Prop_carry4_S[0]_O[1])
                                                      0.151     1.946 r  U1/count_reg[16]_i_1/O[1]
                         net (fo=1, routed)           0.000     1.946    U1/count_reg[16]_i_1_n_6
    SLICE_X0Y8           FDRE                                         r  U1/count_reg[17]/D
  -------------------------------------------------------------------    -------------------

                         (clock sys_clk_pin rise edge)
                                                      0.000     0.000 r  
    W5                                                0.000     0.000 r  clk (IN)
                         net (fo=0)                   0.000     0.000    clk
    W5                   IBUF (Prop_ibuf_I_O)         0.414     0.414 r  clk_IBUF_inst/O
                         net (fo=1, routed)           0.685     1.099    clk_IBUF
    BUFGCTRL_X0Y0        BUFG (Prop_bufg_I_O)         0.029     1.128 r  clk_IBUF_BUFG_inst/O
                         net (fo=28, routed)          0.865     1.992    U1/clk
    SLICE_X0Y8           FDRE                                         r  U1/count_reg[17]/C
                         clock pessimism             -0.515     1.477    
    SLICE_X0Y8           FDRE (Hold_fdre_C_D)         0.105     1.582    U1/count_reg[17]
  -------------------------------------------------------------------
                         required time                         -1.582    
                         arrival time                           1.946    
  -------------------------------------------------------------------
                         slack                                  0.363    





Pulse Width Checks
--------------------------------------------------------------------------------------
Clock Name:         sys_clk_pin
Waveform(ns):       { 0.000 5.000 }
Period(ns):         10.000
Sources:            { clk }

Check Type        Corner  Lib Pin  Reference Pin  Required(ns)  Actual(ns)  Slack(ns)  Location       Pin
Min Period        n/a     BUFG/I   n/a            2.155         10.000      7.845      BUFGCTRL_X0Y0  clk_IBUF_BUFG_inst/I
Min Period        n/a     FDRE/C   n/a            1.000         10.000      9.000      SLICE_X0Y4     U1/count_reg[0]/C
Min Period        n/a     FDRE/C   n/a            1.000         10.000      9.000      SLICE_X0Y6     U1/count_reg[10]/C
Min Period        n/a     FDRE/C   n/a            1.000         10.000      9.000      SLICE_X0Y6     U1/count_reg[11]/C
Min Period        n/a     FDRE/C   n/a            1.000         10.000      9.000      SLICE_X0Y7     U1/count_reg[12]/C
Min Period        n/a     FDRE/C   n/a            1.000         10.000      9.000      SLICE_X0Y7     U1/count_reg[13]/C
Min Period        n/a     FDRE/C   n/a            1.000         10.000      9.000      SLICE_X0Y7     U1/count_reg[14]/C
Min Period        n/a     FDRE/C   n/a            1.000         10.000      9.000      SLICE_X0Y7     U1/count_reg[15]/C
Min Period        n/a     FDRE/C   n/a            1.000         10.000      9.000      SLICE_X0Y8     U1/count_reg[16]/C
Min Period        n/a     FDRE/C   n/a            1.000         10.000      9.000      SLICE_X0Y8     U1/count_reg[17]/C
Low Pulse Width   Slow    FDRE/C   n/a            0.500         5.000       4.500      SLICE_X0Y4     U1/count_reg[0]/C
Low Pulse Width   Fast    FDRE/C   n/a            0.500         5.000       4.500      SLICE_X0Y4     U1/count_reg[0]/C
Low Pulse Width   Slow    FDRE/C   n/a            0.500         5.000       4.500      SLICE_X0Y6     U1/count_reg[10]/C
Low Pulse Width   Fast    FDRE/C   n/a            0.500         5.000       4.500      SLICE_X0Y6     U1/count_reg[10]/C
Low Pulse Width   Slow    FDRE/C   n/a            0.500         5.000       4.500      SLICE_X0Y6     U1/count_reg[11]/C
Low Pulse Width   Fast    FDRE/C   n/a            0.500         5.000       4.500      SLICE_X0Y6     U1/count_reg[11]/C
Low Pulse Width   Slow    FDRE/C   n/a            0.500         5.000       4.500      SLICE_X0Y7     U1/count_reg[12]/C
Low Pulse Width   Fast    FDRE/C   n/a            0.500         5.000       4.500      SLICE_X0Y7     U1/count_reg[12]/C
Low Pulse Width   Slow    FDRE/C   n/a            0.500         5.000       4.500      SLICE_X0Y7     U1/count_reg[13]/C
Low Pulse Width   Fast    FDRE/C   n/a            0.500         5.000       4.500      SLICE_X0Y7     U1/count_reg[13]/C
High Pulse Width  Slow    FDRE/C   n/a            0.500         5.000       4.500      SLICE_X0Y4     U1/count_reg[0]/C
High Pulse Width  Fast    FDRE/C   n/a            0.500         5.000       4.500      SLICE_X0Y4     U1/count_reg[0]/C
High Pulse Width  Slow    FDRE/C   n/a            0.500         5.000       4.500      SLICE_X0Y6     U1/count_reg[10]/C
High Pulse Width  Fast    FDRE/C   n/a            0.500         5.000       4.500      SLICE_X0Y6     U1/count_reg[10]/C
High Pulse Width  Slow    FDRE/C   n/a            0.500         5.000       4.500      SLICE_X0Y6     U1/count_reg[11]/C
High Pulse Width  Fast    FDRE/C   n/a            0.500         5.000       4.500      SLICE_X0Y6     U1/count_reg[11]/C
High Pulse Width  Slow    FDRE/C   n/a            0.500         5.000       4.500      SLICE_X0Y7     U1/count_reg[12]/C
High Pulse Width  Fast    FDRE/C   n/a            0.500         5.000       4.500      SLICE_X0Y7     U1/count_reg[12]/C
High Pulse Width  Slow    FDRE/C   n/a            0.500         5.000       4.500      SLICE_X0Y7     U1/count_reg[13]/C
High Pulse Width  Fast    FDRE/C   n/a            0.500         5.000       4.500      SLICE_X0Y7     U1/count_reg[13]/C



--------------------------------------------------------------------------------------
Path Group:  (none)
From Clock:  
  To Clock:  

Max Delay             8 Endpoints
Min Delay             8 Endpoints
--------------------------------------------------------------------------------------


Max Delay Paths
--------------------------------------------------------------------------------------
Slack:                    inf
  Source:                 sw[1]
                            (input port)
  Destination:            led[1]
                            (output port)
  Path Group:             (none)
  Path Type:              Max at Slow Process Corner
  Data Path Delay:        8.718ns  (logic 5.115ns (58.669%)  route 3.603ns (41.331%))
  Logic Levels:           3  (IBUF=1 LUT4=1 OBUF=1)

    Location             Delay type                Incr(ns)  Path(ns)    Netlist Resource(s)
  -------------------------------------------------------------------    -------------------
    V16                                               0.000     0.000 r  sw[1] (IN)
                         net (fo=0)                   0.000     0.000    sw[1]
    V16                  IBUF (Prop_ibuf_I_O)         1.461     1.461 r  sw_IBUF[1]_inst/O
                         net (fo=1, routed)           0.969     2.431    U1/sw_IBUF[1]
    SLICE_X1Y10          LUT4 (Prop_lut4_I1_O)        0.124     2.555 r  U1/led_OBUF[1]_inst_i_1/O
                         net (fo=1, routed)           2.634     5.189    led_OBUF[1]
    E19                  OBUF (Prop_obuf_I_O)         3.530     8.718 r  led_OBUF[1]_inst/O
                         net (fo=0)                   0.000     8.718    led[1]
    E19                                                               r  led[1] (OUT)
  -------------------------------------------------------------------    -------------------

Slack:                    inf
  Source:                 sw[3]
                            (input port)
  Destination:            led[3]
                            (output port)
  Path Group:             (none)
  Path Type:              Max at Slow Process Corner
  Data Path Delay:        8.593ns  (logic 5.318ns (61.885%)  route 3.275ns (38.115%))
  Logic Levels:           3  (IBUF=1 LUT4=1 OBUF=1)

    Location             Delay type                Incr(ns)  Path(ns)    Netlist Resource(s)
  -------------------------------------------------------------------    -------------------
    W17                                               0.000     0.000 r  sw[3] (IN)
                         net (fo=0)                   0.000     0.000    sw[3]
    W17                  IBUF (Prop_ibuf_I_O)         1.448     1.448 r  sw_IBUF[3]_inst/O
                         net (fo=1, routed)           1.204     2.653    U1/sw_IBUF[3]
    SLICE_X1Y10          LUT4 (Prop_lut4_I1_O)        0.152     2.805 r  U1/led_OBUF[3]_inst_i_1/O
                         net (fo=1, routed)           2.071     4.876    led_OBUF[3]
    V19                  OBUF (Prop_obuf_I_O)         3.717     8.593 r  led_OBUF[3]_inst/O
                         net (fo=0)                   0.000     8.593    led[3]
    V19                                                               r  led[3] (OUT)
  -------------------------------------------------------------------    -------------------

Slack:                    inf
  Source:                 sw[0]
                            (input port)
  Destination:            led[0]
                            (output port)
  Path Group:             (none)
  Path Type:              Max at Slow Process Corner
  Data Path Delay:        8.386ns  (logic 5.310ns (63.317%)  route 3.076ns (36.683%))
  Logic Levels:           3  (IBUF=1 LUT4=1 OBUF=1)

    Location             Delay type                Incr(ns)  Path(ns)    Netlist Resource(s)
  -------------------------------------------------------------------    -------------------
    V17                                               0.000     0.000 r  sw[0] (IN)
                         net (fo=0)                   0.000     0.000    sw[0]
    V17                  IBUF (Prop_ibuf_I_O)         1.453     1.453 r  sw_IBUF[0]_inst/O
                         net (fo=1, routed)           1.198     2.651    U1/sw_IBUF[0]
    SLICE_X1Y10          LUT4 (Prop_lut4_I1_O)        0.150     2.801 r  U1/led_OBUF[0]_inst_i_1/O
                         net (fo=1, routed)           1.878     4.679    led_OBUF[0]
    U16                  OBUF (Prop_obuf_I_O)         3.707     8.386 r  led_OBUF[0]_inst/O
                         net (fo=0)                   0.000     8.386    led[0]
    U16                                                               r  led[0] (OUT)
  -------------------------------------------------------------------    -------------------

Slack:                    inf
  Source:                 sw[5]
                            (input port)
  Destination:            led[5]
                            (output port)
  Path Group:             (none)
  Path Type:              Max at Slow Process Corner
  Data Path Delay:        8.332ns  (logic 5.333ns (64.000%)  route 3.000ns (36.000%))
  Logic Levels:           3  (IBUF=1 LUT4=1 OBUF=1)

    Location             Delay type                Incr(ns)  Path(ns)    Netlist Resource(s)
  -------------------------------------------------------------------    -------------------
    V15                                               0.000     0.000 r  sw[5] (IN)
                         net (fo=0)                   0.000     0.000    sw[5]
    V15                  IBUF (Prop_ibuf_I_O)         1.466     1.466 r  sw_IBUF[5]_inst/O
                         net (fo=1, routed)           1.139     2.605    U1/sw_IBUF[5]
    SLICE_X1Y7           LUT4 (Prop_lut4_I1_O)        0.150     2.755 r  U1/led_OBUF[5]_inst_i_1/O
                         net (fo=1, routed)           1.860     4.616    led_OBUF[5]
    U15                  OBUF (Prop_obuf_I_O)         3.716     8.332 r  led_OBUF[5]_inst/O
                         net (fo=0)                   0.000     8.332    led[5]
    U15                                                               r  led[5] (OUT)
  -------------------------------------------------------------------    -------------------

Slack:                    inf
  Source:                 sw[7]
                            (input port)
  Destination:            led[7]
                            (output port)
  Path Group:             (none)
  Path Type:              Max at Slow Process Corner
  Data Path Delay:        8.240ns  (logic 5.312ns (64.458%)  route 2.929ns (35.542%))
  Logic Levels:           3  (IBUF=1 LUT4=1 OBUF=1)

    Location             Delay type                Incr(ns)  Path(ns)    Netlist Resource(s)
  -------------------------------------------------------------------    -------------------
    W13                                               0.000     0.000 r  sw[7] (IN)
                         net (fo=0)                   0.000     0.000    sw[7]
    W13                  IBUF (Prop_ibuf_I_O)         1.459     1.459 r  sw_IBUF[7]_inst/O
                         net (fo=1, routed)           1.057     2.516    U1/sw_IBUF[7]
    SLICE_X1Y6           LUT4 (Prop_lut4_I1_O)        0.150     2.666 r  U1/led_OBUF[7]_inst_i_1/O
                         net (fo=1, routed)           1.872     4.538    led_OBUF[7]
    V14                  OBUF (Prop_obuf_I_O)         3.703     8.240 r  led_OBUF[7]_inst/O
                         net (fo=0)                   0.000     8.240    led[7]
    V14                                                               r  led[7] (OUT)
  -------------------------------------------------------------------    -------------------

Slack:                    inf
  Source:                 sw[6]
                            (input port)
  Destination:            led[6]
                            (output port)
  Path Group:             (none)
  Path Type:              Max at Slow Process Corner
  Data Path Delay:        8.172ns  (logic 5.080ns (62.162%)  route 3.092ns (37.838%))
  Logic Levels:           3  (IBUF=1 LUT4=1 OBUF=1)

    Location             Delay type                Incr(ns)  Path(ns)    Netlist Resource(s)
  -------------------------------------------------------------------    -------------------
    W14                                               0.000     0.000 r  sw[6] (IN)
                         net (fo=0)                   0.000     0.000    sw[6]
    W14                  IBUF (Prop_ibuf_I_O)         1.450     1.450 r  sw_IBUF[6]_inst/O
                         net (fo=1, routed)           1.359     2.809    U1/sw_IBUF[6]
    SLICE_X1Y6           LUT4 (Prop_lut4_I1_O)        0.124     2.933 r  U1/led_OBUF[6]_inst_i_1/O
                         net (fo=1, routed)           1.733     4.666    led_OBUF[6]
    U14                  OBUF (Prop_obuf_I_O)         3.506     8.172 r  led_OBUF[6]_inst/O
                         net (fo=0)                   0.000     8.172    led[6]
    U14                                                               r  led[6] (OUT)
  -------------------------------------------------------------------    -------------------

Slack:                    inf
  Source:                 sw[2]
                            (input port)
  Destination:            led[2]
                            (output port)
  Path Group:             (none)
  Path Type:              Max at Slow Process Corner
  Data Path Delay:        7.977ns  (logic 5.089ns (63.794%)  route 2.888ns (36.206%))
  Logic Levels:           3  (IBUF=1 LUT4=1 OBUF=1)

    Location             Delay type                Incr(ns)  Path(ns)    Netlist Resource(s)
  -------------------------------------------------------------------    -------------------
    W16                                               0.000     0.000 r  sw[2] (IN)
                         net (fo=0)                   0.000     0.000    sw[2]
    W16                  IBUF (Prop_ibuf_I_O)         1.464     1.464 r  sw_IBUF[2]_inst/O
                         net (fo=1, routed)           0.829     2.293    U1/sw_IBUF[2]
    SLICE_X1Y10          LUT4 (Prop_lut4_I1_O)        0.124     2.417 r  U1/led_OBUF[2]_inst_i_1/O
                         net (fo=1, routed)           2.059     4.476    led_OBUF[2]
    U19                  OBUF (Prop_obuf_I_O)         3.501     7.977 r  led_OBUF[2]_inst/O
                         net (fo=0)                   0.000     7.977    led[2]
    U19                                                               r  led[2] (OUT)
  -------------------------------------------------------------------    -------------------

Slack:                    inf
  Source:                 sw[4]
                            (input port)
  Destination:            led[4]
                            (output port)
  Path Group:             (none)
  Path Type:              Max at Slow Process Corner
  Data Path Delay:        7.956ns  (logic 5.083ns (63.894%)  route 2.873ns (36.106%))
  Logic Levels:           3  (IBUF=1 LUT4=1 OBUF=1)

    Location             Delay type                Incr(ns)  Path(ns)    Netlist Resource(s)
  -------------------------------------------------------------------    -------------------
    W15                                               0.000     0.000 r  sw[4] (IN)
                         net (fo=0)                   0.000     0.000    sw[4]
    W15                  IBUF (Prop_ibuf_I_O)         1.451     1.451 r  sw_IBUF[4]_inst/O
                         net (fo=1, routed)           0.825     2.276    U1/sw_IBUF[4]
    SLICE_X1Y7           LUT4 (Prop_lut4_I1_O)        0.124     2.400 r  U1/led_OBUF[4]_inst_i_1/O
                         net (fo=1, routed)           2.048     4.447    led_OBUF[4]
    W18                  OBUF (Prop_obuf_I_O)         3.509     7.956 r  led_OBUF[4]_inst/O
                         net (fo=0)                   0.000     7.956    led[4]
    W18                                                               r  led[4] (OUT)
  -------------------------------------------------------------------    -------------------





Min Delay Paths
--------------------------------------------------------------------------------------
Slack:                    inf
  Source:                 sw[4]
                            (input port)
  Destination:            led[4]
                            (output port)
  Path Group:             (none)
  Path Type:              Min at Fast Process Corner
  Data Path Delay:        2.284ns  (logic 1.474ns (64.512%)  route 0.811ns (35.488%))
  Logic Levels:           3  (IBUF=1 LUT4=1 OBUF=1)

    Location             Delay type                Incr(ns)  Path(ns)    Netlist Resource(s)
  -------------------------------------------------------------------    -------------------
    W15                                               0.000     0.000 r  sw[4] (IN)
                         net (fo=0)                   0.000     0.000    sw[4]
    W15                  IBUF (Prop_ibuf_I_O)         0.219     0.219 r  sw_IBUF[4]_inst/O
                         net (fo=1, routed)           0.320     0.539    U1/sw_IBUF[4]
    SLICE_X1Y7           LUT4 (Prop_lut4_I1_O)        0.045     0.584 r  U1/led_OBUF[4]_inst_i_1/O
                         net (fo=1, routed)           0.491     1.074    led_OBUF[4]
    W18                  OBUF (Prop_obuf_I_O)         1.210     2.284 r  led_OBUF[4]_inst/O
                         net (fo=0)                   0.000     2.284    led[4]
    W18                                                               r  led[4] (OUT)
  -------------------------------------------------------------------    -------------------

Slack:                    inf
  Source:                 sw[2]
                            (input port)
  Destination:            led[2]
                            (output port)
  Path Group:             (none)
  Path Type:              Min at Fast Process Corner
  Data Path Delay:        2.297ns  (logic 1.479ns (64.384%)  route 0.818ns (35.616%))
  Logic Levels:           3  (IBUF=1 LUT4=1 OBUF=1)

    Location             Delay type                Incr(ns)  Path(ns)    Netlist Resource(s)
  -------------------------------------------------------------------    -------------------
    W16                                               0.000     0.000 r  sw[2] (IN)
                         net (fo=0)                   0.000     0.000    sw[2]
    W16                  IBUF (Prop_ibuf_I_O)         0.232     0.232 r  sw_IBUF[2]_inst/O
                         net (fo=1, routed)           0.321     0.553    U1/sw_IBUF[2]
    SLICE_X1Y10          LUT4 (Prop_lut4_I1_O)        0.045     0.598 r  U1/led_OBUF[2]_inst_i_1/O
                         net (fo=1, routed)           0.497     1.095    led_OBUF[2]
    U19                  OBUF (Prop_obuf_I_O)         1.202     2.297 r  led_OBUF[2]_inst/O
                         net (fo=0)                   0.000     2.297    led[2]
    U19                                                               r  led[2] (OUT)
  -------------------------------------------------------------------    -------------------

Slack:                    inf
  Source:                 sw[6]
                            (input port)
  Destination:            led[6]
                            (output port)
  Path Group:             (none)
  Path Type:              Min at Fast Process Corner
  Data Path Delay:        2.333ns  (logic 1.470ns (63.008%)  route 0.863ns (36.992%))
  Logic Levels:           3  (IBUF=1 LUT4=1 OBUF=1)

    Location             Delay type                Incr(ns)  Path(ns)    Netlist Resource(s)
  -------------------------------------------------------------------    -------------------
    W14                                               0.000     0.000 r  sw[6] (IN)
                         net (fo=0)                   0.000     0.000    sw[6]
    W14                  IBUF (Prop_ibuf_I_O)         0.218     0.218 r  sw_IBUF[6]_inst/O
                         net (fo=1, routed)           0.496     0.714    U1/sw_IBUF[6]
    SLICE_X1Y6           LUT4 (Prop_lut4_I1_O)        0.045     0.759 r  U1/led_OBUF[6]_inst_i_1/O
                         net (fo=1, routed)           0.367     1.126    led_OBUF[6]
    U14                  OBUF (Prop_obuf_I_O)         1.207     2.333 r  led_OBUF[6]_inst/O
                         net (fo=0)                   0.000     2.333    led[6]
    U14                                                               r  led[6] (OUT)
  -------------------------------------------------------------------    -------------------

Slack:                    inf
  Source:                 sw[7]
                            (input port)
  Destination:            led[7]
                            (output port)
  Path Group:             (none)
  Path Type:              Min at Fast Process Corner
  Data Path Delay:        2.349ns  (logic 1.533ns (65.266%)  route 0.816ns (34.734%))
  Logic Levels:           3  (IBUF=1 LUT4=1 OBUF=1)

    Location             Delay type                Incr(ns)  Path(ns)    Netlist Resource(s)
  -------------------------------------------------------------------    -------------------
    W13                                               0.000     0.000 r  sw[7] (IN)
                         net (fo=0)                   0.000     0.000    sw[7]
    W13                  IBUF (Prop_ibuf_I_O)         0.227     0.227 r  sw_IBUF[7]_inst/O
                         net (fo=1, routed)           0.394     0.621    U1/sw_IBUF[7]
    SLICE_X1Y6           LUT4 (Prop_lut4_I1_O)        0.042     0.663 r  U1/led_OBUF[7]_inst_i_1/O
                         net (fo=1, routed)           0.422     1.085    led_OBUF[7]
    V14                  OBUF (Prop_obuf_I_O)         1.264     2.349 r  led_OBUF[7]_inst/O
                         net (fo=0)                   0.000     2.349    led[7]
    V14                                                               r  led[7] (OUT)
  -------------------------------------------------------------------    -------------------

Slack:                    inf
  Source:                 sw[5]
                            (input port)
  Destination:            led[5]
                            (output port)
  Path Group:             (none)
  Path Type:              Min at Fast Process Corner
  Data Path Delay:        2.383ns  (logic 1.558ns (65.360%)  route 0.826ns (34.640%))
  Logic Levels:           3  (IBUF=1 LUT4=1 OBUF=1)

    Location             Delay type                Incr(ns)  Path(ns)    Netlist Resource(s)
  -------------------------------------------------------------------    -------------------
    V15                                               0.000     0.000 r  sw[5] (IN)
                         net (fo=0)                   0.000     0.000    sw[5]
    V15                  IBUF (Prop_ibuf_I_O)         0.234     0.234 r  sw_IBUF[5]_inst/O
                         net (fo=1, routed)           0.411     0.645    U1/sw_IBUF[5]
    SLICE_X1Y7           LUT4 (Prop_lut4_I1_O)        0.046     0.691 r  U1/led_OBUF[5]_inst_i_1/O
                         net (fo=1, routed)           0.414     1.106    led_OBUF[5]
    U15                  OBUF (Prop_obuf_I_O)         1.278     2.383 r  led_OBUF[5]_inst/O
                         net (fo=0)                   0.000     2.383    led[5]
    U15                                                               r  led[5] (OUT)
  -------------------------------------------------------------------    -------------------

Slack:                    inf
  Source:                 sw[0]
                            (input port)
  Destination:            led[0]
                            (output port)
  Path Group:             (none)
  Path Type:              Min at Fast Process Corner
  Data Path Delay:        2.395ns  (logic 1.531ns (63.919%)  route 0.864ns (36.081%))
  Logic Levels:           3  (IBUF=1 LUT4=1 OBUF=1)

    Location             Delay type                Incr(ns)  Path(ns)    Netlist Resource(s)
  -------------------------------------------------------------------    -------------------
    V17                                               0.000     0.000 r  sw[0] (IN)
                         net (fo=0)                   0.000     0.000    sw[0]
    V17                  IBUF (Prop_ibuf_I_O)         0.221     0.221 r  sw_IBUF[0]_inst/O
                         net (fo=1, routed)           0.448     0.669    U1/sw_IBUF[0]
    SLICE_X1Y10          LUT4 (Prop_lut4_I1_O)        0.042     0.711 r  U1/led_OBUF[0]_inst_i_1/O
                         net (fo=1, routed)           0.416     1.127    led_OBUF[0]
    U16                  OBUF (Prop_obuf_I_O)         1.268     2.395 r  led_OBUF[0]_inst/O
                         net (fo=0)                   0.000     2.395    led[0]
    U16                                                               r  led[0] (OUT)
  -------------------------------------------------------------------    -------------------

Slack:                    inf
  Source:                 sw[3]
                            (input port)
  Destination:            led[3]
                            (output port)
  Path Group:             (none)
  Path Type:              Min at Fast Process Corner
  Data Path Delay:        2.495ns  (logic 1.537ns (61.598%)  route 0.958ns (38.402%))
  Logic Levels:           3  (IBUF=1 LUT4=1 OBUF=1)

    Location             Delay type                Incr(ns)  Path(ns)    Netlist Resource(s)
  -------------------------------------------------------------------    -------------------
    W17                                               0.000     0.000 r  sw[3] (IN)
                         net (fo=0)                   0.000     0.000    sw[3]
    W17                  IBUF (Prop_ibuf_I_O)         0.217     0.217 r  sw_IBUF[3]_inst/O
                         net (fo=1, routed)           0.452     0.669    U1/sw_IBUF[3]
    SLICE_X1Y10          LUT4 (Prop_lut4_I1_O)        0.043     0.712 r  U1/led_OBUF[3]_inst_i_1/O
                         net (fo=1, routed)           0.506     1.218    led_OBUF[3]
    V19                  OBUF (Prop_obuf_I_O)         1.277     2.495 r  led_OBUF[3]_inst/O
                         net (fo=0)                   0.000     2.495    led[3]
    V19                                                               r  led[3] (OUT)
  -------------------------------------------------------------------    -------------------

Slack:                    inf
  Source:                 sw[1]
                            (input port)
  Destination:            led[1]
                            (output port)
  Path Group:             (none)
  Path Type:              Min at Fast Process Corner
  Data Path Delay:        2.607ns  (logic 1.505ns (57.720%)  route 1.102ns (42.279%))
  Logic Levels:           3  (IBUF=1 LUT4=1 OBUF=1)

    Location             Delay type                Incr(ns)  Path(ns)    Netlist Resource(s)
  -------------------------------------------------------------------    -------------------
    V16                                               0.000     0.000 r  sw[1] (IN)
                         net (fo=0)                   0.000     0.000    sw[1]
    V16                  IBUF (Prop_ibuf_I_O)         0.229     0.229 r  sw_IBUF[1]_inst/O
                         net (fo=1, routed)           0.380     0.610    U1/sw_IBUF[1]
    SLICE_X1Y10          LUT4 (Prop_lut4_I1_O)        0.045     0.655 r  U1/led_OBUF[1]_inst_i_1/O
                         net (fo=1, routed)           0.722     1.377    led_OBUF[1]
    E19                  OBUF (Prop_obuf_I_O)         1.231     2.607 r  led_OBUF[1]_inst/O
                         net (fo=0)                   0.000     2.607    led[1]
    E19                                                               r  led[1] (OUT)
  -------------------------------------------------------------------    -------------------





--------------------------------------------------------------------------------------
Path Group:  (none)
From Clock:  sys_clk_pin
  To Clock:  

Max Delay             8 Endpoints
Min Delay             8 Endpoints
--------------------------------------------------------------------------------------


Max Delay Paths
--------------------------------------------------------------------------------------
Slack:                    inf
  Source:                 U1/count_reg[26]/C
                            (rising edge-triggered cell FDRE clocked by sys_clk_pin  {rise@0.000ns fall@5.000ns period=10.000ns})
  Destination:            led[1]
                            (output port)
  Path Group:             (none)
  Path Type:              Max at Slow Process Corner
  Data Path Delay:        7.629ns  (logic 4.110ns (53.869%)  route 3.519ns (46.131%))
  Logic Levels:           2  (LUT4=1 OBUF=1)
  Clock Uncertainty:      0.025ns  ((TSJ^2 + TIJ^2)^1/2 + DJ) / 2 + PE
    Total System Jitter     (TSJ):    0.050ns
    Total Input Jitter      (TIJ):    0.000ns
    Discrete Jitter          (DJ):    0.000ns
    Phase Error              (PE):    0.000ns

    Location             Delay type                Incr(ns)  Path(ns)    Netlist Resource(s)
  -------------------------------------------------------------------    -------------------
                         (clock sys_clk_pin rise edge)
                                                      0.000     0.000 r  
    W5                                                0.000     0.000 r  clk (IN)
                         net (fo=0)                   0.000     0.000    clk
    W5                   IBUF (Prop_ibuf_I_O)         1.458     1.458 r  clk_IBUF_inst/O
                         net (fo=1, routed)           1.967     3.425    clk_IBUF
    BUFGCTRL_X0Y0        BUFG (Prop_bufg_I_O)         0.096     3.521 r  clk_IBUF_BUFG_inst/O
                         net (fo=28, routed)          1.636     5.157    U1/clk
    SLICE_X0Y10          FDRE                                         r  U1/count_reg[26]/C
  -------------------------------------------------------------------    -------------------
    SLICE_X0Y10          FDRE (Prop_fdre_C_Q)         0.456     5.613 f  U1/count_reg[26]/Q
                         net (fo=9, routed)           0.885     6.499    U1/p_0_in[1]
    SLICE_X1Y10          LUT4 (Prop_lut4_I0_O)        0.124     6.623 r  U1/led_OBUF[1]_inst_i_1/O
                         net (fo=1, routed)           2.634     9.257    led_OBUF[1]
    E19                  OBUF (Prop_obuf_I_O)         3.530    12.786 r  led_OBUF[1]_inst/O
                         net (fo=0)                   0.000    12.786    led[1]
    E19                                                               r  led[1] (OUT)
  -------------------------------------------------------------------    -------------------

Slack:                    inf
  Source:                 U1/count_reg[27]/C
                            (rising edge-triggered cell FDRE clocked by sys_clk_pin  {rise@0.000ns fall@5.000ns period=10.000ns})
  Destination:            led[7]
                            (output port)
  Path Group:             (none)
  Path Type:              Max at Slow Process Corner
  Data Path Delay:        7.318ns  (logic 4.311ns (58.903%)  route 3.008ns (41.097%))
  Logic Levels:           2  (LUT4=1 OBUF=1)
  Clock Uncertainty:      0.025ns  ((TSJ^2 + TIJ^2)^1/2 + DJ) / 2 + PE
    Total System Jitter     (TSJ):    0.050ns
    Total Input Jitter      (TIJ):    0.000ns
    Discrete Jitter          (DJ):    0.000ns
    Phase Error              (PE):    0.000ns

    Location             Delay type                Incr(ns)  Path(ns)    Netlist Resource(s)
  -------------------------------------------------------------------    -------------------
                         (clock sys_clk_pin rise edge)
                                                      0.000     0.000 r  
    W5                                                0.000     0.000 r  clk (IN)
                         net (fo=0)                   0.000     0.000    clk
    W5                   IBUF (Prop_ibuf_I_O)         1.458     1.458 r  clk_IBUF_inst/O
                         net (fo=1, routed)           1.967     3.425    clk_IBUF
    BUFGCTRL_X0Y0        BUFG (Prop_bufg_I_O)         0.096     3.521 r  clk_IBUF_BUFG_inst/O
                         net (fo=28, routed)          1.636     5.157    U1/clk
    SLICE_X0Y10          FDRE                                         r  U1/count_reg[27]/C
  -------------------------------------------------------------------    -------------------
    SLICE_X0Y10          FDRE (Prop_fdre_C_Q)         0.456     5.613 r  U1/count_reg[27]/Q
                         net (fo=9, routed)           1.136     6.749    U1/p_0_in[2]
    SLICE_X1Y6           LUT4 (Prop_lut4_I3_O)        0.152     6.901 r  U1/led_OBUF[7]_inst_i_1/O
                         net (fo=1, routed)           1.872     8.773    led_OBUF[7]
    V14                  OBUF (Prop_obuf_I_O)         3.703    12.476 r  led_OBUF[7]_inst/O
                         net (fo=0)                   0.000    12.476    led[7]
    V14                                                               r  led[7] (OUT)
  -------------------------------------------------------------------    -------------------

Slack:                    inf
  Source:                 U1/count_reg[26]/C
                            (rising edge-triggered cell FDRE clocked by sys_clk_pin  {rise@0.000ns fall@5.000ns period=10.000ns})
  Destination:            led[3]
                            (output port)
  Path Group:             (none)
  Path Type:              Max at Slow Process Corner
  Data Path Delay:        7.280ns  (logic 4.325ns (59.407%)  route 2.955ns (40.593%))
  Logic Levels:           2  (LUT4=1 OBUF=1)
  Clock Uncertainty:      0.025ns  ((TSJ^2 + TIJ^2)^1/2 + DJ) / 2 + PE
    Total System Jitter     (TSJ):    0.050ns
    Total Input Jitter      (TIJ):    0.000ns
    Discrete Jitter          (DJ):    0.000ns
    Phase Error              (PE):    0.000ns

    Location             Delay type                Incr(ns)  Path(ns)    Netlist Resource(s)
  -------------------------------------------------------------------    -------------------
                         (clock sys_clk_pin rise edge)
                                                      0.000     0.000 r  
    W5                                                0.000     0.000 r  clk (IN)
                         net (fo=0)                   0.000     0.000    clk
    W5                   IBUF (Prop_ibuf_I_O)         1.458     1.458 r  clk_IBUF_inst/O
                         net (fo=1, routed)           1.967     3.425    clk_IBUF
    BUFGCTRL_X0Y0        BUFG (Prop_bufg_I_O)         0.096     3.521 r  clk_IBUF_BUFG_inst/O
                         net (fo=28, routed)          1.636     5.157    U1/clk
    SLICE_X0Y10          FDRE                                         r  U1/count_reg[26]/C
  -------------------------------------------------------------------    -------------------
    SLICE_X0Y10          FDRE (Prop_fdre_C_Q)         0.456     5.613 r  U1/count_reg[26]/Q
                         net (fo=9, routed)           0.884     6.498    U1/p_0_in[1]
    SLICE_X1Y10          LUT4 (Prop_lut4_I0_O)        0.152     6.650 r  U1/led_OBUF[3]_inst_i_1/O
                         net (fo=1, routed)           2.071     8.721    led_OBUF[3]
    V19                  OBUF (Prop_obuf_I_O)         3.717    12.438 r  led_OBUF[3]_inst/O
                         net (fo=0)                   0.000    12.438    led[3]
    V19                                                               r  led[3] (OUT)
  -------------------------------------------------------------------    -------------------

Slack:                    inf
  Source:                 U1/count_reg[27]/C
                            (rising edge-triggered cell FDRE clocked by sys_clk_pin  {rise@0.000ns fall@5.000ns period=10.000ns})
  Destination:            led[5]
                            (output port)
  Path Group:             (none)
  Path Type:              Max at Slow Process Corner
  Data Path Delay:        7.181ns  (logic 4.324ns (60.225%)  route 2.856ns (39.775%))
  Logic Levels:           2  (LUT4=1 OBUF=1)
  Clock Uncertainty:      0.025ns  ((TSJ^2 + TIJ^2)^1/2 + DJ) / 2 + PE
    Total System Jitter     (TSJ):    0.050ns
    Total Input Jitter      (TIJ):    0.000ns
    Discrete Jitter          (DJ):    0.000ns
    Phase Error              (PE):    0.000ns

    Location             Delay type                Incr(ns)  Path(ns)    Netlist Resource(s)
  -------------------------------------------------------------------    -------------------
                         (clock sys_clk_pin rise edge)
                                                      0.000     0.000 r  
    W5                                                0.000     0.000 r  clk (IN)
                         net (fo=0)                   0.000     0.000    clk
    W5                   IBUF (Prop_ibuf_I_O)         1.458     1.458 r  clk_IBUF_inst/O
                         net (fo=1, routed)           1.967     3.425    clk_IBUF
    BUFGCTRL_X0Y0        BUFG (Prop_bufg_I_O)         0.096     3.521 r  clk_IBUF_BUFG_inst/O
                         net (fo=28, routed)          1.636     5.157    U1/clk
    SLICE_X0Y10          FDRE                                         r  U1/count_reg[27]/C
  -------------------------------------------------------------------    -------------------
    SLICE_X0Y10          FDRE (Prop_fdre_C_Q)         0.456     5.613 r  U1/count_reg[27]/Q
                         net (fo=9, routed)           0.996     6.609    U1/p_0_in[2]
    SLICE_X1Y7           LUT4 (Prop_lut4_I3_O)        0.152     6.761 r  U1/led_OBUF[5]_inst_i_1/O
                         net (fo=1, routed)           1.860     8.621    led_OBUF[5]
    U15                  OBUF (Prop_obuf_I_O)         3.716    12.338 r  led_OBUF[5]_inst/O
                         net (fo=0)                   0.000    12.338    led[5]
    U15                                                               r  led[5] (OUT)
  -------------------------------------------------------------------    -------------------

Slack:                    inf
  Source:                 U1/count_reg[27]/C
                            (rising edge-triggered cell FDRE clocked by sys_clk_pin  {rise@0.000ns fall@5.000ns period=10.000ns})
  Destination:            led[4]
                            (output port)
  Path Group:             (none)
  Path Type:              Max at Slow Process Corner
  Data Path Delay:        7.132ns  (logic 4.089ns (57.327%)  route 3.043ns (42.673%))
  Logic Levels:           2  (LUT4=1 OBUF=1)
  Clock Uncertainty:      0.025ns  ((TSJ^2 + TIJ^2)^1/2 + DJ) / 2 + PE
    Total System Jitter     (TSJ):    0.050ns
    Total Input Jitter      (TIJ):    0.000ns
    Discrete Jitter          (DJ):    0.000ns
    Phase Error              (PE):    0.000ns

    Location             Delay type                Incr(ns)  Path(ns)    Netlist Resource(s)
  -------------------------------------------------------------------    -------------------
                         (clock sys_clk_pin rise edge)
                                                      0.000     0.000 r  
    W5                                                0.000     0.000 r  clk (IN)
                         net (fo=0)                   0.000     0.000    clk
    W5                   IBUF (Prop_ibuf_I_O)         1.458     1.458 r  clk_IBUF_inst/O
                         net (fo=1, routed)           1.967     3.425    clk_IBUF
    BUFGCTRL_X0Y0        BUFG (Prop_bufg_I_O)         0.096     3.521 r  clk_IBUF_BUFG_inst/O
                         net (fo=28, routed)          1.636     5.157    U1/clk
    SLICE_X0Y10          FDRE                                         r  U1/count_reg[27]/C
  -------------------------------------------------------------------    -------------------
    SLICE_X0Y10          FDRE (Prop_fdre_C_Q)         0.456     5.613 r  U1/count_reg[27]/Q
                         net (fo=9, routed)           0.996     6.609    U1/p_0_in[2]
    SLICE_X1Y7           LUT4 (Prop_lut4_I3_O)        0.124     6.733 r  U1/led_OBUF[4]_inst_i_1/O
                         net (fo=1, routed)           2.048     8.781    led_OBUF[4]
    W18                  OBUF (Prop_obuf_I_O)         3.509    12.289 r  led_OBUF[4]_inst/O
                         net (fo=0)                   0.000    12.289    led[4]
    W18                                                               r  led[4] (OUT)
  -------------------------------------------------------------------    -------------------

Slack:                    inf
  Source:                 U1/count_reg[26]/C
                            (rising edge-triggered cell FDRE clocked by sys_clk_pin  {rise@0.000ns fall@5.000ns period=10.000ns})
  Destination:            led[0]
                            (output port)
  Path Group:             (none)
  Path Type:              Max at Slow Process Corner
  Data Path Delay:        7.078ns  (logic 4.315ns (60.959%)  route 2.763ns (39.041%))
  Logic Levels:           2  (LUT4=1 OBUF=1)
  Clock Uncertainty:      0.025ns  ((TSJ^2 + TIJ^2)^1/2 + DJ) / 2 + PE
    Total System Jitter     (TSJ):    0.050ns
    Total Input Jitter      (TIJ):    0.000ns
    Discrete Jitter          (DJ):    0.000ns
    Phase Error              (PE):    0.000ns

    Location             Delay type                Incr(ns)  Path(ns)    Netlist Resource(s)
  -------------------------------------------------------------------    -------------------
                         (clock sys_clk_pin rise edge)
                                                      0.000     0.000 r  
    W5                                                0.000     0.000 r  clk (IN)
                         net (fo=0)                   0.000     0.000    clk
    W5                   IBUF (Prop_ibuf_I_O)         1.458     1.458 r  clk_IBUF_inst/O
                         net (fo=1, routed)           1.967     3.425    clk_IBUF
    BUFGCTRL_X0Y0        BUFG (Prop_bufg_I_O)         0.096     3.521 r  clk_IBUF_BUFG_inst/O
                         net (fo=28, routed)          1.636     5.157    U1/clk
    SLICE_X0Y10          FDRE                                         r  U1/count_reg[26]/C
  -------------------------------------------------------------------    -------------------
    SLICE_X0Y10          FDRE (Prop_fdre_C_Q)         0.456     5.613 f  U1/count_reg[26]/Q
                         net (fo=9, routed)           0.885     6.499    U1/p_0_in[1]
    SLICE_X1Y10          LUT4 (Prop_lut4_I0_O)        0.152     6.651 r  U1/led_OBUF[0]_inst_i_1/O
                         net (fo=1, routed)           1.878     8.529    led_OBUF[0]
    U16                  OBUF (Prop_obuf_I_O)         3.707    12.235 r  led_OBUF[0]_inst/O
                         net (fo=0)                   0.000    12.235    led[0]
    U16                                                               r  led[0] (OUT)
  -------------------------------------------------------------------    -------------------

Slack:                    inf
  Source:                 U1/count_reg[26]/C
                            (rising edge-triggered cell FDRE clocked by sys_clk_pin  {rise@0.000ns fall@5.000ns period=10.000ns})
  Destination:            led[2]
                            (output port)
  Path Group:             (none)
  Path Type:              Max at Slow Process Corner
  Data Path Delay:        7.025ns  (logic 4.081ns (58.096%)  route 2.944ns (41.904%))
  Logic Levels:           2  (LUT4=1 OBUF=1)
  Clock Uncertainty:      0.025ns  ((TSJ^2 + TIJ^2)^1/2 + DJ) / 2 + PE
    Total System Jitter     (TSJ):    0.050ns
    Total Input Jitter      (TIJ):    0.000ns
    Discrete Jitter          (DJ):    0.000ns
    Phase Error              (PE):    0.000ns

    Location             Delay type                Incr(ns)  Path(ns)    Netlist Resource(s)
  -------------------------------------------------------------------    -------------------
                         (clock sys_clk_pin rise edge)
                                                      0.000     0.000 r  
    W5                                                0.000     0.000 r  clk (IN)
                         net (fo=0)                   0.000     0.000    clk
    W5                   IBUF (Prop_ibuf_I_O)         1.458     1.458 r  clk_IBUF_inst/O
                         net (fo=1, routed)           1.967     3.425    clk_IBUF
    BUFGCTRL_X0Y0        BUFG (Prop_bufg_I_O)         0.096     3.521 r  clk_IBUF_BUFG_inst/O
                         net (fo=28, routed)          1.636     5.157    U1/clk
    SLICE_X0Y10          FDRE                                         r  U1/count_reg[26]/C
  -------------------------------------------------------------------    -------------------
    SLICE_X0Y10          FDRE (Prop_fdre_C_Q)         0.456     5.613 r  U1/count_reg[26]/Q
                         net (fo=9, routed)           0.884     6.498    U1/p_0_in[1]
    SLICE_X1Y10          LUT4 (Prop_lut4_I0_O)        0.124     6.622 r  U1/led_OBUF[2]_inst_i_1/O
                         net (fo=1, routed)           2.059     8.681    led_OBUF[2]
    U19                  OBUF (Prop_obuf_I_O)         3.501    12.182 r  led_OBUF[2]_inst/O
                         net (fo=0)                   0.000    12.182    led[2]
    U19                                                               r  led[2] (OUT)
  -------------------------------------------------------------------    -------------------

Slack:                    inf
  Source:                 U1/count_reg[27]/C
                            (rising edge-triggered cell FDRE clocked by sys_clk_pin  {rise@0.000ns fall@5.000ns period=10.000ns})
  Destination:            led[6]
                            (output port)
  Path Group:             (none)
  Path Type:              Max at Slow Process Corner
  Data Path Delay:        6.955ns  (logic 4.086ns (58.750%)  route 2.869ns (41.250%))
  Logic Levels:           2  (LUT4=1 OBUF=1)
  Clock Uncertainty:      0.025ns  ((TSJ^2 + TIJ^2)^1/2 + DJ) / 2 + PE
    Total System Jitter     (TSJ):    0.050ns
    Total Input Jitter      (TIJ):    0.000ns
    Discrete Jitter          (DJ):    0.000ns
    Phase Error              (PE):    0.000ns

    Location             Delay type                Incr(ns)  Path(ns)    Netlist Resource(s)
  -------------------------------------------------------------------    -------------------
                         (clock sys_clk_pin rise edge)
                                                      0.000     0.000 r  
    W5                                                0.000     0.000 r  clk (IN)
                         net (fo=0)                   0.000     0.000    clk
    W5                   IBUF (Prop_ibuf_I_O)         1.458     1.458 r  clk_IBUF_inst/O
                         net (fo=1, routed)           1.967     3.425    clk_IBUF
    BUFGCTRL_X0Y0        BUFG (Prop_bufg_I_O)         0.096     3.521 r  clk_IBUF_BUFG_inst/O
                         net (fo=28, routed)          1.636     5.157    U1/clk
    SLICE_X0Y10          FDRE                                         r  U1/count_reg[27]/C
  -------------------------------------------------------------------    -------------------
    SLICE_X0Y10          FDRE (Prop_fdre_C_Q)         0.456     5.613 r  U1/count_reg[27]/Q
                         net (fo=9, routed)           1.136     6.749    U1/p_0_in[2]
    SLICE_X1Y6           LUT4 (Prop_lut4_I3_O)        0.124     6.873 r  U1/led_OBUF[6]_inst_i_1/O
                         net (fo=1, routed)           1.733     8.606    led_OBUF[6]
    U14                  OBUF (Prop_obuf_I_O)         3.506    12.112 r  led_OBUF[6]_inst/O
                         net (fo=0)                   0.000    12.112    led[6]
    U14                                                               r  led[6] (OUT)
  -------------------------------------------------------------------    -------------------





Min Delay Paths
--------------------------------------------------------------------------------------
Slack:                    inf
  Source:                 U1/count_reg[25]/C
                            (rising edge-triggered cell FDRE clocked by sys_clk_pin  {rise@0.000ns fall@5.000ns period=10.000ns})
  Destination:            led[0]
                            (output port)
  Path Group:             (none)
  Path Type:              Min at Fast Process Corner
  Data Path Delay:        2.031ns  (logic 1.455ns (71.634%)  route 0.576ns (28.366%))
  Logic Levels:           2  (LUT4=1 OBUF=1)
  Clock Uncertainty:      0.025ns  ((TSJ^2 + TIJ^2)^1/2 + DJ) / 2 + PE
    Total System Jitter     (TSJ):    0.050ns
    Total Input Jitter      (TIJ):    0.000ns
    Discrete Jitter          (DJ):    0.000ns
    Phase Error              (PE):    0.000ns

    Location             Delay type                Incr(ns)  Path(ns)    Netlist Resource(s)
  -------------------------------------------------------------------    -------------------
                         (clock sys_clk_pin rise edge)
                                                      0.000     0.000 r  
    W5                                                0.000     0.000 r  clk (IN)
                         net (fo=0)                   0.000     0.000    clk
    W5                   IBUF (Prop_ibuf_I_O)         0.226     0.226 r  clk_IBUF_inst/O
                         net (fo=1, routed)           0.631     0.858    clk_IBUF
    BUFGCTRL_X0Y0        BUFG (Prop_bufg_I_O)         0.026     0.884 r  clk_IBUF_BUFG_inst/O
                         net (fo=28, routed)          0.593     1.476    U1/clk
    SLICE_X0Y10          FDRE                                         r  U1/count_reg[25]/C
  -------------------------------------------------------------------    -------------------
    SLICE_X0Y10          FDRE (Prop_fdre_C_Q)         0.141     1.617 f  U1/count_reg[25]/Q
                         net (fo=9, routed)           0.160     1.777    U1/p_0_in[0]
    SLICE_X1Y10          LUT4 (Prop_lut4_I2_O)        0.046     1.823 r  U1/led_OBUF[0]_inst_i_1/O
                         net (fo=1, routed)           0.416     2.239    led_OBUF[0]
    U16                  OBUF (Prop_obuf_I_O)         1.268     3.507 r  led_OBUF[0]_inst/O
                         net (fo=0)                   0.000     3.507    led[0]
    U16                                                               r  led[0] (OUT)
  -------------------------------------------------------------------    -------------------

Slack:                    inf
  Source:                 U1/count_reg[25]/C
                            (rising edge-triggered cell FDRE clocked by sys_clk_pin  {rise@0.000ns fall@5.000ns period=10.000ns})
  Destination:            led[2]
                            (output port)
  Path Group:             (none)
  Path Type:              Min at Fast Process Corner
  Data Path Delay:        2.045ns  (logic 1.388ns (67.864%)  route 0.657ns (32.136%))
  Logic Levels:           2  (LUT4=1 OBUF=1)
  Clock Uncertainty:      0.025ns  ((TSJ^2 + TIJ^2)^1/2 + DJ) / 2 + PE
    Total System Jitter     (TSJ):    0.050ns
    Total Input Jitter      (TIJ):    0.000ns
    Discrete Jitter          (DJ):    0.000ns
    Phase Error              (PE):    0.000ns

    Location             Delay type                Incr(ns)  Path(ns)    Netlist Resource(s)
  -------------------------------------------------------------------    -------------------
                         (clock sys_clk_pin rise edge)
                                                      0.000     0.000 r  
    W5                                                0.000     0.000 r  clk (IN)
                         net (fo=0)                   0.000     0.000    clk
    W5                   IBUF (Prop_ibuf_I_O)         0.226     0.226 r  clk_IBUF_inst/O
                         net (fo=1, routed)           0.631     0.858    clk_IBUF
    BUFGCTRL_X0Y0        BUFG (Prop_bufg_I_O)         0.026     0.884 r  clk_IBUF_BUFG_inst/O
                         net (fo=28, routed)          0.593     1.476    U1/clk
    SLICE_X0Y10          FDRE                                         r  U1/count_reg[25]/C
  -------------------------------------------------------------------    -------------------
    SLICE_X0Y10          FDRE (Prop_fdre_C_Q)         0.141     1.617 f  U1/count_reg[25]/Q
                         net (fo=9, routed)           0.160     1.777    U1/p_0_in[0]
    SLICE_X1Y10          LUT4 (Prop_lut4_I2_O)        0.045     1.822 r  U1/led_OBUF[2]_inst_i_1/O
                         net (fo=1, routed)           0.497     2.319    led_OBUF[2]
    U19                  OBUF (Prop_obuf_I_O)         1.202     3.522 r  led_OBUF[2]_inst/O
                         net (fo=0)                   0.000     3.522    led[2]
    U19                                                               r  led[2] (OUT)
  -------------------------------------------------------------------    -------------------

Slack:                    inf
  Source:                 U1/count_reg[26]/C
                            (rising edge-triggered cell FDRE clocked by sys_clk_pin  {rise@0.000ns fall@5.000ns period=10.000ns})
  Destination:            led[6]
                            (output port)
  Path Group:             (none)
  Path Type:              Min at Fast Process Corner
  Data Path Delay:        2.105ns  (logic 1.393ns (66.193%)  route 0.712ns (33.807%))
  Logic Levels:           2  (LUT4=1 OBUF=1)
  Clock Uncertainty:      0.025ns  ((TSJ^2 + TIJ^2)^1/2 + DJ) / 2 + PE
    Total System Jitter     (TSJ):    0.050ns
    Total Input Jitter      (TIJ):    0.000ns
    Discrete Jitter          (DJ):    0.000ns
    Phase Error              (PE):    0.000ns

    Location             Delay type                Incr(ns)  Path(ns)    Netlist Resource(s)
  -------------------------------------------------------------------    -------------------
                         (clock sys_clk_pin rise edge)
                                                      0.000     0.000 r  
    W5                                                0.000     0.000 r  clk (IN)
                         net (fo=0)                   0.000     0.000    clk
    W5                   IBUF (Prop_ibuf_I_O)         0.226     0.226 r  clk_IBUF_inst/O
                         net (fo=1, routed)           0.631     0.858    clk_IBUF
    BUFGCTRL_X0Y0        BUFG (Prop_bufg_I_O)         0.026     0.884 r  clk_IBUF_BUFG_inst/O
                         net (fo=28, routed)          0.593     1.476    U1/clk
    SLICE_X0Y10          FDRE                                         r  U1/count_reg[26]/C
  -------------------------------------------------------------------    -------------------
    SLICE_X0Y10          FDRE (Prop_fdre_C_Q)         0.141     1.617 r  U1/count_reg[26]/Q
                         net (fo=9, routed)           0.344     1.961    U1/p_0_in[1]
    SLICE_X1Y6           LUT4 (Prop_lut4_I0_O)        0.045     2.006 r  U1/led_OBUF[6]_inst_i_1/O
                         net (fo=1, routed)           0.367     2.374    led_OBUF[6]
    U14                  OBUF (Prop_obuf_I_O)         1.207     3.581 r  led_OBUF[6]_inst/O
                         net (fo=0)                   0.000     3.581    led[6]
    U14                                                               r  led[6] (OUT)
  -------------------------------------------------------------------    -------------------

Slack:                    inf
  Source:                 U1/count_reg[25]/C
                            (rising edge-triggered cell FDRE clocked by sys_clk_pin  {rise@0.000ns fall@5.000ns period=10.000ns})
  Destination:            led[3]
                            (output port)
  Path Group:             (none)
  Path Type:              Min at Fast Process Corner
  Data Path Delay:        2.129ns  (logic 1.463ns (68.718%)  route 0.666ns (31.282%))
  Logic Levels:           2  (LUT4=1 OBUF=1)
  Clock Uncertainty:      0.025ns  ((TSJ^2 + TIJ^2)^1/2 + DJ) / 2 + PE
    Total System Jitter     (TSJ):    0.050ns
    Total Input Jitter      (TIJ):    0.000ns
    Discrete Jitter          (DJ):    0.000ns
    Phase Error              (PE):    0.000ns

    Location             Delay type                Incr(ns)  Path(ns)    Netlist Resource(s)
  -------------------------------------------------------------------    -------------------
                         (clock sys_clk_pin rise edge)
                                                      0.000     0.000 r  
    W5                                                0.000     0.000 r  clk (IN)
                         net (fo=0)                   0.000     0.000    clk
    W5                   IBUF (Prop_ibuf_I_O)         0.226     0.226 r  clk_IBUF_inst/O
                         net (fo=1, routed)           0.631     0.858    clk_IBUF
    BUFGCTRL_X0Y0        BUFG (Prop_bufg_I_O)         0.026     0.884 r  clk_IBUF_BUFG_inst/O
                         net (fo=28, routed)          0.593     1.476    U1/clk
    SLICE_X0Y10          FDRE                                         r  U1/count_reg[25]/C
  -------------------------------------------------------------------    -------------------
    SLICE_X0Y10          FDRE (Prop_fdre_C_Q)         0.141     1.617 r  U1/count_reg[25]/Q
                         net (fo=9, routed)           0.160     1.777    U1/p_0_in[0]
    SLICE_X1Y10          LUT4 (Prop_lut4_I2_O)        0.045     1.822 r  U1/led_OBUF[3]_inst_i_1/O
                         net (fo=1, routed)           0.506     2.328    led_OBUF[3]
    V19                  OBUF (Prop_obuf_I_O)         1.277     3.605 r  led_OBUF[3]_inst/O
                         net (fo=0)                   0.000     3.605    led[3]
    V19                                                               r  led[3] (OUT)
  -------------------------------------------------------------------    -------------------

Slack:                    inf
  Source:                 U1/count_reg[26]/C
                            (rising edge-triggered cell FDRE clocked by sys_clk_pin  {rise@0.000ns fall@5.000ns period=10.000ns})
  Destination:            led[7]
                            (output port)
  Path Group:             (none)
  Path Type:              Min at Fast Process Corner
  Data Path Delay:        2.219ns  (logic 1.453ns (65.473%)  route 0.766ns (34.527%))
  Logic Levels:           2  (LUT4=1 OBUF=1)
  Clock Uncertainty:      0.025ns  ((TSJ^2 + TIJ^2)^1/2 + DJ) / 2 + PE
    Total System Jitter     (TSJ):    0.050ns
    Total Input Jitter      (TIJ):    0.000ns
    Discrete Jitter          (DJ):    0.000ns
    Phase Error              (PE):    0.000ns

    Location             Delay type                Incr(ns)  Path(ns)    Netlist Resource(s)
  -------------------------------------------------------------------    -------------------
                         (clock sys_clk_pin rise edge)
                                                      0.000     0.000 r  
    W5                                                0.000     0.000 r  clk (IN)
                         net (fo=0)                   0.000     0.000    clk
    W5                   IBUF (Prop_ibuf_I_O)         0.226     0.226 r  clk_IBUF_inst/O
                         net (fo=1, routed)           0.631     0.858    clk_IBUF
    BUFGCTRL_X0Y0        BUFG (Prop_bufg_I_O)         0.026     0.884 r  clk_IBUF_BUFG_inst/O
                         net (fo=28, routed)          0.593     1.476    U1/clk
    SLICE_X0Y10          FDRE                                         r  U1/count_reg[26]/C
  -------------------------------------------------------------------    -------------------
    SLICE_X0Y10          FDRE (Prop_fdre_C_Q)         0.141     1.617 r  U1/count_reg[26]/Q
                         net (fo=9, routed)           0.344     1.961    U1/p_0_in[1]
    SLICE_X1Y6           LUT4 (Prop_lut4_I0_O)        0.048     2.009 r  U1/led_OBUF[7]_inst_i_1/O
                         net (fo=1, routed)           0.422     2.431    led_OBUF[7]
    V14                  OBUF (Prop_obuf_I_O)         1.264     3.695 r  led_OBUF[7]_inst/O
                         net (fo=0)                   0.000     3.695    led[7]
    V14                                                               r  led[7] (OUT)
  -------------------------------------------------------------------    -------------------

Slack:                    inf
  Source:                 U1/count_reg[26]/C
                            (rising edge-triggered cell FDRE clocked by sys_clk_pin  {rise@0.000ns fall@5.000ns period=10.000ns})
  Destination:            led[5]
                            (output port)
  Path Group:             (none)
  Path Type:              Min at Fast Process Corner
  Data Path Delay:        2.238ns  (logic 1.461ns (65.254%)  route 0.778ns (34.746%))
  Logic Levels:           2  (LUT4=1 OBUF=1)
  Clock Uncertainty:      0.025ns  ((TSJ^2 + TIJ^2)^1/2 + DJ) / 2 + PE
    Total System Jitter     (TSJ):    0.050ns
    Total Input Jitter      (TIJ):    0.000ns
    Discrete Jitter          (DJ):    0.000ns
    Phase Error              (PE):    0.000ns

    Location             Delay type                Incr(ns)  Path(ns)    Netlist Resource(s)
  -------------------------------------------------------------------    -------------------
                         (clock sys_clk_pin rise edge)
                                                      0.000     0.000 r  
    W5                                                0.000     0.000 r  clk (IN)
                         net (fo=0)                   0.000     0.000    clk
    W5                   IBUF (Prop_ibuf_I_O)         0.226     0.226 r  clk_IBUF_inst/O
                         net (fo=1, routed)           0.631     0.858    clk_IBUF
    BUFGCTRL_X0Y0        BUFG (Prop_bufg_I_O)         0.026     0.884 r  clk_IBUF_BUFG_inst/O
                         net (fo=28, routed)          0.593     1.476    U1/clk
    SLICE_X0Y10          FDRE                                         r  U1/count_reg[26]/C
  -------------------------------------------------------------------    -------------------
    SLICE_X0Y10          FDRE (Prop_fdre_C_Q)         0.141     1.617 f  U1/count_reg[26]/Q
                         net (fo=9, routed)           0.363     1.980    U1/p_0_in[1]
    SLICE_X1Y7           LUT4 (Prop_lut4_I0_O)        0.042     2.022 r  U1/led_OBUF[5]_inst_i_1/O
                         net (fo=1, routed)           0.414     2.437    led_OBUF[5]
    U15                  OBUF (Prop_obuf_I_O)         1.278     3.714 r  led_OBUF[5]_inst/O
                         net (fo=0)                   0.000     3.714    led[5]
    U15                                                               r  led[5] (OUT)
  -------------------------------------------------------------------    -------------------

Slack:                    inf
  Source:                 U1/count_reg[26]/C
                            (rising edge-triggered cell FDRE clocked by sys_clk_pin  {rise@0.000ns fall@5.000ns period=10.000ns})
  Destination:            led[4]
                            (output port)
  Path Group:             (none)
  Path Type:              Min at Fast Process Corner
  Data Path Delay:        2.250ns  (logic 1.396ns (62.040%)  route 0.854ns (37.960%))
  Logic Levels:           2  (LUT4=1 OBUF=1)
  Clock Uncertainty:      0.025ns  ((TSJ^2 + TIJ^2)^1/2 + DJ) / 2 + PE
    Total System Jitter     (TSJ):    0.050ns
    Total Input Jitter      (TIJ):    0.000ns
    Discrete Jitter          (DJ):    0.000ns
    Phase Error              (PE):    0.000ns

    Location             Delay type                Incr(ns)  Path(ns)    Netlist Resource(s)
  -------------------------------------------------------------------    -------------------
                         (clock sys_clk_pin rise edge)
                                                      0.000     0.000 r  
    W5                                                0.000     0.000 r  clk (IN)
                         net (fo=0)                   0.000     0.000    clk
    W5                   IBUF (Prop_ibuf_I_O)         0.226     0.226 r  clk_IBUF_inst/O
                         net (fo=1, routed)           0.631     0.858    clk_IBUF
    BUFGCTRL_X0Y0        BUFG (Prop_bufg_I_O)         0.026     0.884 r  clk_IBUF_BUFG_inst/O
                         net (fo=28, routed)          0.593     1.476    U1/clk
    SLICE_X0Y10          FDRE                                         r  U1/count_reg[26]/C
  -------------------------------------------------------------------    -------------------
    SLICE_X0Y10          FDRE (Prop_fdre_C_Q)         0.141     1.617 f  U1/count_reg[26]/Q
                         net (fo=9, routed)           0.363     1.980    U1/p_0_in[1]
    SLICE_X1Y7           LUT4 (Prop_lut4_I0_O)        0.045     2.025 r  U1/led_OBUF[4]_inst_i_1/O
                         net (fo=1, routed)           0.491     2.516    led_OBUF[4]
    W18                  OBUF (Prop_obuf_I_O)         1.210     3.726 r  led_OBUF[4]_inst/O
                         net (fo=0)                   0.000     3.726    led[4]
    W18                                                               r  led[4] (OUT)
  -------------------------------------------------------------------    -------------------

Slack:                    inf
  Source:                 U1/count_reg[25]/C
                            (rising edge-triggered cell FDRE clocked by sys_clk_pin  {rise@0.000ns fall@5.000ns period=10.000ns})
  Destination:            led[1]
                            (output port)
  Path Group:             (none)
  Path Type:              Min at Fast Process Corner
  Data Path Delay:        2.299ns  (logic 1.417ns (61.626%)  route 0.882ns (38.374%))
  Logic Levels:           2  (LUT4=1 OBUF=1)
  Clock Uncertainty:      0.025ns  ((TSJ^2 + TIJ^2)^1/2 + DJ) / 2 + PE
    Total System Jitter     (TSJ):    0.050ns
    Total Input Jitter      (TIJ):    0.000ns
    Discrete Jitter          (DJ):    0.000ns
    Phase Error              (PE):    0.000ns

    Location             Delay type                Incr(ns)  Path(ns)    Netlist Resource(s)
  -------------------------------------------------------------------    -------------------
                         (clock sys_clk_pin rise edge)
                                                      0.000     0.000 r  
    W5                                                0.000     0.000 r  clk (IN)
                         net (fo=0)                   0.000     0.000    clk
    W5                   IBUF (Prop_ibuf_I_O)         0.226     0.226 r  clk_IBUF_inst/O
                         net (fo=1, routed)           0.631     0.858    clk_IBUF
    BUFGCTRL_X0Y0        BUFG (Prop_bufg_I_O)         0.026     0.884 r  clk_IBUF_BUFG_inst/O
                         net (fo=28, routed)          0.593     1.476    U1/clk
    SLICE_X0Y10          FDRE                                         r  U1/count_reg[25]/C
  -------------------------------------------------------------------    -------------------
    SLICE_X0Y10          FDRE (Prop_fdre_C_Q)         0.141     1.617 r  U1/count_reg[25]/Q
                         net (fo=9, routed)           0.160     1.777    U1/p_0_in[0]
    SLICE_X1Y10          LUT4 (Prop_lut4_I2_O)        0.045     1.822 r  U1/led_OBUF[1]_inst_i_1/O
                         net (fo=1, routed)           0.722     2.544    led_OBUF[1]
    E19                  OBUF (Prop_obuf_I_O)         1.231     3.775 r  led_OBUF[1]_inst/O
                         net (fo=0)                   0.000     3.775    led[1]
    E19                                                               r  led[1] (OUT)
  -------------------------------------------------------------------    -------------------





