Copyright 1986-2022 Xilinx, Inc. All Rights Reserved.
---------------------------------------------------------------------------------------------------------------------------------------------------------------------------------------------------------
| Tool Version : Vivado v.2022.1 (win64) Build 3526262 Mon Apr 18 15:48:16 MDT 2022
| Date         : Thu May 14 18:04:02 2026
| Host         : DESKTOP-TM7VUND running 64-bit major release  (build 9200)
| Command      : report_timing_summary -max_paths 10 -report_unconstrained -file req2_timing_summary_routed.rpt -pb req2_timing_summary_routed.pb -rpx req2_timing_summary_routed.rpx -warn_on_violation
| Design       : req2
| Device       : 7a35t-cpg236
| Speed File   : -1  PRODUCTION 1.23 2018-06-13
---------------------------------------------------------------------------------------------------------------------------------------------------------------------------------------------------------

Timing Summary Report

------------------------------------------------------------------------------------------------
| Timer Settings
| --------------
------------------------------------------------------------------------------------------------

  Enable Multi Corner Analysis               :  Yes
  Enable Pessimism Removal                   :  Yes
  Pessimism Removal Resolution               :  Nearest Common Node
  Enable Input Delay Default Clock           :  No
  Enable Preset / Clear Arcs                 :  No
  Disable Flight Delays                      :  No
  Ignore I/O Paths                           :  No
  Timing Early Launch at Borrowing Latches   :  No
  Borrow Time for Max Delay Exceptions       :  Yes
  Merge Timing Exceptions                    :  Yes

  Corner  Analyze    Analyze    
  Name    Max Paths  Min Paths  
  ------  ---------  ---------  
  Slow    Yes        Yes        
  Fast    Yes        Yes        


------------------------------------------------------------------------------------------------
| Report Methodology
| ------------------
------------------------------------------------------------------------------------------------

Rule       Severity  Description                    Violations  
---------  --------  -----------------------------  ----------  
TIMING-18  Warning   Missing input or output delay  30          

Note: This report is based on the most recent report_methodology run and may not be up-to-date. Run report_methodology on the current design for the latest report.



check_timing report

Table of Contents
-----------------
1. checking no_clock (0)
2. checking constant_clock (0)
3. checking pulse_width_clock (0)
4. checking unconstrained_internal_endpoints (0)
5. checking no_input_delay (11)
6. checking no_output_delay (15)
7. checking multiple_clock (0)
8. checking generated_clocks (0)
9. checking loops (0)
10. checking partial_input_delay (0)
11. checking partial_output_delay (0)
12. checking latch_loops (0)

1. checking no_clock (0)
------------------------
 There are 0 register/latch pins with no clock.


2. checking constant_clock (0)
------------------------------
 There are 0 register/latch pins with constant_clock.


3. checking pulse_width_clock (0)
---------------------------------
 There are 0 register/latch pins which need pulse_width check


4. checking unconstrained_internal_endpoints (0)
------------------------------------------------
 There are 0 pins that are not constrained for maximum delay.

 There are 0 pins that are not constrained for maximum delay due to constant clock.


5. checking no_input_delay (11)
-------------------------------
 There are 11 input ports with no input delay specified. (HIGH)

 There are 0 input ports with no input delay but user has a false path constraint.


6. checking no_output_delay (15)
--------------------------------
 There are 15 ports with no output delay specified. (HIGH)

 There are 0 ports with no output delay but user has a false path constraint

 There are 0 ports with no output delay but with a timing clock defined on it or propagating through it


7. checking multiple_clock (0)
------------------------------
 There are 0 register/latch pins with multiple clocks.


8. checking generated_clocks (0)
--------------------------------
 There are 0 generated clocks that are not connected to a clock source.


9. checking loops (0)
---------------------
 There are 0 combinational loops in the design.


10. checking partial_input_delay (0)
------------------------------------
 There are 0 input ports with partial input delay specified.


11. checking partial_output_delay (0)
-------------------------------------
 There are 0 ports with partial output delay specified.


12. checking latch_loops (0)
----------------------------
 There are 0 combinational latch loops in the design through latch input



------------------------------------------------------------------------------------------------
| Design Timing Summary
| ---------------------
------------------------------------------------------------------------------------------------

    WNS(ns)      TNS(ns)  TNS Failing Endpoints  TNS Total Endpoints      WHS(ns)      THS(ns)  THS Failing Endpoints  THS Total Endpoints     WPWS(ns)     TPWS(ns)  TPWS Failing Endpoints  TPWS Total Endpoints  
    -------      -------  ---------------------  -------------------      -------      -------  ---------------------  -------------------     --------     --------  ----------------------  --------------------  
      7.824        0.000                      0                   19        0.133        0.000                      0                   19        4.500        0.000                       0                    36  


All user specified timing constraints are met.


------------------------------------------------------------------------------------------------
| Clock Summary
| -------------
------------------------------------------------------------------------------------------------

Clock        Waveform(ns)       Period(ns)      Frequency(MHz)
-----        ------------       ----------      --------------
sys_clk_pin  {0.000 5.000}      10.000          100.000         


------------------------------------------------------------------------------------------------
| Intra Clock Table
| -----------------
------------------------------------------------------------------------------------------------

Clock             WNS(ns)      TNS(ns)  TNS Failing Endpoints  TNS Total Endpoints      WHS(ns)      THS(ns)  THS Failing Endpoints  THS Total Endpoints     WPWS(ns)     TPWS(ns)  TPWS Failing Endpoints  TPWS Total Endpoints  
-----             -------      -------  ---------------------  -------------------      -------      -------  ---------------------  -------------------     --------     --------  ----------------------  --------------------  
sys_clk_pin         7.824        0.000                      0                   19        0.133        0.000                      0                   19        4.500        0.000                       0                    36  


------------------------------------------------------------------------------------------------
| Inter Clock Table
| -----------------
------------------------------------------------------------------------------------------------

From Clock    To Clock          WNS(ns)      TNS(ns)  TNS Failing Endpoints  TNS Total Endpoints      WHS(ns)      THS(ns)  THS Failing Endpoints  THS Total Endpoints  
----------    --------          -------      -------  ---------------------  -------------------      -------      -------  ---------------------  -------------------  


------------------------------------------------------------------------------------------------
| Other Path Groups Table
| -----------------------
------------------------------------------------------------------------------------------------

Path Group    From Clock    To Clock          WNS(ns)      TNS(ns)  TNS Failing Endpoints  TNS Total Endpoints      WHS(ns)      THS(ns)  THS Failing Endpoints  THS Total Endpoints  
----------    ----------    --------          -------      -------  ---------------------  -------------------      -------      -------  ---------------------  -------------------  


------------------------------------------------------------------------------------------------
| User Ignored Path Table
| -----------------------
------------------------------------------------------------------------------------------------

Path Group    From Clock    To Clock    
----------    ----------    --------    


------------------------------------------------------------------------------------------------
| Unconstrained Path Table
| ------------------------
------------------------------------------------------------------------------------------------

Path Group    From Clock    To Clock    
----------    ----------    --------    
(none)                                    
(none)        sys_clk_pin                 
(none)                      sys_clk_pin   


------------------------------------------------------------------------------------------------
| Timing Details
| --------------
------------------------------------------------------------------------------------------------


---------------------------------------------------------------------------------------------------
From Clock:  sys_clk_pin
  To Clock:  sys_clk_pin

Setup :            0  Failing Endpoints,  Worst Slack        7.824ns,  Total Violation        0.000ns
Hold  :            0  Failing Endpoints,  Worst Slack        0.133ns,  Total Violation        0.000ns
PW    :            0  Failing Endpoints,  Worst Slack        4.500ns,  Total Violation        0.000ns
---------------------------------------------------------------------------------------------------


Max Delay Paths
--------------------------------------------------------------------------------------
Slack (MET) :             7.824ns  (required time - arrival time)
  Source:                 refresh_counter_reg[1]/C
                            (rising edge-triggered cell FDRE clocked by sys_clk_pin  {rise@0.000ns fall@5.000ns period=10.000ns})
  Destination:            refresh_counter_reg[16]/D
                            (rising edge-triggered cell FDRE clocked by sys_clk_pin  {rise@0.000ns fall@5.000ns period=10.000ns})
  Path Group:             sys_clk_pin
  Path Type:              Setup (Max at Slow Process Corner)
  Requirement:            10.000ns  (sys_clk_pin rise@10.000ns - sys_clk_pin rise@0.000ns)
  Data Path Delay:        2.175ns  (logic 1.695ns (77.914%)  route 0.480ns (22.086%))
  Logic Levels:           5  (CARRY4=5)
  Clock Path Skew:        -0.027ns (DCD - SCD + CPR)
    Destination Clock Delay (DCD):    4.785ns = ( 14.785 - 10.000 ) 
    Source Clock Delay      (SCD):    5.086ns
    Clock Pessimism Removal (CPR):    0.274ns
  Clock Uncertainty:      0.035ns  ((TSJ^2 + TIJ^2)^1/2 + DJ) / 2 + PE
    Total System Jitter     (TSJ):    0.071ns
    Total Input Jitter      (TIJ):    0.000ns
    Discrete Jitter          (DJ):    0.000ns
    Phase Error              (PE):    0.000ns

    Location             Delay type                Incr(ns)  Path(ns)    Netlist Resource(s)
  -------------------------------------------------------------------    -------------------
                         (clock sys_clk_pin rise edge)
                                                      0.000     0.000 r  
    W5                                                0.000     0.000 r  clk (IN)
                         net (fo=0)                   0.000     0.000    clk
    W5                   IBUF (Prop_ibuf_I_O)         1.458     1.458 r  clk_IBUF_inst/O
                         net (fo=1, routed)           1.967     3.425    clk_IBUF
    BUFGCTRL_X0Y0        BUFG (Prop_bufg_I_O)         0.096     3.521 r  clk_IBUF_BUFG_inst/O
                         net (fo=35, routed)          1.565     5.086    clk_IBUF_BUFG
    SLICE_X29Y7          FDRE                                         r  refresh_counter_reg[1]/C
  -------------------------------------------------------------------    -------------------
    SLICE_X29Y7          FDRE (Prop_fdre_C_Q)         0.456     5.542 r  refresh_counter_reg[1]/Q
                         net (fo=1, routed)           0.480     6.023    refresh_counter_reg_n_0_[1]
    SLICE_X29Y7          CARRY4 (Prop_carry4_S[1]_CO[3])
                                                      0.674     6.697 r  refresh_counter_reg[0]_i_1/CO[3]
                         net (fo=1, routed)           0.000     6.697    refresh_counter_reg[0]_i_1_n_0
    SLICE_X29Y8          CARRY4 (Prop_carry4_CI_CO[3])
                                                      0.114     6.811 r  refresh_counter_reg[4]_i_1/CO[3]
                         net (fo=1, routed)           0.000     6.811    refresh_counter_reg[4]_i_1_n_0
    SLICE_X29Y9          CARRY4 (Prop_carry4_CI_CO[3])
                                                      0.114     6.925 r  refresh_counter_reg[8]_i_1/CO[3]
                         net (fo=1, routed)           0.000     6.925    refresh_counter_reg[8]_i_1_n_0
    SLICE_X29Y10         CARRY4 (Prop_carry4_CI_CO[3])
                                                      0.114     7.039 r  refresh_counter_reg[12]_i_1/CO[3]
                         net (fo=1, routed)           0.000     7.039    refresh_counter_reg[12]_i_1_n_0
    SLICE_X29Y11         CARRY4 (Prop_carry4_CI_O[0])
                                                      0.223     7.262 r  refresh_counter_reg[16]_i_1/O[0]
                         net (fo=1, routed)           0.000     7.262    refresh_counter_reg[16]_i_1_n_7
    SLICE_X29Y11         FDRE                                         r  refresh_counter_reg[16]/D
  -------------------------------------------------------------------    -------------------

                         (clock sys_clk_pin rise edge)
                                                     10.000    10.000 r  
    W5                                                0.000    10.000 r  clk (IN)
                         net (fo=0)                   0.000    10.000    clk
    W5                   IBUF (Prop_ibuf_I_O)         1.388    11.388 r  clk_IBUF_inst/O
                         net (fo=1, routed)           1.862    13.250    clk_IBUF
    BUFGCTRL_X0Y0        BUFG (Prop_bufg_I_O)         0.091    13.341 r  clk_IBUF_BUFG_inst/O
                         net (fo=35, routed)          1.444    14.785    clk_IBUF_BUFG
    SLICE_X29Y11         FDRE                                         r  refresh_counter_reg[16]/C
                         clock pessimism              0.274    15.059    
                         clock uncertainty           -0.035    15.024    
    SLICE_X29Y11         FDRE (Setup_fdre_C_D)        0.062    15.086    refresh_counter_reg[16]
  -------------------------------------------------------------------
                         required time                         15.086    
                         arrival time                          -7.262    
  -------------------------------------------------------------------
                         slack                                  7.824    

Slack (MET) :             7.828ns  (required time - arrival time)
  Source:                 refresh_counter_reg[1]/C
                            (rising edge-triggered cell FDRE clocked by sys_clk_pin  {rise@0.000ns fall@5.000ns period=10.000ns})
  Destination:            refresh_counter_reg[13]/D
                            (rising edge-triggered cell FDRE clocked by sys_clk_pin  {rise@0.000ns fall@5.000ns period=10.000ns})
  Path Group:             sys_clk_pin
  Path Type:              Setup (Max at Slow Process Corner)
  Requirement:            10.000ns  (sys_clk_pin rise@10.000ns - sys_clk_pin rise@0.000ns)
  Data Path Delay:        2.172ns  (logic 1.692ns (77.883%)  route 0.480ns (22.117%))
  Logic Levels:           4  (CARRY4=4)
  Clock Path Skew:        -0.026ns (DCD - SCD + CPR)
    Destination Clock Delay (DCD):    4.786ns = ( 14.786 - 10.000 ) 
    Source Clock Delay      (SCD):    5.086ns
    Clock Pessimism Removal (CPR):    0.274ns
  Clock Uncertainty:      0.035ns  ((TSJ^2 + TIJ^2)^1/2 + DJ) / 2 + PE
    Total System Jitter     (TSJ):    0.071ns
    Total Input Jitter      (TIJ):    0.000ns
    Discrete Jitter          (DJ):    0.000ns
    Phase Error              (PE):    0.000ns

    Location             Delay type                Incr(ns)  Path(ns)    Netlist Resource(s)
  -------------------------------------------------------------------    -------------------
                         (clock sys_clk_pin rise edge)
                                                      0.000     0.000 r  
    W5                                                0.000     0.000 r  clk (IN)
                         net (fo=0)                   0.000     0.000    clk
    W5                   IBUF (Prop_ibuf_I_O)         1.458     1.458 r  clk_IBUF_inst/O
                         net (fo=1, routed)           1.967     3.425    clk_IBUF
    BUFGCTRL_X0Y0        BUFG (Prop_bufg_I_O)         0.096     3.521 r  clk_IBUF_BUFG_inst/O
                         net (fo=35, routed)          1.565     5.086    clk_IBUF_BUFG
    SLICE_X29Y7          FDRE                                         r  refresh_counter_reg[1]/C
  -------------------------------------------------------------------    -------------------
    SLICE_X29Y7          FDRE (Prop_fdre_C_Q)         0.456     5.542 r  refresh_counter_reg[1]/Q
                         net (fo=1, routed)           0.480     6.023    refresh_counter_reg_n_0_[1]
    SLICE_X29Y7          CARRY4 (Prop_carry4_S[1]_CO[3])
                                                      0.674     6.697 r  refresh_counter_reg[0]_i_1/CO[3]
                         net (fo=1, routed)           0.000     6.697    refresh_counter_reg[0]_i_1_n_0
    SLICE_X29Y8          CARRY4 (Prop_carry4_CI_CO[3])
                                                      0.114     6.811 r  refresh_counter_reg[4]_i_1/CO[3]
                         net (fo=1, routed)           0.000     6.811    refresh_counter_reg[4]_i_1_n_0
    SLICE_X29Y9          CARRY4 (Prop_carry4_CI_CO[3])
                                                      0.114     6.925 r  refresh_counter_reg[8]_i_1/CO[3]
                         net (fo=1, routed)           0.000     6.925    refresh_counter_reg[8]_i_1_n_0
    SLICE_X29Y10         CARRY4 (Prop_carry4_CI_O[1])
                                                      0.334     7.259 r  refresh_counter_reg[12]_i_1/O[1]
                         net (fo=1, routed)           0.000     7.259    refresh_counter_reg[12]_i_1_n_6
    SLICE_X29Y10         FDRE                                         r  refresh_counter_reg[13]/D
  -------------------------------------------------------------------    -------------------

                         (clock sys_clk_pin rise edge)
                                                     10.000    10.000 r  
    W5                                                0.000    10.000 r  clk (IN)
                         net (fo=0)                   0.000    10.000    clk
    W5                   IBUF (Prop_ibuf_I_O)         1.388    11.388 r  clk_IBUF_inst/O
                         net (fo=1, routed)           1.862    13.250    clk_IBUF
    BUFGCTRL_X0Y0        BUFG (Prop_bufg_I_O)         0.091    13.341 r  clk_IBUF_BUFG_inst/O
                         net (fo=35, routed)          1.445    14.786    clk_IBUF_BUFG
    SLICE_X29Y10         FDRE                                         r  refresh_counter_reg[13]/C
                         clock pessimism              0.274    15.060    
                         clock uncertainty           -0.035    15.025    
    SLICE_X29Y10         FDRE (Setup_fdre_C_D)        0.062    15.087    refresh_counter_reg[13]
  -------------------------------------------------------------------
                         required time                         15.087    
                         arrival time                          -7.259    
  -------------------------------------------------------------------
                         slack                                  7.828    

Slack (MET) :             7.849ns  (required time - arrival time)
  Source:                 refresh_counter_reg[1]/C
                            (rising edge-triggered cell FDRE clocked by sys_clk_pin  {rise@0.000ns fall@5.000ns period=10.000ns})
  Destination:            refresh_counter_reg[15]/D
                            (rising edge-triggered cell FDRE clocked by sys_clk_pin  {rise@0.000ns fall@5.000ns period=10.000ns})
  Path Group:             sys_clk_pin
  Path Type:              Setup (Max at Slow Process Corner)
  Requirement:            10.000ns  (sys_clk_pin rise@10.000ns - sys_clk_pin rise@0.000ns)
  Data Path Delay:        2.151ns  (logic 1.671ns (77.667%)  route 0.480ns (22.333%))
  Logic Levels:           4  (CARRY4=4)
  Clock Path Skew:        -0.026ns (DCD - SCD + CPR)
    Destination Clock Delay (DCD):    4.786ns = ( 14.786 - 10.000 ) 
    Source Clock Delay      (SCD):    5.086ns
    Clock Pessimism Removal (CPR):    0.274ns
  Clock Uncertainty:      0.035ns  ((TSJ^2 + TIJ^2)^1/2 + DJ) / 2 + PE
    Total System Jitter     (TSJ):    0.071ns
    Total Input Jitter      (TIJ):    0.000ns
    Discrete Jitter          (DJ):    0.000ns
    Phase Error              (PE):    0.000ns

    Location             Delay type                Incr(ns)  Path(ns)    Netlist Resource(s)
  -------------------------------------------------------------------    -------------------
                         (clock sys_clk_pin rise edge)
                                                      0.000     0.000 r  
    W5                                                0.000     0.000 r  clk (IN)
                         net (fo=0)                   0.000     0.000    clk
    W5                   IBUF (Prop_ibuf_I_O)         1.458     1.458 r  clk_IBUF_inst/O
                         net (fo=1, routed)           1.967     3.425    clk_IBUF
    BUFGCTRL_X0Y0        BUFG (Prop_bufg_I_O)         0.096     3.521 r  clk_IBUF_BUFG_inst/O
                         net (fo=35, routed)          1.565     5.086    clk_IBUF_BUFG
    SLICE_X29Y7          FDRE                                         r  refresh_counter_reg[1]/C
  -------------------------------------------------------------------    -------------------
    SLICE_X29Y7          FDRE (Prop_fdre_C_Q)         0.456     5.542 r  refresh_counter_reg[1]/Q
                         net (fo=1, routed)           0.480     6.023    refresh_counter_reg_n_0_[1]
    SLICE_X29Y7          CARRY4 (Prop_carry4_S[1]_CO[3])
                                                      0.674     6.697 r  refresh_counter_reg[0]_i_1/CO[3]
                         net (fo=1, routed)           0.000     6.697    refresh_counter_reg[0]_i_1_n_0
    SLICE_X29Y8          CARRY4 (Prop_carry4_CI_CO[3])
                                                      0.114     6.811 r  refresh_counter_reg[4]_i_1/CO[3]
                         net (fo=1, routed)           0.000     6.811    refresh_counter_reg[4]_i_1_n_0
    SLICE_X29Y9          CARRY4 (Prop_carry4_CI_CO[3])
                                                      0.114     6.925 r  refresh_counter_reg[8]_i_1/CO[3]
                         net (fo=1, routed)           0.000     6.925    refresh_counter_reg[8]_i_1_n_0
    SLICE_X29Y10         CARRY4 (Prop_carry4_CI_O[3])
                                                      0.313     7.238 r  refresh_counter_reg[12]_i_1/O[3]
                         net (fo=1, routed)           0.000     7.238    refresh_counter_reg[12]_i_1_n_4
    SLICE_X29Y10         FDRE                                         r  refresh_counter_reg[15]/D
  -------------------------------------------------------------------    -------------------

                         (clock sys_clk_pin rise edge)
                                                     10.000    10.000 r  
    W5                                                0.000    10.000 r  clk (IN)
                         net (fo=0)                   0.000    10.000    clk
    W5                   IBUF (Prop_ibuf_I_O)         1.388    11.388 r  clk_IBUF_inst/O
                         net (fo=1, routed)           1.862    13.250    clk_IBUF
    BUFGCTRL_X0Y0        BUFG (Prop_bufg_I_O)         0.091    13.341 r  clk_IBUF_BUFG_inst/O
                         net (fo=35, routed)          1.445    14.786    clk_IBUF_BUFG
    SLICE_X29Y10         FDRE                                         r  refresh_counter_reg[15]/C
                         clock pessimism              0.274    15.060    
                         clock uncertainty           -0.035    15.025    
    SLICE_X29Y10         FDRE (Setup_fdre_C_D)        0.062    15.087    refresh_counter_reg[15]
  -------------------------------------------------------------------
                         required time                         15.087    
                         arrival time                          -7.238    
  -------------------------------------------------------------------
                         slack                                  7.849    

Slack (MET) :             7.923ns  (required time - arrival time)
  Source:                 refresh_counter_reg[1]/C
                            (rising edge-triggered cell FDRE clocked by sys_clk_pin  {rise@0.000ns fall@5.000ns period=10.000ns})
  Destination:            refresh_counter_reg[14]/D
                            (rising edge-triggered cell FDRE clocked by sys_clk_pin  {rise@0.000ns fall@5.000ns period=10.000ns})
  Path Group:             sys_clk_pin
  Path Type:              Setup (Max at Slow Process Corner)
  Requirement:            10.000ns  (sys_clk_pin rise@10.000ns - sys_clk_pin rise@0.000ns)
  Data Path Delay:        2.077ns  (logic 1.597ns (76.872%)  route 0.480ns (23.128%))
  Logic Levels:           4  (CARRY4=4)
  Clock Path Skew:        -0.026ns (DCD - SCD + CPR)
    Destination Clock Delay (DCD):    4.786ns = ( 14.786 - 10.000 ) 
    Source Clock Delay      (SCD):    5.086ns
    Clock Pessimism Removal (CPR):    0.274ns
  Clock Uncertainty:      0.035ns  ((TSJ^2 + TIJ^2)^1/2 + DJ) / 2 + PE
    Total System Jitter     (TSJ):    0.071ns
    Total Input Jitter      (TIJ):    0.000ns
    Discrete Jitter          (DJ):    0.000ns
    Phase Error              (PE):    0.000ns

    Location             Delay type                Incr(ns)  Path(ns)    Netlist Resource(s)
  -------------------------------------------------------------------    -------------------
                         (clock sys_clk_pin rise edge)
                                                      0.000     0.000 r  
    W5                                                0.000     0.000 r  clk (IN)
                         net (fo=0)                   0.000     0.000    clk
    W5                   IBUF (Prop_ibuf_I_O)         1.458     1.458 r  clk_IBUF_inst/O
                         net (fo=1, routed)           1.967     3.425    clk_IBUF
    BUFGCTRL_X0Y0        BUFG (Prop_bufg_I_O)         0.096     3.521 r  clk_IBUF_BUFG_inst/O
                         net (fo=35, routed)          1.565     5.086    clk_IBUF_BUFG
    SLICE_X29Y7          FDRE                                         r  refresh_counter_reg[1]/C
  -------------------------------------------------------------------    -------------------
    SLICE_X29Y7          FDRE (Prop_fdre_C_Q)         0.456     5.542 r  refresh_counter_reg[1]/Q
                         net (fo=1, routed)           0.480     6.023    refresh_counter_reg_n_0_[1]
    SLICE_X29Y7          CARRY4 (Prop_carry4_S[1]_CO[3])
                                                      0.674     6.697 r  refresh_counter_reg[0]_i_1/CO[3]
                         net (fo=1, routed)           0.000     6.697    refresh_counter_reg[0]_i_1_n_0
    SLICE_X29Y8          CARRY4 (Prop_carry4_CI_CO[3])
                                                      0.114     6.811 r  refresh_counter_reg[4]_i_1/CO[3]
                         net (fo=1, routed)           0.000     6.811    refresh_counter_reg[4]_i_1_n_0
    SLICE_X29Y9          CARRY4 (Prop_carry4_CI_CO[3])
                                                      0.114     6.925 r  refresh_counter_reg[8]_i_1/CO[3]
                         net (fo=1, routed)           0.000     6.925    refresh_counter_reg[8]_i_1_n_0
    SLICE_X29Y10         CARRY4 (Prop_carry4_CI_O[2])
                                                      0.239     7.164 r  refresh_counter_reg[12]_i_1/O[2]
                         net (fo=1, routed)           0.000     7.164    refresh_counter_reg[12]_i_1_n_5
    SLICE_X29Y10         FDRE                                         r  refresh_counter_reg[14]/D
  -------------------------------------------------------------------    -------------------

                         (clock sys_clk_pin rise edge)
                                                     10.000    10.000 r  
    W5                                                0.000    10.000 r  clk (IN)
                         net (fo=0)                   0.000    10.000    clk
    W5                   IBUF (Prop_ibuf_I_O)         1.388    11.388 r  clk_IBUF_inst/O
                         net (fo=1, routed)           1.862    13.250    clk_IBUF
    BUFGCTRL_X0Y0        BUFG (Prop_bufg_I_O)         0.091    13.341 r  clk_IBUF_BUFG_inst/O
                         net (fo=35, routed)          1.445    14.786    clk_IBUF_BUFG
    SLICE_X29Y10         FDRE                                         r  refresh_counter_reg[14]/C
                         clock pessimism              0.274    15.060    
                         clock uncertainty           -0.035    15.025    
    SLICE_X29Y10         FDRE (Setup_fdre_C_D)        0.062    15.087    refresh_counter_reg[14]
  -------------------------------------------------------------------
                         required time                         15.087    
                         arrival time                          -7.164    
  -------------------------------------------------------------------
                         slack                                  7.923    

Slack (MET) :             7.939ns  (required time - arrival time)
  Source:                 refresh_counter_reg[1]/C
                            (rising edge-triggered cell FDRE clocked by sys_clk_pin  {rise@0.000ns fall@5.000ns period=10.000ns})
  Destination:            refresh_counter_reg[12]/D
                            (rising edge-triggered cell FDRE clocked by sys_clk_pin  {rise@0.000ns fall@5.000ns period=10.000ns})
  Path Group:             sys_clk_pin
  Path Type:              Setup (Max at Slow Process Corner)
  Requirement:            10.000ns  (sys_clk_pin rise@10.000ns - sys_clk_pin rise@0.000ns)
  Data Path Delay:        2.061ns  (logic 1.581ns (76.692%)  route 0.480ns (23.308%))
  Logic Levels:           4  (CARRY4=4)
  Clock Path Skew:        -0.026ns (DCD - SCD + CPR)
    Destination Clock Delay (DCD):    4.786ns = ( 14.786 - 10.000 ) 
    Source Clock Delay      (SCD):    5.086ns
    Clock Pessimism Removal (CPR):    0.274ns
  Clock Uncertainty:      0.035ns  ((TSJ^2 + TIJ^2)^1/2 + DJ) / 2 + PE
    Total System Jitter     (TSJ):    0.071ns
    Total Input Jitter      (TIJ):    0.000ns
    Discrete Jitter          (DJ):    0.000ns
    Phase Error              (PE):    0.000ns

    Location             Delay type                Incr(ns)  Path(ns)    Netlist Resource(s)
  -------------------------------------------------------------------    -------------------
                         (clock sys_clk_pin rise edge)
                                                      0.000     0.000 r  
    W5                                                0.000     0.000 r  clk (IN)
                         net (fo=0)                   0.000     0.000    clk
    W5                   IBUF (Prop_ibuf_I_O)         1.458     1.458 r  clk_IBUF_inst/O
                         net (fo=1, routed)           1.967     3.425    clk_IBUF
    BUFGCTRL_X0Y0        BUFG (Prop_bufg_I_O)         0.096     3.521 r  clk_IBUF_BUFG_inst/O
                         net (fo=35, routed)          1.565     5.086    clk_IBUF_BUFG
    SLICE_X29Y7          FDRE                                         r  refresh_counter_reg[1]/C
  -------------------------------------------------------------------    -------------------
    SLICE_X29Y7          FDRE (Prop_fdre_C_Q)         0.456     5.542 r  refresh_counter_reg[1]/Q
                         net (fo=1, routed)           0.480     6.023    refresh_counter_reg_n_0_[1]
    SLICE_X29Y7          CARRY4 (Prop_carry4_S[1]_CO[3])
                                                      0.674     6.697 r  refresh_counter_reg[0]_i_1/CO[3]
                         net (fo=1, routed)           0.000     6.697    refresh_counter_reg[0]_i_1_n_0
    SLICE_X29Y8          CARRY4 (Prop_carry4_CI_CO[3])
                                                      0.114     6.811 r  refresh_counter_reg[4]_i_1/CO[3]
                         net (fo=1, routed)           0.000     6.811    refresh_counter_reg[4]_i_1_n_0
    SLICE_X29Y9          CARRY4 (Prop_carry4_CI_CO[3])
                                                      0.114     6.925 r  refresh_counter_reg[8]_i_1/CO[3]
                         net (fo=1, routed)           0.000     6.925    refresh_counter_reg[8]_i_1_n_0
    SLICE_X29Y10         CARRY4 (Prop_carry4_CI_O[0])
                                                      0.223     7.148 r  refresh_counter_reg[12]_i_1/O[0]
                         net (fo=1, routed)           0.000     7.148    refresh_counter_reg[12]_i_1_n_7
    SLICE_X29Y10         FDRE                                         r  refresh_counter_reg[12]/D
  -------------------------------------------------------------------    -------------------

                         (clock sys_clk_pin rise edge)
                                                     10.000    10.000 r  
    W5                                                0.000    10.000 r  clk (IN)
                         net (fo=0)                   0.000    10.000    clk
    W5                   IBUF (Prop_ibuf_I_O)         1.388    11.388 r  clk_IBUF_inst/O
                         net (fo=1, routed)           1.862    13.250    clk_IBUF
    BUFGCTRL_X0Y0        BUFG (Prop_bufg_I_O)         0.091    13.341 r  clk_IBUF_BUFG_inst/O
                         net (fo=35, routed)          1.445    14.786    clk_IBUF_BUFG
    SLICE_X29Y10         FDRE                                         r  refresh_counter_reg[12]/C
                         clock pessimism              0.274    15.060    
                         clock uncertainty           -0.035    15.025    
    SLICE_X29Y10         FDRE (Setup_fdre_C_D)        0.062    15.087    refresh_counter_reg[12]
  -------------------------------------------------------------------
                         required time                         15.087    
                         arrival time                          -7.148    
  -------------------------------------------------------------------
                         slack                                  7.939    

Slack (MET) :             7.942ns  (required time - arrival time)
  Source:                 refresh_counter_reg[1]/C
                            (rising edge-triggered cell FDRE clocked by sys_clk_pin  {rise@0.000ns fall@5.000ns period=10.000ns})
  Destination:            refresh_counter_reg[9]/D
                            (rising edge-triggered cell FDRE clocked by sys_clk_pin  {rise@0.000ns fall@5.000ns period=10.000ns})
  Path Group:             sys_clk_pin
  Path Type:              Setup (Max at Slow Process Corner)
  Requirement:            10.000ns  (sys_clk_pin rise@10.000ns - sys_clk_pin rise@0.000ns)
  Data Path Delay:        2.058ns  (logic 1.578ns (76.658%)  route 0.480ns (23.342%))
  Logic Levels:           3  (CARRY4=3)
  Clock Path Skew:        -0.026ns (DCD - SCD + CPR)
    Destination Clock Delay (DCD):    4.786ns = ( 14.786 - 10.000 ) 
    Source Clock Delay      (SCD):    5.086ns
    Clock Pessimism Removal (CPR):    0.274ns
  Clock Uncertainty:      0.035ns  ((TSJ^2 + TIJ^2)^1/2 + DJ) / 2 + PE
    Total System Jitter     (TSJ):    0.071ns
    Total Input Jitter      (TIJ):    0.000ns
    Discrete Jitter          (DJ):    0.000ns
    Phase Error              (PE):    0.000ns

    Location             Delay type                Incr(ns)  Path(ns)    Netlist Resource(s)
  -------------------------------------------------------------------    -------------------
                         (clock sys_clk_pin rise edge)
                                                      0.000     0.000 r  
    W5                                                0.000     0.000 r  clk (IN)
                         net (fo=0)                   0.000     0.000    clk
    W5                   IBUF (Prop_ibuf_I_O)         1.458     1.458 r  clk_IBUF_inst/O
                         net (fo=1, routed)           1.967     3.425    clk_IBUF
    BUFGCTRL_X0Y0        BUFG (Prop_bufg_I_O)         0.096     3.521 r  clk_IBUF_BUFG_inst/O
                         net (fo=35, routed)          1.565     5.086    clk_IBUF_BUFG
    SLICE_X29Y7          FDRE                                         r  refresh_counter_reg[1]/C
  -------------------------------------------------------------------    -------------------
    SLICE_X29Y7          FDRE (Prop_fdre_C_Q)         0.456     5.542 r  refresh_counter_reg[1]/Q
                         net (fo=1, routed)           0.480     6.023    refresh_counter_reg_n_0_[1]
    SLICE_X29Y7          CARRY4 (Prop_carry4_S[1]_CO[3])
                                                      0.674     6.697 r  refresh_counter_reg[0]_i_1/CO[3]
                         net (fo=1, routed)           0.000     6.697    refresh_counter_reg[0]_i_1_n_0
    SLICE_X29Y8          CARRY4 (Prop_carry4_CI_CO[3])
                                                      0.114     6.811 r  refresh_counter_reg[4]_i_1/CO[3]
                         net (fo=1, routed)           0.000     6.811    refresh_counter_reg[4]_i_1_n_0
    SLICE_X29Y9          CARRY4 (Prop_carry4_CI_O[1])
                                                      0.334     7.145 r  refresh_counter_reg[8]_i_1/O[1]
                         net (fo=1, routed)           0.000     7.145    refresh_counter_reg[8]_i_1_n_6
    SLICE_X29Y9          FDRE                                         r  refresh_counter_reg[9]/D
  -------------------------------------------------------------------    -------------------

                         (clock sys_clk_pin rise edge)
                                                     10.000    10.000 r  
    W5                                                0.000    10.000 r  clk (IN)
                         net (fo=0)                   0.000    10.000    clk
    W5                   IBUF (Prop_ibuf_I_O)         1.388    11.388 r  clk_IBUF_inst/O
                         net (fo=1, routed)           1.862    13.250    clk_IBUF
    BUFGCTRL_X0Y0        BUFG (Prop_bufg_I_O)         0.091    13.341 r  clk_IBUF_BUFG_inst/O
                         net (fo=35, routed)          1.445    14.786    clk_IBUF_BUFG
    SLICE_X29Y9          FDRE                                         r  refresh_counter_reg[9]/C
                         clock pessimism              0.274    15.060    
                         clock uncertainty           -0.035    15.025    
    SLICE_X29Y9          FDRE (Setup_fdre_C_D)        0.062    15.087    refresh_counter_reg[9]
  -------------------------------------------------------------------
                         required time                         15.087    
                         arrival time                          -7.145    
  -------------------------------------------------------------------
                         slack                                  7.942    

Slack (MET) :             7.963ns  (required time - arrival time)
  Source:                 refresh_counter_reg[1]/C
                            (rising edge-triggered cell FDRE clocked by sys_clk_pin  {rise@0.000ns fall@5.000ns period=10.000ns})
  Destination:            refresh_counter_reg[11]/D
                            (rising edge-triggered cell FDRE clocked by sys_clk_pin  {rise@0.000ns fall@5.000ns period=10.000ns})
  Path Group:             sys_clk_pin
  Path Type:              Setup (Max at Slow Process Corner)
  Requirement:            10.000ns  (sys_clk_pin rise@10.000ns - sys_clk_pin rise@0.000ns)
  Data Path Delay:        2.037ns  (logic 1.557ns (76.418%)  route 0.480ns (23.582%))
  Logic Levels:           3  (CARRY4=3)
  Clock Path Skew:        -0.026ns (DCD - SCD + CPR)
    Destination Clock Delay (DCD):    4.786ns = ( 14.786 - 10.000 ) 
    Source Clock Delay      (SCD):    5.086ns
    Clock Pessimism Removal (CPR):    0.274ns
  Clock Uncertainty:      0.035ns  ((TSJ^2 + TIJ^2)^1/2 + DJ) / 2 + PE
    Total System Jitter     (TSJ):    0.071ns
    Total Input Jitter      (TIJ):    0.000ns
    Discrete Jitter          (DJ):    0.000ns
    Phase Error              (PE):    0.000ns

    Location             Delay type                Incr(ns)  Path(ns)    Netlist Resource(s)
  -------------------------------------------------------------------    -------------------
                         (clock sys_clk_pin rise edge)
                                                      0.000     0.000 r  
    W5                                                0.000     0.000 r  clk (IN)
                         net (fo=0)                   0.000     0.000    clk
    W5                   IBUF (Prop_ibuf_I_O)         1.458     1.458 r  clk_IBUF_inst/O
                         net (fo=1, routed)           1.967     3.425    clk_IBUF
    BUFGCTRL_X0Y0        BUFG (Prop_bufg_I_O)         0.096     3.521 r  clk_IBUF_BUFG_inst/O
                         net (fo=35, routed)          1.565     5.086    clk_IBUF_BUFG
    SLICE_X29Y7          FDRE                                         r  refresh_counter_reg[1]/C
  -------------------------------------------------------------------    -------------------
    SLICE_X29Y7          FDRE (Prop_fdre_C_Q)         0.456     5.542 r  refresh_counter_reg[1]/Q
                         net (fo=1, routed)           0.480     6.023    refresh_counter_reg_n_0_[1]
    SLICE_X29Y7          CARRY4 (Prop_carry4_S[1]_CO[3])
                                                      0.674     6.697 r  refresh_counter_reg[0]_i_1/CO[3]
                         net (fo=1, routed)           0.000     6.697    refresh_counter_reg[0]_i_1_n_0
    SLICE_X29Y8          CARRY4 (Prop_carry4_CI_CO[3])
                                                      0.114     6.811 r  refresh_counter_reg[4]_i_1/CO[3]
                         net (fo=1, routed)           0.000     6.811    refresh_counter_reg[4]_i_1_n_0
    SLICE_X29Y9          CARRY4 (Prop_carry4_CI_O[3])
                                                      0.313     7.124 r  refresh_counter_reg[8]_i_1/O[3]
                         net (fo=1, routed)           0.000     7.124    refresh_counter_reg[8]_i_1_n_4
    SLICE_X29Y9          FDRE                                         r  refresh_counter_reg[11]/D
  -------------------------------------------------------------------    -------------------

                         (clock sys_clk_pin rise edge)
                                                     10.000    10.000 r  
    W5                                                0.000    10.000 r  clk (IN)
                         net (fo=0)                   0.000    10.000    clk
    W5                   IBUF (Prop_ibuf_I_O)         1.388    11.388 r  clk_IBUF_inst/O
                         net (fo=1, routed)           1.862    13.250    clk_IBUF
    BUFGCTRL_X0Y0        BUFG (Prop_bufg_I_O)         0.091    13.341 r  clk_IBUF_BUFG_inst/O
                         net (fo=35, routed)          1.445    14.786    clk_IBUF_BUFG
    SLICE_X29Y9          FDRE                                         r  refresh_counter_reg[11]/C
                         clock pessimism              0.274    15.060    
                         clock uncertainty           -0.035    15.025    
    SLICE_X29Y9          FDRE (Setup_fdre_C_D)        0.062    15.087    refresh_counter_reg[11]
  -------------------------------------------------------------------
                         required time                         15.087    
                         arrival time                          -7.124    
  -------------------------------------------------------------------
                         slack                                  7.963    

Slack (MET) :             8.037ns  (required time - arrival time)
  Source:                 refresh_counter_reg[1]/C
                            (rising edge-triggered cell FDRE clocked by sys_clk_pin  {rise@0.000ns fall@5.000ns period=10.000ns})
  Destination:            refresh_counter_reg[10]/D
                            (rising edge-triggered cell FDRE clocked by sys_clk_pin  {rise@0.000ns fall@5.000ns period=10.000ns})
  Path Group:             sys_clk_pin
  Path Type:              Setup (Max at Slow Process Corner)
  Requirement:            10.000ns  (sys_clk_pin rise@10.000ns - sys_clk_pin rise@0.000ns)
  Data Path Delay:        1.963ns  (logic 1.483ns (75.529%)  route 0.480ns (24.471%))
  Logic Levels:           3  (CARRY4=3)
  Clock Path Skew:        -0.026ns (DCD - SCD + CPR)
    Destination Clock Delay (DCD):    4.786ns = ( 14.786 - 10.000 ) 
    Source Clock Delay      (SCD):    5.086ns
    Clock Pessimism Removal (CPR):    0.274ns
  Clock Uncertainty:      0.035ns  ((TSJ^2 + TIJ^2)^1/2 + DJ) / 2 + PE
    Total System Jitter     (TSJ):    0.071ns
    Total Input Jitter      (TIJ):    0.000ns
    Discrete Jitter          (DJ):    0.000ns
    Phase Error              (PE):    0.000ns

    Location             Delay type                Incr(ns)  Path(ns)    Netlist Resource(s)
  -------------------------------------------------------------------    -------------------
                         (clock sys_clk_pin rise edge)
                                                      0.000     0.000 r  
    W5                                                0.000     0.000 r  clk (IN)
                         net (fo=0)                   0.000     0.000    clk
    W5                   IBUF (Prop_ibuf_I_O)         1.458     1.458 r  clk_IBUF_inst/O
                         net (fo=1, routed)           1.967     3.425    clk_IBUF
    BUFGCTRL_X0Y0        BUFG (Prop_bufg_I_O)         0.096     3.521 r  clk_IBUF_BUFG_inst/O
                         net (fo=35, routed)          1.565     5.086    clk_IBUF_BUFG
    SLICE_X29Y7          FDRE                                         r  refresh_counter_reg[1]/C
  -------------------------------------------------------------------    -------------------
    SLICE_X29Y7          FDRE (Prop_fdre_C_Q)         0.456     5.542 r  refresh_counter_reg[1]/Q
                         net (fo=1, routed)           0.480     6.023    refresh_counter_reg_n_0_[1]
    SLICE_X29Y7          CARRY4 (Prop_carry4_S[1]_CO[3])
                                                      0.674     6.697 r  refresh_counter_reg[0]_i_1/CO[3]
                         net (fo=1, routed)           0.000     6.697    refresh_counter_reg[0]_i_1_n_0
    SLICE_X29Y8          CARRY4 (Prop_carry4_CI_CO[3])
                                                      0.114     6.811 r  refresh_counter_reg[4]_i_1/CO[3]
                         net (fo=1, routed)           0.000     6.811    refresh_counter_reg[4]_i_1_n_0
    SLICE_X29Y9          CARRY4 (Prop_carry4_CI_O[2])
                                                      0.239     7.050 r  refresh_counter_reg[8]_i_1/O[2]
                         net (fo=1, routed)           0.000     7.050    refresh_counter_reg[8]_i_1_n_5
    SLICE_X29Y9          FDRE                                         r  refresh_counter_reg[10]/D
  -------------------------------------------------------------------    -------------------

                         (clock sys_clk_pin rise edge)
                                                     10.000    10.000 r  
    W5                                                0.000    10.000 r  clk (IN)
                         net (fo=0)                   0.000    10.000    clk
    W5                   IBUF (Prop_ibuf_I_O)         1.388    11.388 r  clk_IBUF_inst/O
                         net (fo=1, routed)           1.862    13.250    clk_IBUF
    BUFGCTRL_X0Y0        BUFG (Prop_bufg_I_O)         0.091    13.341 r  clk_IBUF_BUFG_inst/O
                         net (fo=35, routed)          1.445    14.786    clk_IBUF_BUFG
    SLICE_X29Y9          FDRE                                         r  refresh_counter_reg[10]/C
                         clock pessimism              0.274    15.060    
                         clock uncertainty           -0.035    15.025    
    SLICE_X29Y9          FDRE (Setup_fdre_C_D)        0.062    15.087    refresh_counter_reg[10]
  -------------------------------------------------------------------
                         required time                         15.087    
                         arrival time                          -7.050    
  -------------------------------------------------------------------
                         slack                                  8.037    

Slack (MET) :             8.053ns  (required time - arrival time)
  Source:                 refresh_counter_reg[1]/C
                            (rising edge-triggered cell FDRE clocked by sys_clk_pin  {rise@0.000ns fall@5.000ns period=10.000ns})
  Destination:            refresh_counter_reg[8]/D
                            (rising edge-triggered cell FDRE clocked by sys_clk_pin  {rise@0.000ns fall@5.000ns period=10.000ns})
  Path Group:             sys_clk_pin
  Path Type:              Setup (Max at Slow Process Corner)
  Requirement:            10.000ns  (sys_clk_pin rise@10.000ns - sys_clk_pin rise@0.000ns)
  Data Path Delay:        1.947ns  (logic 1.467ns (75.328%)  route 0.480ns (24.672%))
  Logic Levels:           3  (CARRY4=3)
  Clock Path Skew:        -0.026ns (DCD - SCD + CPR)
    Destination Clock Delay (DCD):    4.786ns = ( 14.786 - 10.000 ) 
    Source Clock Delay      (SCD):    5.086ns
    Clock Pessimism Removal (CPR):    0.274ns
  Clock Uncertainty:      0.035ns  ((TSJ^2 + TIJ^2)^1/2 + DJ) / 2 + PE
    Total System Jitter     (TSJ):    0.071ns
    Total Input Jitter      (TIJ):    0.000ns
    Discrete Jitter          (DJ):    0.000ns
    Phase Error              (PE):    0.000ns

    Location             Delay type                Incr(ns)  Path(ns)    Netlist Resource(s)
  -------------------------------------------------------------------    -------------------
                         (clock sys_clk_pin rise edge)
                                                      0.000     0.000 r  
    W5                                                0.000     0.000 r  clk (IN)
                         net (fo=0)                   0.000     0.000    clk
    W5                   IBUF (Prop_ibuf_I_O)         1.458     1.458 r  clk_IBUF_inst/O
                         net (fo=1, routed)           1.967     3.425    clk_IBUF
    BUFGCTRL_X0Y0        BUFG (Prop_bufg_I_O)         0.096     3.521 r  clk_IBUF_BUFG_inst/O
                         net (fo=35, routed)          1.565     5.086    clk_IBUF_BUFG
    SLICE_X29Y7          FDRE                                         r  refresh_counter_reg[1]/C
  -------------------------------------------------------------------    -------------------
    SLICE_X29Y7          FDRE (Prop_fdre_C_Q)         0.456     5.542 r  refresh_counter_reg[1]/Q
                         net (fo=1, routed)           0.480     6.023    refresh_counter_reg_n_0_[1]
    SLICE_X29Y7          CARRY4 (Prop_carry4_S[1]_CO[3])
                                                      0.674     6.697 r  refresh_counter_reg[0]_i_1/CO[3]
                         net (fo=1, routed)           0.000     6.697    refresh_counter_reg[0]_i_1_n_0
    SLICE_X29Y8          CARRY4 (Prop_carry4_CI_CO[3])
                                                      0.114     6.811 r  refresh_counter_reg[4]_i_1/CO[3]
                         net (fo=1, routed)           0.000     6.811    refresh_counter_reg[4]_i_1_n_0
    SLICE_X29Y9          CARRY4 (Prop_carry4_CI_O[0])
                                                      0.223     7.034 r  refresh_counter_reg[8]_i_1/O[0]
                         net (fo=1, routed)           0.000     7.034    refresh_counter_reg[8]_i_1_n_7
    SLICE_X29Y9          FDRE                                         r  refresh_counter_reg[8]/D
  -------------------------------------------------------------------    -------------------

                         (clock sys_clk_pin rise edge)
                                                     10.000    10.000 r  
    W5                                                0.000    10.000 r  clk (IN)
                         net (fo=0)                   0.000    10.000    clk
    W5                   IBUF (Prop_ibuf_I_O)         1.388    11.388 r  clk_IBUF_inst/O
                         net (fo=1, routed)           1.862    13.250    clk_IBUF
    BUFGCTRL_X0Y0        BUFG (Prop_bufg_I_O)         0.091    13.341 r  clk_IBUF_BUFG_inst/O
                         net (fo=35, routed)          1.445    14.786    clk_IBUF_BUFG
    SLICE_X29Y9          FDRE                                         r  refresh_counter_reg[8]/C
                         clock pessimism              0.274    15.060    
                         clock uncertainty           -0.035    15.025    
    SLICE_X29Y9          FDRE (Setup_fdre_C_D)        0.062    15.087    refresh_counter_reg[8]
  -------------------------------------------------------------------
                         required time                         15.087    
                         arrival time                          -7.034    
  -------------------------------------------------------------------
                         slack                                  8.053    

Slack (MET) :             8.057ns  (required time - arrival time)
  Source:                 refresh_counter_reg[1]/C
                            (rising edge-triggered cell FDRE clocked by sys_clk_pin  {rise@0.000ns fall@5.000ns period=10.000ns})
  Destination:            refresh_counter_reg[5]/D
                            (rising edge-triggered cell FDRE clocked by sys_clk_pin  {rise@0.000ns fall@5.000ns period=10.000ns})
  Path Group:             sys_clk_pin
  Path Type:              Setup (Max at Slow Process Corner)
  Requirement:            10.000ns  (sys_clk_pin rise@10.000ns - sys_clk_pin rise@0.000ns)
  Data Path Delay:        1.944ns  (logic 1.464ns (75.290%)  route 0.480ns (24.710%))
  Logic Levels:           2  (CARRY4=2)
  Clock Path Skew:        -0.025ns (DCD - SCD + CPR)
    Destination Clock Delay (DCD):    4.787ns = ( 14.787 - 10.000 ) 
    Source Clock Delay      (SCD):    5.086ns
    Clock Pessimism Removal (CPR):    0.274ns
  Clock Uncertainty:      0.035ns  ((TSJ^2 + TIJ^2)^1/2 + DJ) / 2 + PE
    Total System Jitter     (TSJ):    0.071ns
    Total Input Jitter      (TIJ):    0.000ns
    Discrete Jitter          (DJ):    0.000ns
    Phase Error              (PE):    0.000ns

    Location             Delay type                Incr(ns)  Path(ns)    Netlist Resource(s)
  -------------------------------------------------------------------    -------------------
                         (clock sys_clk_pin rise edge)
                                                      0.000     0.000 r  
    W5                                                0.000     0.000 r  clk (IN)
                         net (fo=0)                   0.000     0.000    clk
    W5                   IBUF (Prop_ibuf_I_O)         1.458     1.458 r  clk_IBUF_inst/O
                         net (fo=1, routed)           1.967     3.425    clk_IBUF
    BUFGCTRL_X0Y0        BUFG (Prop_bufg_I_O)         0.096     3.521 r  clk_IBUF_BUFG_inst/O
                         net (fo=35, routed)          1.565     5.086    clk_IBUF_BUFG
    SLICE_X29Y7          FDRE                                         r  refresh_counter_reg[1]/C
  -------------------------------------------------------------------    -------------------
    SLICE_X29Y7          FDRE (Prop_fdre_C_Q)         0.456     5.542 r  refresh_counter_reg[1]/Q
                         net (fo=1, routed)           0.480     6.023    refresh_counter_reg_n_0_[1]
    SLICE_X29Y7          CARRY4 (Prop_carry4_S[1]_CO[3])
                                                      0.674     6.697 r  refresh_counter_reg[0]_i_1/CO[3]
                         net (fo=1, routed)           0.000     6.697    refresh_counter_reg[0]_i_1_n_0
    SLICE_X29Y8          CARRY4 (Prop_carry4_CI_O[1])
                                                      0.334     7.031 r  refresh_counter_reg[4]_i_1/O[1]
                         net (fo=1, routed)           0.000     7.031    refresh_counter_reg[4]_i_1_n_6
    SLICE_X29Y8          FDRE                                         r  refresh_counter_reg[5]/D
  -------------------------------------------------------------------    -------------------

                         (clock sys_clk_pin rise edge)
                                                     10.000    10.000 r  
    W5                                                0.000    10.000 r  clk (IN)
                         net (fo=0)                   0.000    10.000    clk
    W5                   IBUF (Prop_ibuf_I_O)         1.388    11.388 r  clk_IBUF_inst/O
                         net (fo=1, routed)           1.862    13.250    clk_IBUF
    BUFGCTRL_X0Y0        BUFG (Prop_bufg_I_O)         0.091    13.341 r  clk_IBUF_BUFG_inst/O
                         net (fo=35, routed)          1.446    14.787    clk_IBUF_BUFG
    SLICE_X29Y8          FDRE                                         r  refresh_counter_reg[5]/C
                         clock pessimism              0.274    15.061    
                         clock uncertainty           -0.035    15.026    
    SLICE_X29Y8          FDRE (Setup_fdre_C_D)        0.062    15.088    refresh_counter_reg[5]
  -------------------------------------------------------------------
                         required time                         15.088    
                         arrival time                          -7.031    
  -------------------------------------------------------------------
                         slack                                  8.057    





Min Delay Paths
--------------------------------------------------------------------------------------
Slack (MET) :             0.133ns  (arrival time - required time)
  Source:                 refresh_counter_reg[16]/C
                            (rising edge-triggered cell FDRE clocked by sys_clk_pin  {rise@0.000ns fall@5.000ns period=10.000ns})
  Destination:            active_digit_reg[1]/D
                            (rising edge-triggered cell FDRE clocked by sys_clk_pin  {rise@0.000ns fall@5.000ns period=10.000ns})
  Path Group:             sys_clk_pin
  Path Type:              Hold (Min at Fast Process Corner)
  Requirement:            0.000ns  (sys_clk_pin rise@0.000ns - sys_clk_pin rise@0.000ns)
  Data Path Delay:        0.208ns  (logic 0.141ns (67.788%)  route 0.067ns (32.212%))
  Logic Levels:           0  
  Clock Path Skew:        0.000ns (DCD - SCD - CPR)
    Destination Clock Delay (DCD):    1.958ns
    Source Clock Delay      (SCD):    1.444ns
    Clock Pessimism Removal (CPR):    0.514ns

    Location             Delay type                Incr(ns)  Path(ns)    Netlist Resource(s)
  -------------------------------------------------------------------    -------------------
                         (clock sys_clk_pin rise edge)
                                                      0.000     0.000 r  
    W5                                                0.000     0.000 r  clk (IN)
                         net (fo=0)                   0.000     0.000    clk
    W5                   IBUF (Prop_ibuf_I_O)         0.226     0.226 r  clk_IBUF_inst/O
                         net (fo=1, routed)           0.631     0.858    clk_IBUF
    BUFGCTRL_X0Y0        BUFG (Prop_bufg_I_O)         0.026     0.884 r  clk_IBUF_BUFG_inst/O
                         net (fo=35, routed)          0.561     1.444    clk_IBUF_BUFG
    SLICE_X29Y11         FDRE                                         r  refresh_counter_reg[16]/C
  -------------------------------------------------------------------    -------------------
    SLICE_X29Y11         FDRE (Prop_fdre_C_Q)         0.141     1.585 r  refresh_counter_reg[16]/Q
                         net (fo=2, routed)           0.067     1.652    refresh_counter_reg[16]
    SLICE_X29Y11         FDRE                                         r  active_digit_reg[1]/D
  -------------------------------------------------------------------    -------------------

                         (clock sys_clk_pin rise edge)
                                                      0.000     0.000 r  
    W5                                                0.000     0.000 r  clk (IN)
                         net (fo=0)                   0.000     0.000    clk
    W5                   IBUF (Prop_ibuf_I_O)         0.414     0.414 r  clk_IBUF_inst/O
                         net (fo=1, routed)           0.685     1.099    clk_IBUF
    BUFGCTRL_X0Y0        BUFG (Prop_bufg_I_O)         0.029     1.128 r  clk_IBUF_BUFG_inst/O
                         net (fo=35, routed)          0.831     1.958    clk_IBUF_BUFG
    SLICE_X29Y11         FDRE                                         r  active_digit_reg[1]/C
                         clock pessimism             -0.514     1.444    
    SLICE_X29Y11         FDRE (Hold_fdre_C_D)         0.075     1.519    active_digit_reg[1]
  -------------------------------------------------------------------
                         required time                         -1.519    
                         arrival time                           1.652    
  -------------------------------------------------------------------
                         slack                                  0.133    

Slack (MET) :             0.185ns  (arrival time - required time)
  Source:                 refresh_counter_reg[15]/C
                            (rising edge-triggered cell FDRE clocked by sys_clk_pin  {rise@0.000ns fall@5.000ns period=10.000ns})
  Destination:            active_digit_reg[0]/D
                            (rising edge-triggered cell FDRE clocked by sys_clk_pin  {rise@0.000ns fall@5.000ns period=10.000ns})
  Path Group:             sys_clk_pin
  Path Type:              Hold (Min at Fast Process Corner)
  Requirement:            0.000ns  (sys_clk_pin rise@0.000ns - sys_clk_pin rise@0.000ns)
  Data Path Delay:        0.268ns  (logic 0.141ns (52.631%)  route 0.127ns (47.369%))
  Logic Levels:           0  
  Clock Path Skew:        0.013ns (DCD - SCD - CPR)
    Destination Clock Delay (DCD):    1.958ns
    Source Clock Delay      (SCD):    1.444ns
    Clock Pessimism Removal (CPR):    0.501ns

    Location             Delay type                Incr(ns)  Path(ns)    Netlist Resource(s)
  -------------------------------------------------------------------    -------------------
                         (clock sys_clk_pin rise edge)
                                                      0.000     0.000 r  
    W5                                                0.000     0.000 r  clk (IN)
                         net (fo=0)                   0.000     0.000    clk
    W5                   IBUF (Prop_ibuf_I_O)         0.226     0.226 r  clk_IBUF_inst/O
                         net (fo=1, routed)           0.631     0.858    clk_IBUF
    BUFGCTRL_X0Y0        BUFG (Prop_bufg_I_O)         0.026     0.884 r  clk_IBUF_BUFG_inst/O
                         net (fo=35, routed)          0.561     1.444    clk_IBUF_BUFG
    SLICE_X29Y10         FDRE                                         r  refresh_counter_reg[15]/C
  -------------------------------------------------------------------    -------------------
    SLICE_X29Y10         FDRE (Prop_fdre_C_Q)         0.141     1.585 r  refresh_counter_reg[15]/Q
                         net (fo=2, routed)           0.127     1.712    refresh_counter_reg[15]
    SLICE_X28Y10         FDRE                                         r  active_digit_reg[0]/D
  -------------------------------------------------------------------    -------------------

                         (clock sys_clk_pin rise edge)
                                                      0.000     0.000 r  
    W5                                                0.000     0.000 r  clk (IN)
                         net (fo=0)                   0.000     0.000    clk
    W5                   IBUF (Prop_ibuf_I_O)         0.414     0.414 r  clk_IBUF_inst/O
                         net (fo=1, routed)           0.685     1.099    clk_IBUF
    BUFGCTRL_X0Y0        BUFG (Prop_bufg_I_O)         0.029     1.128 r  clk_IBUF_BUFG_inst/O
                         net (fo=35, routed)          0.831     1.958    clk_IBUF_BUFG
    SLICE_X28Y10         FDRE                                         r  active_digit_reg[0]/C
                         clock pessimism             -0.501     1.457    
    SLICE_X28Y10         FDRE (Hold_fdre_C_D)         0.070     1.527    active_digit_reg[0]
  -------------------------------------------------------------------
                         required time                         -1.527    
                         arrival time                           1.712    
  -------------------------------------------------------------------
                         slack                                  0.185    

Slack (MET) :             0.252ns  (arrival time - required time)
  Source:                 refresh_counter_reg[11]/C
                            (rising edge-triggered cell FDRE clocked by sys_clk_pin  {rise@0.000ns fall@5.000ns period=10.000ns})
  Destination:            refresh_counter_reg[11]/D
                            (rising edge-triggered cell FDRE clocked by sys_clk_pin  {rise@0.000ns fall@5.000ns period=10.000ns})
  Path Group:             sys_clk_pin
  Path Type:              Hold (Min at Fast Process Corner)
  Requirement:            0.000ns  (sys_clk_pin rise@0.000ns - sys_clk_pin rise@0.000ns)
  Data Path Delay:        0.357ns  (logic 0.249ns (69.714%)  route 0.108ns (30.286%))
  Logic Levels:           1  (CARRY4=1)
  Clock Path Skew:        0.000ns (DCD - SCD - CPR)
    Destination Clock Delay (DCD):    1.959ns
    Source Clock Delay      (SCD):    1.445ns
    Clock Pessimism Removal (CPR):    0.514ns

    Location             Delay type                Incr(ns)  Path(ns)    Netlist Resource(s)
  -------------------------------------------------------------------    -------------------
                         (clock sys_clk_pin rise edge)
                                                      0.000     0.000 r  
    W5                                                0.000     0.000 r  clk (IN)
                         net (fo=0)                   0.000     0.000    clk
    W5                   IBUF (Prop_ibuf_I_O)         0.226     0.226 r  clk_IBUF_inst/O
                         net (fo=1, routed)           0.631     0.858    clk_IBUF
    BUFGCTRL_X0Y0        BUFG (Prop_bufg_I_O)         0.026     0.884 r  clk_IBUF_BUFG_inst/O
                         net (fo=35, routed)          0.562     1.445    clk_IBUF_BUFG
    SLICE_X29Y9          FDRE                                         r  refresh_counter_reg[11]/C
  -------------------------------------------------------------------    -------------------
    SLICE_X29Y9          FDRE (Prop_fdre_C_Q)         0.141     1.586 r  refresh_counter_reg[11]/Q
                         net (fo=1, routed)           0.108     1.694    refresh_counter_reg_n_0_[11]
    SLICE_X29Y9          CARRY4 (Prop_carry4_S[3]_O[3])
                                                      0.108     1.802 r  refresh_counter_reg[8]_i_1/O[3]
                         net (fo=1, routed)           0.000     1.802    refresh_counter_reg[8]_i_1_n_4
    SLICE_X29Y9          FDRE                                         r  refresh_counter_reg[11]/D
  -------------------------------------------------------------------    -------------------

                         (clock sys_clk_pin rise edge)
                                                      0.000     0.000 r  
    W5                                                0.000     0.000 r  clk (IN)
                         net (fo=0)                   0.000     0.000    clk
    W5                   IBUF (Prop_ibuf_I_O)         0.414     0.414 r  clk_IBUF_inst/O
                         net (fo=1, routed)           0.685     1.099    clk_IBUF
    BUFGCTRL_X0Y0        BUFG (Prop_bufg_I_O)         0.029     1.128 r  clk_IBUF_BUFG_inst/O
                         net (fo=35, routed)          0.832     1.959    clk_IBUF_BUFG
    SLICE_X29Y9          FDRE                                         r  refresh_counter_reg[11]/C
                         clock pessimism             -0.514     1.445    
    SLICE_X29Y9          FDRE (Hold_fdre_C_D)         0.105     1.550    refresh_counter_reg[11]
  -------------------------------------------------------------------
                         required time                         -1.550    
                         arrival time                           1.802    
  -------------------------------------------------------------------
                         slack                                  0.252    

Slack (MET) :             0.252ns  (arrival time - required time)
  Source:                 refresh_counter_reg[3]/C
                            (rising edge-triggered cell FDRE clocked by sys_clk_pin  {rise@0.000ns fall@5.000ns period=10.000ns})
  Destination:            refresh_counter_reg[3]/D
                            (rising edge-triggered cell FDRE clocked by sys_clk_pin  {rise@0.000ns fall@5.000ns period=10.000ns})
  Path Group:             sys_clk_pin
  Path Type:              Hold (Min at Fast Process Corner)
  Requirement:            0.000ns  (sys_clk_pin rise@0.000ns - sys_clk_pin rise@0.000ns)
  Data Path Delay:        0.357ns  (logic 0.249ns (69.714%)  route 0.108ns (30.286%))
  Logic Levels:           1  (CARRY4=1)
  Clock Path Skew:        0.000ns (DCD - SCD - CPR)
    Destination Clock Delay (DCD):    1.959ns
    Source Clock Delay      (SCD):    1.445ns
    Clock Pessimism Removal (CPR):    0.514ns

    Location             Delay type                Incr(ns)  Path(ns)    Netlist Resource(s)
  -------------------------------------------------------------------    -------------------
                         (clock sys_clk_pin rise edge)
                                                      0.000     0.000 r  
    W5                                                0.000     0.000 r  clk (IN)
                         net (fo=0)                   0.000     0.000    clk
    W5                   IBUF (Prop_ibuf_I_O)         0.226     0.226 r  clk_IBUF_inst/O
                         net (fo=1, routed)           0.631     0.858    clk_IBUF
    BUFGCTRL_X0Y0        BUFG (Prop_bufg_I_O)         0.026     0.884 r  clk_IBUF_BUFG_inst/O
                         net (fo=35, routed)          0.562     1.445    clk_IBUF_BUFG
    SLICE_X29Y7          FDRE                                         r  refresh_counter_reg[3]/C
  -------------------------------------------------------------------    -------------------
    SLICE_X29Y7          FDRE (Prop_fdre_C_Q)         0.141     1.586 r  refresh_counter_reg[3]/Q
                         net (fo=1, routed)           0.108     1.694    refresh_counter_reg_n_0_[3]
    SLICE_X29Y7          CARRY4 (Prop_carry4_S[3]_O[3])
                                                      0.108     1.802 r  refresh_counter_reg[0]_i_1/O[3]
                         net (fo=1, routed)           0.000     1.802    refresh_counter_reg[0]_i_1_n_4
    SLICE_X29Y7          FDRE                                         r  refresh_counter_reg[3]/D
  -------------------------------------------------------------------    -------------------

                         (clock sys_clk_pin rise edge)
                                                      0.000     0.000 r  
    W5                                                0.000     0.000 r  clk (IN)
                         net (fo=0)                   0.000     0.000    clk
    W5                   IBUF (Prop_ibuf_I_O)         0.414     0.414 r  clk_IBUF_inst/O
                         net (fo=1, routed)           0.685     1.099    clk_IBUF
    BUFGCTRL_X0Y0        BUFG (Prop_bufg_I_O)         0.029     1.128 r  clk_IBUF_BUFG_inst/O
                         net (fo=35, routed)          0.832     1.959    clk_IBUF_BUFG
    SLICE_X29Y7          FDRE                                         r  refresh_counter_reg[3]/C
                         clock pessimism             -0.514     1.445    
    SLICE_X29Y7          FDRE (Hold_fdre_C_D)         0.105     1.550    refresh_counter_reg[3]
  -------------------------------------------------------------------
                         required time                         -1.550    
                         arrival time                           1.802    
  -------------------------------------------------------------------
                         slack                                  0.252    

Slack (MET) :             0.252ns  (arrival time - required time)
  Source:                 refresh_counter_reg[7]/C
                            (rising edge-triggered cell FDRE clocked by sys_clk_pin  {rise@0.000ns fall@5.000ns period=10.000ns})
  Destination:            refresh_counter_reg[7]/D
                            (rising edge-triggered cell FDRE clocked by sys_clk_pin  {rise@0.000ns fall@5.000ns period=10.000ns})
  Path Group:             sys_clk_pin
  Path Type:              Hold (Min at Fast Process Corner)
  Requirement:            0.000ns  (sys_clk_pin rise@0.000ns - sys_clk_pin rise@0.000ns)
  Data Path Delay:        0.357ns  (logic 0.249ns (69.714%)  route 0.108ns (30.286%))
  Logic Levels:           1  (CARRY4=1)
  Clock Path Skew:        0.000ns (DCD - SCD - CPR)
    Destination Clock Delay (DCD):    1.959ns
    Source Clock Delay      (SCD):    1.445ns
    Clock Pessimism Removal (CPR):    0.514ns

    Location             Delay type                Incr(ns)  Path(ns)    Netlist Resource(s)
  -------------------------------------------------------------------    -------------------
                         (clock sys_clk_pin rise edge)
                                                      0.000     0.000 r  
    W5                                                0.000     0.000 r  clk (IN)
                         net (fo=0)                   0.000     0.000    clk
    W5                   IBUF (Prop_ibuf_I_O)         0.226     0.226 r  clk_IBUF_inst/O
                         net (fo=1, routed)           0.631     0.858    clk_IBUF
    BUFGCTRL_X0Y0        BUFG (Prop_bufg_I_O)         0.026     0.884 r  clk_IBUF_BUFG_inst/O
                         net (fo=35, routed)          0.562     1.445    clk_IBUF_BUFG
    SLICE_X29Y8          FDRE                                         r  refresh_counter_reg[7]/C
  -------------------------------------------------------------------    -------------------
    SLICE_X29Y8          FDRE (Prop_fdre_C_Q)         0.141     1.586 r  refresh_counter_reg[7]/Q
                         net (fo=1, routed)           0.108     1.694    refresh_counter_reg_n_0_[7]
    SLICE_X29Y8          CARRY4 (Prop_carry4_S[3]_O[3])
                                                      0.108     1.802 r  refresh_counter_reg[4]_i_1/O[3]
                         net (fo=1, routed)           0.000     1.802    refresh_counter_reg[4]_i_1_n_4
    SLICE_X29Y8          FDRE                                         r  refresh_counter_reg[7]/D
  -------------------------------------------------------------------    -------------------

                         (clock sys_clk_pin rise edge)
                                                      0.000     0.000 r  
    W5                                                0.000     0.000 r  clk (IN)
                         net (fo=0)                   0.000     0.000    clk
    W5                   IBUF (Prop_ibuf_I_O)         0.414     0.414 r  clk_IBUF_inst/O
                         net (fo=1, routed)           0.685     1.099    clk_IBUF
    BUFGCTRL_X0Y0        BUFG (Prop_bufg_I_O)         0.029     1.128 r  clk_IBUF_BUFG_inst/O
                         net (fo=35, routed)          0.832     1.959    clk_IBUF_BUFG
    SLICE_X29Y8          FDRE                                         r  refresh_counter_reg[7]/C
                         clock pessimism             -0.514     1.445    
    SLICE_X29Y8          FDRE (Hold_fdre_C_D)         0.105     1.550    refresh_counter_reg[7]
  -------------------------------------------------------------------
                         required time                         -1.550    
                         arrival time                           1.802    
  -------------------------------------------------------------------
                         slack                                  0.252    

Slack (MET) :             0.256ns  (arrival time - required time)
  Source:                 refresh_counter_reg[4]/C
                            (rising edge-triggered cell FDRE clocked by sys_clk_pin  {rise@0.000ns fall@5.000ns period=10.000ns})
  Destination:            refresh_counter_reg[4]/D
                            (rising edge-triggered cell FDRE clocked by sys_clk_pin  {rise@0.000ns fall@5.000ns period=10.000ns})
  Path Group:             sys_clk_pin
  Path Type:              Hold (Min at Fast Process Corner)
  Requirement:            0.000ns  (sys_clk_pin rise@0.000ns - sys_clk_pin rise@0.000ns)
  Data Path Delay:        0.361ns  (logic 0.256ns (70.880%)  route 0.105ns (29.120%))
  Logic Levels:           1  (CARRY4=1)
  Clock Path Skew:        0.000ns (DCD - SCD - CPR)
    Destination Clock Delay (DCD):    1.959ns
    Source Clock Delay      (SCD):    1.445ns
    Clock Pessimism Removal (CPR):    0.514ns

    Location             Delay type                Incr(ns)  Path(ns)    Netlist Resource(s)
  -------------------------------------------------------------------    -------------------
                         (clock sys_clk_pin rise edge)
                                                      0.000     0.000 r  
    W5                                                0.000     0.000 r  clk (IN)
                         net (fo=0)                   0.000     0.000    clk
    W5                   IBUF (Prop_ibuf_I_O)         0.226     0.226 r  clk_IBUF_inst/O
                         net (fo=1, routed)           0.631     0.858    clk_IBUF
    BUFGCTRL_X0Y0        BUFG (Prop_bufg_I_O)         0.026     0.884 r  clk_IBUF_BUFG_inst/O
                         net (fo=35, routed)          0.562     1.445    clk_IBUF_BUFG
    SLICE_X29Y8          FDRE                                         r  refresh_counter_reg[4]/C
  -------------------------------------------------------------------    -------------------
    SLICE_X29Y8          FDRE (Prop_fdre_C_Q)         0.141     1.586 r  refresh_counter_reg[4]/Q
                         net (fo=1, routed)           0.105     1.691    refresh_counter_reg_n_0_[4]
    SLICE_X29Y8          CARRY4 (Prop_carry4_S[0]_O[0])
                                                      0.115     1.806 r  refresh_counter_reg[4]_i_1/O[0]
                         net (fo=1, routed)           0.000     1.806    refresh_counter_reg[4]_i_1_n_7
    SLICE_X29Y8          FDRE                                         r  refresh_counter_reg[4]/D
  -------------------------------------------------------------------    -------------------

                         (clock sys_clk_pin rise edge)
                                                      0.000     0.000 r  
    W5                                                0.000     0.000 r  clk (IN)
                         net (fo=0)                   0.000     0.000    clk
    W5                   IBUF (Prop_ibuf_I_O)         0.414     0.414 r  clk_IBUF_inst/O
                         net (fo=1, routed)           0.685     1.099    clk_IBUF
    BUFGCTRL_X0Y0        BUFG (Prop_bufg_I_O)         0.029     1.128 r  clk_IBUF_BUFG_inst/O
                         net (fo=35, routed)          0.832     1.959    clk_IBUF_BUFG
    SLICE_X29Y8          FDRE                                         r  refresh_counter_reg[4]/C
                         clock pessimism             -0.514     1.445    
    SLICE_X29Y8          FDRE (Hold_fdre_C_D)         0.105     1.550    refresh_counter_reg[4]
  -------------------------------------------------------------------
                         required time                         -1.550    
                         arrival time                           1.806    
  -------------------------------------------------------------------
                         slack                                  0.256    

Slack (MET) :             0.256ns  (arrival time - required time)
  Source:                 refresh_counter_reg[8]/C
                            (rising edge-triggered cell FDRE clocked by sys_clk_pin  {rise@0.000ns fall@5.000ns period=10.000ns})
  Destination:            refresh_counter_reg[8]/D
                            (rising edge-triggered cell FDRE clocked by sys_clk_pin  {rise@0.000ns fall@5.000ns period=10.000ns})
  Path Group:             sys_clk_pin
  Path Type:              Hold (Min at Fast Process Corner)
  Requirement:            0.000ns  (sys_clk_pin rise@0.000ns - sys_clk_pin rise@0.000ns)
  Data Path Delay:        0.361ns  (logic 0.256ns (70.880%)  route 0.105ns (29.120%))
  Logic Levels:           1  (CARRY4=1)
  Clock Path Skew:        0.000ns (DCD - SCD - CPR)
    Destination Clock Delay (DCD):    1.959ns
    Source Clock Delay      (SCD):    1.445ns
    Clock Pessimism Removal (CPR):    0.514ns

    Location             Delay type                Incr(ns)  Path(ns)    Netlist Resource(s)
  -------------------------------------------------------------------    -------------------
                         (clock sys_clk_pin rise edge)
                                                      0.000     0.000 r  
    W5                                                0.000     0.000 r  clk (IN)
                         net (fo=0)                   0.000     0.000    clk
    W5                   IBUF (Prop_ibuf_I_O)         0.226     0.226 r  clk_IBUF_inst/O
                         net (fo=1, routed)           0.631     0.858    clk_IBUF
    BUFGCTRL_X0Y0        BUFG (Prop_bufg_I_O)         0.026     0.884 r  clk_IBUF_BUFG_inst/O
                         net (fo=35, routed)          0.562     1.445    clk_IBUF_BUFG
    SLICE_X29Y9          FDRE                                         r  refresh_counter_reg[8]/C
  -------------------------------------------------------------------    -------------------
    SLICE_X29Y9          FDRE (Prop_fdre_C_Q)         0.141     1.586 r  refresh_counter_reg[8]/Q
                         net (fo=1, routed)           0.105     1.691    refresh_counter_reg_n_0_[8]
    SLICE_X29Y9          CARRY4 (Prop_carry4_S[0]_O[0])
                                                      0.115     1.806 r  refresh_counter_reg[8]_i_1/O[0]
                         net (fo=1, routed)           0.000     1.806    refresh_counter_reg[8]_i_1_n_7
    SLICE_X29Y9          FDRE                                         r  refresh_counter_reg[8]/D
  -------------------------------------------------------------------    -------------------

                         (clock sys_clk_pin rise edge)
                                                      0.000     0.000 r  
    W5                                                0.000     0.000 r  clk (IN)
                         net (fo=0)                   0.000     0.000    clk
    W5                   IBUF (Prop_ibuf_I_O)         0.414     0.414 r  clk_IBUF_inst/O
                         net (fo=1, routed)           0.685     1.099    clk_IBUF
    BUFGCTRL_X0Y0        BUFG (Prop_bufg_I_O)         0.029     1.128 r  clk_IBUF_BUFG_inst/O
                         net (fo=35, routed)          0.832     1.959    clk_IBUF_BUFG
    SLICE_X29Y9          FDRE                                         r  refresh_counter_reg[8]/C
                         clock pessimism             -0.514     1.445    
    SLICE_X29Y9          FDRE (Hold_fdre_C_D)         0.105     1.550    refresh_counter_reg[8]
  -------------------------------------------------------------------
                         required time                         -1.550    
                         arrival time                           1.806    
  -------------------------------------------------------------------
                         slack                                  0.256    

Slack (MET) :             0.256ns  (arrival time - required time)
  Source:                 refresh_counter_reg[12]/C
                            (rising edge-triggered cell FDRE clocked by sys_clk_pin  {rise@0.000ns fall@5.000ns period=10.000ns})
  Destination:            refresh_counter_reg[12]/D
                            (rising edge-triggered cell FDRE clocked by sys_clk_pin  {rise@0.000ns fall@5.000ns period=10.000ns})
  Path Group:             sys_clk_pin
  Path Type:              Hold (Min at Fast Process Corner)
  Requirement:            0.000ns  (sys_clk_pin rise@0.000ns - sys_clk_pin rise@0.000ns)
  Data Path Delay:        0.361ns  (logic 0.256ns (70.880%)  route 0.105ns (29.120%))
  Logic Levels:           1  (CARRY4=1)
  Clock Path Skew:        0.000ns (DCD - SCD - CPR)
    Destination Clock Delay (DCD):    1.958ns
    Source Clock Delay      (SCD):    1.444ns
    Clock Pessimism Removal (CPR):    0.514ns

    Location             Delay type                Incr(ns)  Path(ns)    Netlist Resource(s)
  -------------------------------------------------------------------    -------------------
                         (clock sys_clk_pin rise edge)
                                                      0.000     0.000 r  
    W5                                                0.000     0.000 r  clk (IN)
                         net (fo=0)                   0.000     0.000    clk
    W5                   IBUF (Prop_ibuf_I_O)         0.226     0.226 r  clk_IBUF_inst/O
                         net (fo=1, routed)           0.631     0.858    clk_IBUF
    BUFGCTRL_X0Y0        BUFG (Prop_bufg_I_O)         0.026     0.884 r  clk_IBUF_BUFG_inst/O
                         net (fo=35, routed)          0.561     1.444    clk_IBUF_BUFG
    SLICE_X29Y10         FDRE                                         r  refresh_counter_reg[12]/C
  -------------------------------------------------------------------    -------------------
    SLICE_X29Y10         FDRE (Prop_fdre_C_Q)         0.141     1.585 r  refresh_counter_reg[12]/Q
                         net (fo=1, routed)           0.105     1.690    refresh_counter_reg_n_0_[12]
    SLICE_X29Y10         CARRY4 (Prop_carry4_S[0]_O[0])
                                                      0.115     1.805 r  refresh_counter_reg[12]_i_1/O[0]
                         net (fo=1, routed)           0.000     1.805    refresh_counter_reg[12]_i_1_n_7
    SLICE_X29Y10         FDRE                                         r  refresh_counter_reg[12]/D
  -------------------------------------------------------------------    -------------------

                         (clock sys_clk_pin rise edge)
                                                      0.000     0.000 r  
    W5                                                0.000     0.000 r  clk (IN)
                         net (fo=0)                   0.000     0.000    clk
    W5                   IBUF (Prop_ibuf_I_O)         0.414     0.414 r  clk_IBUF_inst/O
                         net (fo=1, routed)           0.685     1.099    clk_IBUF
    BUFGCTRL_X0Y0        BUFG (Prop_bufg_I_O)         0.029     1.128 r  clk_IBUF_BUFG_inst/O
                         net (fo=35, routed)          0.831     1.958    clk_IBUF_BUFG
    SLICE_X29Y10         FDRE                                         r  refresh_counter_reg[12]/C
                         clock pessimism             -0.514     1.444    
    SLICE_X29Y10         FDRE (Hold_fdre_C_D)         0.105     1.549    refresh_counter_reg[12]
  -------------------------------------------------------------------
                         required time                         -1.549    
                         arrival time                           1.805    
  -------------------------------------------------------------------
                         slack                                  0.256    

Slack (MET) :             0.256ns  (arrival time - required time)
  Source:                 refresh_counter_reg[10]/C
                            (rising edge-triggered cell FDRE clocked by sys_clk_pin  {rise@0.000ns fall@5.000ns period=10.000ns})
  Destination:            refresh_counter_reg[10]/D
                            (rising edge-triggered cell FDRE clocked by sys_clk_pin  {rise@0.000ns fall@5.000ns period=10.000ns})
  Path Group:             sys_clk_pin
  Path Type:              Hold (Min at Fast Process Corner)
  Requirement:            0.000ns  (sys_clk_pin rise@0.000ns - sys_clk_pin rise@0.000ns)
  Data Path Delay:        0.361ns  (logic 0.252ns (69.733%)  route 0.109ns (30.267%))
  Logic Levels:           1  (CARRY4=1)
  Clock Path Skew:        0.000ns (DCD - SCD - CPR)
    Destination Clock Delay (DCD):    1.959ns
    Source Clock Delay      (SCD):    1.445ns
    Clock Pessimism Removal (CPR):    0.514ns

    Location             Delay type                Incr(ns)  Path(ns)    Netlist Resource(s)
  -------------------------------------------------------------------    -------------------
                         (clock sys_clk_pin rise edge)
                                                      0.000     0.000 r  
    W5                                                0.000     0.000 r  clk (IN)
                         net (fo=0)                   0.000     0.000    clk
    W5                   IBUF (Prop_ibuf_I_O)         0.226     0.226 r  clk_IBUF_inst/O
                         net (fo=1, routed)           0.631     0.858    clk_IBUF
    BUFGCTRL_X0Y0        BUFG (Prop_bufg_I_O)         0.026     0.884 r  clk_IBUF_BUFG_inst/O
                         net (fo=35, routed)          0.562     1.445    clk_IBUF_BUFG
    SLICE_X29Y9          FDRE                                         r  refresh_counter_reg[10]/C
  -------------------------------------------------------------------    -------------------
    SLICE_X29Y9          FDRE (Prop_fdre_C_Q)         0.141     1.586 r  refresh_counter_reg[10]/Q
                         net (fo=1, routed)           0.109     1.696    refresh_counter_reg_n_0_[10]
    SLICE_X29Y9          CARRY4 (Prop_carry4_S[2]_O[2])
                                                      0.111     1.807 r  refresh_counter_reg[8]_i_1/O[2]
                         net (fo=1, routed)           0.000     1.807    refresh_counter_reg[8]_i_1_n_5
    SLICE_X29Y9          FDRE                                         r  refresh_counter_reg[10]/D
  -------------------------------------------------------------------    -------------------

                         (clock sys_clk_pin rise edge)
                                                      0.000     0.000 r  
    W5                                                0.000     0.000 r  clk (IN)
                         net (fo=0)                   0.000     0.000    clk
    W5                   IBUF (Prop_ibuf_I_O)         0.414     0.414 r  clk_IBUF_inst/O
                         net (fo=1, routed)           0.685     1.099    clk_IBUF
    BUFGCTRL_X0Y0        BUFG (Prop_bufg_I_O)         0.029     1.128 r  clk_IBUF_BUFG_inst/O
                         net (fo=35, routed)          0.832     1.959    clk_IBUF_BUFG
    SLICE_X29Y9          FDRE                                         r  refresh_counter_reg[10]/C
                         clock pessimism             -0.514     1.445    
    SLICE_X29Y9          FDRE (Hold_fdre_C_D)         0.105     1.550    refresh_counter_reg[10]
  -------------------------------------------------------------------
                         required time                         -1.550    
                         arrival time                           1.807    
  -------------------------------------------------------------------
                         slack                                  0.256    

Slack (MET) :             0.256ns  (arrival time - required time)
  Source:                 refresh_counter_reg[2]/C
                            (rising edge-triggered cell FDRE clocked by sys_clk_pin  {rise@0.000ns fall@5.000ns period=10.000ns})
  Destination:            refresh_counter_reg[2]/D
                            (rising edge-triggered cell FDRE clocked by sys_clk_pin  {rise@0.000ns fall@5.000ns period=10.000ns})
  Path Group:             sys_clk_pin
  Path Type:              Hold (Min at Fast Process Corner)
  Requirement:            0.000ns  (sys_clk_pin rise@0.000ns - sys_clk_pin rise@0.000ns)
  Data Path Delay:        0.361ns  (logic 0.252ns (69.733%)  route 0.109ns (30.267%))
  Logic Levels:           1  (CARRY4=1)
  Clock Path Skew:        0.000ns (DCD - SCD - CPR)
    Destination Clock Delay (DCD):    1.959ns
    Source Clock Delay      (SCD):    1.445ns
    Clock Pessimism Removal (CPR):    0.514ns

    Location             Delay type                Incr(ns)  Path(ns)    Netlist Resource(s)
  -------------------------------------------------------------------    -------------------
                         (clock sys_clk_pin rise edge)
                                                      0.000     0.000 r  
    W5                                                0.000     0.000 r  clk (IN)
                         net (fo=0)                   0.000     0.000    clk
    W5                   IBUF (Prop_ibuf_I_O)         0.226     0.226 r  clk_IBUF_inst/O
                         net (fo=1, routed)           0.631     0.858    clk_IBUF
    BUFGCTRL_X0Y0        BUFG (Prop_bufg_I_O)         0.026     0.884 r  clk_IBUF_BUFG_inst/O
                         net (fo=35, routed)          0.562     1.445    clk_IBUF_BUFG
    SLICE_X29Y7          FDRE                                         r  refresh_counter_reg[2]/C
  -------------------------------------------------------------------    -------------------
    SLICE_X29Y7          FDRE (Prop_fdre_C_Q)         0.141     1.586 r  refresh_counter_reg[2]/Q
                         net (fo=1, routed)           0.109     1.696    refresh_counter_reg_n_0_[2]
    SLICE_X29Y7          CARRY4 (Prop_carry4_S[2]_O[2])
                                                      0.111     1.807 r  refresh_counter_reg[0]_i_1/O[2]
                         net (fo=1, routed)           0.000     1.807    refresh_counter_reg[0]_i_1_n_5
    SLICE_X29Y7          FDRE                                         r  refresh_counter_reg[2]/D
  -------------------------------------------------------------------    -------------------

                         (clock sys_clk_pin rise edge)
                                                      0.000     0.000 r  
    W5                                                0.000     0.000 r  clk (IN)
                         net (fo=0)                   0.000     0.000    clk
    W5                   IBUF (Prop_ibuf_I_O)         0.414     0.414 r  clk_IBUF_inst/O
                         net (fo=1, routed)           0.685     1.099    clk_IBUF
    BUFGCTRL_X0Y0        BUFG (Prop_bufg_I_O)         0.029     1.128 r  clk_IBUF_BUFG_inst/O
                         net (fo=35, routed)          0.832     1.959    clk_IBUF_BUFG
    SLICE_X29Y7          FDRE                                         r  refresh_counter_reg[2]/C
                         clock pessimism             -0.514     1.445    
    SLICE_X29Y7          FDRE (Hold_fdre_C_D)         0.105     1.550    refresh_counter_reg[2]
  -------------------------------------------------------------------
                         required time                         -1.550    
                         arrival time                           1.807    
  -------------------------------------------------------------------
                         slack                                  0.256    





Pulse Width Checks
--------------------------------------------------------------------------------------
Clock Name:         sys_clk_pin
Waveform(ns):       { 0.000 5.000 }
Period(ns):         10.000
Sources:            { clk }

Check Type        Corner  Lib Pin  Reference Pin  Required(ns)  Actual(ns)  Slack(ns)  Location       Pin
Min Period        n/a     BUFG/I   n/a            2.155         10.000      7.845      BUFGCTRL_X0Y0  clk_IBUF_BUFG_inst/I
Min Period        n/a     FDRE/C   n/a            1.000         10.000      9.000      SLICE_X28Y11   A_reg[0]/C
Min Period        n/a     FDRE/C   n/a            1.000         10.000      9.000      SLICE_X28Y11   A_reg[1]/C
Min Period        n/a     FDRE/C   n/a            1.000         10.000      9.000      SLICE_X29Y12   A_reg[2]/C
Min Period        n/a     FDRE/C   n/a            1.000         10.000      9.000      SLICE_X28Y13   A_reg[3]/C
Min Period        n/a     FDRE/C   n/a            1.000         10.000      9.000      SLICE_X28Y11   A_reg[4]/C
Min Period        n/a     FDRE/C   n/a            1.000         10.000      9.000      SLICE_X28Y11   A_reg[5]/C
Min Period        n/a     FDRE/C   n/a            1.000         10.000      9.000      SLICE_X28Y11   A_reg[6]/C
Min Period        n/a     FDRE/C   n/a            1.000         10.000      9.000      SLICE_X29Y12   A_reg[7]/C
Min Period        n/a     FDRE/C   n/a            1.000         10.000      9.000      SLICE_X28Y12   B_reg[0]/C
Low Pulse Width   Slow    FDRE/C   n/a            0.500         5.000       4.500      SLICE_X28Y11   A_reg[0]/C
Low Pulse Width   Fast    FDRE/C   n/a            0.500         5.000       4.500      SLICE_X28Y11   A_reg[0]/C
Low Pulse Width   Slow    FDRE/C   n/a            0.500         5.000       4.500      SLICE_X28Y11   A_reg[1]/C
Low Pulse Width   Fast    FDRE/C   n/a            0.500         5.000       4.500      SLICE_X28Y11   A_reg[1]/C
Low Pulse Width   Slow    FDRE/C   n/a            0.500         5.000       4.500      SLICE_X29Y12   A_reg[2]/C
Low Pulse Width   Fast    FDRE/C   n/a            0.500         5.000       4.500      SLICE_X29Y12   A_reg[2]/C
Low Pulse Width   Slow    FDRE/C   n/a            0.500         5.000       4.500      SLICE_X28Y13   A_reg[3]/C
Low Pulse Width   Fast    FDRE/C   n/a            0.500         5.000       4.500      SLICE_X28Y13   A_reg[3]/C
Low Pulse Width   Slow    FDRE/C   n/a            0.500         5.000       4.500      SLICE_X28Y11   A_reg[4]/C
Low Pulse Width   Fast    FDRE/C   n/a            0.500         5.000       4.500      SLICE_X28Y11   A_reg[4]/C
High Pulse Width  Slow    FDRE/C   n/a            0.500         5.000       4.500      SLICE_X28Y11   A_reg[0]/C
High Pulse Width  Fast    FDRE/C   n/a            0.500         5.000       4.500      SLICE_X28Y11   A_reg[0]/C
High Pulse Width  Slow    FDRE/C   n/a            0.500         5.000       4.500      SLICE_X28Y11   A_reg[1]/C
High Pulse Width  Fast    FDRE/C   n/a            0.500         5.000       4.500      SLICE_X28Y11   A_reg[1]/C
High Pulse Width  Slow    FDRE/C   n/a            0.500         5.000       4.500      SLICE_X29Y12   A_reg[2]/C
High Pulse Width  Fast    FDRE/C   n/a            0.500         5.000       4.500      SLICE_X29Y12   A_reg[2]/C
High Pulse Width  Slow    FDRE/C   n/a            0.500         5.000       4.500      SLICE_X28Y13   A_reg[3]/C
High Pulse Width  Fast    FDRE/C   n/a            0.500         5.000       4.500      SLICE_X28Y13   A_reg[3]/C
High Pulse Width  Slow    FDRE/C   n/a            0.500         5.000       4.500      SLICE_X28Y11   A_reg[4]/C
High Pulse Width  Fast    FDRE/C   n/a            0.500         5.000       4.500      SLICE_X28Y11   A_reg[4]/C



--------------------------------------------------------------------------------------
Path Group:  (none)
From Clock:  
  To Clock:  

Max Delay            11 Endpoints
Min Delay            11 Endpoints
--------------------------------------------------------------------------------------


Max Delay Paths
--------------------------------------------------------------------------------------
Slack:                    inf
  Source:                 sw[9]
                            (input port)
  Destination:            seg[3]
                            (output port)
  Path Group:             (none)
  Path Type:              Max at Slow Process Corner
  Data Path Delay:        14.674ns  (logic 5.988ns (40.805%)  route 8.686ns (59.195%))
  Logic Levels:           6  (IBUF=1 LUT4=2 LUT6=1 MUXF7=1 OBUF=1)

    Location             Delay type                Incr(ns)  Path(ns)    Netlist Resource(s)
  -------------------------------------------------------------------    -------------------
    T3                                                0.000     0.000 r  sw[9] (IN)
                         net (fo=0)                   0.000     0.000    sw[9]
    T3                   IBUF (Prop_ibuf_I_O)         1.452     1.452 r  sw_IBUF[9]_inst/O
                         net (fo=31, routed)          3.759     5.211    sw_IBUF[9]
    SLICE_X32Y11         LUT4 (Prop_lut4_I0_O)        0.124     5.335 r  seg_OBUF[6]_inst_i_34/O
                         net (fo=1, routed)           0.000     5.335    seg_OBUF[6]_inst_i_34_n_0
    SLICE_X32Y11         MUXF7 (Prop_muxf7_I1_O)      0.217     5.552 r  seg_OBUF[6]_inst_i_18/O
                         net (fo=2, routed)           1.160     6.712    result[1]
    SLICE_X35Y11         LUT6 (Prop_lut6_I1_O)        0.299     7.011 r  seg_OBUF[6]_inst_i_5/O
                         net (fo=7, routed)           1.256     8.267    hex_digit[1]
    SLICE_X48Y12         LUT4 (Prop_lut4_I3_O)        0.152     8.419 r  seg_OBUF[3]_inst_i_1/O
                         net (fo=1, routed)           2.511    10.931    seg_OBUF[3]
    V8                   OBUF (Prop_obuf_I_O)         3.744    14.674 r  seg_OBUF[3]_inst/O
                         net (fo=0)                   0.000    14.674    seg[3]
    V8                                                                r  seg[3] (OUT)
  -------------------------------------------------------------------    -------------------

Slack:                    inf
  Source:                 sw[9]
                            (input port)
  Destination:            seg[2]
                            (output port)
  Path Group:             (none)
  Path Type:              Max at Slow Process Corner
  Data Path Delay:        14.649ns  (logic 5.751ns (39.261%)  route 8.898ns (60.739%))
  Logic Levels:           6  (IBUF=1 LUT4=2 LUT6=1 MUXF7=1 OBUF=1)

    Location             Delay type                Incr(ns)  Path(ns)    Netlist Resource(s)
  -------------------------------------------------------------------    -------------------
    T3                                                0.000     0.000 r  sw[9] (IN)
                         net (fo=0)                   0.000     0.000    sw[9]
    T3                   IBUF (Prop_ibuf_I_O)         1.452     1.452 r  sw_IBUF[9]_inst/O
                         net (fo=31, routed)          3.759     5.211    sw_IBUF[9]
    SLICE_X32Y11         LUT4 (Prop_lut4_I0_O)        0.124     5.335 r  seg_OBUF[6]_inst_i_34/O
                         net (fo=1, routed)           0.000     5.335    seg_OBUF[6]_inst_i_34_n_0
    SLICE_X32Y11         MUXF7 (Prop_muxf7_I1_O)      0.217     5.552 r  seg_OBUF[6]_inst_i_18/O
                         net (fo=2, routed)           1.160     6.712    result[1]
    SLICE_X35Y11         LUT6 (Prop_lut6_I1_O)        0.299     7.011 r  seg_OBUF[6]_inst_i_5/O
                         net (fo=7, routed)           1.468     8.479    hex_digit[1]
    SLICE_X48Y12         LUT4 (Prop_lut4_I2_O)        0.124     8.603 r  seg_OBUF[2]_inst_i_1/O
                         net (fo=1, routed)           2.511    11.114    seg_OBUF[2]
    U8                   OBUF (Prop_obuf_I_O)         3.535    14.649 r  seg_OBUF[2]_inst/O
                         net (fo=0)                   0.000    14.649    seg[2]
    U8                                                                r  seg[2] (OUT)
  -------------------------------------------------------------------    -------------------

Slack:                    inf
  Source:                 sw[9]
                            (input port)
  Destination:            seg[6]
                            (output port)
  Path Group:             (none)
  Path Type:              Max at Slow Process Corner
  Data Path Delay:        14.637ns  (logic 5.981ns (40.860%)  route 8.656ns (59.140%))
  Logic Levels:           6  (IBUF=1 LUT4=2 LUT6=1 MUXF7=1 OBUF=1)

    Location             Delay type                Incr(ns)  Path(ns)    Netlist Resource(s)
  -------------------------------------------------------------------    -------------------
    T3                                                0.000     0.000 r  sw[9] (IN)
                         net (fo=0)                   0.000     0.000    sw[9]
    T3                   IBUF (Prop_ibuf_I_O)         1.452     1.452 r  sw_IBUF[9]_inst/O
                         net (fo=31, routed)          3.759     5.211    sw_IBUF[9]
    SLICE_X32Y11         LUT4 (Prop_lut4_I0_O)        0.124     5.335 r  seg_OBUF[6]_inst_i_34/O
                         net (fo=1, routed)           0.000     5.335    seg_OBUF[6]_inst_i_34_n_0
    SLICE_X32Y11         MUXF7 (Prop_muxf7_I1_O)      0.217     5.552 r  seg_OBUF[6]_inst_i_18/O
                         net (fo=2, routed)           1.160     6.712    result[1]
    SLICE_X35Y11         LUT6 (Prop_lut6_I1_O)        0.299     7.011 r  seg_OBUF[6]_inst_i_5/O
                         net (fo=7, routed)           1.468     8.479    hex_digit[1]
    SLICE_X48Y12         LUT4 (Prop_lut4_I3_O)        0.154     8.633 r  seg_OBUF[6]_inst_i_1/O
                         net (fo=1, routed)           2.270    10.903    seg_OBUF[6]
    U7                   OBUF (Prop_obuf_I_O)         3.734    14.637 r  seg_OBUF[6]_inst/O
                         net (fo=0)                   0.000    14.637    seg[6]
    U7                                                                r  seg[6] (OUT)
  -------------------------------------------------------------------    -------------------

Slack:                    inf
  Source:                 sw[9]
                            (input port)
  Destination:            seg[4]
                            (output port)
  Path Group:             (none)
  Path Type:              Max at Slow Process Corner
  Data Path Delay:        14.584ns  (logic 5.736ns (39.331%)  route 8.848ns (60.669%))
  Logic Levels:           6  (IBUF=1 LUT4=2 LUT6=1 MUXF7=1 OBUF=1)

    Location             Delay type                Incr(ns)  Path(ns)    Netlist Resource(s)
  -------------------------------------------------------------------    -------------------
    T3                                                0.000     0.000 r  sw[9] (IN)
                         net (fo=0)                   0.000     0.000    sw[9]
    T3                   IBUF (Prop_ibuf_I_O)         1.452     1.452 r  sw_IBUF[9]_inst/O
                         net (fo=31, routed)          3.759     5.211    sw_IBUF[9]
    SLICE_X32Y11         LUT4 (Prop_lut4_I0_O)        0.124     5.335 f  seg_OBUF[6]_inst_i_34/O
                         net (fo=1, routed)           0.000     5.335    seg_OBUF[6]_inst_i_34_n_0
    SLICE_X32Y11         MUXF7 (Prop_muxf7_I1_O)      0.217     5.552 f  seg_OBUF[6]_inst_i_18/O
                         net (fo=2, routed)           1.160     6.712    result[1]
    SLICE_X35Y11         LUT6 (Prop_lut6_I1_O)        0.299     7.011 f  seg_OBUF[6]_inst_i_5/O
                         net (fo=7, routed)           1.470     8.480    hex_digit[1]
    SLICE_X48Y12         LUT4 (Prop_lut4_I1_O)        0.124     8.604 r  seg_OBUF[4]_inst_i_1/O
                         net (fo=1, routed)           2.460    11.064    seg_OBUF[4]
    U5                   OBUF (Prop_obuf_I_O)         3.520    14.584 r  seg_OBUF[4]_inst/O
                         net (fo=0)                   0.000    14.584    seg[4]
    U5                                                                r  seg[4] (OUT)
  -------------------------------------------------------------------    -------------------

Slack:                    inf
  Source:                 sw[9]
                            (input port)
  Destination:            seg[5]
                            (output port)
  Path Group:             (none)
  Path Type:              Max at Slow Process Corner
  Data Path Delay:        14.446ns  (logic 5.951ns (41.192%)  route 8.495ns (58.808%))
  Logic Levels:           6  (IBUF=1 LUT4=2 LUT6=1 MUXF7=1 OBUF=1)

    Location             Delay type                Incr(ns)  Path(ns)    Netlist Resource(s)
  -------------------------------------------------------------------    -------------------
    T3                                                0.000     0.000 r  sw[9] (IN)
                         net (fo=0)                   0.000     0.000    sw[9]
    T3                   IBUF (Prop_ibuf_I_O)         1.452     1.452 r  sw_IBUF[9]_inst/O
                         net (fo=31, routed)          3.759     5.211    sw_IBUF[9]
    SLICE_X32Y11         LUT4 (Prop_lut4_I0_O)        0.124     5.335 r  seg_OBUF[6]_inst_i_34/O
                         net (fo=1, routed)           0.000     5.335    seg_OBUF[6]_inst_i_34_n_0
    SLICE_X32Y11         MUXF7 (Prop_muxf7_I1_O)      0.217     5.552 r  seg_OBUF[6]_inst_i_18/O
                         net (fo=2, routed)           1.160     6.712    result[1]
    SLICE_X35Y11         LUT6 (Prop_lut6_I1_O)        0.299     7.011 r  seg_OBUF[6]_inst_i_5/O
                         net (fo=7, routed)           1.254     8.264    hex_digit[1]
    SLICE_X48Y12         LUT4 (Prop_lut4_I3_O)        0.152     8.416 r  seg_OBUF[5]_inst_i_1/O
                         net (fo=1, routed)           2.323    10.739    seg_OBUF[5]
    V5                   OBUF (Prop_obuf_I_O)         3.706    14.446 r  seg_OBUF[5]_inst/O
                         net (fo=0)                   0.000    14.446    seg[5]
    V5                                                                r  seg[5] (OUT)
  -------------------------------------------------------------------    -------------------

Slack:                    inf
  Source:                 sw[9]
                            (input port)
  Destination:            seg[0]
                            (output port)
  Path Group:             (none)
  Path Type:              Max at Slow Process Corner
  Data Path Delay:        14.435ns  (logic 5.727ns (39.674%)  route 8.708ns (60.326%))
  Logic Levels:           6  (IBUF=1 LUT4=2 LUT6=1 MUXF7=1 OBUF=1)

    Location             Delay type                Incr(ns)  Path(ns)    Netlist Resource(s)
  -------------------------------------------------------------------    -------------------
    T3                                                0.000     0.000 r  sw[9] (IN)
                         net (fo=0)                   0.000     0.000    sw[9]
    T3                   IBUF (Prop_ibuf_I_O)         1.452     1.452 r  sw_IBUF[9]_inst/O
                         net (fo=31, routed)          3.759     5.211    sw_IBUF[9]
    SLICE_X32Y11         LUT4 (Prop_lut4_I0_O)        0.124     5.335 r  seg_OBUF[6]_inst_i_34/O
                         net (fo=1, routed)           0.000     5.335    seg_OBUF[6]_inst_i_34_n_0
    SLICE_X32Y11         MUXF7 (Prop_muxf7_I1_O)      0.217     5.552 r  seg_OBUF[6]_inst_i_18/O
                         net (fo=2, routed)           1.160     6.712    result[1]
    SLICE_X35Y11         LUT6 (Prop_lut6_I1_O)        0.299     7.011 r  seg_OBUF[6]_inst_i_5/O
                         net (fo=7, routed)           1.254     8.264    hex_digit[1]
    SLICE_X48Y12         LUT4 (Prop_lut4_I3_O)        0.124     8.388 r  seg_OBUF[0]_inst_i_1/O
                         net (fo=1, routed)           2.536    10.924    seg_OBUF[0]
    W7                   OBUF (Prop_obuf_I_O)         3.511    14.435 r  seg_OBUF[0]_inst/O
                         net (fo=0)                   0.000    14.435    seg[0]
    W7                                                                r  seg[0] (OUT)
  -------------------------------------------------------------------    -------------------

Slack:                    inf
  Source:                 sw[9]
                            (input port)
  Destination:            seg[1]
                            (output port)
  Path Group:             (none)
  Path Type:              Max at Slow Process Corner
  Data Path Delay:        14.431ns  (logic 5.745ns (39.812%)  route 8.686ns (60.188%))
  Logic Levels:           6  (IBUF=1 LUT4=2 LUT6=1 MUXF7=1 OBUF=1)

    Location             Delay type                Incr(ns)  Path(ns)    Netlist Resource(s)
  -------------------------------------------------------------------    -------------------
    T3                                                0.000     0.000 r  sw[9] (IN)
                         net (fo=0)                   0.000     0.000    sw[9]
    T3                   IBUF (Prop_ibuf_I_O)         1.452     1.452 r  sw_IBUF[9]_inst/O
                         net (fo=31, routed)          3.759     5.211    sw_IBUF[9]
    SLICE_X32Y11         LUT4 (Prop_lut4_I0_O)        0.124     5.335 r  seg_OBUF[6]_inst_i_34/O
                         net (fo=1, routed)           0.000     5.335    seg_OBUF[6]_inst_i_34_n_0
    SLICE_X32Y11         MUXF7 (Prop_muxf7_I1_O)      0.217     5.552 r  seg_OBUF[6]_inst_i_18/O
                         net (fo=2, routed)           1.160     6.712    result[1]
    SLICE_X35Y11         LUT6 (Prop_lut6_I1_O)        0.299     7.011 r  seg_OBUF[6]_inst_i_5/O
                         net (fo=7, routed)           1.256     8.267    hex_digit[1]
    SLICE_X48Y12         LUT4 (Prop_lut4_I2_O)        0.124     8.391 r  seg_OBUF[1]_inst_i_1/O
                         net (fo=1, routed)           2.511    10.902    seg_OBUF[1]
    W6                   OBUF (Prop_obuf_I_O)         3.529    14.431 r  seg_OBUF[1]_inst/O
                         net (fo=0)                   0.000    14.431    seg[1]
    W6                                                                r  seg[1] (OUT)
  -------------------------------------------------------------------    -------------------

Slack:                    inf
  Source:                 sw[9]
                            (input port)
  Destination:            led[0]
                            (output port)
  Path Group:             (none)
  Path Type:              Max at Slow Process Corner
  Data Path Delay:        13.978ns  (logic 5.721ns (40.927%)  route 8.257ns (59.073%))
  Logic Levels:           6  (IBUF=1 LUT4=3 MUXF7=1 OBUF=1)

    Location             Delay type                Incr(ns)  Path(ns)    Netlist Resource(s)
  -------------------------------------------------------------------    -------------------
    T3                                                0.000     0.000 r  sw[9] (IN)
                         net (fo=0)                   0.000     0.000    sw[9]
    T3                   IBUF (Prop_ibuf_I_O)         1.452     1.452 r  sw_IBUF[9]_inst/O
                         net (fo=31, routed)          3.759     5.211    sw_IBUF[9]
    SLICE_X32Y11         LUT4 (Prop_lut4_I0_O)        0.124     5.335 f  seg_OBUF[6]_inst_i_34/O
                         net (fo=1, routed)           0.000     5.335    seg_OBUF[6]_inst_i_34_n_0
    SLICE_X32Y11         MUXF7 (Prop_muxf7_I1_O)      0.217     5.552 f  seg_OBUF[6]_inst_i_18/O
                         net (fo=2, routed)           0.985     6.536    result[1]
    SLICE_X34Y11         LUT4 (Prop_lut4_I2_O)        0.299     6.835 r  led_OBUF[0]_inst_i_5/O
                         net (fo=1, routed)           0.808     7.643    led_OBUF[0]_inst_i_5_n_0
    SLICE_X33Y11         LUT4 (Prop_lut4_I3_O)        0.124     7.767 r  led_OBUF[0]_inst_i_1/O
                         net (fo=1, routed)           2.707    10.474    led_OBUF[0]
    U16                  OBUF (Prop_obuf_I_O)         3.505    13.978 r  led_OBUF[0]_inst/O
                         net (fo=0)                   0.000    13.978    led[0]
    U16                                                               r  led[0] (OUT)
  -------------------------------------------------------------------    -------------------

Slack:                    inf
  Source:                 sw[9]
                            (input port)
  Destination:            led[1]
                            (output port)
  Path Group:             (none)
  Path Type:              Max at Slow Process Corner
  Data Path Delay:        12.081ns  (logic 5.498ns (45.507%)  route 6.584ns (54.493%))
  Logic Levels:           4  (IBUF=1 LUT4=1 MUXF7=1 OBUF=1)

    Location             Delay type                Incr(ns)  Path(ns)    Netlist Resource(s)
  -------------------------------------------------------------------    -------------------
    T3                                                0.000     0.000 r  sw[9] (IN)
                         net (fo=0)                   0.000     0.000    sw[9]
    T3                   IBUF (Prop_ibuf_I_O)         1.452     1.452 r  sw_IBUF[9]_inst/O
                         net (fo=31, routed)          3.387     4.839    sw_IBUF[9]
    SLICE_X32Y15         LUT4 (Prop_lut4_I0_O)        0.124     4.963 r  led_OBUF[1]_inst_i_3/O
                         net (fo=1, routed)           0.000     4.963    led_OBUF[1]_inst_i_3_n_0
    SLICE_X32Y15         MUXF7 (Prop_muxf7_I1_O)      0.217     5.180 r  led_OBUF[1]_inst_i_1/O
                         net (fo=3, routed)           3.197     8.377    led_OBUF[1]
    E19                  OBUF (Prop_obuf_I_O)         3.705    12.081 r  led_OBUF[1]_inst/O
                         net (fo=0)                   0.000    12.081    led[1]
    E19                                                               r  led[1] (OUT)
  -------------------------------------------------------------------    -------------------

Slack:                    inf
  Source:                 sw[9]
                            (input port)
  Destination:            led[3]
                            (output port)
  Path Group:             (none)
  Path Type:              Max at Slow Process Corner
  Data Path Delay:        11.983ns  (logic 5.209ns (43.471%)  route 6.774ns (56.529%))
  Logic Levels:           4  (IBUF=1 LUT4=1 LUT6=1 OBUF=1)

    Location             Delay type                Incr(ns)  Path(ns)    Netlist Resource(s)
  -------------------------------------------------------------------    -------------------
    T3                                                0.000     0.000 f  sw[9] (IN)
                         net (fo=0)                   0.000     0.000    sw[9]
    T3                   IBUF (Prop_ibuf_I_O)         1.452     1.452 f  sw_IBUF[9]_inst/O
                         net (fo=31, routed)          3.210     4.662    sw_IBUF[9]
    SLICE_X34Y13         LUT6 (Prop_lut6_I5_O)        0.124     4.786 r  led_OBUF[3]_inst_i_3/O
                         net (fo=1, routed)           0.976     5.763    led_OBUF[3]_inst_i_3_n_0
    SLICE_X32Y15         LUT4 (Prop_lut4_I2_O)        0.124     5.887 r  led_OBUF[3]_inst_i_1/O
                         net (fo=1, routed)           2.587     8.474    led_OBUF[3]
    V19                  OBUF (Prop_obuf_I_O)         3.509    11.983 r  led_OBUF[3]_inst/O
                         net (fo=0)                   0.000    11.983    led[3]
    V19                                                               r  led[3] (OUT)
  -------------------------------------------------------------------    -------------------





Min Delay Paths
--------------------------------------------------------------------------------------
Slack:                    inf
  Source:                 sw[8]
                            (input port)
  Destination:            led[3]
                            (output port)
  Path Group:             (none)
  Path Type:              Min at Fast Process Corner
  Data Path Delay:        3.577ns  (logic 1.478ns (41.316%)  route 2.099ns (58.684%))
  Logic Levels:           3  (IBUF=1 LUT4=1 OBUF=1)

    Location             Delay type                Incr(ns)  Path(ns)    Netlist Resource(s)
  -------------------------------------------------------------------    -------------------
    V2                                                0.000     0.000 r  sw[8] (IN)
                         net (fo=0)                   0.000     0.000    sw[8]
    V2                   IBUF (Prop_ibuf_I_O)         0.223     0.223 r  sw_IBUF[8]_inst/O
                         net (fo=30, routed)          1.266     1.489    sw_IBUF[8]
    SLICE_X32Y15         LUT4 (Prop_lut4_I1_O)        0.045     1.534 r  led_OBUF[3]_inst_i_1/O
                         net (fo=1, routed)           0.832     2.366    led_OBUF[3]
    V19                  OBUF (Prop_obuf_I_O)         1.210     3.577 r  led_OBUF[3]_inst/O
                         net (fo=0)                   0.000     3.577    led[3]
    V19                                                               r  led[3] (OUT)
  -------------------------------------------------------------------    -------------------

Slack:                    inf
  Source:                 sw[10]
                            (input port)
  Destination:            led[2]
                            (output port)
  Path Group:             (none)
  Path Type:              Min at Fast Process Corner
  Data Path Delay:        3.590ns  (logic 1.473ns (41.037%)  route 2.117ns (58.963%))
  Logic Levels:           3  (IBUF=1 LUT6=1 OBUF=1)

    Location             Delay type                Incr(ns)  Path(ns)    Netlist Resource(s)
  -------------------------------------------------------------------    -------------------
    T2                                                0.000     0.000 f  sw[10] (IN)
                         net (fo=0)                   0.000     0.000    sw[10]
    T2                   IBUF (Prop_ibuf_I_O)         0.226     0.226 f  sw_IBUF[10]_inst/O
                         net (fo=22, routed)          1.301     1.527    sw_IBUF[10]
    SLICE_X31Y16         LUT6 (Prop_lut6_I0_O)        0.045     1.572 r  led_OBUF[2]_inst_i_1/O
                         net (fo=1, routed)           0.816     2.387    led_OBUF[2]
    U19                  OBUF (Prop_obuf_I_O)         1.202     3.590 r  led_OBUF[2]_inst/O
                         net (fo=0)                   0.000     3.590    led[2]
    U19                                                               r  led[2] (OUT)
  -------------------------------------------------------------------    -------------------

Slack:                    inf
  Source:                 sw[10]
                            (input port)
  Destination:            led[1]
                            (output port)
  Path Group:             (none)
  Path Type:              Min at Fast Process Corner
  Data Path Delay:        4.028ns  (logic 1.605ns (39.838%)  route 2.423ns (60.162%))
  Logic Levels:           3  (IBUF=1 MUXF7=1 OBUF=1)

    Location             Delay type                Incr(ns)  Path(ns)    Netlist Resource(s)
  -------------------------------------------------------------------    -------------------
    T2                                                0.000     0.000 r  sw[10] (IN)
                         net (fo=0)                   0.000     0.000    sw[10]
    T2                   IBUF (Prop_ibuf_I_O)         0.226     0.226 r  sw_IBUF[10]_inst/O
                         net (fo=22, routed)          1.271     1.497    sw_IBUF[10]
    SLICE_X32Y15         MUXF7 (Prop_muxf7_S_O)       0.085     1.582 r  led_OBUF[1]_inst_i_1/O
                         net (fo=3, routed)           1.152     2.734    led_OBUF[1]
    E19                  OBUF (Prop_obuf_I_O)         1.294     4.028 r  led_OBUF[1]_inst/O
                         net (fo=0)                   0.000     4.028    led[1]
    E19                                                               r  led[1] (OUT)
  -------------------------------------------------------------------    -------------------

Slack:                    inf
  Source:                 sw[9]
                            (input port)
  Destination:            led[0]
                            (output port)
  Path Group:             (none)
  Path Type:              Min at Fast Process Corner
  Data Path Delay:        4.136ns  (logic 1.516ns (36.661%)  route 2.620ns (63.339%))
  Logic Levels:           4  (IBUF=1 LUT4=1 LUT6=1 OBUF=1)

    Location             Delay type                Incr(ns)  Path(ns)    Netlist Resource(s)
  -------------------------------------------------------------------    -------------------
    T3                                                0.000     0.000 f  sw[9] (IN)
                         net (fo=0)                   0.000     0.000    sw[9]
    T3                   IBUF (Prop_ibuf_I_O)         0.220     0.220 f  sw_IBUF[9]_inst/O
                         net (fo=31, routed)          1.552     1.772    sw_IBUF[9]
    SLICE_X33Y11         LUT6 (Prop_lut6_I2_O)        0.045     1.817 r  led_OBUF[0]_inst_i_3/O
                         net (fo=1, routed)           0.137     1.954    led_OBUF[0]_inst_i_3_n_0
    SLICE_X33Y11         LUT4 (Prop_lut4_I1_O)        0.045     1.999 r  led_OBUF[0]_inst_i_1/O
                         net (fo=1, routed)           0.931     2.930    led_OBUF[0]
    U16                  OBUF (Prop_obuf_I_O)         1.206     4.136 r  led_OBUF[0]_inst/O
                         net (fo=0)                   0.000     4.136    led[0]
    U16                                                               r  led[0] (OUT)
  -------------------------------------------------------------------    -------------------

Slack:                    inf
  Source:                 sw[9]
                            (input port)
  Destination:            seg[4]
                            (output port)
  Path Group:             (none)
  Path Type:              Min at Fast Process Corner
  Data Path Delay:        4.291ns  (logic 1.576ns (36.735%)  route 2.714ns (63.265%))
  Logic Levels:           5  (IBUF=1 LUT4=2 LUT6=1 OBUF=1)

    Location             Delay type                Incr(ns)  Path(ns)    Netlist Resource(s)
  -------------------------------------------------------------------    -------------------
    T3                                                0.000     0.000 r  sw[9] (IN)
                         net (fo=0)                   0.000     0.000    sw[9]
    T3                   IBUF (Prop_ibuf_I_O)         0.220     0.220 r  sw_IBUF[9]_inst/O
                         net (fo=31, routed)          1.459     1.679    sw_IBUF[9]
    SLICE_X34Y12         LUT4 (Prop_lut4_I2_O)        0.045     1.724 r  seg_OBUF[6]_inst_i_11/O
                         net (fo=1, routed)           0.122     1.846    seg_OBUF[6]_inst_i_11_n_0
    SLICE_X34Y12         LUT6 (Prop_lut6_I2_O)        0.045     1.891 r  seg_OBUF[6]_inst_i_3/O
                         net (fo=7, routed)           0.423     2.314    hex_digit[0]
    SLICE_X48Y12         LUT4 (Prop_lut4_I3_O)        0.045     2.359 r  seg_OBUF[4]_inst_i_1/O
                         net (fo=1, routed)           0.711     3.070    seg_OBUF[4]
    U5                   OBUF (Prop_obuf_I_O)         1.221     4.291 r  seg_OBUF[4]_inst/O
                         net (fo=0)                   0.000     4.291    seg[4]
    U5                                                                r  seg[4] (OUT)
  -------------------------------------------------------------------    -------------------

Slack:                    inf
  Source:                 sw[9]
                            (input port)
  Destination:            seg[6]
                            (output port)
  Path Group:             (none)
  Path Type:              Min at Fast Process Corner
  Data Path Delay:        4.294ns  (logic 1.653ns (38.485%)  route 2.642ns (61.515%))
  Logic Levels:           5  (IBUF=1 LUT4=2 LUT6=1 OBUF=1)

    Location             Delay type                Incr(ns)  Path(ns)    Netlist Resource(s)
  -------------------------------------------------------------------    -------------------
    T3                                                0.000     0.000 r  sw[9] (IN)
                         net (fo=0)                   0.000     0.000    sw[9]
    T3                   IBUF (Prop_ibuf_I_O)         0.220     0.220 r  sw_IBUF[9]_inst/O
                         net (fo=31, routed)          1.459     1.679    sw_IBUF[9]
    SLICE_X34Y12         LUT4 (Prop_lut4_I2_O)        0.045     1.724 r  seg_OBUF[6]_inst_i_11/O
                         net (fo=1, routed)           0.122     1.846    seg_OBUF[6]_inst_i_11_n_0
    SLICE_X34Y12         LUT6 (Prop_lut6_I2_O)        0.045     1.891 r  seg_OBUF[6]_inst_i_3/O
                         net (fo=7, routed)           0.430     2.320    hex_digit[0]
    SLICE_X48Y12         LUT4 (Prop_lut4_I1_O)        0.045     2.365 r  seg_OBUF[6]_inst_i_1/O
                         net (fo=1, routed)           0.632     2.997    seg_OBUF[6]
    U7                   OBUF (Prop_obuf_I_O)         1.297     4.294 r  seg_OBUF[6]_inst/O
                         net (fo=0)                   0.000     4.294    seg[6]
    U7                                                                r  seg[6] (OUT)
  -------------------------------------------------------------------    -------------------

Slack:                    inf
  Source:                 sw[10]
                            (input port)
  Destination:            seg[1]
                            (output port)
  Path Group:             (none)
  Path Type:              Min at Fast Process Corner
  Data Path Delay:        4.314ns  (logic 1.694ns (39.265%)  route 2.620ns (60.735%))
  Logic Levels:           5  (IBUF=1 LUT4=1 LUT6=1 MUXF7=1 OBUF=1)

    Location             Delay type                Incr(ns)  Path(ns)    Netlist Resource(s)
  -------------------------------------------------------------------    -------------------
    T2                                                0.000     0.000 r  sw[10] (IN)
                         net (fo=0)                   0.000     0.000    sw[10]
    T2                   IBUF (Prop_ibuf_I_O)         0.226     0.226 r  sw_IBUF[10]_inst/O
                         net (fo=22, routed)          1.345     1.571    sw_IBUF[10]
    SLICE_X33Y13         MUXF7 (Prop_muxf7_S_O)       0.085     1.656 r  seg_OBUF[6]_inst_i_13/O
                         net (fo=2, routed)           0.129     1.784    result[6]
    SLICE_X35Y12         LUT6 (Prop_lut6_I0_O)        0.108     1.892 r  seg_OBUF[6]_inst_i_4/O
                         net (fo=7, routed)           0.410     2.302    hex_digit[2]
    SLICE_X48Y12         LUT4 (Prop_lut4_I1_O)        0.045     2.347 r  seg_OBUF[1]_inst_i_1/O
                         net (fo=1, routed)           0.737     3.084    seg_OBUF[1]
    W6                   OBUF (Prop_obuf_I_O)         1.230     4.314 r  seg_OBUF[1]_inst/O
                         net (fo=0)                   0.000     4.314    seg[1]
    W6                                                                r  seg[1] (OUT)
  -------------------------------------------------------------------    -------------------

Slack:                    inf
  Source:                 sw[9]
                            (input port)
  Destination:            seg[2]
                            (output port)
  Path Group:             (none)
  Path Type:              Min at Fast Process Corner
  Data Path Delay:        4.338ns  (logic 1.591ns (36.682%)  route 2.747ns (63.318%))
  Logic Levels:           5  (IBUF=1 LUT4=2 LUT6=1 OBUF=1)

    Location             Delay type                Incr(ns)  Path(ns)    Netlist Resource(s)
  -------------------------------------------------------------------    -------------------
    T3                                                0.000     0.000 f  sw[9] (IN)
                         net (fo=0)                   0.000     0.000    sw[9]
    T3                   IBUF (Prop_ibuf_I_O)         0.220     0.220 f  sw_IBUF[9]_inst/O
                         net (fo=31, routed)          1.459     1.679    sw_IBUF[9]
    SLICE_X34Y12         LUT4 (Prop_lut4_I2_O)        0.045     1.724 f  seg_OBUF[6]_inst_i_11/O
                         net (fo=1, routed)           0.122     1.846    seg_OBUF[6]_inst_i_11_n_0
    SLICE_X34Y12         LUT6 (Prop_lut6_I2_O)        0.045     1.891 f  seg_OBUF[6]_inst_i_3/O
                         net (fo=7, routed)           0.430     2.320    hex_digit[0]
    SLICE_X48Y12         LUT4 (Prop_lut4_I1_O)        0.045     2.365 r  seg_OBUF[2]_inst_i_1/O
                         net (fo=1, routed)           0.737     3.102    seg_OBUF[2]
    U8                   OBUF (Prop_obuf_I_O)         1.236     4.338 r  seg_OBUF[2]_inst/O
                         net (fo=0)                   0.000     4.338    seg[2]
    U8                                                                r  seg[2] (OUT)
  -------------------------------------------------------------------    -------------------

Slack:                    inf
  Source:                 sw[9]
                            (input port)
  Destination:            seg[5]
                            (output port)
  Path Group:             (none)
  Path Type:              Min at Fast Process Corner
  Data Path Delay:        4.376ns  (logic 1.620ns (37.021%)  route 2.756ns (62.979%))
  Logic Levels:           5  (IBUF=1 LUT4=2 LUT6=1 OBUF=1)

    Location             Delay type                Incr(ns)  Path(ns)    Netlist Resource(s)
  -------------------------------------------------------------------    -------------------
    T3                                                0.000     0.000 r  sw[9] (IN)
                         net (fo=0)                   0.000     0.000    sw[9]
    T3                   IBUF (Prop_ibuf_I_O)         0.220     0.220 r  sw_IBUF[9]_inst/O
                         net (fo=31, routed)          1.459     1.679    sw_IBUF[9]
    SLICE_X34Y12         LUT4 (Prop_lut4_I2_O)        0.045     1.724 r  seg_OBUF[6]_inst_i_11/O
                         net (fo=1, routed)           0.122     1.846    seg_OBUF[6]_inst_i_11_n_0
    SLICE_X34Y12         LUT6 (Prop_lut6_I2_O)        0.045     1.891 r  seg_OBUF[6]_inst_i_3/O
                         net (fo=7, routed)           0.527     2.418    hex_digit[0]
    SLICE_X48Y12         LUT4 (Prop_lut4_I2_O)        0.042     2.460 r  seg_OBUF[5]_inst_i_1/O
                         net (fo=1, routed)           0.648     3.108    seg_OBUF[5]
    V5                   OBUF (Prop_obuf_I_O)         1.268     4.376 r  seg_OBUF[5]_inst/O
                         net (fo=0)                   0.000     4.376    seg[5]
    V5                                                                r  seg[5] (OUT)
  -------------------------------------------------------------------    -------------------

Slack:                    inf
  Source:                 sw[10]
                            (input port)
  Destination:            seg[3]
                            (output port)
  Path Group:             (none)
  Path Type:              Min at Fast Process Corner
  Data Path Delay:        4.388ns  (logic 1.767ns (40.275%)  route 2.621ns (59.725%))
  Logic Levels:           5  (IBUF=1 LUT4=1 LUT6=1 MUXF7=1 OBUF=1)

    Location             Delay type                Incr(ns)  Path(ns)    Netlist Resource(s)
  -------------------------------------------------------------------    -------------------
    T2                                                0.000     0.000 r  sw[10] (IN)
                         net (fo=0)                   0.000     0.000    sw[10]
    T2                   IBUF (Prop_ibuf_I_O)         0.226     0.226 r  sw_IBUF[10]_inst/O
                         net (fo=22, routed)          1.345     1.571    sw_IBUF[10]
    SLICE_X33Y13         MUXF7 (Prop_muxf7_S_O)       0.085     1.656 r  seg_OBUF[6]_inst_i_13/O
                         net (fo=2, routed)           0.129     1.784    result[6]
    SLICE_X35Y12         LUT6 (Prop_lut6_I0_O)        0.108     1.892 r  seg_OBUF[6]_inst_i_4/O
                         net (fo=7, routed)           0.410     2.302    hex_digit[2]
    SLICE_X48Y12         LUT4 (Prop_lut4_I1_O)        0.045     2.347 r  seg_OBUF[3]_inst_i_1/O
                         net (fo=1, routed)           0.737     3.085    seg_OBUF[3]
    V8                   OBUF (Prop_obuf_I_O)         1.303     4.388 r  seg_OBUF[3]_inst/O
                         net (fo=0)                   0.000     4.388    seg[3]
    V8                                                                r  seg[3] (OUT)
  -------------------------------------------------------------------    -------------------





--------------------------------------------------------------------------------------
Path Group:  (none)
From Clock:  sys_clk_pin
  To Clock:  

Max Delay            15 Endpoints
Min Delay            15 Endpoints
--------------------------------------------------------------------------------------


Max Delay Paths
--------------------------------------------------------------------------------------
Slack:                    inf
  Source:                 A_reg[5]/C
                            (rising edge-triggered cell FDRE clocked by sys_clk_pin  {rise@0.000ns fall@5.000ns period=10.000ns})
  Destination:            seg[2]
                            (output port)
  Path Group:             (none)
  Path Type:              Max at Slow Process Corner
  Data Path Delay:        17.784ns  (logic 7.230ns (40.656%)  route 10.554ns (59.344%))
  Logic Levels:           13  (CARRY4=4 LUT4=3 LUT6=5 OBUF=1)
  Clock Uncertainty:      0.025ns  ((TSJ^2 + TIJ^2)^1/2 + DJ) / 2 + PE
    Total System Jitter     (TSJ):    0.050ns
    Total Input Jitter      (TIJ):    0.000ns
    Discrete Jitter          (DJ):    0.000ns
    Phase Error              (PE):    0.000ns

    Location             Delay type                Incr(ns)  Path(ns)    Netlist Resource(s)
  -------------------------------------------------------------------    -------------------
                         (clock sys_clk_pin rise edge)
                                                      0.000     0.000 r  
    W5                                                0.000     0.000 r  clk (IN)
                         net (fo=0)                   0.000     0.000    clk
    W5                   IBUF (Prop_ibuf_I_O)         1.458     1.458 r  clk_IBUF_inst/O
                         net (fo=1, routed)           1.967     3.425    clk_IBUF
    BUFGCTRL_X0Y0        BUFG (Prop_bufg_I_O)         0.096     3.521 r  clk_IBUF_BUFG_inst/O
                         net (fo=35, routed)          1.563     5.084    clk_IBUF_BUFG
    SLICE_X28Y11         FDRE                                         r  A_reg[5]/C
  -------------------------------------------------------------------    -------------------
    SLICE_X28Y11         FDRE (Prop_fdre_C_Q)         0.456     5.540 r  A_reg[5]/Q
                         net (fo=30, routed)          1.688     7.228    A_reg_n_0_[5]
    SLICE_X28Y13         LUT6 (Prop_lut6_I3_O)        0.124     7.352 r  led_OBUF[1]_inst_i_31/O
                         net (fo=2, routed)           0.916     8.268    led_OBUF[1]_inst_i_31_n_0
    SLICE_X29Y13         LUT6 (Prop_lut6_I0_O)        0.124     8.392 r  led_OBUF[1]_inst_i_35/O
                         net (fo=1, routed)           0.000     8.392    led_OBUF[1]_inst_i_35_n_0
    SLICE_X29Y13         CARRY4 (Prop_carry4_S[3]_CO[3])
                                                      0.401     8.793 r  led_OBUF[1]_inst_i_17/CO[3]
                         net (fo=1, routed)           0.000     8.793    led_OBUF[1]_inst_i_17_n_0
    SLICE_X29Y14         CARRY4 (Prop_carry4_CI_CO[2])
                                                      0.228     9.021 r  led_OBUF[1]_inst_i_39/CO[2]
                         net (fo=2, routed)           0.945     9.966    led_OBUF[1]_inst_i_39_n_1
    SLICE_X28Y11         LUT4 (Prop_lut4_I1_O)        0.341    10.307 r  led_OBUF[0]_inst_i_22/O
                         net (fo=2, routed)           0.457    10.763    led_OBUF[0]_inst_i_22_n_0
    SLICE_X28Y11         LUT6 (Prop_lut6_I5_O)        0.326    11.089 r  led_OBUF[0]_inst_i_12/O
                         net (fo=2, routed)           1.223    12.312    led_OBUF[0]_inst_i_12_n_0
    SLICE_X31Y11         LUT6 (Prop_lut6_I0_O)        0.124    12.436 r  led_OBUF[0]_inst_i_16/O
                         net (fo=1, routed)           0.000    12.436    led_OBUF[0]_inst_i_16_n_0
    SLICE_X31Y11         CARRY4 (Prop_carry4_S[1]_CO[3])
                                                      0.550    12.986 r  led_OBUF[0]_inst_i_7/CO[3]
                         net (fo=1, routed)           0.000    12.986    led_OBUF[0]_inst_i_7_n_0
    SLICE_X31Y12         CARRY4 (Prop_carry4_CI_O[0])
                                                      0.222    13.208 r  led_OBUF[0]_inst_i_8/O[0]
                         net (fo=2, routed)           0.960    14.168    result0[15]
    SLICE_X34Y11         LUT4 (Prop_lut4_I1_O)        0.327    14.495 r  seg_OBUF[6]_inst_i_7/O
                         net (fo=1, routed)           0.354    14.849    seg_OBUF[6]_inst_i_7_n_0
    SLICE_X34Y11         LUT6 (Prop_lut6_I2_O)        0.348    15.197 r  seg_OBUF[6]_inst_i_2/O
                         net (fo=7, routed)           1.501    16.698    hex_digit[3]
    SLICE_X48Y12         LUT4 (Prop_lut4_I0_O)        0.124    16.822 r  seg_OBUF[2]_inst_i_1/O
                         net (fo=1, routed)           2.511    19.333    seg_OBUF[2]
    U8                   OBUF (Prop_obuf_I_O)         3.535    22.868 r  seg_OBUF[2]_inst/O
                         net (fo=0)                   0.000    22.868    seg[2]
    U8                                                                r  seg[2] (OUT)
  -------------------------------------------------------------------    -------------------

Slack:                    inf
  Source:                 A_reg[5]/C
                            (rising edge-triggered cell FDRE clocked by sys_clk_pin  {rise@0.000ns fall@5.000ns period=10.000ns})
  Destination:            seg[6]
                            (output port)
  Path Group:             (none)
  Path Type:              Max at Slow Process Corner
  Data Path Delay:        17.771ns  (logic 7.458ns (41.970%)  route 10.313ns (58.030%))
  Logic Levels:           13  (CARRY4=4 LUT4=3 LUT6=5 OBUF=1)
  Clock Uncertainty:      0.025ns  ((TSJ^2 + TIJ^2)^1/2 + DJ) / 2 + PE
    Total System Jitter     (TSJ):    0.050ns
    Total Input Jitter      (TIJ):    0.000ns
    Discrete Jitter          (DJ):    0.000ns
    Phase Error              (PE):    0.000ns

    Location             Delay type                Incr(ns)  Path(ns)    Netlist Resource(s)
  -------------------------------------------------------------------    -------------------
                         (clock sys_clk_pin rise edge)
                                                      0.000     0.000 r  
    W5                                                0.000     0.000 r  clk (IN)
                         net (fo=0)                   0.000     0.000    clk
    W5                   IBUF (Prop_ibuf_I_O)         1.458     1.458 r  clk_IBUF_inst/O
                         net (fo=1, routed)           1.967     3.425    clk_IBUF
    BUFGCTRL_X0Y0        BUFG (Prop_bufg_I_O)         0.096     3.521 r  clk_IBUF_BUFG_inst/O
                         net (fo=35, routed)          1.563     5.084    clk_IBUF_BUFG
    SLICE_X28Y11         FDRE                                         r  A_reg[5]/C
  -------------------------------------------------------------------    -------------------
    SLICE_X28Y11         FDRE (Prop_fdre_C_Q)         0.456     5.540 r  A_reg[5]/Q
                         net (fo=30, routed)          1.688     7.228    A_reg_n_0_[5]
    SLICE_X28Y13         LUT6 (Prop_lut6_I3_O)        0.124     7.352 r  led_OBUF[1]_inst_i_31/O
                         net (fo=2, routed)           0.916     8.268    led_OBUF[1]_inst_i_31_n_0
    SLICE_X29Y13         LUT6 (Prop_lut6_I0_O)        0.124     8.392 r  led_OBUF[1]_inst_i_35/O
                         net (fo=1, routed)           0.000     8.392    led_OBUF[1]_inst_i_35_n_0
    SLICE_X29Y13         CARRY4 (Prop_carry4_S[3]_CO[3])
                                                      0.401     8.793 r  led_OBUF[1]_inst_i_17/CO[3]
                         net (fo=1, routed)           0.000     8.793    led_OBUF[1]_inst_i_17_n_0
    SLICE_X29Y14         CARRY4 (Prop_carry4_CI_CO[2])
                                                      0.228     9.021 r  led_OBUF[1]_inst_i_39/CO[2]
                         net (fo=2, routed)           0.945     9.966    led_OBUF[1]_inst_i_39_n_1
    SLICE_X28Y11         LUT4 (Prop_lut4_I1_O)        0.341    10.307 r  led_OBUF[0]_inst_i_22/O
                         net (fo=2, routed)           0.457    10.763    led_OBUF[0]_inst_i_22_n_0
    SLICE_X28Y11         LUT6 (Prop_lut6_I5_O)        0.326    11.089 r  led_OBUF[0]_inst_i_12/O
                         net (fo=2, routed)           1.223    12.312    led_OBUF[0]_inst_i_12_n_0
    SLICE_X31Y11         LUT6 (Prop_lut6_I0_O)        0.124    12.436 r  led_OBUF[0]_inst_i_16/O
                         net (fo=1, routed)           0.000    12.436    led_OBUF[0]_inst_i_16_n_0
    SLICE_X31Y11         CARRY4 (Prop_carry4_S[1]_CO[3])
                                                      0.550    12.986 r  led_OBUF[0]_inst_i_7/CO[3]
                         net (fo=1, routed)           0.000    12.986    led_OBUF[0]_inst_i_7_n_0
    SLICE_X31Y12         CARRY4 (Prop_carry4_CI_O[0])
                                                      0.222    13.208 r  led_OBUF[0]_inst_i_8/O[0]
                         net (fo=2, routed)           0.960    14.168    result0[15]
    SLICE_X34Y11         LUT4 (Prop_lut4_I1_O)        0.327    14.495 r  seg_OBUF[6]_inst_i_7/O
                         net (fo=1, routed)           0.354    14.849    seg_OBUF[6]_inst_i_7_n_0
    SLICE_X34Y11         LUT6 (Prop_lut6_I2_O)        0.348    15.197 r  seg_OBUF[6]_inst_i_2/O
                         net (fo=7, routed)           1.501    16.698    hex_digit[3]
    SLICE_X48Y12         LUT4 (Prop_lut4_I0_O)        0.153    16.851 r  seg_OBUF[6]_inst_i_1/O
                         net (fo=1, routed)           2.270    19.121    seg_OBUF[6]
    U7                   OBUF (Prop_obuf_I_O)         3.734    22.855 r  seg_OBUF[6]_inst/O
                         net (fo=0)                   0.000    22.855    seg[6]
    U7                                                                r  seg[6] (OUT)
  -------------------------------------------------------------------    -------------------

Slack:                    inf
  Source:                 A_reg[5]/C
                            (rising edge-triggered cell FDRE clocked by sys_clk_pin  {rise@0.000ns fall@5.000ns period=10.000ns})
  Destination:            seg[3]
                            (output port)
  Path Group:             (none)
  Path Type:              Max at Slow Process Corner
  Data Path Delay:        17.577ns  (logic 7.434ns (42.293%)  route 10.143ns (57.707%))
  Logic Levels:           13  (CARRY4=4 LUT4=3 LUT6=5 OBUF=1)
  Clock Uncertainty:      0.025ns  ((TSJ^2 + TIJ^2)^1/2 + DJ) / 2 + PE
    Total System Jitter     (TSJ):    0.050ns
    Total Input Jitter      (TIJ):    0.000ns
    Discrete Jitter          (DJ):    0.000ns
    Phase Error              (PE):    0.000ns

    Location             Delay type                Incr(ns)  Path(ns)    Netlist Resource(s)
  -------------------------------------------------------------------    -------------------
                         (clock sys_clk_pin rise edge)
                                                      0.000     0.000 r  
    W5                                                0.000     0.000 r  clk (IN)
                         net (fo=0)                   0.000     0.000    clk
    W5                   IBUF (Prop_ibuf_I_O)         1.458     1.458 r  clk_IBUF_inst/O
                         net (fo=1, routed)           1.967     3.425    clk_IBUF
    BUFGCTRL_X0Y0        BUFG (Prop_bufg_I_O)         0.096     3.521 r  clk_IBUF_BUFG_inst/O
                         net (fo=35, routed)          1.563     5.084    clk_IBUF_BUFG
    SLICE_X28Y11         FDRE                                         r  A_reg[5]/C
  -------------------------------------------------------------------    -------------------
    SLICE_X28Y11         FDRE (Prop_fdre_C_Q)         0.456     5.540 r  A_reg[5]/Q
                         net (fo=30, routed)          1.688     7.228    A_reg_n_0_[5]
    SLICE_X28Y13         LUT6 (Prop_lut6_I3_O)        0.124     7.352 r  led_OBUF[1]_inst_i_31/O
                         net (fo=2, routed)           0.916     8.268    led_OBUF[1]_inst_i_31_n_0
    SLICE_X29Y13         LUT6 (Prop_lut6_I0_O)        0.124     8.392 r  led_OBUF[1]_inst_i_35/O
                         net (fo=1, routed)           0.000     8.392    led_OBUF[1]_inst_i_35_n_0
    SLICE_X29Y13         CARRY4 (Prop_carry4_S[3]_CO[3])
                                                      0.401     8.793 r  led_OBUF[1]_inst_i_17/CO[3]
                         net (fo=1, routed)           0.000     8.793    led_OBUF[1]_inst_i_17_n_0
    SLICE_X29Y14         CARRY4 (Prop_carry4_CI_CO[2])
                                                      0.228     9.021 r  led_OBUF[1]_inst_i_39/CO[2]
                         net (fo=2, routed)           0.945     9.966    led_OBUF[1]_inst_i_39_n_1
    SLICE_X28Y11         LUT4 (Prop_lut4_I1_O)        0.341    10.307 r  led_OBUF[0]_inst_i_22/O
                         net (fo=2, routed)           0.457    10.763    led_OBUF[0]_inst_i_22_n_0
    SLICE_X28Y11         LUT6 (Prop_lut6_I5_O)        0.326    11.089 r  led_OBUF[0]_inst_i_12/O
                         net (fo=2, routed)           1.223    12.312    led_OBUF[0]_inst_i_12_n_0
    SLICE_X31Y11         LUT6 (Prop_lut6_I0_O)        0.124    12.436 r  led_OBUF[0]_inst_i_16/O
                         net (fo=1, routed)           0.000    12.436    led_OBUF[0]_inst_i_16_n_0
    SLICE_X31Y11         CARRY4 (Prop_carry4_S[1]_CO[3])
                                                      0.550    12.986 r  led_OBUF[0]_inst_i_7/CO[3]
                         net (fo=1, routed)           0.000    12.986    led_OBUF[0]_inst_i_7_n_0
    SLICE_X31Y12         CARRY4 (Prop_carry4_CI_O[0])
                                                      0.222    13.208 r  led_OBUF[0]_inst_i_8/O[0]
                         net (fo=2, routed)           0.960    14.168    result0[15]
    SLICE_X34Y11         LUT4 (Prop_lut4_I1_O)        0.327    14.495 r  seg_OBUF[6]_inst_i_7/O
                         net (fo=1, routed)           0.354    14.849    seg_OBUF[6]_inst_i_7_n_0
    SLICE_X34Y11         LUT6 (Prop_lut6_I2_O)        0.348    15.197 r  seg_OBUF[6]_inst_i_2/O
                         net (fo=7, routed)           1.089    16.287    hex_digit[3]
    SLICE_X48Y12         LUT4 (Prop_lut4_I0_O)        0.119    16.406 r  seg_OBUF[3]_inst_i_1/O
                         net (fo=1, routed)           2.511    18.917    seg_OBUF[3]
    V8                   OBUF (Prop_obuf_I_O)         3.744    22.661 r  seg_OBUF[3]_inst/O
                         net (fo=0)                   0.000    22.661    seg[3]
    V8                                                                r  seg[3] (OUT)
  -------------------------------------------------------------------    -------------------

Slack:                    inf
  Source:                 A_reg[5]/C
                            (rising edge-triggered cell FDRE clocked by sys_clk_pin  {rise@0.000ns fall@5.000ns period=10.000ns})
  Destination:            seg[0]
                            (output port)
  Path Group:             (none)
  Path Type:              Max at Slow Process Corner
  Data Path Delay:        17.369ns  (logic 7.206ns (41.486%)  route 10.163ns (58.514%))
  Logic Levels:           13  (CARRY4=4 LUT4=3 LUT6=5 OBUF=1)
  Clock Uncertainty:      0.025ns  ((TSJ^2 + TIJ^2)^1/2 + DJ) / 2 + PE
    Total System Jitter     (TSJ):    0.050ns
    Total Input Jitter      (TIJ):    0.000ns
    Discrete Jitter          (DJ):    0.000ns
    Phase Error              (PE):    0.000ns

    Location             Delay type                Incr(ns)  Path(ns)    Netlist Resource(s)
  -------------------------------------------------------------------    -------------------
                         (clock sys_clk_pin rise edge)
                                                      0.000     0.000 r  
    W5                                                0.000     0.000 r  clk (IN)
                         net (fo=0)                   0.000     0.000    clk
    W5                   IBUF (Prop_ibuf_I_O)         1.458     1.458 r  clk_IBUF_inst/O
                         net (fo=1, routed)           1.967     3.425    clk_IBUF
    BUFGCTRL_X0Y0        BUFG (Prop_bufg_I_O)         0.096     3.521 r  clk_IBUF_BUFG_inst/O
                         net (fo=35, routed)          1.563     5.084    clk_IBUF_BUFG
    SLICE_X28Y11         FDRE                                         r  A_reg[5]/C
  -------------------------------------------------------------------    -------------------
    SLICE_X28Y11         FDRE (Prop_fdre_C_Q)         0.456     5.540 r  A_reg[5]/Q
                         net (fo=30, routed)          1.688     7.228    A_reg_n_0_[5]
    SLICE_X28Y13         LUT6 (Prop_lut6_I3_O)        0.124     7.352 r  led_OBUF[1]_inst_i_31/O
                         net (fo=2, routed)           0.916     8.268    led_OBUF[1]_inst_i_31_n_0
    SLICE_X29Y13         LUT6 (Prop_lut6_I0_O)        0.124     8.392 r  led_OBUF[1]_inst_i_35/O
                         net (fo=1, routed)           0.000     8.392    led_OBUF[1]_inst_i_35_n_0
    SLICE_X29Y13         CARRY4 (Prop_carry4_S[3]_CO[3])
                                                      0.401     8.793 r  led_OBUF[1]_inst_i_17/CO[3]
                         net (fo=1, routed)           0.000     8.793    led_OBUF[1]_inst_i_17_n_0
    SLICE_X29Y14         CARRY4 (Prop_carry4_CI_CO[2])
                                                      0.228     9.021 r  led_OBUF[1]_inst_i_39/CO[2]
                         net (fo=2, routed)           0.945     9.966    led_OBUF[1]_inst_i_39_n_1
    SLICE_X28Y11         LUT4 (Prop_lut4_I1_O)        0.341    10.307 r  led_OBUF[0]_inst_i_22/O
                         net (fo=2, routed)           0.457    10.763    led_OBUF[0]_inst_i_22_n_0
    SLICE_X28Y11         LUT6 (Prop_lut6_I5_O)        0.326    11.089 r  led_OBUF[0]_inst_i_12/O
                         net (fo=2, routed)           1.223    12.312    led_OBUF[0]_inst_i_12_n_0
    SLICE_X31Y11         LUT6 (Prop_lut6_I0_O)        0.124    12.436 r  led_OBUF[0]_inst_i_16/O
                         net (fo=1, routed)           0.000    12.436    led_OBUF[0]_inst_i_16_n_0
    SLICE_X31Y11         CARRY4 (Prop_carry4_S[1]_CO[3])
                                                      0.550    12.986 r  led_OBUF[0]_inst_i_7/CO[3]
                         net (fo=1, routed)           0.000    12.986    led_OBUF[0]_inst_i_7_n_0
    SLICE_X31Y12         CARRY4 (Prop_carry4_CI_O[0])
                                                      0.222    13.208 r  led_OBUF[0]_inst_i_8/O[0]
                         net (fo=2, routed)           0.960    14.168    result0[15]
    SLICE_X34Y11         LUT4 (Prop_lut4_I1_O)        0.327    14.495 r  seg_OBUF[6]_inst_i_7/O
                         net (fo=1, routed)           0.354    14.849    seg_OBUF[6]_inst_i_7_n_0
    SLICE_X34Y11         LUT6 (Prop_lut6_I2_O)        0.348    15.197 r  seg_OBUF[6]_inst_i_2/O
                         net (fo=7, routed)           1.085    16.283    hex_digit[3]
    SLICE_X48Y12         LUT4 (Prop_lut4_I0_O)        0.124    16.407 r  seg_OBUF[0]_inst_i_1/O
                         net (fo=1, routed)           2.536    18.942    seg_OBUF[0]
    W7                   OBUF (Prop_obuf_I_O)         3.511    22.453 r  seg_OBUF[0]_inst/O
                         net (fo=0)                   0.000    22.453    seg[0]
    W7                                                                r  seg[0] (OUT)
  -------------------------------------------------------------------    -------------------

Slack:                    inf
  Source:                 A_reg[5]/C
                            (rising edge-triggered cell FDRE clocked by sys_clk_pin  {rise@0.000ns fall@5.000ns period=10.000ns})
  Destination:            seg[1]
                            (output port)
  Path Group:             (none)
  Path Type:              Max at Slow Process Corner
  Data Path Delay:        17.367ns  (logic 7.224ns (41.598%)  route 10.142ns (58.402%))
  Logic Levels:           13  (CARRY4=4 LUT4=3 LUT6=5 OBUF=1)
  Clock Uncertainty:      0.025ns  ((TSJ^2 + TIJ^2)^1/2 + DJ) / 2 + PE
    Total System Jitter     (TSJ):    0.050ns
    Total Input Jitter      (TIJ):    0.000ns
    Discrete Jitter          (DJ):    0.000ns
    Phase Error              (PE):    0.000ns

    Location             Delay type                Incr(ns)  Path(ns)    Netlist Resource(s)
  -------------------------------------------------------------------    -------------------
                         (clock sys_clk_pin rise edge)
                                                      0.000     0.000 r  
    W5                                                0.000     0.000 r  clk (IN)
                         net (fo=0)                   0.000     0.000    clk
    W5                   IBUF (Prop_ibuf_I_O)         1.458     1.458 r  clk_IBUF_inst/O
                         net (fo=1, routed)           1.967     3.425    clk_IBUF
    BUFGCTRL_X0Y0        BUFG (Prop_bufg_I_O)         0.096     3.521 r  clk_IBUF_BUFG_inst/O
                         net (fo=35, routed)          1.563     5.084    clk_IBUF_BUFG
    SLICE_X28Y11         FDRE                                         r  A_reg[5]/C
  -------------------------------------------------------------------    -------------------
    SLICE_X28Y11         FDRE (Prop_fdre_C_Q)         0.456     5.540 r  A_reg[5]/Q
                         net (fo=30, routed)          1.688     7.228    A_reg_n_0_[5]
    SLICE_X28Y13         LUT6 (Prop_lut6_I3_O)        0.124     7.352 r  led_OBUF[1]_inst_i_31/O
                         net (fo=2, routed)           0.916     8.268    led_OBUF[1]_inst_i_31_n_0
    SLICE_X29Y13         LUT6 (Prop_lut6_I0_O)        0.124     8.392 r  led_OBUF[1]_inst_i_35/O
                         net (fo=1, routed)           0.000     8.392    led_OBUF[1]_inst_i_35_n_0
    SLICE_X29Y13         CARRY4 (Prop_carry4_S[3]_CO[3])
                                                      0.401     8.793 r  led_OBUF[1]_inst_i_17/CO[3]
                         net (fo=1, routed)           0.000     8.793    led_OBUF[1]_inst_i_17_n_0
    SLICE_X29Y14         CARRY4 (Prop_carry4_CI_CO[2])
                                                      0.228     9.021 r  led_OBUF[1]_inst_i_39/CO[2]
                         net (fo=2, routed)           0.945     9.966    led_OBUF[1]_inst_i_39_n_1
    SLICE_X28Y11         LUT4 (Prop_lut4_I1_O)        0.341    10.307 r  led_OBUF[0]_inst_i_22/O
                         net (fo=2, routed)           0.457    10.763    led_OBUF[0]_inst_i_22_n_0
    SLICE_X28Y11         LUT6 (Prop_lut6_I5_O)        0.326    11.089 r  led_OBUF[0]_inst_i_12/O
                         net (fo=2, routed)           1.223    12.312    led_OBUF[0]_inst_i_12_n_0
    SLICE_X31Y11         LUT6 (Prop_lut6_I0_O)        0.124    12.436 r  led_OBUF[0]_inst_i_16/O
                         net (fo=1, routed)           0.000    12.436    led_OBUF[0]_inst_i_16_n_0
    SLICE_X31Y11         CARRY4 (Prop_carry4_S[1]_CO[3])
                                                      0.550    12.986 r  led_OBUF[0]_inst_i_7/CO[3]
                         net (fo=1, routed)           0.000    12.986    led_OBUF[0]_inst_i_7_n_0
    SLICE_X31Y12         CARRY4 (Prop_carry4_CI_O[0])
                                                      0.222    13.208 r  led_OBUF[0]_inst_i_8/O[0]
                         net (fo=2, routed)           0.960    14.168    result0[15]
    SLICE_X34Y11         LUT4 (Prop_lut4_I1_O)        0.327    14.495 r  seg_OBUF[6]_inst_i_7/O
                         net (fo=1, routed)           0.354    14.849    seg_OBUF[6]_inst_i_7_n_0
    SLICE_X34Y11         LUT6 (Prop_lut6_I2_O)        0.348    15.197 r  seg_OBUF[6]_inst_i_2/O
                         net (fo=7, routed)           1.089    16.287    hex_digit[3]
    SLICE_X48Y12         LUT4 (Prop_lut4_I0_O)        0.124    16.411 r  seg_OBUF[1]_inst_i_1/O
                         net (fo=1, routed)           2.511    18.922    seg_OBUF[1]
    W6                   OBUF (Prop_obuf_I_O)         3.529    22.451 r  seg_OBUF[1]_inst/O
                         net (fo=0)                   0.000    22.451    seg[1]
    W6                                                                r  seg[1] (OUT)
  -------------------------------------------------------------------    -------------------

Slack:                    inf
  Source:                 A_reg[5]/C
                            (rising edge-triggered cell FDRE clocked by sys_clk_pin  {rise@0.000ns fall@5.000ns period=10.000ns})
  Destination:            seg[5]
                            (output port)
  Path Group:             (none)
  Path Type:              Max at Slow Process Corner
  Data Path Delay:        17.346ns  (logic 7.395ns (42.635%)  route 9.951ns (57.365%))
  Logic Levels:           13  (CARRY4=4 LUT4=3 LUT6=5 OBUF=1)
  Clock Uncertainty:      0.025ns  ((TSJ^2 + TIJ^2)^1/2 + DJ) / 2 + PE
    Total System Jitter     (TSJ):    0.050ns
    Total Input Jitter      (TIJ):    0.000ns
    Discrete Jitter          (DJ):    0.000ns
    Phase Error              (PE):    0.000ns

    Location             Delay type                Incr(ns)  Path(ns)    Netlist Resource(s)
  -------------------------------------------------------------------    -------------------
                         (clock sys_clk_pin rise edge)
                                                      0.000     0.000 r  
    W5                                                0.000     0.000 r  clk (IN)
                         net (fo=0)                   0.000     0.000    clk
    W5                   IBUF (Prop_ibuf_I_O)         1.458     1.458 r  clk_IBUF_inst/O
                         net (fo=1, routed)           1.967     3.425    clk_IBUF
    BUFGCTRL_X0Y0        BUFG (Prop_bufg_I_O)         0.096     3.521 r  clk_IBUF_BUFG_inst/O
                         net (fo=35, routed)          1.563     5.084    clk_IBUF_BUFG
    SLICE_X28Y11         FDRE                                         r  A_reg[5]/C
  -------------------------------------------------------------------    -------------------
    SLICE_X28Y11         FDRE (Prop_fdre_C_Q)         0.456     5.540 r  A_reg[5]/Q
                         net (fo=30, routed)          1.688     7.228    A_reg_n_0_[5]
    SLICE_X28Y13         LUT6 (Prop_lut6_I3_O)        0.124     7.352 r  led_OBUF[1]_inst_i_31/O
                         net (fo=2, routed)           0.916     8.268    led_OBUF[1]_inst_i_31_n_0
    SLICE_X29Y13         LUT6 (Prop_lut6_I0_O)        0.124     8.392 r  led_OBUF[1]_inst_i_35/O
                         net (fo=1, routed)           0.000     8.392    led_OBUF[1]_inst_i_35_n_0
    SLICE_X29Y13         CARRY4 (Prop_carry4_S[3]_CO[3])
                                                      0.401     8.793 r  led_OBUF[1]_inst_i_17/CO[3]
                         net (fo=1, routed)           0.000     8.793    led_OBUF[1]_inst_i_17_n_0
    SLICE_X29Y14         CARRY4 (Prop_carry4_CI_CO[2])
                                                      0.228     9.021 r  led_OBUF[1]_inst_i_39/CO[2]
                         net (fo=2, routed)           0.945     9.966    led_OBUF[1]_inst_i_39_n_1
    SLICE_X28Y11         LUT4 (Prop_lut4_I1_O)        0.341    10.307 r  led_OBUF[0]_inst_i_22/O
                         net (fo=2, routed)           0.457    10.763    led_OBUF[0]_inst_i_22_n_0
    SLICE_X28Y11         LUT6 (Prop_lut6_I5_O)        0.326    11.089 r  led_OBUF[0]_inst_i_12/O
                         net (fo=2, routed)           1.223    12.312    led_OBUF[0]_inst_i_12_n_0
    SLICE_X31Y11         LUT6 (Prop_lut6_I0_O)        0.124    12.436 r  led_OBUF[0]_inst_i_16/O
                         net (fo=1, routed)           0.000    12.436    led_OBUF[0]_inst_i_16_n_0
    SLICE_X31Y11         CARRY4 (Prop_carry4_S[1]_CO[3])
                                                      0.550    12.986 r  led_OBUF[0]_inst_i_7/CO[3]
                         net (fo=1, routed)           0.000    12.986    led_OBUF[0]_inst_i_7_n_0
    SLICE_X31Y12         CARRY4 (Prop_carry4_CI_O[0])
                                                      0.222    13.208 r  led_OBUF[0]_inst_i_8/O[0]
                         net (fo=2, routed)           0.960    14.168    result0[15]
    SLICE_X34Y11         LUT4 (Prop_lut4_I1_O)        0.327    14.495 r  seg_OBUF[6]_inst_i_7/O
                         net (fo=1, routed)           0.354    14.849    seg_OBUF[6]_inst_i_7_n_0
    SLICE_X34Y11         LUT6 (Prop_lut6_I2_O)        0.348    15.197 r  seg_OBUF[6]_inst_i_2/O
                         net (fo=7, routed)           1.085    16.283    hex_digit[3]
    SLICE_X48Y12         LUT4 (Prop_lut4_I0_O)        0.118    16.401 r  seg_OBUF[5]_inst_i_1/O
                         net (fo=1, routed)           2.323    18.724    seg_OBUF[5]
    V5                   OBUF (Prop_obuf_I_O)         3.706    22.430 r  seg_OBUF[5]_inst/O
                         net (fo=0)                   0.000    22.430    seg[5]
    V5                                                                r  seg[5] (OUT)
  -------------------------------------------------------------------    -------------------

Slack:                    inf
  Source:                 A_reg[5]/C
                            (rising edge-triggered cell FDRE clocked by sys_clk_pin  {rise@0.000ns fall@5.000ns period=10.000ns})
  Destination:            seg[4]
                            (output port)
  Path Group:             (none)
  Path Type:              Max at Slow Process Corner
  Data Path Delay:        17.218ns  (logic 6.838ns (39.713%)  route 10.381ns (60.287%))
  Logic Levels:           12  (CARRY4=3 LUT4=3 LUT6=5 OBUF=1)
  Clock Uncertainty:      0.025ns  ((TSJ^2 + TIJ^2)^1/2 + DJ) / 2 + PE
    Total System Jitter     (TSJ):    0.050ns
    Total Input Jitter      (TIJ):    0.000ns
    Discrete Jitter          (DJ):    0.000ns
    Phase Error              (PE):    0.000ns

    Location             Delay type                Incr(ns)  Path(ns)    Netlist Resource(s)
  -------------------------------------------------------------------    -------------------
                         (clock sys_clk_pin rise edge)
                                                      0.000     0.000 r  
    W5                                                0.000     0.000 r  clk (IN)
                         net (fo=0)                   0.000     0.000    clk
    W5                   IBUF (Prop_ibuf_I_O)         1.458     1.458 r  clk_IBUF_inst/O
                         net (fo=1, routed)           1.967     3.425    clk_IBUF
    BUFGCTRL_X0Y0        BUFG (Prop_bufg_I_O)         0.096     3.521 r  clk_IBUF_BUFG_inst/O
                         net (fo=35, routed)          1.563     5.084    clk_IBUF_BUFG
    SLICE_X28Y11         FDRE                                         r  A_reg[5]/C
  -------------------------------------------------------------------    -------------------
    SLICE_X28Y11         FDRE (Prop_fdre_C_Q)         0.456     5.540 r  A_reg[5]/Q
                         net (fo=30, routed)          1.688     7.228    A_reg_n_0_[5]
    SLICE_X28Y13         LUT6 (Prop_lut6_I3_O)        0.124     7.352 r  led_OBUF[1]_inst_i_31/O
                         net (fo=2, routed)           0.916     8.268    led_OBUF[1]_inst_i_31_n_0
    SLICE_X29Y13         LUT6 (Prop_lut6_I0_O)        0.124     8.392 r  led_OBUF[1]_inst_i_35/O
                         net (fo=1, routed)           0.000     8.392    led_OBUF[1]_inst_i_35_n_0
    SLICE_X29Y13         CARRY4 (Prop_carry4_S[3]_CO[3])
                                                      0.401     8.793 r  led_OBUF[1]_inst_i_17/CO[3]
                         net (fo=1, routed)           0.000     8.793    led_OBUF[1]_inst_i_17_n_0
    SLICE_X29Y14         CARRY4 (Prop_carry4_CI_CO[2])
                                                      0.228     9.021 r  led_OBUF[1]_inst_i_39/CO[2]
                         net (fo=2, routed)           0.945     9.966    led_OBUF[1]_inst_i_39_n_1
    SLICE_X28Y11         LUT4 (Prop_lut4_I1_O)        0.341    10.307 r  led_OBUF[0]_inst_i_22/O
                         net (fo=2, routed)           0.457    10.763    led_OBUF[0]_inst_i_22_n_0
    SLICE_X28Y11         LUT6 (Prop_lut6_I5_O)        0.326    11.089 r  led_OBUF[0]_inst_i_12/O
                         net (fo=2, routed)           1.223    12.312    led_OBUF[0]_inst_i_12_n_0
    SLICE_X31Y11         LUT6 (Prop_lut6_I0_O)        0.124    12.436 r  led_OBUF[0]_inst_i_16/O
                         net (fo=1, routed)           0.000    12.436    led_OBUF[0]_inst_i_16_n_0
    SLICE_X31Y11         CARRY4 (Prop_carry4_S[1]_O[3])
                                                      0.640    13.076 r  led_OBUF[0]_inst_i_7/O[3]
                         net (fo=2, routed)           0.612    13.688    result0[14]
    SLICE_X34Y11         LUT4 (Prop_lut4_I1_O)        0.306    13.994 r  seg_OBUF[6]_inst_i_15/O
                         net (fo=1, routed)           0.633    14.627    seg_OBUF[6]_inst_i_15_n_0
    SLICE_X35Y12         LUT6 (Prop_lut6_I2_O)        0.124    14.751 r  seg_OBUF[6]_inst_i_4/O
                         net (fo=7, routed)           1.448    16.199    hex_digit[2]
    SLICE_X48Y12         LUT4 (Prop_lut4_I2_O)        0.124    16.323 r  seg_OBUF[4]_inst_i_1/O
                         net (fo=1, routed)           2.460    18.783    seg_OBUF[4]
    U5                   OBUF (Prop_obuf_I_O)         3.520    22.303 r  seg_OBUF[4]_inst/O
                         net (fo=0)                   0.000    22.303    seg[4]
    U5                                                                r  seg[4] (OUT)
  -------------------------------------------------------------------    -------------------

Slack:                    inf
  Source:                 A_reg[5]/C
                            (rising edge-triggered cell FDRE clocked by sys_clk_pin  {rise@0.000ns fall@5.000ns period=10.000ns})
  Destination:            led[0]
                            (output port)
  Path Group:             (none)
  Path Type:              Max at Slow Process Corner
  Data Path Delay:        16.834ns  (logic 7.017ns (41.682%)  route 9.817ns (58.318%))
  Logic Levels:           13  (CARRY4=4 LUT4=3 LUT5=2 LUT6=3 OBUF=1)
  Clock Uncertainty:      0.025ns  ((TSJ^2 + TIJ^2)^1/2 + DJ) / 2 + PE
    Total System Jitter     (TSJ):    0.050ns
    Total Input Jitter      (TIJ):    0.000ns
    Discrete Jitter          (DJ):    0.000ns
    Phase Error              (PE):    0.000ns

    Location             Delay type                Incr(ns)  Path(ns)    Netlist Resource(s)
  -------------------------------------------------------------------    -------------------
                         (clock sys_clk_pin rise edge)
                                                      0.000     0.000 r  
    W5                                                0.000     0.000 r  clk (IN)
                         net (fo=0)                   0.000     0.000    clk
    W5                   IBUF (Prop_ibuf_I_O)         1.458     1.458 r  clk_IBUF_inst/O
                         net (fo=1, routed)           1.967     3.425    clk_IBUF
    BUFGCTRL_X0Y0        BUFG (Prop_bufg_I_O)         0.096     3.521 r  clk_IBUF_BUFG_inst/O
                         net (fo=35, routed)          1.563     5.084    clk_IBUF_BUFG
    SLICE_X28Y11         FDRE                                         r  A_reg[5]/C
  -------------------------------------------------------------------    -------------------
    SLICE_X28Y11         FDRE (Prop_fdre_C_Q)         0.456     5.540 r  A_reg[5]/Q
                         net (fo=30, routed)          1.688     7.228    A_reg_n_0_[5]
    SLICE_X28Y13         LUT6 (Prop_lut6_I3_O)        0.124     7.352 r  led_OBUF[1]_inst_i_31/O
                         net (fo=2, routed)           0.916     8.268    led_OBUF[1]_inst_i_31_n_0
    SLICE_X29Y13         LUT6 (Prop_lut6_I0_O)        0.124     8.392 r  led_OBUF[1]_inst_i_35/O
                         net (fo=1, routed)           0.000     8.392    led_OBUF[1]_inst_i_35_n_0
    SLICE_X29Y13         CARRY4 (Prop_carry4_S[3]_CO[3])
                                                      0.401     8.793 r  led_OBUF[1]_inst_i_17/CO[3]
                         net (fo=1, routed)           0.000     8.793    led_OBUF[1]_inst_i_17_n_0
    SLICE_X29Y14         CARRY4 (Prop_carry4_CI_O[1])
                                                      0.334     9.127 r  led_OBUF[1]_inst_i_39/O[1]
                         net (fo=2, routed)           0.824     9.951    led_OBUF[1]_inst_i_39_n_6
    SLICE_X30Y12         LUT4 (Prop_lut4_I3_O)        0.303    10.254 f  led_OBUF[1]_inst_i_22/O
                         net (fo=2, routed)           0.949    11.203    led_OBUF[1]_inst_i_22_n_0
    SLICE_X32Y10         LUT4 (Prop_lut4_I2_O)        0.152    11.355 r  led_OBUF[1]_inst_i_7/O
                         net (fo=2, routed)           0.646    12.001    led_OBUF[1]_inst_i_7_n_0
    SLICE_X31Y10         LUT5 (Prop_lut5_I0_O)        0.332    12.333 r  led_OBUF[1]_inst_i_11/O
                         net (fo=1, routed)           0.000    12.333    led_OBUF[1]_inst_i_11_n_0
    SLICE_X31Y10         CARRY4 (Prop_carry4_S[3]_CO[3])
                                                      0.401    12.734 r  led_OBUF[1]_inst_i_4/CO[3]
                         net (fo=1, routed)           0.000    12.734    led_OBUF[1]_inst_i_4_n_0
    SLICE_X31Y11         CARRY4 (Prop_carry4_CI_O[1])
                                                      0.334    13.068 f  led_OBUF[0]_inst_i_7/O[1]
                         net (fo=2, routed)           0.838    13.907    result0[12]
    SLICE_X34Y11         LUT5 (Prop_lut5_I0_O)        0.303    14.210 f  led_OBUF[0]_inst_i_9/O
                         net (fo=1, routed)           0.816    15.025    led_OBUF[0]_inst_i_9_n_0
    SLICE_X33Y11         LUT6 (Prop_lut6_I5_O)        0.124    15.149 r  led_OBUF[0]_inst_i_3/O
                         net (fo=1, routed)           0.433    15.583    led_OBUF[0]_inst_i_3_n_0
    SLICE_X33Y11         LUT4 (Prop_lut4_I1_O)        0.124    15.707 r  led_OBUF[0]_inst_i_1/O
                         net (fo=1, routed)           2.707    18.413    led_OBUF[0]
    U16                  OBUF (Prop_obuf_I_O)         3.505    21.918 r  led_OBUF[0]_inst/O
                         net (fo=0)                   0.000    21.918    led[0]
    U16                                                               r  led[0] (OUT)
  -------------------------------------------------------------------    -------------------

Slack:                    inf
  Source:                 B_reg[3]/C
                            (rising edge-triggered cell FDRE clocked by sys_clk_pin  {rise@0.000ns fall@5.000ns period=10.000ns})
  Destination:            led[1]
                            (output port)
  Path Group:             (none)
  Path Type:              Max at Slow Process Corner
  Data Path Delay:        14.627ns  (logic 6.409ns (43.815%)  route 8.218ns (56.185%))
  Logic Levels:           10  (CARRY4=3 LUT2=1 LUT4=1 LUT5=1 LUT6=2 MUXF7=1 OBUF=1)
  Clock Uncertainty:      0.025ns  ((TSJ^2 + TIJ^2)^1/2 + DJ) / 2 + PE
    Total System Jitter     (TSJ):    0.050ns
    Total Input Jitter      (TIJ):    0.000ns
    Discrete Jitter          (DJ):    0.000ns
    Phase Error              (PE):    0.000ns

    Location             Delay type                Incr(ns)  Path(ns)    Netlist Resource(s)
  -------------------------------------------------------------------    -------------------
                         (clock sys_clk_pin rise edge)
                                                      0.000     0.000 r  
    W5                                                0.000     0.000 r  clk (IN)
                         net (fo=0)                   0.000     0.000    clk
    W5                   IBUF (Prop_ibuf_I_O)         1.458     1.458 r  clk_IBUF_inst/O
                         net (fo=1, routed)           1.967     3.425    clk_IBUF
    BUFGCTRL_X0Y0        BUFG (Prop_bufg_I_O)         0.096     3.521 r  clk_IBUF_BUFG_inst/O
                         net (fo=35, routed)          1.561     5.082    clk_IBUF_BUFG
    SLICE_X28Y14         FDRE                                         r  B_reg[3]/C
  -------------------------------------------------------------------    -------------------
    SLICE_X28Y14         FDRE (Prop_fdre_C_Q)         0.456     5.538 f  B_reg[3]/Q
                         net (fo=19, routed)          1.523     7.061    B_reg_n_0_[3]
    SLICE_X32Y10         LUT2 (Prop_lut2_I1_O)        0.124     7.185 r  led_OBUF[1]_inst_i_63/O
                         net (fo=1, routed)           1.086     8.271    led_OBUF[1]_inst_i_63_n_0
    SLICE_X30Y13         LUT6 (Prop_lut6_I1_O)        0.124     8.395 r  led_OBUF[1]_inst_i_43/O
                         net (fo=1, routed)           0.000     8.395    led_OBUF[1]_inst_i_43_n_0
    SLICE_X30Y13         CARRY4 (Prop_carry4_S[3]_CO[3])
                                                      0.376     8.771 r  led_OBUF[1]_inst_i_25/CO[3]
                         net (fo=1, routed)           0.000     8.771    led_OBUF[1]_inst_i_25_n_0
    SLICE_X30Y14         CARRY4 (Prop_carry4_CI_O[0])
                                                      0.219     8.990 r  led_OBUF[1]_inst_i_26/O[0]
                         net (fo=3, routed)           1.089    10.079    led_OBUF[1]_inst_i_26_n_7
    SLICE_X32Y10         LUT4 (Prop_lut4_I2_O)        0.321    10.400 r  led_OBUF[1]_inst_i_30/O
                         net (fo=1, routed)           0.802    11.202    led_OBUF[1]_inst_i_30_n_0
    SLICE_X31Y10         LUT5 (Prop_lut5_I0_O)        0.326    11.528 r  led_OBUF[1]_inst_i_14/O
                         net (fo=1, routed)           0.000    11.528    led_OBUF[1]_inst_i_14_n_0
    SLICE_X31Y10         CARRY4 (Prop_carry4_S[0]_O[0])
                                                      0.247    11.775 r  led_OBUF[1]_inst_i_4/O[0]
                         net (fo=1, routed)           0.522    12.297    result0[7]
    SLICE_X32Y15         LUT6 (Prop_lut6_I0_O)        0.299    12.596 r  led_OBUF[1]_inst_i_2/O
                         net (fo=1, routed)           0.000    12.596    led_OBUF[1]_inst_i_2_n_0
    SLICE_X32Y15         MUXF7 (Prop_muxf7_I0_O)      0.212    12.808 r  led_OBUF[1]_inst_i_1/O
                         net (fo=3, routed)           3.197    16.004    led_OBUF[1]
    E19                  OBUF (Prop_obuf_I_O)         3.705    19.709 r  led_OBUF[1]_inst/O
                         net (fo=0)                   0.000    19.709    led[1]
    E19                                                               r  led[1] (OUT)
  -------------------------------------------------------------------    -------------------

Slack:                    inf
  Source:                 A_reg[3]/C
                            (rising edge-triggered cell FDRE clocked by sys_clk_pin  {rise@0.000ns fall@5.000ns period=10.000ns})
  Destination:            led[3]
                            (output port)
  Path Group:             (none)
  Path Type:              Max at Slow Process Corner
  Data Path Delay:        10.772ns  (logic 5.233ns (48.578%)  route 5.539ns (51.422%))
  Logic Levels:           6  (CARRY4=2 LUT2=1 LUT4=1 LUT5=1 OBUF=1)
  Clock Uncertainty:      0.025ns  ((TSJ^2 + TIJ^2)^1/2 + DJ) / 2 + PE
    Total System Jitter     (TSJ):    0.050ns
    Total Input Jitter      (TIJ):    0.000ns
    Discrete Jitter          (DJ):    0.000ns
    Phase Error              (PE):    0.000ns

    Location             Delay type                Incr(ns)  Path(ns)    Netlist Resource(s)
  -------------------------------------------------------------------    -------------------
                         (clock sys_clk_pin rise edge)
                                                      0.000     0.000 r  
    W5                                                0.000     0.000 r  clk (IN)
                         net (fo=0)                   0.000     0.000    clk
    W5                   IBUF (Prop_ibuf_I_O)         1.458     1.458 r  clk_IBUF_inst/O
                         net (fo=1, routed)           1.967     3.425    clk_IBUF
    BUFGCTRL_X0Y0        BUFG (Prop_bufg_I_O)         0.096     3.521 r  clk_IBUF_BUFG_inst/O
                         net (fo=35, routed)          1.561     5.082    clk_IBUF_BUFG
    SLICE_X28Y13         FDRE                                         r  A_reg[3]/C
  -------------------------------------------------------------------    -------------------
    SLICE_X28Y13         FDRE (Prop_fdre_C_Q)         0.456     5.538 r  A_reg[3]/Q
                         net (fo=30, routed)          1.671     7.209    A_reg_n_0_[3]
    SLICE_X31Y13         LUT2 (Prop_lut2_I0_O)        0.124     7.333 r  led_OBUF[3]_inst_i_21/O
                         net (fo=1, routed)           0.000     7.333    led_OBUF[3]_inst_i_21_n_0
    SLICE_X31Y13         CARRY4 (Prop_carry4_S[3]_CO[3])
                                                      0.401     7.734 r  led_OBUF[3]_inst_i_12/CO[3]
                         net (fo=1, routed)           0.000     7.734    led_OBUF[3]_inst_i_12_n_0
    SLICE_X31Y14         CARRY4 (Prop_carry4_CI_O[3])
                                                      0.313     8.047 r  led_OBUF[3]_inst_i_5/O[3]
                         net (fo=2, routed)           0.848     8.895    p_1_in2_in
    SLICE_X32Y15         LUT5 (Prop_lut5_I2_O)        0.306     9.201 r  led_OBUF[3]_inst_i_2/O
                         net (fo=1, routed)           0.433     9.634    led_OBUF[3]_inst_i_2_n_0
    SLICE_X32Y15         LUT4 (Prop_lut4_I0_O)        0.124     9.758 r  led_OBUF[3]_inst_i_1/O
                         net (fo=1, routed)           2.587    12.346    led_OBUF[3]
    V19                  OBUF (Prop_obuf_I_O)         3.509    15.855 r  led_OBUF[3]_inst/O
                         net (fo=0)                   0.000    15.855    led[3]
    V19                                                               r  led[3] (OUT)
  -------------------------------------------------------------------    -------------------





Min Delay Paths
--------------------------------------------------------------------------------------
Slack:                    inf
  Source:                 A_reg[7]/C
                            (rising edge-triggered cell FDRE clocked by sys_clk_pin  {rise@0.000ns fall@5.000ns period=10.000ns})
  Destination:            led[2]
                            (output port)
  Path Group:             (none)
  Path Type:              Min at Fast Process Corner
  Data Path Delay:        2.673ns  (logic 1.388ns (51.928%)  route 1.285ns (48.072%))
  Logic Levels:           2  (LUT6=1 OBUF=1)
  Clock Uncertainty:      0.025ns  ((TSJ^2 + TIJ^2)^1/2 + DJ) / 2 + PE
    Total System Jitter     (TSJ):    0.050ns
    Total Input Jitter      (TIJ):    0.000ns
    Discrete Jitter          (DJ):    0.000ns
    Phase Error              (PE):    0.000ns

    Location             Delay type                Incr(ns)  Path(ns)    Netlist Resource(s)
  -------------------------------------------------------------------    -------------------
                         (clock sys_clk_pin rise edge)
                                                      0.000     0.000 r  
    W5                                                0.000     0.000 r  clk (IN)
                         net (fo=0)                   0.000     0.000    clk
    W5                   IBUF (Prop_ibuf_I_O)         0.226     0.226 r  clk_IBUF_inst/O
                         net (fo=1, routed)           0.631     0.858    clk_IBUF
    BUFGCTRL_X0Y0        BUFG (Prop_bufg_I_O)         0.026     0.884 r  clk_IBUF_BUFG_inst/O
                         net (fo=35, routed)          0.560     1.443    clk_IBUF_BUFG
    SLICE_X29Y12         FDRE                                         r  A_reg[7]/C
  -------------------------------------------------------------------    -------------------
    SLICE_X29Y12         FDRE (Prop_fdre_C_Q)         0.141     1.584 r  A_reg[7]/Q
                         net (fo=22, routed)          0.469     2.053    p_0_in
    SLICE_X31Y16         LUT6 (Prop_lut6_I5_O)        0.045     2.098 r  led_OBUF[2]_inst_i_1/O
                         net (fo=1, routed)           0.816     2.914    led_OBUF[2]
    U19                  OBUF (Prop_obuf_I_O)         1.202     4.116 r  led_OBUF[2]_inst/O
                         net (fo=0)                   0.000     4.116    led[2]
    U19                                                               r  led[2] (OUT)
  -------------------------------------------------------------------    -------------------

Slack:                    inf
  Source:                 B_reg[7]/C
                            (rising edge-triggered cell FDRE clocked by sys_clk_pin  {rise@0.000ns fall@5.000ns period=10.000ns})
  Destination:            led[3]
                            (output port)
  Path Group:             (none)
  Path Type:              Min at Fast Process Corner
  Data Path Delay:        2.754ns  (logic 1.441ns (52.323%)  route 1.313ns (47.677%))
  Logic Levels:           3  (LUT4=1 LUT5=1 OBUF=1)
  Clock Uncertainty:      0.025ns  ((TSJ^2 + TIJ^2)^1/2 + DJ) / 2 + PE
    Total System Jitter     (TSJ):    0.050ns
    Total Input Jitter      (TIJ):    0.000ns
    Discrete Jitter          (DJ):    0.000ns
    Phase Error              (PE):    0.000ns

    Location             Delay type                Incr(ns)  Path(ns)    Netlist Resource(s)
  -------------------------------------------------------------------    -------------------
                         (clock sys_clk_pin rise edge)
                                                      0.000     0.000 r  
    W5                                                0.000     0.000 r  clk (IN)
                         net (fo=0)                   0.000     0.000    clk
    W5                   IBUF (Prop_ibuf_I_O)         0.226     0.226 r  clk_IBUF_inst/O
                         net (fo=1, routed)           0.631     0.858    clk_IBUF
    BUFGCTRL_X0Y0        BUFG (Prop_bufg_I_O)         0.026     0.884 r  clk_IBUF_BUFG_inst/O
                         net (fo=35, routed)          0.559     1.442    clk_IBUF_BUFG
    SLICE_X29Y14         FDRE                                         r  B_reg[7]/C
  -------------------------------------------------------------------    -------------------
    SLICE_X29Y14         FDRE (Prop_fdre_C_Q)         0.141     1.583 r  B_reg[7]/Q
                         net (fo=23, routed)          0.343     1.927    p_0_in0_in
    SLICE_X32Y15         LUT5 (Prop_lut5_I3_O)        0.045     1.972 r  led_OBUF[3]_inst_i_2/O
                         net (fo=1, routed)           0.137     2.109    led_OBUF[3]_inst_i_2_n_0
    SLICE_X32Y15         LUT4 (Prop_lut4_I0_O)        0.045     2.154 r  led_OBUF[3]_inst_i_1/O
                         net (fo=1, routed)           0.832     2.986    led_OBUF[3]
    V19                  OBUF (Prop_obuf_I_O)         1.210     4.196 r  led_OBUF[3]_inst/O
                         net (fo=0)                   0.000     4.196    led[3]
    V19                                                               r  led[3] (OUT)
  -------------------------------------------------------------------    -------------------

Slack:                    inf
  Source:                 active_digit_reg[0]/C
                            (rising edge-triggered cell FDRE clocked by sys_clk_pin  {rise@0.000ns fall@5.000ns period=10.000ns})
  Destination:            an[3]
                            (output port)
  Path Group:             (none)
  Path Type:              Min at Fast Process Corner
  Data Path Delay:        2.806ns  (logic 1.462ns (52.122%)  route 1.343ns (47.878%))
  Logic Levels:           2  (LUT2=1 OBUF=1)
  Clock Uncertainty:      0.025ns  ((TSJ^2 + TIJ^2)^1/2 + DJ) / 2 + PE
    Total System Jitter     (TSJ):    0.050ns
    Total Input Jitter      (TIJ):    0.000ns
    Discrete Jitter          (DJ):    0.000ns
    Phase Error              (PE):    0.000ns

    Location             Delay type                Incr(ns)  Path(ns)    Netlist Resource(s)
  -------------------------------------------------------------------    -------------------
                         (clock sys_clk_pin rise edge)
                                                      0.000     0.000 r  
    W5                                                0.000     0.000 r  clk (IN)
                         net (fo=0)                   0.000     0.000    clk
    W5                   IBUF (Prop_ibuf_I_O)         0.226     0.226 r  clk_IBUF_inst/O
                         net (fo=1, routed)           0.631     0.858    clk_IBUF
    BUFGCTRL_X0Y0        BUFG (Prop_bufg_I_O)         0.026     0.884 r  clk_IBUF_BUFG_inst/O
                         net (fo=35, routed)          0.561     1.444    clk_IBUF_BUFG
    SLICE_X28Y10         FDRE                                         r  active_digit_reg[0]/C
  -------------------------------------------------------------------    -------------------
    SLICE_X28Y10         FDRE (Prop_fdre_C_Q)         0.141     1.585 f  active_digit_reg[0]/Q
                         net (fo=8, routed)           0.498     2.083    active_digit[0]
    SLICE_X36Y19         LUT2 (Prop_lut2_I1_O)        0.043     2.126 r  an_OBUF[3]_inst_i_1/O
                         net (fo=1, routed)           0.845     2.971    an_OBUF[3]
    W4                   OBUF (Prop_obuf_I_O)         1.278     4.250 r  an_OBUF[3]_inst/O
                         net (fo=0)                   0.000     4.250    an[3]
    W4                                                                r  an[3] (OUT)
  -------------------------------------------------------------------    -------------------

Slack:                    inf
  Source:                 active_digit_reg[1]/C
                            (rising edge-triggered cell FDRE clocked by sys_clk_pin  {rise@0.000ns fall@5.000ns period=10.000ns})
  Destination:            an[1]
                            (output port)
  Path Group:             (none)
  Path Type:              Min at Fast Process Corner
  Data Path Delay:        2.827ns  (logic 1.427ns (50.489%)  route 1.400ns (49.511%))
  Logic Levels:           2  (LUT2=1 OBUF=1)
  Clock Uncertainty:      0.025ns  ((TSJ^2 + TIJ^2)^1/2 + DJ) / 2 + PE
    Total System Jitter     (TSJ):    0.050ns
    Total Input Jitter      (TIJ):    0.000ns
    Discrete Jitter          (DJ):    0.000ns
    Phase Error              (PE):    0.000ns

    Location             Delay type                Incr(ns)  Path(ns)    Netlist Resource(s)
  -------------------------------------------------------------------    -------------------
                         (clock sys_clk_pin rise edge)
                                                      0.000     0.000 r  
    W5                                                0.000     0.000 r  clk (IN)
                         net (fo=0)                   0.000     0.000    clk
    W5                   IBUF (Prop_ibuf_I_O)         0.226     0.226 r  clk_IBUF_inst/O
                         net (fo=1, routed)           0.631     0.858    clk_IBUF
    BUFGCTRL_X0Y0        BUFG (Prop_bufg_I_O)         0.026     0.884 r  clk_IBUF_BUFG_inst/O
                         net (fo=35, routed)          0.561     1.444    clk_IBUF_BUFG
    SLICE_X29Y11         FDRE                                         r  active_digit_reg[1]/C
  -------------------------------------------------------------------    -------------------
    SLICE_X29Y11         FDRE (Prop_fdre_C_Q)         0.128     1.572 r  active_digit_reg[1]/Q
                         net (fo=8, routed)           0.432     2.004    active_digit[1]
    SLICE_X36Y19         LUT2 (Prop_lut2_I0_O)        0.099     2.103 r  an_OBUF[1]_inst_i_1/O
                         net (fo=1, routed)           0.967     3.071    an_OBUF[1]
    U4                   OBUF (Prop_obuf_I_O)         1.200     4.271 r  an_OBUF[1]_inst/O
                         net (fo=0)                   0.000     4.271    an[1]
    U4                                                                r  an[1] (OUT)
  -------------------------------------------------------------------    -------------------

Slack:                    inf
  Source:                 active_digit_reg[1]/C
                            (rising edge-triggered cell FDRE clocked by sys_clk_pin  {rise@0.000ns fall@5.000ns period=10.000ns})
  Destination:            seg[4]
                            (output port)
  Path Group:             (none)
  Path Type:              Min at Fast Process Corner
  Data Path Delay:        2.853ns  (logic 1.493ns (52.329%)  route 1.360ns (47.671%))
  Logic Levels:           3  (LUT4=1 LUT6=1 OBUF=1)
  Clock Uncertainty:      0.025ns  ((TSJ^2 + TIJ^2)^1/2 + DJ) / 2 + PE
    Total System Jitter     (TSJ):    0.050ns
    Total Input Jitter      (TIJ):    0.000ns
    Discrete Jitter          (DJ):    0.000ns
    Phase Error              (PE):    0.000ns

    Location             Delay type                Incr(ns)  Path(ns)    Netlist Resource(s)
  -------------------------------------------------------------------    -------------------
                         (clock sys_clk_pin rise edge)
                                                      0.000     0.000 r  
    W5                                                0.000     0.000 r  clk (IN)
                         net (fo=0)                   0.000     0.000    clk
    W5                   IBUF (Prop_ibuf_I_O)         0.226     0.226 r  clk_IBUF_inst/O
                         net (fo=1, routed)           0.631     0.858    clk_IBUF
    BUFGCTRL_X0Y0        BUFG (Prop_bufg_I_O)         0.026     0.884 r  clk_IBUF_BUFG_inst/O
                         net (fo=35, routed)          0.561     1.444    clk_IBUF_BUFG
    SLICE_X29Y11         FDRE                                         r  active_digit_reg[1]/C
  -------------------------------------------------------------------    -------------------
    SLICE_X29Y11         FDRE (Prop_fdre_C_Q)         0.128     1.572 r  active_digit_reg[1]/Q
                         net (fo=8, routed)           0.313     1.886    active_digit[1]
    SLICE_X34Y11         LUT6 (Prop_lut6_I3_O)        0.099     1.985 f  seg_OBUF[6]_inst_i_2/O
                         net (fo=7, routed)           0.336     2.320    hex_digit[3]
    SLICE_X48Y12         LUT4 (Prop_lut4_I0_O)        0.045     2.365 r  seg_OBUF[4]_inst_i_1/O
                         net (fo=1, routed)           0.711     3.076    seg_OBUF[4]
    U5                   OBUF (Prop_obuf_I_O)         1.221     4.297 r  seg_OBUF[4]_inst/O
                         net (fo=0)                   0.000     4.297    seg[4]
    U5                                                                r  seg[4] (OUT)
  -------------------------------------------------------------------    -------------------

Slack:                    inf
  Source:                 active_digit_reg[1]/C
                            (rising edge-triggered cell FDRE clocked by sys_clk_pin  {rise@0.000ns fall@5.000ns period=10.000ns})
  Destination:            an[0]
                            (output port)
  Path Group:             (none)
  Path Type:              Min at Fast Process Corner
  Data Path Delay:        2.859ns  (logic 1.494ns (52.259%)  route 1.365ns (47.741%))
  Logic Levels:           2  (LUT2=1 OBUF=1)
  Clock Uncertainty:      0.025ns  ((TSJ^2 + TIJ^2)^1/2 + DJ) / 2 + PE
    Total System Jitter     (TSJ):    0.050ns
    Total Input Jitter      (TIJ):    0.000ns
    Discrete Jitter          (DJ):    0.000ns
    Phase Error              (PE):    0.000ns

    Location             Delay type                Incr(ns)  Path(ns)    Netlist Resource(s)
  -------------------------------------------------------------------    -------------------
                         (clock sys_clk_pin rise edge)
                                                      0.000     0.000 r  
    W5                                                0.000     0.000 r  clk (IN)
                         net (fo=0)                   0.000     0.000    clk
    W5                   IBUF (Prop_ibuf_I_O)         0.226     0.226 r  clk_IBUF_inst/O
                         net (fo=1, routed)           0.631     0.858    clk_IBUF
    BUFGCTRL_X0Y0        BUFG (Prop_bufg_I_O)         0.026     0.884 r  clk_IBUF_BUFG_inst/O
                         net (fo=35, routed)          0.561     1.444    clk_IBUF_BUFG
    SLICE_X29Y11         FDRE                                         r  active_digit_reg[1]/C
  -------------------------------------------------------------------    -------------------
    SLICE_X29Y11         FDRE (Prop_fdre_C_Q)         0.128     1.572 r  active_digit_reg[1]/Q
                         net (fo=8, routed)           0.432     2.004    active_digit[1]
    SLICE_X36Y19         LUT2 (Prop_lut2_I0_O)        0.100     2.104 r  an_OBUF[0]_inst_i_1/O
                         net (fo=1, routed)           0.933     3.037    an_OBUF[0]
    U2                   OBUF (Prop_obuf_I_O)         1.266     4.303 r  an_OBUF[0]_inst/O
                         net (fo=0)                   0.000     4.303    an[0]
    U2                                                                r  an[0] (OUT)
  -------------------------------------------------------------------    -------------------

Slack:                    inf
  Source:                 active_digit_reg[0]/C
                            (rising edge-triggered cell FDRE clocked by sys_clk_pin  {rise@0.000ns fall@5.000ns period=10.000ns})
  Destination:            an[2]
                            (output port)
  Path Group:             (none)
  Path Type:              Min at Fast Process Corner
  Data Path Delay:        2.871ns  (logic 1.410ns (49.113%)  route 1.461ns (50.887%))
  Logic Levels:           2  (LUT2=1 OBUF=1)
  Clock Uncertainty:      0.025ns  ((TSJ^2 + TIJ^2)^1/2 + DJ) / 2 + PE
    Total System Jitter     (TSJ):    0.050ns
    Total Input Jitter      (TIJ):    0.000ns
    Discrete Jitter          (DJ):    0.000ns
    Phase Error              (PE):    0.000ns

    Location             Delay type                Incr(ns)  Path(ns)    Netlist Resource(s)
  -------------------------------------------------------------------    -------------------
                         (clock sys_clk_pin rise edge)
                                                      0.000     0.000 r  
    W5                                                0.000     0.000 r  clk (IN)
                         net (fo=0)                   0.000     0.000    clk
    W5                   IBUF (Prop_ibuf_I_O)         0.226     0.226 r  clk_IBUF_inst/O
                         net (fo=1, routed)           0.631     0.858    clk_IBUF
    BUFGCTRL_X0Y0        BUFG (Prop_bufg_I_O)         0.026     0.884 r  clk_IBUF_BUFG_inst/O
                         net (fo=35, routed)          0.561     1.444    clk_IBUF_BUFG
    SLICE_X28Y10         FDRE                                         r  active_digit_reg[0]/C
  -------------------------------------------------------------------    -------------------
    SLICE_X28Y10         FDRE (Prop_fdre_C_Q)         0.141     1.585 r  active_digit_reg[0]/Q
                         net (fo=8, routed)           0.498     2.083    active_digit[0]
    SLICE_X36Y19         LUT2 (Prop_lut2_I0_O)        0.045     2.128 r  an_OBUF[2]_inst_i_1/O
                         net (fo=1, routed)           0.963     3.091    an_OBUF[2]
    V4                   OBUF (Prop_obuf_I_O)         1.224     4.315 r  an_OBUF[2]_inst/O
                         net (fo=0)                   0.000     4.315    an[2]
    V4                                                                r  an[2] (OUT)
  -------------------------------------------------------------------    -------------------

Slack:                    inf
  Source:                 active_digit_reg[1]/C
                            (rising edge-triggered cell FDRE clocked by sys_clk_pin  {rise@0.000ns fall@5.000ns period=10.000ns})
  Destination:            seg[6]
                            (output port)
  Path Group:             (none)
  Path Type:              Min at Fast Process Corner
  Data Path Delay:        2.896ns  (logic 1.569ns (54.191%)  route 1.327ns (45.809%))
  Logic Levels:           3  (LUT4=1 LUT6=1 OBUF=1)
  Clock Uncertainty:      0.025ns  ((TSJ^2 + TIJ^2)^1/2 + DJ) / 2 + PE
    Total System Jitter     (TSJ):    0.050ns
    Total Input Jitter      (TIJ):    0.000ns
    Discrete Jitter          (DJ):    0.000ns
    Phase Error              (PE):    0.000ns

    Location             Delay type                Incr(ns)  Path(ns)    Netlist Resource(s)
  -------------------------------------------------------------------    -------------------
                         (clock sys_clk_pin rise edge)
                                                      0.000     0.000 r  
    W5                                                0.000     0.000 r  clk (IN)
                         net (fo=0)                   0.000     0.000    clk
    W5                   IBUF (Prop_ibuf_I_O)         0.226     0.226 r  clk_IBUF_inst/O
                         net (fo=1, routed)           0.631     0.858    clk_IBUF
    BUFGCTRL_X0Y0        BUFG (Prop_bufg_I_O)         0.026     0.884 r  clk_IBUF_BUFG_inst/O
                         net (fo=35, routed)          0.561     1.444    clk_IBUF_BUFG
    SLICE_X29Y11         FDRE                                         r  active_digit_reg[1]/C
  -------------------------------------------------------------------    -------------------
    SLICE_X29Y11         FDRE (Prop_fdre_C_Q)         0.128     1.572 r  active_digit_reg[1]/Q
                         net (fo=8, routed)           0.266     1.838    active_digit[1]
    SLICE_X34Y12         LUT6 (Prop_lut6_I3_O)        0.099     1.937 r  seg_OBUF[6]_inst_i_3/O
                         net (fo=7, routed)           0.430     2.366    hex_digit[0]
    SLICE_X48Y12         LUT4 (Prop_lut4_I1_O)        0.045     2.411 r  seg_OBUF[6]_inst_i_1/O
                         net (fo=1, routed)           0.632     3.043    seg_OBUF[6]
    U7                   OBUF (Prop_obuf_I_O)         1.297     4.340 r  seg_OBUF[6]_inst/O
                         net (fo=0)                   0.000     4.340    seg[6]
    U7                                                                r  seg[6] (OUT)
  -------------------------------------------------------------------    -------------------

Slack:                    inf
  Source:                 active_digit_reg[1]/C
                            (rising edge-triggered cell FDRE clocked by sys_clk_pin  {rise@0.000ns fall@5.000ns period=10.000ns})
  Destination:            seg[2]
                            (output port)
  Path Group:             (none)
  Path Type:              Min at Fast Process Corner
  Data Path Delay:        2.940ns  (logic 1.508ns (51.297%)  route 1.432ns (48.703%))
  Logic Levels:           3  (LUT4=1 LUT6=1 OBUF=1)
  Clock Uncertainty:      0.025ns  ((TSJ^2 + TIJ^2)^1/2 + DJ) / 2 + PE
    Total System Jitter     (TSJ):    0.050ns
    Total Input Jitter      (TIJ):    0.000ns
    Discrete Jitter          (DJ):    0.000ns
    Phase Error              (PE):    0.000ns

    Location             Delay type                Incr(ns)  Path(ns)    Netlist Resource(s)
  -------------------------------------------------------------------    -------------------
                         (clock sys_clk_pin rise edge)
                                                      0.000     0.000 r  
    W5                                                0.000     0.000 r  clk (IN)
                         net (fo=0)                   0.000     0.000    clk
    W5                   IBUF (Prop_ibuf_I_O)         0.226     0.226 r  clk_IBUF_inst/O
                         net (fo=1, routed)           0.631     0.858    clk_IBUF
    BUFGCTRL_X0Y0        BUFG (Prop_bufg_I_O)         0.026     0.884 r  clk_IBUF_BUFG_inst/O
                         net (fo=35, routed)          0.561     1.444    clk_IBUF_BUFG
    SLICE_X29Y11         FDRE                                         r  active_digit_reg[1]/C
  -------------------------------------------------------------------    -------------------
    SLICE_X29Y11         FDRE (Prop_fdre_C_Q)         0.128     1.572 r  active_digit_reg[1]/Q
                         net (fo=8, routed)           0.266     1.838    active_digit[1]
    SLICE_X34Y12         LUT6 (Prop_lut6_I3_O)        0.099     1.937 f  seg_OBUF[6]_inst_i_3/O
                         net (fo=7, routed)           0.430     2.366    hex_digit[0]
    SLICE_X48Y12         LUT4 (Prop_lut4_I1_O)        0.045     2.411 r  seg_OBUF[2]_inst_i_1/O
                         net (fo=1, routed)           0.737     3.148    seg_OBUF[2]
    U8                   OBUF (Prop_obuf_I_O)         1.236     4.384 r  seg_OBUF[2]_inst/O
                         net (fo=0)                   0.000     4.384    seg[2]
    U8                                                                r  seg[2] (OUT)
  -------------------------------------------------------------------    -------------------

Slack:                    inf
  Source:                 active_digit_reg[0]/C
                            (rising edge-triggered cell FDRE clocked by sys_clk_pin  {rise@0.000ns fall@5.000ns period=10.000ns})
  Destination:            seg[5]
                            (output port)
  Path Group:             (none)
  Path Type:              Min at Fast Process Corner
  Data Path Delay:        2.947ns  (logic 1.498ns (50.821%)  route 1.449ns (49.179%))
  Logic Levels:           3  (LUT4=1 LUT6=1 OBUF=1)
  Clock Uncertainty:      0.025ns  ((TSJ^2 + TIJ^2)^1/2 + DJ) / 2 + PE
    Total System Jitter     (TSJ):    0.050ns
    Total Input Jitter      (TIJ):    0.000ns
    Discrete Jitter          (DJ):    0.000ns
    Phase Error              (PE):    0.000ns

    Location             Delay type                Incr(ns)  Path(ns)    Netlist Resource(s)
  -------------------------------------------------------------------    -------------------
                         (clock sys_clk_pin rise edge)
                                                      0.000     0.000 r  
    W5                                                0.000     0.000 r  clk (IN)
                         net (fo=0)                   0.000     0.000    clk
    W5                   IBUF (Prop_ibuf_I_O)         0.226     0.226 r  clk_IBUF_inst/O
                         net (fo=1, routed)           0.631     0.858    clk_IBUF
    BUFGCTRL_X0Y0        BUFG (Prop_bufg_I_O)         0.026     0.884 r  clk_IBUF_BUFG_inst/O
                         net (fo=35, routed)          0.561     1.444    clk_IBUF_BUFG
    SLICE_X28Y10         FDRE                                         r  active_digit_reg[0]/C
  -------------------------------------------------------------------    -------------------
    SLICE_X28Y10         FDRE (Prop_fdre_C_Q)         0.141     1.585 r  active_digit_reg[0]/Q
                         net (fo=8, routed)           0.301     1.887    active_digit[0]
    SLICE_X35Y11         LUT6 (Prop_lut6_I4_O)        0.045     1.932 r  seg_OBUF[6]_inst_i_5/O
                         net (fo=7, routed)           0.500     2.431    hex_digit[1]
    SLICE_X48Y12         LUT4 (Prop_lut4_I3_O)        0.044     2.475 r  seg_OBUF[5]_inst_i_1/O
                         net (fo=1, routed)           0.648     3.123    seg_OBUF[5]
    V5                   OBUF (Prop_obuf_I_O)         1.268     4.391 r  seg_OBUF[5]_inst/O
                         net (fo=0)                   0.000     4.391    seg[5]
    V5                                                                r  seg[5] (OUT)
  -------------------------------------------------------------------    -------------------





--------------------------------------------------------------------------------------
Path Group:  (none)
From Clock:  
  To Clock:  sys_clk_pin

Max Delay            48 Endpoints
Min Delay            48 Endpoints
--------------------------------------------------------------------------------------


Max Delay Paths
--------------------------------------------------------------------------------------
Slack:                    inf
  Source:                 sw[7]
                            (input port)
  Destination:            B_reg[7]/D
                            (rising edge-triggered cell FDRE clocked by sys_clk_pin  {rise@0.000ns fall@5.000ns period=10.000ns})
  Path Group:             (none)
  Path Type:              Setup (Max at Slow Process Corner)
  Data Path Delay:        4.322ns  (logic 1.459ns (33.755%)  route 2.863ns (66.245%))
  Logic Levels:           1  (IBUF=1)
  Clock Path Skew:        4.783ns (DCD - SCD + CPR)
    Destination Clock Delay (DCD):    4.783ns
    Source Clock Delay      (SCD):    0.000ns
    Clock Pessimism Removal (CPR):    0.000ns
  Clock Uncertainty:      0.025ns  ((TSJ^2 + TIJ^2)^1/2 + DJ) / 2 + PE
    Total System Jitter     (TSJ):    0.050ns
    Total Input Jitter      (TIJ):    0.000ns
    Discrete Jitter          (DJ):    0.000ns
    Phase Error              (PE):    0.000ns

    Location             Delay type                Incr(ns)  Path(ns)    Netlist Resource(s)
  -------------------------------------------------------------------    -------------------
    W13                                               0.000     0.000 r  sw[7] (IN)
                         net (fo=0)                   0.000     0.000    sw[7]
    W13                  IBUF (Prop_ibuf_I_O)         1.459     1.459 r  sw_IBUF[7]_inst/O
                         net (fo=2, routed)           2.863     4.322    sw_IBUF[7]
    SLICE_X29Y14         FDRE                                         r  B_reg[7]/D
  -------------------------------------------------------------------    -------------------

                         (clock sys_clk_pin rise edge)
                                                      0.000     0.000 r  
    W5                                                0.000     0.000 r  clk (IN)
                         net (fo=0)                   0.000     0.000    clk
    W5                   IBUF (Prop_ibuf_I_O)         1.388     1.388 r  clk_IBUF_inst/O
                         net (fo=1, routed)           1.862     3.250    clk_IBUF
    BUFGCTRL_X0Y0        BUFG (Prop_bufg_I_O)         0.091     3.341 r  clk_IBUF_BUFG_inst/O
                         net (fo=35, routed)          1.442     4.783    clk_IBUF_BUFG
    SLICE_X29Y14         FDRE                                         r  B_reg[7]/C

Slack:                    inf
  Source:                 btn[3]
                            (input port)
  Destination:            A_reg[0]/R
                            (rising edge-triggered cell FDRE clocked by sys_clk_pin  {rise@0.000ns fall@5.000ns period=10.000ns})
  Path Group:             (none)
  Path Type:              Setup (Max at Slow Process Corner)
  Data Path Delay:        3.819ns  (logic 1.451ns (38.003%)  route 2.367ns (61.997%))
  Logic Levels:           1  (IBUF=1)
  Clock Path Skew:        4.785ns (DCD - SCD + CPR)
    Destination Clock Delay (DCD):    4.785ns
    Source Clock Delay      (SCD):    0.000ns
    Clock Pessimism Removal (CPR):    0.000ns
  Clock Uncertainty:      0.025ns  ((TSJ^2 + TIJ^2)^1/2 + DJ) / 2 + PE
    Total System Jitter     (TSJ):    0.050ns
    Total Input Jitter      (TIJ):    0.000ns
    Discrete Jitter          (DJ):    0.000ns
    Phase Error              (PE):    0.000ns

    Location             Delay type                Incr(ns)  Path(ns)    Netlist Resource(s)
  -------------------------------------------------------------------    -------------------
    W19                                               0.000     0.000 r  btn[3] (IN)
                         net (fo=0)                   0.000     0.000    btn[3]
    W19                  IBUF (Prop_ibuf_I_O)         1.451     1.451 r  btn_IBUF[3]_inst/O
                         net (fo=16, routed)          2.367     3.819    btn_IBUF[3]
    SLICE_X28Y11         FDRE                                         r  A_reg[0]/R
  -------------------------------------------------------------------    -------------------

                         (clock sys_clk_pin rise edge)
                                                      0.000     0.000 r  
    W5                                                0.000     0.000 r  clk (IN)
                         net (fo=0)                   0.000     0.000    clk
    W5                   IBUF (Prop_ibuf_I_O)         1.388     1.388 r  clk_IBUF_inst/O
                         net (fo=1, routed)           1.862     3.250    clk_IBUF
    BUFGCTRL_X0Y0        BUFG (Prop_bufg_I_O)         0.091     3.341 r  clk_IBUF_BUFG_inst/O
                         net (fo=35, routed)          1.444     4.785    clk_IBUF_BUFG
    SLICE_X28Y11         FDRE                                         r  A_reg[0]/C

Slack:                    inf
  Source:                 btn[3]
                            (input port)
  Destination:            A_reg[1]/R
                            (rising edge-triggered cell FDRE clocked by sys_clk_pin  {rise@0.000ns fall@5.000ns period=10.000ns})
  Path Group:             (none)
  Path Type:              Setup (Max at Slow Process Corner)
  Data Path Delay:        3.819ns  (logic 1.451ns (38.003%)  route 2.367ns (61.997%))
  Logic Levels:           1  (IBUF=1)
  Clock Path Skew:        4.785ns (DCD - SCD + CPR)
    Destination Clock Delay (DCD):    4.785ns
    Source Clock Delay      (SCD):    0.000ns
    Clock Pessimism Removal (CPR):    0.000ns
  Clock Uncertainty:      0.025ns  ((TSJ^2 + TIJ^2)^1/2 + DJ) / 2 + PE
    Total System Jitter     (TSJ):    0.050ns
    Total Input Jitter      (TIJ):    0.000ns
    Discrete Jitter          (DJ):    0.000ns
    Phase Error              (PE):    0.000ns

    Location             Delay type                Incr(ns)  Path(ns)    Netlist Resource(s)
  -------------------------------------------------------------------    -------------------
    W19                                               0.000     0.000 r  btn[3] (IN)
                         net (fo=0)                   0.000     0.000    btn[3]
    W19                  IBUF (Prop_ibuf_I_O)         1.451     1.451 r  btn_IBUF[3]_inst/O
                         net (fo=16, routed)          2.367     3.819    btn_IBUF[3]
    SLICE_X28Y11         FDRE                                         r  A_reg[1]/R
  -------------------------------------------------------------------    -------------------

                         (clock sys_clk_pin rise edge)
                                                      0.000     0.000 r  
    W5                                                0.000     0.000 r  clk (IN)
                         net (fo=0)                   0.000     0.000    clk
    W5                   IBUF (Prop_ibuf_I_O)         1.388     1.388 r  clk_IBUF_inst/O
                         net (fo=1, routed)           1.862     3.250    clk_IBUF
    BUFGCTRL_X0Y0        BUFG (Prop_bufg_I_O)         0.091     3.341 r  clk_IBUF_BUFG_inst/O
                         net (fo=35, routed)          1.444     4.785    clk_IBUF_BUFG
    SLICE_X28Y11         FDRE                                         r  A_reg[1]/C

Slack:                    inf
  Source:                 btn[3]
                            (input port)
  Destination:            A_reg[4]/R
                            (rising edge-triggered cell FDRE clocked by sys_clk_pin  {rise@0.000ns fall@5.000ns period=10.000ns})
  Path Group:             (none)
  Path Type:              Setup (Max at Slow Process Corner)
  Data Path Delay:        3.819ns  (logic 1.451ns (38.003%)  route 2.367ns (61.997%))
  Logic Levels:           1  (IBUF=1)
  Clock Path Skew:        4.785ns (DCD - SCD + CPR)
    Destination Clock Delay (DCD):    4.785ns
    Source Clock Delay      (SCD):    0.000ns
    Clock Pessimism Removal (CPR):    0.000ns
  Clock Uncertainty:      0.025ns  ((TSJ^2 + TIJ^2)^1/2 + DJ) / 2 + PE
    Total System Jitter     (TSJ):    0.050ns
    Total Input Jitter      (TIJ):    0.000ns
    Discrete Jitter          (DJ):    0.000ns
    Phase Error              (PE):    0.000ns

    Location             Delay type                Incr(ns)  Path(ns)    Netlist Resource(s)
  -------------------------------------------------------------------    -------------------
    W19                                               0.000     0.000 r  btn[3] (IN)
                         net (fo=0)                   0.000     0.000    btn[3]
    W19                  IBUF (Prop_ibuf_I_O)         1.451     1.451 r  btn_IBUF[3]_inst/O
                         net (fo=16, routed)          2.367     3.819    btn_IBUF[3]
    SLICE_X28Y11         FDRE                                         r  A_reg[4]/R
  -------------------------------------------------------------------    -------------------

                         (clock sys_clk_pin rise edge)
                                                      0.000     0.000 r  
    W5                                                0.000     0.000 r  clk (IN)
                         net (fo=0)                   0.000     0.000    clk
    W5                   IBUF (Prop_ibuf_I_O)         1.388     1.388 r  clk_IBUF_inst/O
                         net (fo=1, routed)           1.862     3.250    clk_IBUF
    BUFGCTRL_X0Y0        BUFG (Prop_bufg_I_O)         0.091     3.341 r  clk_IBUF_BUFG_inst/O
                         net (fo=35, routed)          1.444     4.785    clk_IBUF_BUFG
    SLICE_X28Y11         FDRE                                         r  A_reg[4]/C

Slack:                    inf
  Source:                 btn[3]
                            (input port)
  Destination:            A_reg[5]/R
                            (rising edge-triggered cell FDRE clocked by sys_clk_pin  {rise@0.000ns fall@5.000ns period=10.000ns})
  Path Group:             (none)
  Path Type:              Setup (Max at Slow Process Corner)
  Data Path Delay:        3.819ns  (logic 1.451ns (38.003%)  route 2.367ns (61.997%))
  Logic Levels:           1  (IBUF=1)
  Clock Path Skew:        4.785ns (DCD - SCD + CPR)
    Destination Clock Delay (DCD):    4.785ns
    Source Clock Delay      (SCD):    0.000ns
    Clock Pessimism Removal (CPR):    0.000ns
  Clock Uncertainty:      0.025ns  ((TSJ^2 + TIJ^2)^1/2 + DJ) / 2 + PE
    Total System Jitter     (TSJ):    0.050ns
    Total Input Jitter      (TIJ):    0.000ns
    Discrete Jitter          (DJ):    0.000ns
    Phase Error              (PE):    0.000ns

    Location             Delay type                Incr(ns)  Path(ns)    Netlist Resource(s)
  -------------------------------------------------------------------    -------------------
    W19                                               0.000     0.000 r  btn[3] (IN)
                         net (fo=0)                   0.000     0.000    btn[3]
    W19                  IBUF (Prop_ibuf_I_O)         1.451     1.451 r  btn_IBUF[3]_inst/O
                         net (fo=16, routed)          2.367     3.819    btn_IBUF[3]
    SLICE_X28Y11         FDRE                                         r  A_reg[5]/R
  -------------------------------------------------------------------    -------------------

                         (clock sys_clk_pin rise edge)
                                                      0.000     0.000 r  
    W5                                                0.000     0.000 r  clk (IN)
                         net (fo=0)                   0.000     0.000    clk
    W5                   IBUF (Prop_ibuf_I_O)         1.388     1.388 r  clk_IBUF_inst/O
                         net (fo=1, routed)           1.862     3.250    clk_IBUF
    BUFGCTRL_X0Y0        BUFG (Prop_bufg_I_O)         0.091     3.341 r  clk_IBUF_BUFG_inst/O
                         net (fo=35, routed)          1.444     4.785    clk_IBUF_BUFG
    SLICE_X28Y11         FDRE                                         r  A_reg[5]/C

Slack:                    inf
  Source:                 btn[3]
                            (input port)
  Destination:            A_reg[6]/R
                            (rising edge-triggered cell FDRE clocked by sys_clk_pin  {rise@0.000ns fall@5.000ns period=10.000ns})
  Path Group:             (none)
  Path Type:              Setup (Max at Slow Process Corner)
  Data Path Delay:        3.819ns  (logic 1.451ns (38.003%)  route 2.367ns (61.997%))
  Logic Levels:           1  (IBUF=1)
  Clock Path Skew:        4.785ns (DCD - SCD + CPR)
    Destination Clock Delay (DCD):    4.785ns
    Source Clock Delay      (SCD):    0.000ns
    Clock Pessimism Removal (CPR):    0.000ns
  Clock Uncertainty:      0.025ns  ((TSJ^2 + TIJ^2)^1/2 + DJ) / 2 + PE
    Total System Jitter     (TSJ):    0.050ns
    Total Input Jitter      (TIJ):    0.000ns
    Discrete Jitter          (DJ):    0.000ns
    Phase Error              (PE):    0.000ns

    Location             Delay type                Incr(ns)  Path(ns)    Netlist Resource(s)
  -------------------------------------------------------------------    -------------------
    W19                                               0.000     0.000 r  btn[3] (IN)
                         net (fo=0)                   0.000     0.000    btn[3]
    W19                  IBUF (Prop_ibuf_I_O)         1.451     1.451 r  btn_IBUF[3]_inst/O
                         net (fo=16, routed)          2.367     3.819    btn_IBUF[3]
    SLICE_X28Y11         FDRE                                         r  A_reg[6]/R
  -------------------------------------------------------------------    -------------------

                         (clock sys_clk_pin rise edge)
                                                      0.000     0.000 r  
    W5                                                0.000     0.000 r  clk (IN)
                         net (fo=0)                   0.000     0.000    clk
    W5                   IBUF (Prop_ibuf_I_O)         1.388     1.388 r  clk_IBUF_inst/O
                         net (fo=1, routed)           1.862     3.250    clk_IBUF
    BUFGCTRL_X0Y0        BUFG (Prop_bufg_I_O)         0.091     3.341 r  clk_IBUF_BUFG_inst/O
                         net (fo=35, routed)          1.444     4.785    clk_IBUF_BUFG
    SLICE_X28Y11         FDRE                                         r  A_reg[6]/C

Slack:                    inf
  Source:                 sw[6]
                            (input port)
  Destination:            B_reg[6]/D
                            (rising edge-triggered cell FDRE clocked by sys_clk_pin  {rise@0.000ns fall@5.000ns period=10.000ns})
  Path Group:             (none)
  Path Type:              Setup (Max at Slow Process Corner)
  Data Path Delay:        3.713ns  (logic 1.450ns (39.047%)  route 2.263ns (60.953%))
  Logic Levels:           1  (IBUF=1)
  Clock Path Skew:        4.784ns (DCD - SCD + CPR)
    Destination Clock Delay (DCD):    4.784ns
    Source Clock Delay      (SCD):    0.000ns
    Clock Pessimism Removal (CPR):    0.000ns
  Clock Uncertainty:      0.025ns  ((TSJ^2 + TIJ^2)^1/2 + DJ) / 2 + PE
    Total System Jitter     (TSJ):    0.050ns
    Total Input Jitter      (TIJ):    0.000ns
    Discrete Jitter          (DJ):    0.000ns
    Phase Error              (PE):    0.000ns

    Location             Delay type                Incr(ns)  Path(ns)    Netlist Resource(s)
  -------------------------------------------------------------------    -------------------
    W14                                               0.000     0.000 r  sw[6] (IN)
                         net (fo=0)                   0.000     0.000    sw[6]
    W14                  IBUF (Prop_ibuf_I_O)         1.450     1.450 r  sw_IBUF[6]_inst/O
                         net (fo=2, routed)           2.263     3.713    sw_IBUF[6]
    SLICE_X28Y12         FDRE                                         r  B_reg[6]/D
  -------------------------------------------------------------------    -------------------

                         (clock sys_clk_pin rise edge)
                                                      0.000     0.000 r  
    W5                                                0.000     0.000 r  clk (IN)
                         net (fo=0)                   0.000     0.000    clk
    W5                   IBUF (Prop_ibuf_I_O)         1.388     1.388 r  clk_IBUF_inst/O
                         net (fo=1, routed)           1.862     3.250    clk_IBUF
    BUFGCTRL_X0Y0        BUFG (Prop_bufg_I_O)         0.091     3.341 r  clk_IBUF_BUFG_inst/O
                         net (fo=35, routed)          1.443     4.784    clk_IBUF_BUFG
    SLICE_X28Y12         FDRE                                         r  B_reg[6]/C

Slack:                    inf
  Source:                 sw[2]
                            (input port)
  Destination:            B_reg[2]/D
                            (rising edge-triggered cell FDRE clocked by sys_clk_pin  {rise@0.000ns fall@5.000ns period=10.000ns})
  Path Group:             (none)
  Path Type:              Setup (Max at Slow Process Corner)
  Data Path Delay:        3.604ns  (logic 1.464ns (40.615%)  route 2.140ns (59.385%))
  Logic Levels:           1  (IBUF=1)
  Clock Path Skew:        4.783ns (DCD - SCD + CPR)
    Destination Clock Delay (DCD):    4.783ns
    Source Clock Delay      (SCD):    0.000ns
    Clock Pessimism Removal (CPR):    0.000ns
  Clock Uncertainty:      0.025ns  ((TSJ^2 + TIJ^2)^1/2 + DJ) / 2 + PE
    Total System Jitter     (TSJ):    0.050ns
    Total Input Jitter      (TIJ):    0.000ns
    Discrete Jitter          (DJ):    0.000ns
    Phase Error              (PE):    0.000ns

    Location             Delay type                Incr(ns)  Path(ns)    Netlist Resource(s)
  -------------------------------------------------------------------    -------------------
    W16                                               0.000     0.000 r  sw[2] (IN)
                         net (fo=0)                   0.000     0.000    sw[2]
    W16                  IBUF (Prop_ibuf_I_O)         1.464     1.464 r  sw_IBUF[2]_inst/O
                         net (fo=2, routed)           2.140     3.604    sw_IBUF[2]
    SLICE_X29Y14         FDRE                                         r  B_reg[2]/D
  -------------------------------------------------------------------    -------------------

                         (clock sys_clk_pin rise edge)
                                                      0.000     0.000 r  
    W5                                                0.000     0.000 r  clk (IN)
                         net (fo=0)                   0.000     0.000    clk
    W5                   IBUF (Prop_ibuf_I_O)         1.388     1.388 r  clk_IBUF_inst/O
                         net (fo=1, routed)           1.862     3.250    clk_IBUF
    BUFGCTRL_X0Y0        BUFG (Prop_bufg_I_O)         0.091     3.341 r  clk_IBUF_BUFG_inst/O
                         net (fo=35, routed)          1.442     4.783    clk_IBUF_BUFG
    SLICE_X29Y14         FDRE                                         r  B_reg[2]/C

Slack:                    inf
  Source:                 sw[3]
                            (input port)
  Destination:            B_reg[3]/D
                            (rising edge-triggered cell FDRE clocked by sys_clk_pin  {rise@0.000ns fall@5.000ns period=10.000ns})
  Path Group:             (none)
  Path Type:              Setup (Max at Slow Process Corner)
  Data Path Delay:        3.596ns  (logic 1.448ns (40.284%)  route 2.147ns (59.716%))
  Logic Levels:           1  (IBUF=1)
  Clock Path Skew:        4.783ns (DCD - SCD + CPR)
    Destination Clock Delay (DCD):    4.783ns
    Source Clock Delay      (SCD):    0.000ns
    Clock Pessimism Removal (CPR):    0.000ns
  Clock Uncertainty:      0.025ns  ((TSJ^2 + TIJ^2)^1/2 + DJ) / 2 + PE
    Total System Jitter     (TSJ):    0.050ns
    Total Input Jitter      (TIJ):    0.000ns
    Discrete Jitter          (DJ):    0.000ns
    Phase Error              (PE):    0.000ns

    Location             Delay type                Incr(ns)  Path(ns)    Netlist Resource(s)
  -------------------------------------------------------------------    -------------------
    W17                                               0.000     0.000 r  sw[3] (IN)
                         net (fo=0)                   0.000     0.000    sw[3]
    W17                  IBUF (Prop_ibuf_I_O)         1.448     1.448 r  sw_IBUF[3]_inst/O
                         net (fo=2, routed)           2.147     3.596    sw_IBUF[3]
    SLICE_X28Y14         FDRE                                         r  B_reg[3]/D
  -------------------------------------------------------------------    -------------------

                         (clock sys_clk_pin rise edge)
                                                      0.000     0.000 r  
    W5                                                0.000     0.000 r  clk (IN)
                         net (fo=0)                   0.000     0.000    clk
    W5                   IBUF (Prop_ibuf_I_O)         1.388     1.388 r  clk_IBUF_inst/O
                         net (fo=1, routed)           1.862     3.250    clk_IBUF
    BUFGCTRL_X0Y0        BUFG (Prop_bufg_I_O)         0.091     3.341 r  clk_IBUF_BUFG_inst/O
                         net (fo=35, routed)          1.442     4.783    clk_IBUF_BUFG
    SLICE_X28Y14         FDRE                                         r  B_reg[3]/C

Slack:                    inf
  Source:                 sw[4]
                            (input port)
  Destination:            A_reg[4]/D
                            (rising edge-triggered cell FDRE clocked by sys_clk_pin  {rise@0.000ns fall@5.000ns period=10.000ns})
  Path Group:             (none)
  Path Type:              Setup (Max at Slow Process Corner)
  Data Path Delay:        3.589ns  (logic 1.451ns (40.424%)  route 2.138ns (59.576%))
  Logic Levels:           1  (IBUF=1)
  Clock Path Skew:        4.785ns (DCD - SCD + CPR)
    Destination Clock Delay (DCD):    4.785ns
    Source Clock Delay      (SCD):    0.000ns
    Clock Pessimism Removal (CPR):    0.000ns
  Clock Uncertainty:      0.025ns  ((TSJ^2 + TIJ^2)^1/2 + DJ) / 2 + PE
    Total System Jitter     (TSJ):    0.050ns
    Total Input Jitter      (TIJ):    0.000ns
    Discrete Jitter          (DJ):    0.000ns
    Phase Error              (PE):    0.000ns

    Location             Delay type                Incr(ns)  Path(ns)    Netlist Resource(s)
  -------------------------------------------------------------------    -------------------
    W15                                               0.000     0.000 r  sw[4] (IN)
                         net (fo=0)                   0.000     0.000    sw[4]
    W15                  IBUF (Prop_ibuf_I_O)         1.451     1.451 r  sw_IBUF[4]_inst/O
                         net (fo=2, routed)           2.138     3.589    sw_IBUF[4]
    SLICE_X28Y11         FDRE                                         r  A_reg[4]/D
  -------------------------------------------------------------------    -------------------

                         (clock sys_clk_pin rise edge)
                                                      0.000     0.000 r  
    W5                                                0.000     0.000 r  clk (IN)
                         net (fo=0)                   0.000     0.000    clk
    W5                   IBUF (Prop_ibuf_I_O)         1.388     1.388 r  clk_IBUF_inst/O
                         net (fo=1, routed)           1.862     3.250    clk_IBUF
    BUFGCTRL_X0Y0        BUFG (Prop_bufg_I_O)         0.091     3.341 r  clk_IBUF_BUFG_inst/O
                         net (fo=35, routed)          1.444     4.785    clk_IBUF_BUFG
    SLICE_X28Y11         FDRE                                         r  A_reg[4]/C





Min Delay Paths
--------------------------------------------------------------------------------------
Slack:                    inf
  Source:                 sw[1]
                            (input port)
  Destination:            A_reg[1]/D
                            (rising edge-triggered cell FDRE clocked by sys_clk_pin  {rise@0.000ns fall@5.000ns period=10.000ns})
  Path Group:             (none)
  Path Type:              Hold (Min at Fast Process Corner)
  Data Path Delay:        0.978ns  (logic 0.229ns (23.453%)  route 0.749ns (76.547%))
  Logic Levels:           1  (IBUF=1)
  Clock Path Skew:        1.958ns (DCD - SCD - CPR)
    Destination Clock Delay (DCD):    1.958ns
    Source Clock Delay      (SCD):    0.000ns
    Clock Pessimism Removal (CPR):    -0.000ns

    Location             Delay type                Incr(ns)  Path(ns)    Netlist Resource(s)
  -------------------------------------------------------------------    -------------------
    V16                                               0.000     0.000 r  sw[1] (IN)
                         net (fo=0)                   0.000     0.000    sw[1]
    V16                  IBUF (Prop_ibuf_I_O)         0.229     0.229 r  sw_IBUF[1]_inst/O
                         net (fo=2, routed)           0.749     0.978    sw_IBUF[1]
    SLICE_X28Y11         FDRE                                         r  A_reg[1]/D
  -------------------------------------------------------------------    -------------------

                         (clock sys_clk_pin rise edge)
                                                      0.000     0.000 r  
    W5                                                0.000     0.000 r  clk (IN)
                         net (fo=0)                   0.000     0.000    clk
    W5                   IBUF (Prop_ibuf_I_O)         0.414     0.414 r  clk_IBUF_inst/O
                         net (fo=1, routed)           0.685     1.099    clk_IBUF
    BUFGCTRL_X0Y0        BUFG (Prop_bufg_I_O)         0.029     1.128 r  clk_IBUF_BUFG_inst/O
                         net (fo=35, routed)          0.831     1.958    clk_IBUF_BUFG
    SLICE_X28Y11         FDRE                                         r  A_reg[1]/C

Slack:                    inf
  Source:                 sw[4]
                            (input port)
  Destination:            B_reg[4]/D
                            (rising edge-triggered cell FDRE clocked by sys_clk_pin  {rise@0.000ns fall@5.000ns period=10.000ns})
  Path Group:             (none)
  Path Type:              Hold (Min at Fast Process Corner)
  Data Path Delay:        0.991ns  (logic 0.219ns (22.092%)  route 0.772ns (77.908%))
  Logic Levels:           1  (IBUF=1)
  Clock Path Skew:        1.956ns (DCD - SCD - CPR)
    Destination Clock Delay (DCD):    1.956ns
    Source Clock Delay      (SCD):    0.000ns
    Clock Pessimism Removal (CPR):    -0.000ns

    Location             Delay type                Incr(ns)  Path(ns)    Netlist Resource(s)
  -------------------------------------------------------------------    -------------------
    W15                                               0.000     0.000 r  sw[4] (IN)
                         net (fo=0)                   0.000     0.000    sw[4]
    W15                  IBUF (Prop_ibuf_I_O)         0.219     0.219 r  sw_IBUF[4]_inst/O
                         net (fo=2, routed)           0.772     0.991    sw_IBUF[4]
    SLICE_X28Y12         FDRE                                         r  B_reg[4]/D
  -------------------------------------------------------------------    -------------------

                         (clock sys_clk_pin rise edge)
                                                      0.000     0.000 r  
    W5                                                0.000     0.000 r  clk (IN)
                         net (fo=0)                   0.000     0.000    clk
    W5                   IBUF (Prop_ibuf_I_O)         0.414     0.414 r  clk_IBUF_inst/O
                         net (fo=1, routed)           0.685     1.099    clk_IBUF
    BUFGCTRL_X0Y0        BUFG (Prop_bufg_I_O)         0.029     1.128 r  clk_IBUF_BUFG_inst/O
                         net (fo=35, routed)          0.829     1.956    clk_IBUF_BUFG
    SLICE_X28Y12         FDRE                                         r  B_reg[4]/C

Slack:                    inf
  Source:                 sw[0]
                            (input port)
  Destination:            A_reg[0]/D
                            (rising edge-triggered cell FDRE clocked by sys_clk_pin  {rise@0.000ns fall@5.000ns period=10.000ns})
  Path Group:             (none)
  Path Type:              Hold (Min at Fast Process Corner)
  Data Path Delay:        1.000ns  (logic 0.221ns (22.088%)  route 0.779ns (77.912%))
  Logic Levels:           1  (IBUF=1)
  Clock Path Skew:        1.958ns (DCD - SCD - CPR)
    Destination Clock Delay (DCD):    1.958ns
    Source Clock Delay      (SCD):    0.000ns
    Clock Pessimism Removal (CPR):    -0.000ns

    Location             Delay type                Incr(ns)  Path(ns)    Netlist Resource(s)
  -------------------------------------------------------------------    -------------------
    V17                                               0.000     0.000 r  sw[0] (IN)
                         net (fo=0)                   0.000     0.000    sw[0]
    V17                  IBUF (Prop_ibuf_I_O)         0.221     0.221 r  sw_IBUF[0]_inst/O
                         net (fo=2, routed)           0.779     1.000    sw_IBUF[0]
    SLICE_X28Y11         FDRE                                         r  A_reg[0]/D
  -------------------------------------------------------------------    -------------------

                         (clock sys_clk_pin rise edge)
                                                      0.000     0.000 r  
    W5                                                0.000     0.000 r  clk (IN)
                         net (fo=0)                   0.000     0.000    clk
    W5                   IBUF (Prop_ibuf_I_O)         0.414     0.414 r  clk_IBUF_inst/O
                         net (fo=1, routed)           0.685     1.099    clk_IBUF
    BUFGCTRL_X0Y0        BUFG (Prop_bufg_I_O)         0.029     1.128 r  clk_IBUF_BUFG_inst/O
                         net (fo=35, routed)          0.831     1.958    clk_IBUF_BUFG
    SLICE_X28Y11         FDRE                                         r  A_reg[0]/C

Slack:                    inf
  Source:                 sw[1]
                            (input port)
  Destination:            B_reg[1]/D
                            (rising edge-triggered cell FDRE clocked by sys_clk_pin  {rise@0.000ns fall@5.000ns period=10.000ns})
  Path Group:             (none)
  Path Type:              Hold (Min at Fast Process Corner)
  Data Path Delay:        1.004ns  (logic 0.229ns (22.855%)  route 0.774ns (77.145%))
  Logic Levels:           1  (IBUF=1)
  Clock Path Skew:        1.956ns (DCD - SCD - CPR)
    Destination Clock Delay (DCD):    1.956ns
    Source Clock Delay      (SCD):    0.000ns
    Clock Pessimism Removal (CPR):    -0.000ns

    Location             Delay type                Incr(ns)  Path(ns)    Netlist Resource(s)
  -------------------------------------------------------------------    -------------------
    V16                                               0.000     0.000 r  sw[1] (IN)
                         net (fo=0)                   0.000     0.000    sw[1]
    V16                  IBUF (Prop_ibuf_I_O)         0.229     0.229 r  sw_IBUF[1]_inst/O
                         net (fo=2, routed)           0.774     1.004    sw_IBUF[1]
    SLICE_X28Y12         FDRE                                         r  B_reg[1]/D
  -------------------------------------------------------------------    -------------------

                         (clock sys_clk_pin rise edge)
                                                      0.000     0.000 r  
    W5                                                0.000     0.000 r  clk (IN)
                         net (fo=0)                   0.000     0.000    clk
    W5                   IBUF (Prop_ibuf_I_O)         0.414     0.414 r  clk_IBUF_inst/O
                         net (fo=1, routed)           0.685     1.099    clk_IBUF
    BUFGCTRL_X0Y0        BUFG (Prop_bufg_I_O)         0.029     1.128 r  clk_IBUF_BUFG_inst/O
                         net (fo=35, routed)          0.829     1.956    clk_IBUF_BUFG
    SLICE_X28Y12         FDRE                                         r  B_reg[1]/C

Slack:                    inf
  Source:                 btn[0]
                            (input port)
  Destination:            A_reg[3]/CE
                            (rising edge-triggered cell FDRE clocked by sys_clk_pin  {rise@0.000ns fall@5.000ns period=10.000ns})
  Path Group:             (none)
  Path Type:              Hold (Min at Fast Process Corner)
  Data Path Delay:        1.008ns  (logic 0.222ns (22.006%)  route 0.786ns (77.994%))
  Logic Levels:           1  (IBUF=1)
  Clock Path Skew:        1.955ns (DCD - SCD - CPR)
    Destination Clock Delay (DCD):    1.955ns
    Source Clock Delay      (SCD):    0.000ns
    Clock Pessimism Removal (CPR):    -0.000ns

    Location             Delay type                Incr(ns)  Path(ns)    Netlist Resource(s)
  -------------------------------------------------------------------    -------------------
    T18                                               0.000     0.000 r  btn[0] (IN)
                         net (fo=0)                   0.000     0.000    btn[0]
    T18                  IBUF (Prop_ibuf_I_O)         0.222     0.222 r  btn_IBUF[0]_inst/O
                         net (fo=8, routed)           0.786     1.008    btn_IBUF[0]
    SLICE_X28Y13         FDRE                                         r  A_reg[3]/CE
  -------------------------------------------------------------------    -------------------

                         (clock sys_clk_pin rise edge)
                                                      0.000     0.000 r  
    W5                                                0.000     0.000 r  clk (IN)
                         net (fo=0)                   0.000     0.000    clk
    W5                   IBUF (Prop_ibuf_I_O)         0.414     0.414 r  clk_IBUF_inst/O
                         net (fo=1, routed)           0.685     1.099    clk_IBUF
    BUFGCTRL_X0Y0        BUFG (Prop_bufg_I_O)         0.029     1.128 r  clk_IBUF_BUFG_inst/O
                         net (fo=35, routed)          0.828     1.955    clk_IBUF_BUFG
    SLICE_X28Y13         FDRE                                         r  A_reg[3]/C

Slack:                    inf
  Source:                 sw[3]
                            (input port)
  Destination:            A_reg[3]/D
                            (rising edge-triggered cell FDRE clocked by sys_clk_pin  {rise@0.000ns fall@5.000ns period=10.000ns})
  Path Group:             (none)
  Path Type:              Hold (Min at Fast Process Corner)
  Data Path Delay:        1.011ns  (logic 0.217ns (21.433%)  route 0.794ns (78.567%))
  Logic Levels:           1  (IBUF=1)
  Clock Path Skew:        1.955ns (DCD - SCD - CPR)
    Destination Clock Delay (DCD):    1.955ns
    Source Clock Delay      (SCD):    0.000ns
    Clock Pessimism Removal (CPR):    -0.000ns

    Location             Delay type                Incr(ns)  Path(ns)    Netlist Resource(s)
  -------------------------------------------------------------------    -------------------
    W17                                               0.000     0.000 r  sw[3] (IN)
                         net (fo=0)                   0.000     0.000    sw[3]
    W17                  IBUF (Prop_ibuf_I_O)         0.217     0.217 r  sw_IBUF[3]_inst/O
                         net (fo=2, routed)           0.794     1.011    sw_IBUF[3]
    SLICE_X28Y13         FDRE                                         r  A_reg[3]/D
  -------------------------------------------------------------------    -------------------

                         (clock sys_clk_pin rise edge)
                                                      0.000     0.000 r  
    W5                                                0.000     0.000 r  clk (IN)
                         net (fo=0)                   0.000     0.000    clk
    W5                   IBUF (Prop_ibuf_I_O)         0.414     0.414 r  clk_IBUF_inst/O
                         net (fo=1, routed)           0.685     1.099    clk_IBUF
    BUFGCTRL_X0Y0        BUFG (Prop_bufg_I_O)         0.029     1.128 r  clk_IBUF_BUFG_inst/O
                         net (fo=35, routed)          0.828     1.955    clk_IBUF_BUFG
    SLICE_X28Y13         FDRE                                         r  A_reg[3]/C

Slack:                    inf
  Source:                 btn[0]
                            (input port)
  Destination:            A_reg[0]/CE
                            (rising edge-triggered cell FDRE clocked by sys_clk_pin  {rise@0.000ns fall@5.000ns period=10.000ns})
  Path Group:             (none)
  Path Type:              Hold (Min at Fast Process Corner)
  Data Path Delay:        1.025ns  (logic 0.222ns (21.639%)  route 0.803ns (78.361%))
  Logic Levels:           1  (IBUF=1)
  Clock Path Skew:        1.958ns (DCD - SCD - CPR)
    Destination Clock Delay (DCD):    1.958ns
    Source Clock Delay      (SCD):    0.000ns
    Clock Pessimism Removal (CPR):    -0.000ns

    Location             Delay type                Incr(ns)  Path(ns)    Netlist Resource(s)
  -------------------------------------------------------------------    -------------------
    T18                                               0.000     0.000 r  btn[0] (IN)
                         net (fo=0)                   0.000     0.000    btn[0]
    T18                  IBUF (Prop_ibuf_I_O)         0.222     0.222 r  btn_IBUF[0]_inst/O
                         net (fo=8, routed)           0.803     1.025    btn_IBUF[0]
    SLICE_X28Y11         FDRE                                         r  A_reg[0]/CE
  -------------------------------------------------------------------    -------------------

                         (clock sys_clk_pin rise edge)
                                                      0.000     0.000 r  
    W5                                                0.000     0.000 r  clk (IN)
                         net (fo=0)                   0.000     0.000    clk
    W5                   IBUF (Prop_ibuf_I_O)         0.414     0.414 r  clk_IBUF_inst/O
                         net (fo=1, routed)           0.685     1.099    clk_IBUF
    BUFGCTRL_X0Y0        BUFG (Prop_bufg_I_O)         0.029     1.128 r  clk_IBUF_BUFG_inst/O
                         net (fo=35, routed)          0.831     1.958    clk_IBUF_BUFG
    SLICE_X28Y11         FDRE                                         r  A_reg[0]/C

Slack:                    inf
  Source:                 btn[0]
                            (input port)
  Destination:            A_reg[1]/CE
                            (rising edge-triggered cell FDRE clocked by sys_clk_pin  {rise@0.000ns fall@5.000ns period=10.000ns})
  Path Group:             (none)
  Path Type:              Hold (Min at Fast Process Corner)
  Data Path Delay:        1.025ns  (logic 0.222ns (21.639%)  route 0.803ns (78.361%))
  Logic Levels:           1  (IBUF=1)
  Clock Path Skew:        1.958ns (DCD - SCD - CPR)
    Destination Clock Delay (DCD):    1.958ns
    Source Clock Delay      (SCD):    0.000ns
    Clock Pessimism Removal (CPR):    -0.000ns

    Location             Delay type                Incr(ns)  Path(ns)    Netlist Resource(s)
  -------------------------------------------------------------------    -------------------
    T18                                               0.000     0.000 r  btn[0] (IN)
                         net (fo=0)                   0.000     0.000    btn[0]
    T18                  IBUF (Prop_ibuf_I_O)         0.222     0.222 r  btn_IBUF[0]_inst/O
                         net (fo=8, routed)           0.803     1.025    btn_IBUF[0]
    SLICE_X28Y11         FDRE                                         r  A_reg[1]/CE
  -------------------------------------------------------------------    -------------------

                         (clock sys_clk_pin rise edge)
                                                      0.000     0.000 r  
    W5                                                0.000     0.000 r  clk (IN)
                         net (fo=0)                   0.000     0.000    clk
    W5                   IBUF (Prop_ibuf_I_O)         0.414     0.414 r  clk_IBUF_inst/O
                         net (fo=1, routed)           0.685     1.099    clk_IBUF
    BUFGCTRL_X0Y0        BUFG (Prop_bufg_I_O)         0.029     1.128 r  clk_IBUF_BUFG_inst/O
                         net (fo=35, routed)          0.831     1.958    clk_IBUF_BUFG
    SLICE_X28Y11         FDRE                                         r  A_reg[1]/C

Slack:                    inf
  Source:                 btn[0]
                            (input port)
  Destination:            A_reg[4]/CE
                            (rising edge-triggered cell FDRE clocked by sys_clk_pin  {rise@0.000ns fall@5.000ns period=10.000ns})
  Path Group:             (none)
  Path Type:              Hold (Min at Fast Process Corner)
  Data Path Delay:        1.025ns  (logic 0.222ns (21.639%)  route 0.803ns (78.361%))
  Logic Levels:           1  (IBUF=1)
  Clock Path Skew:        1.958ns (DCD - SCD - CPR)
    Destination Clock Delay (DCD):    1.958ns
    Source Clock Delay      (SCD):    0.000ns
    Clock Pessimism Removal (CPR):    -0.000ns

    Location             Delay type                Incr(ns)  Path(ns)    Netlist Resource(s)
  -------------------------------------------------------------------    -------------------
    T18                                               0.000     0.000 r  btn[0] (IN)
                         net (fo=0)                   0.000     0.000    btn[0]
    T18                  IBUF (Prop_ibuf_I_O)         0.222     0.222 r  btn_IBUF[0]_inst/O
                         net (fo=8, routed)           0.803     1.025    btn_IBUF[0]
    SLICE_X28Y11         FDRE                                         r  A_reg[4]/CE
  -------------------------------------------------------------------    -------------------

                         (clock sys_clk_pin rise edge)
                                                      0.000     0.000 r  
    W5                                                0.000     0.000 r  clk (IN)
                         net (fo=0)                   0.000     0.000    clk
    W5                   IBUF (Prop_ibuf_I_O)         0.414     0.414 r  clk_IBUF_inst/O
                         net (fo=1, routed)           0.685     1.099    clk_IBUF
    BUFGCTRL_X0Y0        BUFG (Prop_bufg_I_O)         0.029     1.128 r  clk_IBUF_BUFG_inst/O
                         net (fo=35, routed)          0.831     1.958    clk_IBUF_BUFG
    SLICE_X28Y11         FDRE                                         r  A_reg[4]/C

Slack:                    inf
  Source:                 btn[0]
                            (input port)
  Destination:            A_reg[5]/CE
                            (rising edge-triggered cell FDRE clocked by sys_clk_pin  {rise@0.000ns fall@5.000ns period=10.000ns})
  Path Group:             (none)
  Path Type:              Hold (Min at Fast Process Corner)
  Data Path Delay:        1.025ns  (logic 0.222ns (21.639%)  route 0.803ns (78.361%))
  Logic Levels:           1  (IBUF=1)
  Clock Path Skew:        1.958ns (DCD - SCD - CPR)
    Destination Clock Delay (DCD):    1.958ns
    Source Clock Delay      (SCD):    0.000ns
    Clock Pessimism Removal (CPR):    -0.000ns

    Location             Delay type                Incr(ns)  Path(ns)    Netlist Resource(s)
  -------------------------------------------------------------------    -------------------
    T18                                               0.000     0.000 r  btn[0] (IN)
                         net (fo=0)                   0.000     0.000    btn[0]
    T18                  IBUF (Prop_ibuf_I_O)         0.222     0.222 r  btn_IBUF[0]_inst/O
                         net (fo=8, routed)           0.803     1.025    btn_IBUF[0]
    SLICE_X28Y11         FDRE                                         r  A_reg[5]/CE
  -------------------------------------------------------------------    -------------------

                         (clock sys_clk_pin rise edge)
                                                      0.000     0.000 r  
    W5                                                0.000     0.000 r  clk (IN)
                         net (fo=0)                   0.000     0.000    clk
    W5                   IBUF (Prop_ibuf_I_O)         0.414     0.414 r  clk_IBUF_inst/O
                         net (fo=1, routed)           0.685     1.099    clk_IBUF
    BUFGCTRL_X0Y0        BUFG (Prop_bufg_I_O)         0.029     1.128 r  clk_IBUF_BUFG_inst/O
                         net (fo=35, routed)          0.831     1.958    clk_IBUF_BUFG
    SLICE_X28Y11         FDRE                                         r  A_reg[5]/C





