Copyright 1986-2022 Xilinx, Inc. All Rights Reserved.
---------------------------------------------------------------------------------------------------------------------------------------------------------------------------------------------------------------------------------------------------------
| Tool Version : Vivado v.2022.1 (win64) Build 3526262 Mon Apr 18 15:48:16 MDT 2022
| Date         : Fri May 15 11:28:38 2026
| Host         : DESKTOP-TM7VUND running 64-bit major release  (build 9200)
| Command      : report_timing_summary -max_paths 10 -report_unconstrained -file adder_subtractor_top_timing_summary_routed.rpt -pb adder_subtractor_top_timing_summary_routed.pb -rpx adder_subtractor_top_timing_summary_routed.rpx -warn_on_violation
| Design       : adder_subtractor_top
| Device       : 7a35t-cpg236
| Speed File   : -1  PRODUCTION 1.23 2018-06-13
---------------------------------------------------------------------------------------------------------------------------------------------------------------------------------------------------------------------------------------------------------

Timing Summary Report

------------------------------------------------------------------------------------------------
| Timer Settings
| --------------
------------------------------------------------------------------------------------------------

  Enable Multi Corner Analysis               :  Yes
  Enable Pessimism Removal                   :  Yes
  Pessimism Removal Resolution               :  Nearest Common Node
  Enable Input Delay Default Clock           :  No
  Enable Preset / Clear Arcs                 :  No
  Disable Flight Delays                      :  No
  Ignore I/O Paths                           :  No
  Timing Early Launch at Borrowing Latches   :  No
  Borrow Time for Max Delay Exceptions       :  Yes
  Merge Timing Exceptions                    :  Yes

  Corner  Analyze    Analyze    
  Name    Max Paths  Min Paths  
  ------  ---------  ---------  
  Slow    Yes        Yes        
  Fast    Yes        Yes        


------------------------------------------------------------------------------------------------
| Report Methodology
| ------------------
------------------------------------------------------------------------------------------------

Rule       Severity  Description                    Violations  
---------  --------  -----------------------------  ----------  
TIMING-18  Warning   Missing input or output delay  24          

Note: This report is based on the most recent report_methodology run and may not be up-to-date. Run report_methodology on the current design for the latest report.



check_timing report

Table of Contents
-----------------
1. checking no_clock (0)
2. checking constant_clock (0)
3. checking pulse_width_clock (0)
4. checking unconstrained_internal_endpoints (0)
5. checking no_input_delay (10)
6. checking no_output_delay (13)
7. checking multiple_clock (0)
8. checking generated_clocks (0)
9. checking loops (0)
10. checking partial_input_delay (0)
11. checking partial_output_delay (0)
12. checking latch_loops (0)

1. checking no_clock (0)
------------------------
 There are 0 register/latch pins with no clock.


2. checking constant_clock (0)
------------------------------
 There are 0 register/latch pins with constant_clock.


3. checking pulse_width_clock (0)
---------------------------------
 There are 0 register/latch pins which need pulse_width check


4. checking unconstrained_internal_endpoints (0)
------------------------------------------------
 There are 0 pins that are not constrained for maximum delay.

 There are 0 pins that are not constrained for maximum delay due to constant clock.


5. checking no_input_delay (10)
-------------------------------
 There are 10 input ports with no input delay specified. (HIGH)

 There are 0 input ports with no input delay but user has a false path constraint.


6. checking no_output_delay (13)
--------------------------------
 There are 13 ports with no output delay specified. (HIGH)

 There are 0 ports with no output delay but user has a false path constraint

 There are 0 ports with no output delay but with a timing clock defined on it or propagating through it


7. checking multiple_clock (0)
------------------------------
 There are 0 register/latch pins with multiple clocks.


8. checking generated_clocks (0)
--------------------------------
 There are 0 generated clocks that are not connected to a clock source.


9. checking loops (0)
---------------------
 There are 0 combinational loops in the design.


10. checking partial_input_delay (0)
------------------------------------
 There are 0 input ports with partial input delay specified.


11. checking partial_output_delay (0)
-------------------------------------
 There are 0 ports with partial output delay specified.


12. checking latch_loops (0)
----------------------------
 There are 0 combinational latch loops in the design through latch input



------------------------------------------------------------------------------------------------
| Design Timing Summary
| ---------------------
------------------------------------------------------------------------------------------------

    WNS(ns)      TNS(ns)  TNS Failing Endpoints  TNS Total Endpoints      WHS(ns)      THS(ns)  THS Failing Endpoints  THS Total Endpoints     WPWS(ns)     TPWS(ns)  TPWS Failing Endpoints  TPWS Total Endpoints  
    -------      -------  ---------------------  -------------------      -------      -------  ---------------------  -------------------     --------     --------  ----------------------  --------------------  
      7.573        0.000                      0                   16        0.308        0.000                      0                   16        4.500        0.000                       0                    33  


All user specified timing constraints are met.


------------------------------------------------------------------------------------------------
| Clock Summary
| -------------
------------------------------------------------------------------------------------------------

Clock        Waveform(ns)       Period(ns)      Frequency(MHz)
-----        ------------       ----------      --------------
sys_clk_pin  {0.000 5.000}      10.000          100.000         


------------------------------------------------------------------------------------------------
| Intra Clock Table
| -----------------
------------------------------------------------------------------------------------------------

Clock             WNS(ns)      TNS(ns)  TNS Failing Endpoints  TNS Total Endpoints      WHS(ns)      THS(ns)  THS Failing Endpoints  THS Total Endpoints     WPWS(ns)     TPWS(ns)  TPWS Failing Endpoints  TPWS Total Endpoints  
-----             -------      -------  ---------------------  -------------------      -------      -------  ---------------------  -------------------     --------     --------  ----------------------  --------------------  
sys_clk_pin         7.573        0.000                      0                   16        0.308        0.000                      0                   16        4.500        0.000                       0                    33  


------------------------------------------------------------------------------------------------
| Inter Clock Table
| -----------------
------------------------------------------------------------------------------------------------

From Clock    To Clock          WNS(ns)      TNS(ns)  TNS Failing Endpoints  TNS Total Endpoints      WHS(ns)      THS(ns)  THS Failing Endpoints  THS Total Endpoints  
----------    --------          -------      -------  ---------------------  -------------------      -------      -------  ---------------------  -------------------  


------------------------------------------------------------------------------------------------
| Other Path Groups Table
| -----------------------
------------------------------------------------------------------------------------------------

Path Group    From Clock    To Clock          WNS(ns)      TNS(ns)  TNS Failing Endpoints  TNS Total Endpoints      WHS(ns)      THS(ns)  THS Failing Endpoints  THS Total Endpoints  
----------    ----------    --------          -------      -------  ---------------------  -------------------      -------      -------  ---------------------  -------------------  


------------------------------------------------------------------------------------------------
| User Ignored Path Table
| -----------------------
------------------------------------------------------------------------------------------------

Path Group    From Clock    To Clock    
----------    ----------    --------    


------------------------------------------------------------------------------------------------
| Unconstrained Path Table
| ------------------------
------------------------------------------------------------------------------------------------

Path Group    From Clock    To Clock    
----------    ----------    --------    
(none)                                    
(none)        sys_clk_pin                 
(none)                      sys_clk_pin   


------------------------------------------------------------------------------------------------
| Timing Details
| --------------
------------------------------------------------------------------------------------------------


---------------------------------------------------------------------------------------------------
From Clock:  sys_clk_pin
  To Clock:  sys_clk_pin

Setup :            0  Failing Endpoints,  Worst Slack        7.573ns,  Total Violation        0.000ns
Hold  :            0  Failing Endpoints,  Worst Slack        0.308ns,  Total Violation        0.000ns
PW    :            0  Failing Endpoints,  Worst Slack        4.500ns,  Total Violation        0.000ns
---------------------------------------------------------------------------------------------------


Max Delay Paths
--------------------------------------------------------------------------------------
Slack (MET) :             7.573ns  (required time - arrival time)
  Source:                 scan_count_reg[1]/C
                            (rising edge-triggered cell FDRE clocked by sys_clk_pin  {rise@0.000ns fall@5.000ns period=10.000ns})
  Destination:            scan_count_reg[13]/D
                            (rising edge-triggered cell FDRE clocked by sys_clk_pin  {rise@0.000ns fall@5.000ns period=10.000ns})
  Path Group:             sys_clk_pin
  Path Type:              Setup (Max at Slow Process Corner)
  Requirement:            10.000ns  (sys_clk_pin rise@10.000ns - sys_clk_pin rise@0.000ns)
  Data Path Delay:        2.473ns  (logic 1.732ns (70.024%)  route 0.741ns (29.976%))
  Logic Levels:           4  (CARRY4=4)
  Clock Path Skew:        -0.027ns (DCD - SCD + CPR)
    Destination Clock Delay (DCD):    4.785ns = ( 14.785 - 10.000 ) 
    Source Clock Delay      (SCD):    5.086ns
    Clock Pessimism Removal (CPR):    0.274ns
  Clock Uncertainty:      0.035ns  ((TSJ^2 + TIJ^2)^1/2 + DJ) / 2 + PE
    Total System Jitter     (TSJ):    0.071ns
    Total Input Jitter      (TIJ):    0.000ns
    Discrete Jitter          (DJ):    0.000ns
    Phase Error              (PE):    0.000ns

    Location             Delay type                Incr(ns)  Path(ns)    Netlist Resource(s)
  -------------------------------------------------------------------    -------------------
                         (clock sys_clk_pin rise edge)
                                                      0.000     0.000 r  
    W5                                                0.000     0.000 r  clk (IN)
                         net (fo=0)                   0.000     0.000    clk
    W5                   IBUF (Prop_ibuf_I_O)         1.458     1.458 r  clk_IBUF_inst/O
                         net (fo=1, routed)           1.967     3.425    clk_IBUF
    BUFGCTRL_X0Y0        BUFG (Prop_bufg_I_O)         0.096     3.521 r  clk_IBUF_BUFG_inst/O
                         net (fo=32, routed)          1.565     5.086    clk_IBUF_BUFG
    SLICE_X8Y12          FDRE                                         r  scan_count_reg[1]/C
  -------------------------------------------------------------------    -------------------
    SLICE_X8Y12          FDRE (Prop_fdre_C_Q)         0.518     5.604 r  scan_count_reg[1]/Q
                         net (fo=1, routed)           0.741     6.346    scan_count_reg_n_0_[1]
    SLICE_X8Y12          CARRY4 (Prop_carry4_S[1]_CO[3])
                                                      0.657     7.003 r  scan_count_reg[0]_i_1/CO[3]
                         net (fo=1, routed)           0.000     7.003    scan_count_reg[0]_i_1_n_0
    SLICE_X8Y13          CARRY4 (Prop_carry4_CI_CO[3])
                                                      0.117     7.120 r  scan_count_reg[4]_i_1/CO[3]
                         net (fo=1, routed)           0.000     7.120    scan_count_reg[4]_i_1_n_0
    SLICE_X8Y14          CARRY4 (Prop_carry4_CI_CO[3])
                                                      0.117     7.237 r  scan_count_reg[8]_i_1/CO[3]
                         net (fo=1, routed)           0.000     7.237    scan_count_reg[8]_i_1_n_0
    SLICE_X8Y15          CARRY4 (Prop_carry4_CI_O[1])
                                                      0.323     7.560 r  scan_count_reg[12]_i_1/O[1]
                         net (fo=1, routed)           0.000     7.560    scan_count_reg[12]_i_1_n_6
    SLICE_X8Y15          FDRE                                         r  scan_count_reg[13]/D
  -------------------------------------------------------------------    -------------------

                         (clock sys_clk_pin rise edge)
                                                     10.000    10.000 r  
    W5                                                0.000    10.000 r  clk (IN)
                         net (fo=0)                   0.000    10.000    clk
    W5                   IBUF (Prop_ibuf_I_O)         1.388    11.388 r  clk_IBUF_inst/O
                         net (fo=1, routed)           1.862    13.250    clk_IBUF
    BUFGCTRL_X0Y0        BUFG (Prop_bufg_I_O)         0.091    13.341 r  clk_IBUF_BUFG_inst/O
                         net (fo=32, routed)          1.444    14.785    clk_IBUF_BUFG
    SLICE_X8Y15          FDRE                                         r  scan_count_reg[13]/C
                         clock pessimism              0.274    15.059    
                         clock uncertainty           -0.035    15.024    
    SLICE_X8Y15          FDRE (Setup_fdre_C_D)        0.109    15.133    scan_count_reg[13]
  -------------------------------------------------------------------
                         required time                         15.133    
                         arrival time                          -7.560    
  -------------------------------------------------------------------
                         slack                                  7.573    

Slack (MET) :             7.581ns  (required time - arrival time)
  Source:                 scan_count_reg[1]/C
                            (rising edge-triggered cell FDRE clocked by sys_clk_pin  {rise@0.000ns fall@5.000ns period=10.000ns})
  Destination:            scan_count_reg[15]/D
                            (rising edge-triggered cell FDRE clocked by sys_clk_pin  {rise@0.000ns fall@5.000ns period=10.000ns})
  Path Group:             sys_clk_pin
  Path Type:              Setup (Max at Slow Process Corner)
  Requirement:            10.000ns  (sys_clk_pin rise@10.000ns - sys_clk_pin rise@0.000ns)
  Data Path Delay:        2.465ns  (logic 1.724ns (69.927%)  route 0.741ns (30.073%))
  Logic Levels:           4  (CARRY4=4)
  Clock Path Skew:        -0.027ns (DCD - SCD + CPR)
    Destination Clock Delay (DCD):    4.785ns = ( 14.785 - 10.000 ) 
    Source Clock Delay      (SCD):    5.086ns
    Clock Pessimism Removal (CPR):    0.274ns
  Clock Uncertainty:      0.035ns  ((TSJ^2 + TIJ^2)^1/2 + DJ) / 2 + PE
    Total System Jitter     (TSJ):    0.071ns
    Total Input Jitter      (TIJ):    0.000ns
    Discrete Jitter          (DJ):    0.000ns
    Phase Error              (PE):    0.000ns

    Location             Delay type                Incr(ns)  Path(ns)    Netlist Resource(s)
  -------------------------------------------------------------------    -------------------
                         (clock sys_clk_pin rise edge)
                                                      0.000     0.000 r  
    W5                                                0.000     0.000 r  clk (IN)
                         net (fo=0)                   0.000     0.000    clk
    W5                   IBUF (Prop_ibuf_I_O)         1.458     1.458 r  clk_IBUF_inst/O
                         net (fo=1, routed)           1.967     3.425    clk_IBUF
    BUFGCTRL_X0Y0        BUFG (Prop_bufg_I_O)         0.096     3.521 r  clk_IBUF_BUFG_inst/O
                         net (fo=32, routed)          1.565     5.086    clk_IBUF_BUFG
    SLICE_X8Y12          FDRE                                         r  scan_count_reg[1]/C
  -------------------------------------------------------------------    -------------------
    SLICE_X8Y12          FDRE (Prop_fdre_C_Q)         0.518     5.604 r  scan_count_reg[1]/Q
                         net (fo=1, routed)           0.741     6.346    scan_count_reg_n_0_[1]
    SLICE_X8Y12          CARRY4 (Prop_carry4_S[1]_CO[3])
                                                      0.657     7.003 r  scan_count_reg[0]_i_1/CO[3]
                         net (fo=1, routed)           0.000     7.003    scan_count_reg[0]_i_1_n_0
    SLICE_X8Y13          CARRY4 (Prop_carry4_CI_CO[3])
                                                      0.117     7.120 r  scan_count_reg[4]_i_1/CO[3]
                         net (fo=1, routed)           0.000     7.120    scan_count_reg[4]_i_1_n_0
    SLICE_X8Y14          CARRY4 (Prop_carry4_CI_CO[3])
                                                      0.117     7.237 r  scan_count_reg[8]_i_1/CO[3]
                         net (fo=1, routed)           0.000     7.237    scan_count_reg[8]_i_1_n_0
    SLICE_X8Y15          CARRY4 (Prop_carry4_CI_O[3])
                                                      0.315     7.552 r  scan_count_reg[12]_i_1/O[3]
                         net (fo=1, routed)           0.000     7.552    scan_count_reg[12]_i_1_n_4
    SLICE_X8Y15          FDRE                                         r  scan_count_reg[15]/D
  -------------------------------------------------------------------    -------------------

                         (clock sys_clk_pin rise edge)
                                                     10.000    10.000 r  
    W5                                                0.000    10.000 r  clk (IN)
                         net (fo=0)                   0.000    10.000    clk
    W5                   IBUF (Prop_ibuf_I_O)         1.388    11.388 r  clk_IBUF_inst/O
                         net (fo=1, routed)           1.862    13.250    clk_IBUF
    BUFGCTRL_X0Y0        BUFG (Prop_bufg_I_O)         0.091    13.341 r  clk_IBUF_BUFG_inst/O
                         net (fo=32, routed)          1.444    14.785    clk_IBUF_BUFG
    SLICE_X8Y15          FDRE                                         r  scan_count_reg[15]/C
                         clock pessimism              0.274    15.059    
                         clock uncertainty           -0.035    15.024    
    SLICE_X8Y15          FDRE (Setup_fdre_C_D)        0.109    15.133    scan_count_reg[15]
  -------------------------------------------------------------------
                         required time                         15.133    
                         arrival time                          -7.552    
  -------------------------------------------------------------------
                         slack                                  7.581    

Slack (MET) :             7.657ns  (required time - arrival time)
  Source:                 scan_count_reg[1]/C
                            (rising edge-triggered cell FDRE clocked by sys_clk_pin  {rise@0.000ns fall@5.000ns period=10.000ns})
  Destination:            scan_count_reg[14]/D
                            (rising edge-triggered cell FDRE clocked by sys_clk_pin  {rise@0.000ns fall@5.000ns period=10.000ns})
  Path Group:             sys_clk_pin
  Path Type:              Setup (Max at Slow Process Corner)
  Requirement:            10.000ns  (sys_clk_pin rise@10.000ns - sys_clk_pin rise@0.000ns)
  Data Path Delay:        2.389ns  (logic 1.648ns (68.970%)  route 0.741ns (31.030%))
  Logic Levels:           4  (CARRY4=4)
  Clock Path Skew:        -0.027ns (DCD - SCD + CPR)
    Destination Clock Delay (DCD):    4.785ns = ( 14.785 - 10.000 ) 
    Source Clock Delay      (SCD):    5.086ns
    Clock Pessimism Removal (CPR):    0.274ns
  Clock Uncertainty:      0.035ns  ((TSJ^2 + TIJ^2)^1/2 + DJ) / 2 + PE
    Total System Jitter     (TSJ):    0.071ns
    Total Input Jitter      (TIJ):    0.000ns
    Discrete Jitter          (DJ):    0.000ns
    Phase Error              (PE):    0.000ns

    Location             Delay type                Incr(ns)  Path(ns)    Netlist Resource(s)
  -------------------------------------------------------------------    -------------------
                         (clock sys_clk_pin rise edge)
                                                      0.000     0.000 r  
    W5                                                0.000     0.000 r  clk (IN)
                         net (fo=0)                   0.000     0.000    clk
    W5                   IBUF (Prop_ibuf_I_O)         1.458     1.458 r  clk_IBUF_inst/O
                         net (fo=1, routed)           1.967     3.425    clk_IBUF
    BUFGCTRL_X0Y0        BUFG (Prop_bufg_I_O)         0.096     3.521 r  clk_IBUF_BUFG_inst/O
                         net (fo=32, routed)          1.565     5.086    clk_IBUF_BUFG
    SLICE_X8Y12          FDRE                                         r  scan_count_reg[1]/C
  -------------------------------------------------------------------    -------------------
    SLICE_X8Y12          FDRE (Prop_fdre_C_Q)         0.518     5.604 r  scan_count_reg[1]/Q
                         net (fo=1, routed)           0.741     6.346    scan_count_reg_n_0_[1]
    SLICE_X8Y12          CARRY4 (Prop_carry4_S[1]_CO[3])
                                                      0.657     7.003 r  scan_count_reg[0]_i_1/CO[3]
                         net (fo=1, routed)           0.000     7.003    scan_count_reg[0]_i_1_n_0
    SLICE_X8Y13          CARRY4 (Prop_carry4_CI_CO[3])
                                                      0.117     7.120 r  scan_count_reg[4]_i_1/CO[3]
                         net (fo=1, routed)           0.000     7.120    scan_count_reg[4]_i_1_n_0
    SLICE_X8Y14          CARRY4 (Prop_carry4_CI_CO[3])
                                                      0.117     7.237 r  scan_count_reg[8]_i_1/CO[3]
                         net (fo=1, routed)           0.000     7.237    scan_count_reg[8]_i_1_n_0
    SLICE_X8Y15          CARRY4 (Prop_carry4_CI_O[2])
                                                      0.239     7.476 r  scan_count_reg[12]_i_1/O[2]
                         net (fo=1, routed)           0.000     7.476    scan_count_reg[12]_i_1_n_5
    SLICE_X8Y15          FDRE                                         r  scan_count_reg[14]/D
  -------------------------------------------------------------------    -------------------

                         (clock sys_clk_pin rise edge)
                                                     10.000    10.000 r  
    W5                                                0.000    10.000 r  clk (IN)
                         net (fo=0)                   0.000    10.000    clk
    W5                   IBUF (Prop_ibuf_I_O)         1.388    11.388 r  clk_IBUF_inst/O
                         net (fo=1, routed)           1.862    13.250    clk_IBUF
    BUFGCTRL_X0Y0        BUFG (Prop_bufg_I_O)         0.091    13.341 r  clk_IBUF_BUFG_inst/O
                         net (fo=32, routed)          1.444    14.785    clk_IBUF_BUFG
    SLICE_X8Y15          FDRE                                         r  scan_count_reg[14]/C
                         clock pessimism              0.274    15.059    
                         clock uncertainty           -0.035    15.024    
    SLICE_X8Y15          FDRE (Setup_fdre_C_D)        0.109    15.133    scan_count_reg[14]
  -------------------------------------------------------------------
                         required time                         15.133    
                         arrival time                          -7.476    
  -------------------------------------------------------------------
                         slack                                  7.657    

Slack (MET) :             7.677ns  (required time - arrival time)
  Source:                 scan_count_reg[1]/C
                            (rising edge-triggered cell FDRE clocked by sys_clk_pin  {rise@0.000ns fall@5.000ns period=10.000ns})
  Destination:            scan_count_reg[12]/D
                            (rising edge-triggered cell FDRE clocked by sys_clk_pin  {rise@0.000ns fall@5.000ns period=10.000ns})
  Path Group:             sys_clk_pin
  Path Type:              Setup (Max at Slow Process Corner)
  Requirement:            10.000ns  (sys_clk_pin rise@10.000ns - sys_clk_pin rise@0.000ns)
  Data Path Delay:        2.369ns  (logic 1.628ns (68.709%)  route 0.741ns (31.291%))
  Logic Levels:           4  (CARRY4=4)
  Clock Path Skew:        -0.027ns (DCD - SCD + CPR)
    Destination Clock Delay (DCD):    4.785ns = ( 14.785 - 10.000 ) 
    Source Clock Delay      (SCD):    5.086ns
    Clock Pessimism Removal (CPR):    0.274ns
  Clock Uncertainty:      0.035ns  ((TSJ^2 + TIJ^2)^1/2 + DJ) / 2 + PE
    Total System Jitter     (TSJ):    0.071ns
    Total Input Jitter      (TIJ):    0.000ns
    Discrete Jitter          (DJ):    0.000ns
    Phase Error              (PE):    0.000ns

    Location             Delay type                Incr(ns)  Path(ns)    Netlist Resource(s)
  -------------------------------------------------------------------    -------------------
                         (clock sys_clk_pin rise edge)
                                                      0.000     0.000 r  
    W5                                                0.000     0.000 r  clk (IN)
                         net (fo=0)                   0.000     0.000    clk
    W5                   IBUF (Prop_ibuf_I_O)         1.458     1.458 r  clk_IBUF_inst/O
                         net (fo=1, routed)           1.967     3.425    clk_IBUF
    BUFGCTRL_X0Y0        BUFG (Prop_bufg_I_O)         0.096     3.521 r  clk_IBUF_BUFG_inst/O
                         net (fo=32, routed)          1.565     5.086    clk_IBUF_BUFG
    SLICE_X8Y12          FDRE                                         r  scan_count_reg[1]/C
  -------------------------------------------------------------------    -------------------
    SLICE_X8Y12          FDRE (Prop_fdre_C_Q)         0.518     5.604 r  scan_count_reg[1]/Q
                         net (fo=1, routed)           0.741     6.346    scan_count_reg_n_0_[1]
    SLICE_X8Y12          CARRY4 (Prop_carry4_S[1]_CO[3])
                                                      0.657     7.003 r  scan_count_reg[0]_i_1/CO[3]
                         net (fo=1, routed)           0.000     7.003    scan_count_reg[0]_i_1_n_0
    SLICE_X8Y13          CARRY4 (Prop_carry4_CI_CO[3])
                                                      0.117     7.120 r  scan_count_reg[4]_i_1/CO[3]
                         net (fo=1, routed)           0.000     7.120    scan_count_reg[4]_i_1_n_0
    SLICE_X8Y14          CARRY4 (Prop_carry4_CI_CO[3])
                                                      0.117     7.237 r  scan_count_reg[8]_i_1/CO[3]
                         net (fo=1, routed)           0.000     7.237    scan_count_reg[8]_i_1_n_0
    SLICE_X8Y15          CARRY4 (Prop_carry4_CI_O[0])
                                                      0.219     7.456 r  scan_count_reg[12]_i_1/O[0]
                         net (fo=1, routed)           0.000     7.456    scan_count_reg[12]_i_1_n_7
    SLICE_X8Y15          FDRE                                         r  scan_count_reg[12]/D
  -------------------------------------------------------------------    -------------------

                         (clock sys_clk_pin rise edge)
                                                     10.000    10.000 r  
    W5                                                0.000    10.000 r  clk (IN)
                         net (fo=0)                   0.000    10.000    clk
    W5                   IBUF (Prop_ibuf_I_O)         1.388    11.388 r  clk_IBUF_inst/O
                         net (fo=1, routed)           1.862    13.250    clk_IBUF
    BUFGCTRL_X0Y0        BUFG (Prop_bufg_I_O)         0.091    13.341 r  clk_IBUF_BUFG_inst/O
                         net (fo=32, routed)          1.444    14.785    clk_IBUF_BUFG
    SLICE_X8Y15          FDRE                                         r  scan_count_reg[12]/C
                         clock pessimism              0.274    15.059    
                         clock uncertainty           -0.035    15.024    
    SLICE_X8Y15          FDRE (Setup_fdre_C_D)        0.109    15.133    scan_count_reg[12]
  -------------------------------------------------------------------
                         required time                         15.133    
                         arrival time                          -7.456    
  -------------------------------------------------------------------
                         slack                                  7.677    

Slack (MET) :             7.691ns  (required time - arrival time)
  Source:                 scan_count_reg[1]/C
                            (rising edge-triggered cell FDRE clocked by sys_clk_pin  {rise@0.000ns fall@5.000ns period=10.000ns})
  Destination:            scan_count_reg[9]/D
                            (rising edge-triggered cell FDRE clocked by sys_clk_pin  {rise@0.000ns fall@5.000ns period=10.000ns})
  Path Group:             sys_clk_pin
  Path Type:              Setup (Max at Slow Process Corner)
  Requirement:            10.000ns  (sys_clk_pin rise@10.000ns - sys_clk_pin rise@0.000ns)
  Data Path Delay:        2.356ns  (logic 1.615ns (68.536%)  route 0.741ns (31.464%))
  Logic Levels:           3  (CARRY4=3)
  Clock Path Skew:        -0.026ns (DCD - SCD + CPR)
    Destination Clock Delay (DCD):    4.786ns = ( 14.786 - 10.000 ) 
    Source Clock Delay      (SCD):    5.086ns
    Clock Pessimism Removal (CPR):    0.274ns
  Clock Uncertainty:      0.035ns  ((TSJ^2 + TIJ^2)^1/2 + DJ) / 2 + PE
    Total System Jitter     (TSJ):    0.071ns
    Total Input Jitter      (TIJ):    0.000ns
    Discrete Jitter          (DJ):    0.000ns
    Phase Error              (PE):    0.000ns

    Location             Delay type                Incr(ns)  Path(ns)    Netlist Resource(s)
  -------------------------------------------------------------------    -------------------
                         (clock sys_clk_pin rise edge)
                                                      0.000     0.000 r  
    W5                                                0.000     0.000 r  clk (IN)
                         net (fo=0)                   0.000     0.000    clk
    W5                   IBUF (Prop_ibuf_I_O)         1.458     1.458 r  clk_IBUF_inst/O
                         net (fo=1, routed)           1.967     3.425    clk_IBUF
    BUFGCTRL_X0Y0        BUFG (Prop_bufg_I_O)         0.096     3.521 r  clk_IBUF_BUFG_inst/O
                         net (fo=32, routed)          1.565     5.086    clk_IBUF_BUFG
    SLICE_X8Y12          FDRE                                         r  scan_count_reg[1]/C
  -------------------------------------------------------------------    -------------------
    SLICE_X8Y12          FDRE (Prop_fdre_C_Q)         0.518     5.604 r  scan_count_reg[1]/Q
                         net (fo=1, routed)           0.741     6.346    scan_count_reg_n_0_[1]
    SLICE_X8Y12          CARRY4 (Prop_carry4_S[1]_CO[3])
                                                      0.657     7.003 r  scan_count_reg[0]_i_1/CO[3]
                         net (fo=1, routed)           0.000     7.003    scan_count_reg[0]_i_1_n_0
    SLICE_X8Y13          CARRY4 (Prop_carry4_CI_CO[3])
                                                      0.117     7.120 r  scan_count_reg[4]_i_1/CO[3]
                         net (fo=1, routed)           0.000     7.120    scan_count_reg[4]_i_1_n_0
    SLICE_X8Y14          CARRY4 (Prop_carry4_CI_O[1])
                                                      0.323     7.443 r  scan_count_reg[8]_i_1/O[1]
                         net (fo=1, routed)           0.000     7.443    scan_count_reg[8]_i_1_n_6
    SLICE_X8Y14          FDRE                                         r  scan_count_reg[9]/D
  -------------------------------------------------------------------    -------------------

                         (clock sys_clk_pin rise edge)
                                                     10.000    10.000 r  
    W5                                                0.000    10.000 r  clk (IN)
                         net (fo=0)                   0.000    10.000    clk
    W5                   IBUF (Prop_ibuf_I_O)         1.388    11.388 r  clk_IBUF_inst/O
                         net (fo=1, routed)           1.862    13.250    clk_IBUF
    BUFGCTRL_X0Y0        BUFG (Prop_bufg_I_O)         0.091    13.341 r  clk_IBUF_BUFG_inst/O
                         net (fo=32, routed)          1.445    14.786    clk_IBUF_BUFG
    SLICE_X8Y14          FDRE                                         r  scan_count_reg[9]/C
                         clock pessimism              0.274    15.060    
                         clock uncertainty           -0.035    15.025    
    SLICE_X8Y14          FDRE (Setup_fdre_C_D)        0.109    15.134    scan_count_reg[9]
  -------------------------------------------------------------------
                         required time                         15.134    
                         arrival time                          -7.443    
  -------------------------------------------------------------------
                         slack                                  7.691    

Slack (MET) :             7.699ns  (required time - arrival time)
  Source:                 scan_count_reg[1]/C
                            (rising edge-triggered cell FDRE clocked by sys_clk_pin  {rise@0.000ns fall@5.000ns period=10.000ns})
  Destination:            scan_count_reg[11]/D
                            (rising edge-triggered cell FDRE clocked by sys_clk_pin  {rise@0.000ns fall@5.000ns period=10.000ns})
  Path Group:             sys_clk_pin
  Path Type:              Setup (Max at Slow Process Corner)
  Requirement:            10.000ns  (sys_clk_pin rise@10.000ns - sys_clk_pin rise@0.000ns)
  Data Path Delay:        2.348ns  (logic 1.607ns (68.429%)  route 0.741ns (31.571%))
  Logic Levels:           3  (CARRY4=3)
  Clock Path Skew:        -0.026ns (DCD - SCD + CPR)
    Destination Clock Delay (DCD):    4.786ns = ( 14.786 - 10.000 ) 
    Source Clock Delay      (SCD):    5.086ns
    Clock Pessimism Removal (CPR):    0.274ns
  Clock Uncertainty:      0.035ns  ((TSJ^2 + TIJ^2)^1/2 + DJ) / 2 + PE
    Total System Jitter     (TSJ):    0.071ns
    Total Input Jitter      (TIJ):    0.000ns
    Discrete Jitter          (DJ):    0.000ns
    Phase Error              (PE):    0.000ns

    Location             Delay type                Incr(ns)  Path(ns)    Netlist Resource(s)
  -------------------------------------------------------------------    -------------------
                         (clock sys_clk_pin rise edge)
                                                      0.000     0.000 r  
    W5                                                0.000     0.000 r  clk (IN)
                         net (fo=0)                   0.000     0.000    clk
    W5                   IBUF (Prop_ibuf_I_O)         1.458     1.458 r  clk_IBUF_inst/O
                         net (fo=1, routed)           1.967     3.425    clk_IBUF
    BUFGCTRL_X0Y0        BUFG (Prop_bufg_I_O)         0.096     3.521 r  clk_IBUF_BUFG_inst/O
                         net (fo=32, routed)          1.565     5.086    clk_IBUF_BUFG
    SLICE_X8Y12          FDRE                                         r  scan_count_reg[1]/C
  -------------------------------------------------------------------    -------------------
    SLICE_X8Y12          FDRE (Prop_fdre_C_Q)         0.518     5.604 r  scan_count_reg[1]/Q
                         net (fo=1, routed)           0.741     6.346    scan_count_reg_n_0_[1]
    SLICE_X8Y12          CARRY4 (Prop_carry4_S[1]_CO[3])
                                                      0.657     7.003 r  scan_count_reg[0]_i_1/CO[3]
                         net (fo=1, routed)           0.000     7.003    scan_count_reg[0]_i_1_n_0
    SLICE_X8Y13          CARRY4 (Prop_carry4_CI_CO[3])
                                                      0.117     7.120 r  scan_count_reg[4]_i_1/CO[3]
                         net (fo=1, routed)           0.000     7.120    scan_count_reg[4]_i_1_n_0
    SLICE_X8Y14          CARRY4 (Prop_carry4_CI_O[3])
                                                      0.315     7.435 r  scan_count_reg[8]_i_1/O[3]
                         net (fo=1, routed)           0.000     7.435    scan_count_reg[8]_i_1_n_4
    SLICE_X8Y14          FDRE                                         r  scan_count_reg[11]/D
  -------------------------------------------------------------------    -------------------

                         (clock sys_clk_pin rise edge)
                                                     10.000    10.000 r  
    W5                                                0.000    10.000 r  clk (IN)
                         net (fo=0)                   0.000    10.000    clk
    W5                   IBUF (Prop_ibuf_I_O)         1.388    11.388 r  clk_IBUF_inst/O
                         net (fo=1, routed)           1.862    13.250    clk_IBUF
    BUFGCTRL_X0Y0        BUFG (Prop_bufg_I_O)         0.091    13.341 r  clk_IBUF_BUFG_inst/O
                         net (fo=32, routed)          1.445    14.786    clk_IBUF_BUFG
    SLICE_X8Y14          FDRE                                         r  scan_count_reg[11]/C
                         clock pessimism              0.274    15.060    
                         clock uncertainty           -0.035    15.025    
    SLICE_X8Y14          FDRE (Setup_fdre_C_D)        0.109    15.134    scan_count_reg[11]
  -------------------------------------------------------------------
                         required time                         15.134    
                         arrival time                          -7.435    
  -------------------------------------------------------------------
                         slack                                  7.699    

Slack (MET) :             7.775ns  (required time - arrival time)
  Source:                 scan_count_reg[1]/C
                            (rising edge-triggered cell FDRE clocked by sys_clk_pin  {rise@0.000ns fall@5.000ns period=10.000ns})
  Destination:            scan_count_reg[10]/D
                            (rising edge-triggered cell FDRE clocked by sys_clk_pin  {rise@0.000ns fall@5.000ns period=10.000ns})
  Path Group:             sys_clk_pin
  Path Type:              Setup (Max at Slow Process Corner)
  Requirement:            10.000ns  (sys_clk_pin rise@10.000ns - sys_clk_pin rise@0.000ns)
  Data Path Delay:        2.272ns  (logic 1.531ns (67.373%)  route 0.741ns (32.627%))
  Logic Levels:           3  (CARRY4=3)
  Clock Path Skew:        -0.026ns (DCD - SCD + CPR)
    Destination Clock Delay (DCD):    4.786ns = ( 14.786 - 10.000 ) 
    Source Clock Delay      (SCD):    5.086ns
    Clock Pessimism Removal (CPR):    0.274ns
  Clock Uncertainty:      0.035ns  ((TSJ^2 + TIJ^2)^1/2 + DJ) / 2 + PE
    Total System Jitter     (TSJ):    0.071ns
    Total Input Jitter      (TIJ):    0.000ns
    Discrete Jitter          (DJ):    0.000ns
    Phase Error              (PE):    0.000ns

    Location             Delay type                Incr(ns)  Path(ns)    Netlist Resource(s)
  -------------------------------------------------------------------    -------------------
                         (clock sys_clk_pin rise edge)
                                                      0.000     0.000 r  
    W5                                                0.000     0.000 r  clk (IN)
                         net (fo=0)                   0.000     0.000    clk
    W5                   IBUF (Prop_ibuf_I_O)         1.458     1.458 r  clk_IBUF_inst/O
                         net (fo=1, routed)           1.967     3.425    clk_IBUF
    BUFGCTRL_X0Y0        BUFG (Prop_bufg_I_O)         0.096     3.521 r  clk_IBUF_BUFG_inst/O
                         net (fo=32, routed)          1.565     5.086    clk_IBUF_BUFG
    SLICE_X8Y12          FDRE                                         r  scan_count_reg[1]/C
  -------------------------------------------------------------------    -------------------
    SLICE_X8Y12          FDRE (Prop_fdre_C_Q)         0.518     5.604 r  scan_count_reg[1]/Q
                         net (fo=1, routed)           0.741     6.346    scan_count_reg_n_0_[1]
    SLICE_X8Y12          CARRY4 (Prop_carry4_S[1]_CO[3])
                                                      0.657     7.003 r  scan_count_reg[0]_i_1/CO[3]
                         net (fo=1, routed)           0.000     7.003    scan_count_reg[0]_i_1_n_0
    SLICE_X8Y13          CARRY4 (Prop_carry4_CI_CO[3])
                                                      0.117     7.120 r  scan_count_reg[4]_i_1/CO[3]
                         net (fo=1, routed)           0.000     7.120    scan_count_reg[4]_i_1_n_0
    SLICE_X8Y14          CARRY4 (Prop_carry4_CI_O[2])
                                                      0.239     7.359 r  scan_count_reg[8]_i_1/O[2]
                         net (fo=1, routed)           0.000     7.359    scan_count_reg[8]_i_1_n_5
    SLICE_X8Y14          FDRE                                         r  scan_count_reg[10]/D
  -------------------------------------------------------------------    -------------------

                         (clock sys_clk_pin rise edge)
                                                     10.000    10.000 r  
    W5                                                0.000    10.000 r  clk (IN)
                         net (fo=0)                   0.000    10.000    clk
    W5                   IBUF (Prop_ibuf_I_O)         1.388    11.388 r  clk_IBUF_inst/O
                         net (fo=1, routed)           1.862    13.250    clk_IBUF
    BUFGCTRL_X0Y0        BUFG (Prop_bufg_I_O)         0.091    13.341 r  clk_IBUF_BUFG_inst/O
                         net (fo=32, routed)          1.445    14.786    clk_IBUF_BUFG
    SLICE_X8Y14          FDRE                                         r  scan_count_reg[10]/C
                         clock pessimism              0.274    15.060    
                         clock uncertainty           -0.035    15.025    
    SLICE_X8Y14          FDRE (Setup_fdre_C_D)        0.109    15.134    scan_count_reg[10]
  -------------------------------------------------------------------
                         required time                         15.134    
                         arrival time                          -7.359    
  -------------------------------------------------------------------
                         slack                                  7.775    

Slack (MET) :             7.795ns  (required time - arrival time)
  Source:                 scan_count_reg[1]/C
                            (rising edge-triggered cell FDRE clocked by sys_clk_pin  {rise@0.000ns fall@5.000ns period=10.000ns})
  Destination:            scan_count_reg[8]/D
                            (rising edge-triggered cell FDRE clocked by sys_clk_pin  {rise@0.000ns fall@5.000ns period=10.000ns})
  Path Group:             sys_clk_pin
  Path Type:              Setup (Max at Slow Process Corner)
  Requirement:            10.000ns  (sys_clk_pin rise@10.000ns - sys_clk_pin rise@0.000ns)
  Data Path Delay:        2.252ns  (logic 1.511ns (67.083%)  route 0.741ns (32.917%))
  Logic Levels:           3  (CARRY4=3)
  Clock Path Skew:        -0.026ns (DCD - SCD + CPR)
    Destination Clock Delay (DCD):    4.786ns = ( 14.786 - 10.000 ) 
    Source Clock Delay      (SCD):    5.086ns
    Clock Pessimism Removal (CPR):    0.274ns
  Clock Uncertainty:      0.035ns  ((TSJ^2 + TIJ^2)^1/2 + DJ) / 2 + PE
    Total System Jitter     (TSJ):    0.071ns
    Total Input Jitter      (TIJ):    0.000ns
    Discrete Jitter          (DJ):    0.000ns
    Phase Error              (PE):    0.000ns

    Location             Delay type                Incr(ns)  Path(ns)    Netlist Resource(s)
  -------------------------------------------------------------------    -------------------
                         (clock sys_clk_pin rise edge)
                                                      0.000     0.000 r  
    W5                                                0.000     0.000 r  clk (IN)
                         net (fo=0)                   0.000     0.000    clk
    W5                   IBUF (Prop_ibuf_I_O)         1.458     1.458 r  clk_IBUF_inst/O
                         net (fo=1, routed)           1.967     3.425    clk_IBUF
    BUFGCTRL_X0Y0        BUFG (Prop_bufg_I_O)         0.096     3.521 r  clk_IBUF_BUFG_inst/O
                         net (fo=32, routed)          1.565     5.086    clk_IBUF_BUFG
    SLICE_X8Y12          FDRE                                         r  scan_count_reg[1]/C
  -------------------------------------------------------------------    -------------------
    SLICE_X8Y12          FDRE (Prop_fdre_C_Q)         0.518     5.604 r  scan_count_reg[1]/Q
                         net (fo=1, routed)           0.741     6.346    scan_count_reg_n_0_[1]
    SLICE_X8Y12          CARRY4 (Prop_carry4_S[1]_CO[3])
                                                      0.657     7.003 r  scan_count_reg[0]_i_1/CO[3]
                         net (fo=1, routed)           0.000     7.003    scan_count_reg[0]_i_1_n_0
    SLICE_X8Y13          CARRY4 (Prop_carry4_CI_CO[3])
                                                      0.117     7.120 r  scan_count_reg[4]_i_1/CO[3]
                         net (fo=1, routed)           0.000     7.120    scan_count_reg[4]_i_1_n_0
    SLICE_X8Y14          CARRY4 (Prop_carry4_CI_O[0])
                                                      0.219     7.339 r  scan_count_reg[8]_i_1/O[0]
                         net (fo=1, routed)           0.000     7.339    scan_count_reg[8]_i_1_n_7
    SLICE_X8Y14          FDRE                                         r  scan_count_reg[8]/D
  -------------------------------------------------------------------    -------------------

                         (clock sys_clk_pin rise edge)
                                                     10.000    10.000 r  
    W5                                                0.000    10.000 r  clk (IN)
                         net (fo=0)                   0.000    10.000    clk
    W5                   IBUF (Prop_ibuf_I_O)         1.388    11.388 r  clk_IBUF_inst/O
                         net (fo=1, routed)           1.862    13.250    clk_IBUF
    BUFGCTRL_X0Y0        BUFG (Prop_bufg_I_O)         0.091    13.341 r  clk_IBUF_BUFG_inst/O
                         net (fo=32, routed)          1.445    14.786    clk_IBUF_BUFG
    SLICE_X8Y14          FDRE                                         r  scan_count_reg[8]/C
                         clock pessimism              0.274    15.060    
                         clock uncertainty           -0.035    15.025    
    SLICE_X8Y14          FDRE (Setup_fdre_C_D)        0.109    15.134    scan_count_reg[8]
  -------------------------------------------------------------------
                         required time                         15.134    
                         arrival time                          -7.339    
  -------------------------------------------------------------------
                         slack                                  7.795    

Slack (MET) :             7.808ns  (required time - arrival time)
  Source:                 scan_count_reg[1]/C
                            (rising edge-triggered cell FDRE clocked by sys_clk_pin  {rise@0.000ns fall@5.000ns period=10.000ns})
  Destination:            scan_count_reg[5]/D
                            (rising edge-triggered cell FDRE clocked by sys_clk_pin  {rise@0.000ns fall@5.000ns period=10.000ns})
  Path Group:             sys_clk_pin
  Path Type:              Setup (Max at Slow Process Corner)
  Requirement:            10.000ns  (sys_clk_pin rise@10.000ns - sys_clk_pin rise@0.000ns)
  Data Path Delay:        2.239ns  (logic 1.498ns (66.892%)  route 0.741ns (33.108%))
  Logic Levels:           2  (CARRY4=2)
  Clock Path Skew:        -0.026ns (DCD - SCD + CPR)
    Destination Clock Delay (DCD):    4.786ns = ( 14.786 - 10.000 ) 
    Source Clock Delay      (SCD):    5.086ns
    Clock Pessimism Removal (CPR):    0.274ns
  Clock Uncertainty:      0.035ns  ((TSJ^2 + TIJ^2)^1/2 + DJ) / 2 + PE
    Total System Jitter     (TSJ):    0.071ns
    Total Input Jitter      (TIJ):    0.000ns
    Discrete Jitter          (DJ):    0.000ns
    Phase Error              (PE):    0.000ns

    Location             Delay type                Incr(ns)  Path(ns)    Netlist Resource(s)
  -------------------------------------------------------------------    -------------------
                         (clock sys_clk_pin rise edge)
                                                      0.000     0.000 r  
    W5                                                0.000     0.000 r  clk (IN)
                         net (fo=0)                   0.000     0.000    clk
    W5                   IBUF (Prop_ibuf_I_O)         1.458     1.458 r  clk_IBUF_inst/O
                         net (fo=1, routed)           1.967     3.425    clk_IBUF
    BUFGCTRL_X0Y0        BUFG (Prop_bufg_I_O)         0.096     3.521 r  clk_IBUF_BUFG_inst/O
                         net (fo=32, routed)          1.565     5.086    clk_IBUF_BUFG
    SLICE_X8Y12          FDRE                                         r  scan_count_reg[1]/C
  -------------------------------------------------------------------    -------------------
    SLICE_X8Y12          FDRE (Prop_fdre_C_Q)         0.518     5.604 r  scan_count_reg[1]/Q
                         net (fo=1, routed)           0.741     6.346    scan_count_reg_n_0_[1]
    SLICE_X8Y12          CARRY4 (Prop_carry4_S[1]_CO[3])
                                                      0.657     7.003 r  scan_count_reg[0]_i_1/CO[3]
                         net (fo=1, routed)           0.000     7.003    scan_count_reg[0]_i_1_n_0
    SLICE_X8Y13          CARRY4 (Prop_carry4_CI_O[1])
                                                      0.323     7.326 r  scan_count_reg[4]_i_1/O[1]
                         net (fo=1, routed)           0.000     7.326    scan_count_reg[4]_i_1_n_6
    SLICE_X8Y13          FDRE                                         r  scan_count_reg[5]/D
  -------------------------------------------------------------------    -------------------

                         (clock sys_clk_pin rise edge)
                                                     10.000    10.000 r  
    W5                                                0.000    10.000 r  clk (IN)
                         net (fo=0)                   0.000    10.000    clk
    W5                   IBUF (Prop_ibuf_I_O)         1.388    11.388 r  clk_IBUF_inst/O
                         net (fo=1, routed)           1.862    13.250    clk_IBUF
    BUFGCTRL_X0Y0        BUFG (Prop_bufg_I_O)         0.091    13.341 r  clk_IBUF_BUFG_inst/O
                         net (fo=32, routed)          1.445    14.786    clk_IBUF_BUFG
    SLICE_X8Y13          FDRE                                         r  scan_count_reg[5]/C
                         clock pessimism              0.274    15.060    
                         clock uncertainty           -0.035    15.025    
    SLICE_X8Y13          FDRE (Setup_fdre_C_D)        0.109    15.134    scan_count_reg[5]
  -------------------------------------------------------------------
                         required time                         15.134    
                         arrival time                          -7.326    
  -------------------------------------------------------------------
                         slack                                  7.808    

Slack (MET) :             7.816ns  (required time - arrival time)
  Source:                 scan_count_reg[1]/C
                            (rising edge-triggered cell FDRE clocked by sys_clk_pin  {rise@0.000ns fall@5.000ns period=10.000ns})
  Destination:            scan_count_reg[7]/D
                            (rising edge-triggered cell FDRE clocked by sys_clk_pin  {rise@0.000ns fall@5.000ns period=10.000ns})
  Path Group:             sys_clk_pin
  Path Type:              Setup (Max at Slow Process Corner)
  Requirement:            10.000ns  (sys_clk_pin rise@10.000ns - sys_clk_pin rise@0.000ns)
  Data Path Delay:        2.231ns  (logic 1.490ns (66.773%)  route 0.741ns (33.227%))
  Logic Levels:           2  (CARRY4=2)
  Clock Path Skew:        -0.026ns (DCD - SCD + CPR)
    Destination Clock Delay (DCD):    4.786ns = ( 14.786 - 10.000 ) 
    Source Clock Delay      (SCD):    5.086ns
    Clock Pessimism Removal (CPR):    0.274ns
  Clock Uncertainty:      0.035ns  ((TSJ^2 + TIJ^2)^1/2 + DJ) / 2 + PE
    Total System Jitter     (TSJ):    0.071ns
    Total Input Jitter      (TIJ):    0.000ns
    Discrete Jitter          (DJ):    0.000ns
    Phase Error              (PE):    0.000ns

    Location             Delay type                Incr(ns)  Path(ns)    Netlist Resource(s)
  -------------------------------------------------------------------    -------------------
                         (clock sys_clk_pin rise edge)
                                                      0.000     0.000 r  
    W5                                                0.000     0.000 r  clk (IN)
                         net (fo=0)                   0.000     0.000    clk
    W5                   IBUF (Prop_ibuf_I_O)         1.458     1.458 r  clk_IBUF_inst/O
                         net (fo=1, routed)           1.967     3.425    clk_IBUF
    BUFGCTRL_X0Y0        BUFG (Prop_bufg_I_O)         0.096     3.521 r  clk_IBUF_BUFG_inst/O
                         net (fo=32, routed)          1.565     5.086    clk_IBUF_BUFG
    SLICE_X8Y12          FDRE                                         r  scan_count_reg[1]/C
  -------------------------------------------------------------------    -------------------
    SLICE_X8Y12          FDRE (Prop_fdre_C_Q)         0.518     5.604 r  scan_count_reg[1]/Q
                         net (fo=1, routed)           0.741     6.346    scan_count_reg_n_0_[1]
    SLICE_X8Y12          CARRY4 (Prop_carry4_S[1]_CO[3])
                                                      0.657     7.003 r  scan_count_reg[0]_i_1/CO[3]
                         net (fo=1, routed)           0.000     7.003    scan_count_reg[0]_i_1_n_0
    SLICE_X8Y13          CARRY4 (Prop_carry4_CI_O[3])
                                                      0.315     7.318 r  scan_count_reg[4]_i_1/O[3]
                         net (fo=1, routed)           0.000     7.318    scan_count_reg[4]_i_1_n_4
    SLICE_X8Y13          FDRE                                         r  scan_count_reg[7]/D
  -------------------------------------------------------------------    -------------------

                         (clock sys_clk_pin rise edge)
                                                     10.000    10.000 r  
    W5                                                0.000    10.000 r  clk (IN)
                         net (fo=0)                   0.000    10.000    clk
    W5                   IBUF (Prop_ibuf_I_O)         1.388    11.388 r  clk_IBUF_inst/O
                         net (fo=1, routed)           1.862    13.250    clk_IBUF
    BUFGCTRL_X0Y0        BUFG (Prop_bufg_I_O)         0.091    13.341 r  clk_IBUF_BUFG_inst/O
                         net (fo=32, routed)          1.445    14.786    clk_IBUF_BUFG
    SLICE_X8Y13          FDRE                                         r  scan_count_reg[7]/C
                         clock pessimism              0.274    15.060    
                         clock uncertainty           -0.035    15.025    
    SLICE_X8Y13          FDRE (Setup_fdre_C_D)        0.109    15.134    scan_count_reg[7]
  -------------------------------------------------------------------
                         required time                         15.134    
                         arrival time                          -7.318    
  -------------------------------------------------------------------
                         slack                                  7.816    





Min Delay Paths
--------------------------------------------------------------------------------------
Slack (MET) :             0.308ns  (arrival time - required time)
  Source:                 scan_count_reg[0]/C
                            (rising edge-triggered cell FDRE clocked by sys_clk_pin  {rise@0.000ns fall@5.000ns period=10.000ns})
  Destination:            scan_count_reg[0]/D
                            (rising edge-triggered cell FDRE clocked by sys_clk_pin  {rise@0.000ns fall@5.000ns period=10.000ns})
  Path Group:             sys_clk_pin
  Path Type:              Hold (Min at Fast Process Corner)
  Requirement:            0.000ns  (sys_clk_pin rise@0.000ns - sys_clk_pin rise@0.000ns)
  Data Path Delay:        0.442ns  (logic 0.279ns (63.107%)  route 0.163ns (36.893%))
  Logic Levels:           2  (CARRY4=1 LUT1=1)
  Clock Path Skew:        0.000ns (DCD - SCD - CPR)
    Destination Clock Delay (DCD):    1.959ns
    Source Clock Delay      (SCD):    1.446ns
    Clock Pessimism Removal (CPR):    0.513ns

    Location             Delay type                Incr(ns)  Path(ns)    Netlist Resource(s)
  -------------------------------------------------------------------    -------------------
                         (clock sys_clk_pin rise edge)
                                                      0.000     0.000 r  
    W5                                                0.000     0.000 r  clk (IN)
                         net (fo=0)                   0.000     0.000    clk
    W5                   IBUF (Prop_ibuf_I_O)         0.226     0.226 r  clk_IBUF_inst/O
                         net (fo=1, routed)           0.631     0.858    clk_IBUF
    BUFGCTRL_X0Y0        BUFG (Prop_bufg_I_O)         0.026     0.884 r  clk_IBUF_BUFG_inst/O
                         net (fo=32, routed)          0.563     1.446    clk_IBUF_BUFG
    SLICE_X8Y12          FDRE                                         r  scan_count_reg[0]/C
  -------------------------------------------------------------------    -------------------
    SLICE_X8Y12          FDRE (Prop_fdre_C_Q)         0.164     1.610 f  scan_count_reg[0]/Q
                         net (fo=1, routed)           0.163     1.773    scan_count_reg_n_0_[0]
    SLICE_X8Y12          LUT1 (Prop_lut1_I0_O)        0.045     1.818 r  scan_count[0]_i_2/O
                         net (fo=1, routed)           0.000     1.818    scan_count[0]_i_2_n_0
    SLICE_X8Y12          CARRY4 (Prop_carry4_S[0]_O[0])
                                                      0.070     1.888 r  scan_count_reg[0]_i_1/O[0]
                         net (fo=1, routed)           0.000     1.888    scan_count_reg[0]_i_1_n_7
    SLICE_X8Y12          FDRE                                         r  scan_count_reg[0]/D
  -------------------------------------------------------------------    -------------------

                         (clock sys_clk_pin rise edge)
                                                      0.000     0.000 r  
    W5                                                0.000     0.000 r  clk (IN)
                         net (fo=0)                   0.000     0.000    clk
    W5                   IBUF (Prop_ibuf_I_O)         0.414     0.414 r  clk_IBUF_inst/O
                         net (fo=1, routed)           0.685     1.099    clk_IBUF
    BUFGCTRL_X0Y0        BUFG (Prop_bufg_I_O)         0.029     1.128 r  clk_IBUF_BUFG_inst/O
                         net (fo=32, routed)          0.832     1.959    clk_IBUF_BUFG
    SLICE_X8Y12          FDRE                                         r  scan_count_reg[0]/C
                         clock pessimism             -0.513     1.446    
    SLICE_X8Y12          FDRE (Hold_fdre_C_D)         0.134     1.580    scan_count_reg[0]
  -------------------------------------------------------------------
                         required time                         -1.580    
                         arrival time                           1.888    
  -------------------------------------------------------------------
                         slack                                  0.308    

Slack (MET) :             0.312ns  (arrival time - required time)
  Source:                 scan_count_reg[11]/C
                            (rising edge-triggered cell FDRE clocked by sys_clk_pin  {rise@0.000ns fall@5.000ns period=10.000ns})
  Destination:            scan_count_reg[11]/D
                            (rising edge-triggered cell FDRE clocked by sys_clk_pin  {rise@0.000ns fall@5.000ns period=10.000ns})
  Path Group:             sys_clk_pin
  Path Type:              Hold (Min at Fast Process Corner)
  Requirement:            0.000ns  (sys_clk_pin rise@0.000ns - sys_clk_pin rise@0.000ns)
  Data Path Delay:        0.446ns  (logic 0.273ns (61.259%)  route 0.173ns (38.741%))
  Logic Levels:           1  (CARRY4=1)
  Clock Path Skew:        0.000ns (DCD - SCD - CPR)
    Destination Clock Delay (DCD):    1.958ns
    Source Clock Delay      (SCD):    1.445ns
    Clock Pessimism Removal (CPR):    0.513ns

    Location             Delay type                Incr(ns)  Path(ns)    Netlist Resource(s)
  -------------------------------------------------------------------    -------------------
                         (clock sys_clk_pin rise edge)
                                                      0.000     0.000 r  
    W5                                                0.000     0.000 r  clk (IN)
                         net (fo=0)                   0.000     0.000    clk
    W5                   IBUF (Prop_ibuf_I_O)         0.226     0.226 r  clk_IBUF_inst/O
                         net (fo=1, routed)           0.631     0.858    clk_IBUF
    BUFGCTRL_X0Y0        BUFG (Prop_bufg_I_O)         0.026     0.884 r  clk_IBUF_BUFG_inst/O
                         net (fo=32, routed)          0.562     1.445    clk_IBUF_BUFG
    SLICE_X8Y14          FDRE                                         r  scan_count_reg[11]/C
  -------------------------------------------------------------------    -------------------
    SLICE_X8Y14          FDRE (Prop_fdre_C_Q)         0.164     1.609 r  scan_count_reg[11]/Q
                         net (fo=1, routed)           0.173     1.782    scan_count_reg_n_0_[11]
    SLICE_X8Y14          CARRY4 (Prop_carry4_S[3]_O[3])
                                                      0.109     1.891 r  scan_count_reg[8]_i_1/O[3]
                         net (fo=1, routed)           0.000     1.891    scan_count_reg[8]_i_1_n_4
    SLICE_X8Y14          FDRE                                         r  scan_count_reg[11]/D
  -------------------------------------------------------------------    -------------------

                         (clock sys_clk_pin rise edge)
                                                      0.000     0.000 r  
    W5                                                0.000     0.000 r  clk (IN)
                         net (fo=0)                   0.000     0.000    clk
    W5                   IBUF (Prop_ibuf_I_O)         0.414     0.414 r  clk_IBUF_inst/O
                         net (fo=1, routed)           0.685     1.099    clk_IBUF
    BUFGCTRL_X0Y0        BUFG (Prop_bufg_I_O)         0.029     1.128 r  clk_IBUF_BUFG_inst/O
                         net (fo=32, routed)          0.831     1.958    clk_IBUF_BUFG
    SLICE_X8Y14          FDRE                                         r  scan_count_reg[11]/C
                         clock pessimism             -0.513     1.445    
    SLICE_X8Y14          FDRE (Hold_fdre_C_D)         0.134     1.579    scan_count_reg[11]
  -------------------------------------------------------------------
                         required time                         -1.579    
                         arrival time                           1.891    
  -------------------------------------------------------------------
                         slack                                  0.312    

Slack (MET) :             0.312ns  (arrival time - required time)
  Source:                 scan_count_reg[3]/C
                            (rising edge-triggered cell FDRE clocked by sys_clk_pin  {rise@0.000ns fall@5.000ns period=10.000ns})
  Destination:            scan_count_reg[3]/D
                            (rising edge-triggered cell FDRE clocked by sys_clk_pin  {rise@0.000ns fall@5.000ns period=10.000ns})
  Path Group:             sys_clk_pin
  Path Type:              Hold (Min at Fast Process Corner)
  Requirement:            0.000ns  (sys_clk_pin rise@0.000ns - sys_clk_pin rise@0.000ns)
  Data Path Delay:        0.446ns  (logic 0.273ns (61.259%)  route 0.173ns (38.741%))
  Logic Levels:           1  (CARRY4=1)
  Clock Path Skew:        0.000ns (DCD - SCD - CPR)
    Destination Clock Delay (DCD):    1.959ns
    Source Clock Delay      (SCD):    1.446ns
    Clock Pessimism Removal (CPR):    0.513ns

    Location             Delay type                Incr(ns)  Path(ns)    Netlist Resource(s)
  -------------------------------------------------------------------    -------------------
                         (clock sys_clk_pin rise edge)
                                                      0.000     0.000 r  
    W5                                                0.000     0.000 r  clk (IN)
                         net (fo=0)                   0.000     0.000    clk
    W5                   IBUF (Prop_ibuf_I_O)         0.226     0.226 r  clk_IBUF_inst/O
                         net (fo=1, routed)           0.631     0.858    clk_IBUF
    BUFGCTRL_X0Y0        BUFG (Prop_bufg_I_O)         0.026     0.884 r  clk_IBUF_BUFG_inst/O
                         net (fo=32, routed)          0.563     1.446    clk_IBUF_BUFG
    SLICE_X8Y12          FDRE                                         r  scan_count_reg[3]/C
  -------------------------------------------------------------------    -------------------
    SLICE_X8Y12          FDRE (Prop_fdre_C_Q)         0.164     1.610 r  scan_count_reg[3]/Q
                         net (fo=1, routed)           0.173     1.783    scan_count_reg_n_0_[3]
    SLICE_X8Y12          CARRY4 (Prop_carry4_S[3]_O[3])
                                                      0.109     1.892 r  scan_count_reg[0]_i_1/O[3]
                         net (fo=1, routed)           0.000     1.892    scan_count_reg[0]_i_1_n_4
    SLICE_X8Y12          FDRE                                         r  scan_count_reg[3]/D
  -------------------------------------------------------------------    -------------------

                         (clock sys_clk_pin rise edge)
                                                      0.000     0.000 r  
    W5                                                0.000     0.000 r  clk (IN)
                         net (fo=0)                   0.000     0.000    clk
    W5                   IBUF (Prop_ibuf_I_O)         0.414     0.414 r  clk_IBUF_inst/O
                         net (fo=1, routed)           0.685     1.099    clk_IBUF
    BUFGCTRL_X0Y0        BUFG (Prop_bufg_I_O)         0.029     1.128 r  clk_IBUF_BUFG_inst/O
                         net (fo=32, routed)          0.832     1.959    clk_IBUF_BUFG
    SLICE_X8Y12          FDRE                                         r  scan_count_reg[3]/C
                         clock pessimism             -0.513     1.446    
    SLICE_X8Y12          FDRE (Hold_fdre_C_D)         0.134     1.580    scan_count_reg[3]
  -------------------------------------------------------------------
                         required time                         -1.580    
                         arrival time                           1.892    
  -------------------------------------------------------------------
                         slack                                  0.312    

Slack (MET) :             0.315ns  (arrival time - required time)
  Source:                 scan_count_reg[4]/C
                            (rising edge-triggered cell FDRE clocked by sys_clk_pin  {rise@0.000ns fall@5.000ns period=10.000ns})
  Destination:            scan_count_reg[4]/D
                            (rising edge-triggered cell FDRE clocked by sys_clk_pin  {rise@0.000ns fall@5.000ns period=10.000ns})
  Path Group:             sys_clk_pin
  Path Type:              Hold (Min at Fast Process Corner)
  Requirement:            0.000ns  (sys_clk_pin rise@0.000ns - sys_clk_pin rise@0.000ns)
  Data Path Delay:        0.449ns  (logic 0.279ns (62.071%)  route 0.170ns (37.929%))
  Logic Levels:           1  (CARRY4=1)
  Clock Path Skew:        0.000ns (DCD - SCD - CPR)
    Destination Clock Delay (DCD):    1.958ns
    Source Clock Delay      (SCD):    1.445ns
    Clock Pessimism Removal (CPR):    0.513ns

    Location             Delay type                Incr(ns)  Path(ns)    Netlist Resource(s)
  -------------------------------------------------------------------    -------------------
                         (clock sys_clk_pin rise edge)
                                                      0.000     0.000 r  
    W5                                                0.000     0.000 r  clk (IN)
                         net (fo=0)                   0.000     0.000    clk
    W5                   IBUF (Prop_ibuf_I_O)         0.226     0.226 r  clk_IBUF_inst/O
                         net (fo=1, routed)           0.631     0.858    clk_IBUF
    BUFGCTRL_X0Y0        BUFG (Prop_bufg_I_O)         0.026     0.884 r  clk_IBUF_BUFG_inst/O
                         net (fo=32, routed)          0.562     1.445    clk_IBUF_BUFG
    SLICE_X8Y13          FDRE                                         r  scan_count_reg[4]/C
  -------------------------------------------------------------------    -------------------
    SLICE_X8Y13          FDRE (Prop_fdre_C_Q)         0.164     1.609 r  scan_count_reg[4]/Q
                         net (fo=1, routed)           0.170     1.780    scan_count_reg_n_0_[4]
    SLICE_X8Y13          CARRY4 (Prop_carry4_S[0]_O[0])
                                                      0.115     1.895 r  scan_count_reg[4]_i_1/O[0]
                         net (fo=1, routed)           0.000     1.895    scan_count_reg[4]_i_1_n_7
    SLICE_X8Y13          FDRE                                         r  scan_count_reg[4]/D
  -------------------------------------------------------------------    -------------------

                         (clock sys_clk_pin rise edge)
                                                      0.000     0.000 r  
    W5                                                0.000     0.000 r  clk (IN)
                         net (fo=0)                   0.000     0.000    clk
    W5                   IBUF (Prop_ibuf_I_O)         0.414     0.414 r  clk_IBUF_inst/O
                         net (fo=1, routed)           0.685     1.099    clk_IBUF
    BUFGCTRL_X0Y0        BUFG (Prop_bufg_I_O)         0.029     1.128 r  clk_IBUF_BUFG_inst/O
                         net (fo=32, routed)          0.831     1.958    clk_IBUF_BUFG
    SLICE_X8Y13          FDRE                                         r  scan_count_reg[4]/C
                         clock pessimism             -0.513     1.445    
    SLICE_X8Y13          FDRE (Hold_fdre_C_D)         0.134     1.579    scan_count_reg[4]
  -------------------------------------------------------------------
                         required time                         -1.579    
                         arrival time                           1.895    
  -------------------------------------------------------------------
                         slack                                  0.315    

Slack (MET) :             0.324ns  (arrival time - required time)
  Source:                 scan_count_reg[15]/C
                            (rising edge-triggered cell FDRE clocked by sys_clk_pin  {rise@0.000ns fall@5.000ns period=10.000ns})
  Destination:            scan_count_reg[15]/D
                            (rising edge-triggered cell FDRE clocked by sys_clk_pin  {rise@0.000ns fall@5.000ns period=10.000ns})
  Path Group:             sys_clk_pin
  Path Type:              Hold (Min at Fast Process Corner)
  Requirement:            0.000ns  (sys_clk_pin rise@0.000ns - sys_clk_pin rise@0.000ns)
  Data Path Delay:        0.458ns  (logic 0.273ns (59.627%)  route 0.185ns (40.373%))
  Logic Levels:           1  (CARRY4=1)
  Clock Path Skew:        0.000ns (DCD - SCD - CPR)
    Destination Clock Delay (DCD):    1.957ns
    Source Clock Delay      (SCD):    1.445ns
    Clock Pessimism Removal (CPR):    0.512ns

    Location             Delay type                Incr(ns)  Path(ns)    Netlist Resource(s)
  -------------------------------------------------------------------    -------------------
                         (clock sys_clk_pin rise edge)
                                                      0.000     0.000 r  
    W5                                                0.000     0.000 r  clk (IN)
                         net (fo=0)                   0.000     0.000    clk
    W5                   IBUF (Prop_ibuf_I_O)         0.226     0.226 r  clk_IBUF_inst/O
                         net (fo=1, routed)           0.631     0.858    clk_IBUF
    BUFGCTRL_X0Y0        BUFG (Prop_bufg_I_O)         0.026     0.884 r  clk_IBUF_BUFG_inst/O
                         net (fo=32, routed)          0.562     1.445    clk_IBUF_BUFG
    SLICE_X8Y15          FDRE                                         r  scan_count_reg[15]/C
  -------------------------------------------------------------------    -------------------
    SLICE_X8Y15          FDRE (Prop_fdre_C_Q)         0.164     1.609 r  scan_count_reg[15]/Q
                         net (fo=13, routed)          0.185     1.794    sel[1]
    SLICE_X8Y15          CARRY4 (Prop_carry4_S[3]_O[3])
                                                      0.109     1.903 r  scan_count_reg[12]_i_1/O[3]
                         net (fo=1, routed)           0.000     1.903    scan_count_reg[12]_i_1_n_4
    SLICE_X8Y15          FDRE                                         r  scan_count_reg[15]/D
  -------------------------------------------------------------------    -------------------

                         (clock sys_clk_pin rise edge)
                                                      0.000     0.000 r  
    W5                                                0.000     0.000 r  clk (IN)
                         net (fo=0)                   0.000     0.000    clk
    W5                   IBUF (Prop_ibuf_I_O)         0.414     0.414 r  clk_IBUF_inst/O
                         net (fo=1, routed)           0.685     1.099    clk_IBUF
    BUFGCTRL_X0Y0        BUFG (Prop_bufg_I_O)         0.029     1.128 r  clk_IBUF_BUFG_inst/O
                         net (fo=32, routed)          0.830     1.957    clk_IBUF_BUFG
    SLICE_X8Y15          FDRE                                         r  scan_count_reg[15]/C
                         clock pessimism             -0.512     1.445    
    SLICE_X8Y15          FDRE (Hold_fdre_C_D)         0.134     1.579    scan_count_reg[15]
  -------------------------------------------------------------------
                         required time                         -1.579    
                         arrival time                           1.903    
  -------------------------------------------------------------------
                         slack                                  0.324    

Slack (MET) :             0.338ns  (arrival time - required time)
  Source:                 scan_count_reg[7]/C
                            (rising edge-triggered cell FDRE clocked by sys_clk_pin  {rise@0.000ns fall@5.000ns period=10.000ns})
  Destination:            scan_count_reg[7]/D
                            (rising edge-triggered cell FDRE clocked by sys_clk_pin  {rise@0.000ns fall@5.000ns period=10.000ns})
  Path Group:             sys_clk_pin
  Path Type:              Hold (Min at Fast Process Corner)
  Requirement:            0.000ns  (sys_clk_pin rise@0.000ns - sys_clk_pin rise@0.000ns)
  Data Path Delay:        0.472ns  (logic 0.273ns (57.848%)  route 0.199ns (42.152%))
  Logic Levels:           1  (CARRY4=1)
  Clock Path Skew:        0.000ns (DCD - SCD - CPR)
    Destination Clock Delay (DCD):    1.958ns
    Source Clock Delay      (SCD):    1.445ns
    Clock Pessimism Removal (CPR):    0.513ns

    Location             Delay type                Incr(ns)  Path(ns)    Netlist Resource(s)
  -------------------------------------------------------------------    -------------------
                         (clock sys_clk_pin rise edge)
                                                      0.000     0.000 r  
    W5                                                0.000     0.000 r  clk (IN)
                         net (fo=0)                   0.000     0.000    clk
    W5                   IBUF (Prop_ibuf_I_O)         0.226     0.226 r  clk_IBUF_inst/O
                         net (fo=1, routed)           0.631     0.858    clk_IBUF
    BUFGCTRL_X0Y0        BUFG (Prop_bufg_I_O)         0.026     0.884 r  clk_IBUF_BUFG_inst/O
                         net (fo=32, routed)          0.562     1.445    clk_IBUF_BUFG
    SLICE_X8Y13          FDRE                                         r  scan_count_reg[7]/C
  -------------------------------------------------------------------    -------------------
    SLICE_X8Y13          FDRE (Prop_fdre_C_Q)         0.164     1.609 r  scan_count_reg[7]/Q
                         net (fo=1, routed)           0.199     1.808    scan_count_reg_n_0_[7]
    SLICE_X8Y13          CARRY4 (Prop_carry4_S[3]_O[3])
                                                      0.109     1.917 r  scan_count_reg[4]_i_1/O[3]
                         net (fo=1, routed)           0.000     1.917    scan_count_reg[4]_i_1_n_4
    SLICE_X8Y13          FDRE                                         r  scan_count_reg[7]/D
  -------------------------------------------------------------------    -------------------

                         (clock sys_clk_pin rise edge)
                                                      0.000     0.000 r  
    W5                                                0.000     0.000 r  clk (IN)
                         net (fo=0)                   0.000     0.000    clk
    W5                   IBUF (Prop_ibuf_I_O)         0.414     0.414 r  clk_IBUF_inst/O
                         net (fo=1, routed)           0.685     1.099    clk_IBUF
    BUFGCTRL_X0Y0        BUFG (Prop_bufg_I_O)         0.029     1.128 r  clk_IBUF_BUFG_inst/O
                         net (fo=32, routed)          0.831     1.958    clk_IBUF_BUFG
    SLICE_X8Y13          FDRE                                         r  scan_count_reg[7]/C
                         clock pessimism             -0.513     1.445    
    SLICE_X8Y13          FDRE (Hold_fdre_C_D)         0.134     1.579    scan_count_reg[7]
  -------------------------------------------------------------------
                         required time                         -1.579    
                         arrival time                           1.917    
  -------------------------------------------------------------------
                         slack                                  0.338    

Slack (MET) :             0.343ns  (arrival time - required time)
  Source:                 scan_count_reg[0]/C
                            (rising edge-triggered cell FDRE clocked by sys_clk_pin  {rise@0.000ns fall@5.000ns period=10.000ns})
  Destination:            scan_count_reg[1]/D
                            (rising edge-triggered cell FDRE clocked by sys_clk_pin  {rise@0.000ns fall@5.000ns period=10.000ns})
  Path Group:             sys_clk_pin
  Path Type:              Hold (Min at Fast Process Corner)
  Requirement:            0.000ns  (sys_clk_pin rise@0.000ns - sys_clk_pin rise@0.000ns)
  Data Path Delay:        0.477ns  (logic 0.314ns (65.814%)  route 0.163ns (34.186%))
  Logic Levels:           2  (CARRY4=1 LUT1=1)
  Clock Path Skew:        0.000ns (DCD - SCD - CPR)
    Destination Clock Delay (DCD):    1.959ns
    Source Clock Delay      (SCD):    1.446ns
    Clock Pessimism Removal (CPR):    0.513ns

    Location             Delay type                Incr(ns)  Path(ns)    Netlist Resource(s)
  -------------------------------------------------------------------    -------------------
                         (clock sys_clk_pin rise edge)
                                                      0.000     0.000 r  
    W5                                                0.000     0.000 r  clk (IN)
                         net (fo=0)                   0.000     0.000    clk
    W5                   IBUF (Prop_ibuf_I_O)         0.226     0.226 r  clk_IBUF_inst/O
                         net (fo=1, routed)           0.631     0.858    clk_IBUF
    BUFGCTRL_X0Y0        BUFG (Prop_bufg_I_O)         0.026     0.884 r  clk_IBUF_BUFG_inst/O
                         net (fo=32, routed)          0.563     1.446    clk_IBUF_BUFG
    SLICE_X8Y12          FDRE                                         r  scan_count_reg[0]/C
  -------------------------------------------------------------------    -------------------
    SLICE_X8Y12          FDRE (Prop_fdre_C_Q)         0.164     1.610 f  scan_count_reg[0]/Q
                         net (fo=1, routed)           0.163     1.773    scan_count_reg_n_0_[0]
    SLICE_X8Y12          LUT1 (Prop_lut1_I0_O)        0.045     1.818 r  scan_count[0]_i_2/O
                         net (fo=1, routed)           0.000     1.818    scan_count[0]_i_2_n_0
    SLICE_X8Y12          CARRY4 (Prop_carry4_S[0]_O[1])
                                                      0.105     1.923 r  scan_count_reg[0]_i_1/O[1]
                         net (fo=1, routed)           0.000     1.923    scan_count_reg[0]_i_1_n_6
    SLICE_X8Y12          FDRE                                         r  scan_count_reg[1]/D
  -------------------------------------------------------------------    -------------------

                         (clock sys_clk_pin rise edge)
                                                      0.000     0.000 r  
    W5                                                0.000     0.000 r  clk (IN)
                         net (fo=0)                   0.000     0.000    clk
    W5                   IBUF (Prop_ibuf_I_O)         0.414     0.414 r  clk_IBUF_inst/O
                         net (fo=1, routed)           0.685     1.099    clk_IBUF
    BUFGCTRL_X0Y0        BUFG (Prop_bufg_I_O)         0.029     1.128 r  clk_IBUF_BUFG_inst/O
                         net (fo=32, routed)          0.832     1.959    clk_IBUF_BUFG
    SLICE_X8Y12          FDRE                                         r  scan_count_reg[1]/C
                         clock pessimism             -0.513     1.446    
    SLICE_X8Y12          FDRE (Hold_fdre_C_D)         0.134     1.580    scan_count_reg[1]
  -------------------------------------------------------------------
                         required time                         -1.580    
                         arrival time                           1.923    
  -------------------------------------------------------------------
                         slack                                  0.343    

Slack (MET) :             0.344ns  (arrival time - required time)
  Source:                 scan_count_reg[12]/C
                            (rising edge-triggered cell FDRE clocked by sys_clk_pin  {rise@0.000ns fall@5.000ns period=10.000ns})
  Destination:            scan_count_reg[12]/D
                            (rising edge-triggered cell FDRE clocked by sys_clk_pin  {rise@0.000ns fall@5.000ns period=10.000ns})
  Path Group:             sys_clk_pin
  Path Type:              Hold (Min at Fast Process Corner)
  Requirement:            0.000ns  (sys_clk_pin rise@0.000ns - sys_clk_pin rise@0.000ns)
  Data Path Delay:        0.478ns  (logic 0.279ns (58.377%)  route 0.199ns (41.623%))
  Logic Levels:           1  (CARRY4=1)
  Clock Path Skew:        0.000ns (DCD - SCD - CPR)
    Destination Clock Delay (DCD):    1.957ns
    Source Clock Delay      (SCD):    1.445ns
    Clock Pessimism Removal (CPR):    0.512ns

    Location             Delay type                Incr(ns)  Path(ns)    Netlist Resource(s)
  -------------------------------------------------------------------    -------------------
                         (clock sys_clk_pin rise edge)
                                                      0.000     0.000 r  
    W5                                                0.000     0.000 r  clk (IN)
                         net (fo=0)                   0.000     0.000    clk
    W5                   IBUF (Prop_ibuf_I_O)         0.226     0.226 r  clk_IBUF_inst/O
                         net (fo=1, routed)           0.631     0.858    clk_IBUF
    BUFGCTRL_X0Y0        BUFG (Prop_bufg_I_O)         0.026     0.884 r  clk_IBUF_BUFG_inst/O
                         net (fo=32, routed)          0.562     1.445    clk_IBUF_BUFG
    SLICE_X8Y15          FDRE                                         r  scan_count_reg[12]/C
  -------------------------------------------------------------------    -------------------
    SLICE_X8Y15          FDRE (Prop_fdre_C_Q)         0.164     1.609 r  scan_count_reg[12]/Q
                         net (fo=1, routed)           0.199     1.808    scan_count_reg_n_0_[12]
    SLICE_X8Y15          CARRY4 (Prop_carry4_S[0]_O[0])
                                                      0.115     1.923 r  scan_count_reg[12]_i_1/O[0]
                         net (fo=1, routed)           0.000     1.923    scan_count_reg[12]_i_1_n_7
    SLICE_X8Y15          FDRE                                         r  scan_count_reg[12]/D
  -------------------------------------------------------------------    -------------------

                         (clock sys_clk_pin rise edge)
                                                      0.000     0.000 r  
    W5                                                0.000     0.000 r  clk (IN)
                         net (fo=0)                   0.000     0.000    clk
    W5                   IBUF (Prop_ibuf_I_O)         0.414     0.414 r  clk_IBUF_inst/O
                         net (fo=1, routed)           0.685     1.099    clk_IBUF
    BUFGCTRL_X0Y0        BUFG (Prop_bufg_I_O)         0.029     1.128 r  clk_IBUF_BUFG_inst/O
                         net (fo=32, routed)          0.830     1.957    clk_IBUF_BUFG
    SLICE_X8Y15          FDRE                                         r  scan_count_reg[12]/C
                         clock pessimism             -0.512     1.445    
    SLICE_X8Y15          FDRE (Hold_fdre_C_D)         0.134     1.579    scan_count_reg[12]
  -------------------------------------------------------------------
                         required time                         -1.579    
                         arrival time                           1.923    
  -------------------------------------------------------------------
                         slack                                  0.344    

Slack (MET) :             0.344ns  (arrival time - required time)
  Source:                 scan_count_reg[8]/C
                            (rising edge-triggered cell FDRE clocked by sys_clk_pin  {rise@0.000ns fall@5.000ns period=10.000ns})
  Destination:            scan_count_reg[8]/D
                            (rising edge-triggered cell FDRE clocked by sys_clk_pin  {rise@0.000ns fall@5.000ns period=10.000ns})
  Path Group:             sys_clk_pin
  Path Type:              Hold (Min at Fast Process Corner)
  Requirement:            0.000ns  (sys_clk_pin rise@0.000ns - sys_clk_pin rise@0.000ns)
  Data Path Delay:        0.478ns  (logic 0.279ns (58.377%)  route 0.199ns (41.623%))
  Logic Levels:           1  (CARRY4=1)
  Clock Path Skew:        0.000ns (DCD - SCD - CPR)
    Destination Clock Delay (DCD):    1.958ns
    Source Clock Delay      (SCD):    1.445ns
    Clock Pessimism Removal (CPR):    0.513ns

    Location             Delay type                Incr(ns)  Path(ns)    Netlist Resource(s)
  -------------------------------------------------------------------    -------------------
                         (clock sys_clk_pin rise edge)
                                                      0.000     0.000 r  
    W5                                                0.000     0.000 r  clk (IN)
                         net (fo=0)                   0.000     0.000    clk
    W5                   IBUF (Prop_ibuf_I_O)         0.226     0.226 r  clk_IBUF_inst/O
                         net (fo=1, routed)           0.631     0.858    clk_IBUF
    BUFGCTRL_X0Y0        BUFG (Prop_bufg_I_O)         0.026     0.884 r  clk_IBUF_BUFG_inst/O
                         net (fo=32, routed)          0.562     1.445    clk_IBUF_BUFG
    SLICE_X8Y14          FDRE                                         r  scan_count_reg[8]/C
  -------------------------------------------------------------------    -------------------
    SLICE_X8Y14          FDRE (Prop_fdre_C_Q)         0.164     1.609 r  scan_count_reg[8]/Q
                         net (fo=1, routed)           0.199     1.808    scan_count_reg_n_0_[8]
    SLICE_X8Y14          CARRY4 (Prop_carry4_S[0]_O[0])
                                                      0.115     1.923 r  scan_count_reg[8]_i_1/O[0]
                         net (fo=1, routed)           0.000     1.923    scan_count_reg[8]_i_1_n_7
    SLICE_X8Y14          FDRE                                         r  scan_count_reg[8]/D
  -------------------------------------------------------------------    -------------------

                         (clock sys_clk_pin rise edge)
                                                      0.000     0.000 r  
    W5                                                0.000     0.000 r  clk (IN)
                         net (fo=0)                   0.000     0.000    clk
    W5                   IBUF (Prop_ibuf_I_O)         0.414     0.414 r  clk_IBUF_inst/O
                         net (fo=1, routed)           0.685     1.099    clk_IBUF
    BUFGCTRL_X0Y0        BUFG (Prop_bufg_I_O)         0.029     1.128 r  clk_IBUF_BUFG_inst/O
                         net (fo=32, routed)          0.831     1.958    clk_IBUF_BUFG
    SLICE_X8Y14          FDRE                                         r  scan_count_reg[8]/C
                         clock pessimism             -0.513     1.445    
    SLICE_X8Y14          FDRE (Hold_fdre_C_D)         0.134     1.579    scan_count_reg[8]
  -------------------------------------------------------------------
                         required time                         -1.579    
                         arrival time                           1.923    
  -------------------------------------------------------------------
                         slack                                  0.344    

Slack (MET) :             0.350ns  (arrival time - required time)
  Source:                 scan_count_reg[4]/C
                            (rising edge-triggered cell FDRE clocked by sys_clk_pin  {rise@0.000ns fall@5.000ns period=10.000ns})
  Destination:            scan_count_reg[5]/D
                            (rising edge-triggered cell FDRE clocked by sys_clk_pin  {rise@0.000ns fall@5.000ns period=10.000ns})
  Path Group:             sys_clk_pin
  Path Type:              Hold (Min at Fast Process Corner)
  Requirement:            0.000ns  (sys_clk_pin rise@0.000ns - sys_clk_pin rise@0.000ns)
  Data Path Delay:        0.484ns  (logic 0.314ns (64.811%)  route 0.170ns (35.189%))
  Logic Levels:           1  (CARRY4=1)
  Clock Path Skew:        0.000ns (DCD - SCD - CPR)
    Destination Clock Delay (DCD):    1.958ns
    Source Clock Delay      (SCD):    1.445ns
    Clock Pessimism Removal (CPR):    0.513ns

    Location             Delay type                Incr(ns)  Path(ns)    Netlist Resource(s)
  -------------------------------------------------------------------    -------------------
                         (clock sys_clk_pin rise edge)
                                                      0.000     0.000 r  
    W5                                                0.000     0.000 r  clk (IN)
                         net (fo=0)                   0.000     0.000    clk
    W5                   IBUF (Prop_ibuf_I_O)         0.226     0.226 r  clk_IBUF_inst/O
                         net (fo=1, routed)           0.631     0.858    clk_IBUF
    BUFGCTRL_X0Y0        BUFG (Prop_bufg_I_O)         0.026     0.884 r  clk_IBUF_BUFG_inst/O
                         net (fo=32, routed)          0.562     1.445    clk_IBUF_BUFG
    SLICE_X8Y13          FDRE                                         r  scan_count_reg[4]/C
  -------------------------------------------------------------------    -------------------
    SLICE_X8Y13          FDRE (Prop_fdre_C_Q)         0.164     1.609 r  scan_count_reg[4]/Q
                         net (fo=1, routed)           0.170     1.780    scan_count_reg_n_0_[4]
    SLICE_X8Y13          CARRY4 (Prop_carry4_S[0]_O[1])
                                                      0.150     1.930 r  scan_count_reg[4]_i_1/O[1]
                         net (fo=1, routed)           0.000     1.930    scan_count_reg[4]_i_1_n_6
    SLICE_X8Y13          FDRE                                         r  scan_count_reg[5]/D
  -------------------------------------------------------------------    -------------------

                         (clock sys_clk_pin rise edge)
                                                      0.000     0.000 r  
    W5                                                0.000     0.000 r  clk (IN)
                         net (fo=0)                   0.000     0.000    clk
    W5                   IBUF (Prop_ibuf_I_O)         0.414     0.414 r  clk_IBUF_inst/O
                         net (fo=1, routed)           0.685     1.099    clk_IBUF
    BUFGCTRL_X0Y0        BUFG (Prop_bufg_I_O)         0.029     1.128 r  clk_IBUF_BUFG_inst/O
                         net (fo=32, routed)          0.831     1.958    clk_IBUF_BUFG
    SLICE_X8Y13          FDRE                                         r  scan_count_reg[5]/C
                         clock pessimism             -0.513     1.445    
    SLICE_X8Y13          FDRE (Hold_fdre_C_D)         0.134     1.579    scan_count_reg[5]
  -------------------------------------------------------------------
                         required time                         -1.579    
                         arrival time                           1.930    
  -------------------------------------------------------------------
                         slack                                  0.350    





Pulse Width Checks
--------------------------------------------------------------------------------------
Clock Name:         sys_clk_pin
Waveform(ns):       { 0.000 5.000 }
Period(ns):         10.000
Sources:            { clk }

Check Type        Corner  Lib Pin  Reference Pin  Required(ns)  Actual(ns)  Slack(ns)  Location       Pin
Min Period        n/a     BUFG/I   n/a            2.155         10.000      7.845      BUFGCTRL_X0Y0  clk_IBUF_BUFG_inst/I
Min Period        n/a     FDRE/C   n/a            1.000         10.000      9.000      SLICE_X0Y15    op1_reg[0]/C
Min Period        n/a     FDRE/C   n/a            1.000         10.000      9.000      SLICE_X0Y15    op1_reg[1]/C
Min Period        n/a     FDRE/C   n/a            1.000         10.000      9.000      SLICE_X0Y15    op1_reg[2]/C
Min Period        n/a     FDRE/C   n/a            1.000         10.000      9.000      SLICE_X0Y15    op1_reg[3]/C
Min Period        n/a     FDRE/C   n/a            1.000         10.000      9.000      SLICE_X1Y15    op1_reg[4]/C
Min Period        n/a     FDRE/C   n/a            1.000         10.000      9.000      SLICE_X1Y15    op1_reg[5]/C
Min Period        n/a     FDRE/C   n/a            1.000         10.000      9.000      SLICE_X1Y15    op1_reg[6]/C
Min Period        n/a     FDRE/C   n/a            1.000         10.000      9.000      SLICE_X1Y16    op1_reg[7]/C
Min Period        n/a     FDRE/C   n/a            1.000         10.000      9.000      SLICE_X0Y14    op2_reg[0]/C
Low Pulse Width   Slow    FDRE/C   n/a            0.500         5.000       4.500      SLICE_X0Y15    op1_reg[0]/C
Low Pulse Width   Fast    FDRE/C   n/a            0.500         5.000       4.500      SLICE_X0Y15    op1_reg[0]/C
Low Pulse Width   Slow    FDRE/C   n/a            0.500         5.000       4.500      SLICE_X0Y15    op1_reg[1]/C
Low Pulse Width   Fast    FDRE/C   n/a            0.500         5.000       4.500      SLICE_X0Y15    op1_reg[1]/C
Low Pulse Width   Slow    FDRE/C   n/a            0.500         5.000       4.500      SLICE_X0Y15    op1_reg[2]/C
Low Pulse Width   Fast    FDRE/C   n/a            0.500         5.000       4.500      SLICE_X0Y15    op1_reg[2]/C
Low Pulse Width   Slow    FDRE/C   n/a            0.500         5.000       4.500      SLICE_X0Y15    op1_reg[3]/C
Low Pulse Width   Fast    FDRE/C   n/a            0.500         5.000       4.500      SLICE_X0Y15    op1_reg[3]/C
Low Pulse Width   Slow    FDRE/C   n/a            0.500         5.000       4.500      SLICE_X1Y15    op1_reg[4]/C
Low Pulse Width   Fast    FDRE/C   n/a            0.500         5.000       4.500      SLICE_X1Y15    op1_reg[4]/C
High Pulse Width  Slow    FDRE/C   n/a            0.500         5.000       4.500      SLICE_X0Y15    op1_reg[0]/C
High Pulse Width  Fast    FDRE/C   n/a            0.500         5.000       4.500      SLICE_X0Y15    op1_reg[0]/C
High Pulse Width  Slow    FDRE/C   n/a            0.500         5.000       4.500      SLICE_X0Y15    op1_reg[1]/C
High Pulse Width  Fast    FDRE/C   n/a            0.500         5.000       4.500      SLICE_X0Y15    op1_reg[1]/C
High Pulse Width  Slow    FDRE/C   n/a            0.500         5.000       4.500      SLICE_X0Y15    op1_reg[2]/C
High Pulse Width  Fast    FDRE/C   n/a            0.500         5.000       4.500      SLICE_X0Y15    op1_reg[2]/C
High Pulse Width  Slow    FDRE/C   n/a            0.500         5.000       4.500      SLICE_X0Y15    op1_reg[3]/C
High Pulse Width  Fast    FDRE/C   n/a            0.500         5.000       4.500      SLICE_X0Y15    op1_reg[3]/C
High Pulse Width  Slow    FDRE/C   n/a            0.500         5.000       4.500      SLICE_X1Y15    op1_reg[4]/C
High Pulse Width  Fast    FDRE/C   n/a            0.500         5.000       4.500      SLICE_X1Y15    op1_reg[4]/C



--------------------------------------------------------------------------------------
Path Group:  (none)
From Clock:  
  To Clock:  

Max Delay             9 Endpoints
Min Delay             9 Endpoints
--------------------------------------------------------------------------------------


Max Delay Paths
--------------------------------------------------------------------------------------
Slack:                    inf
  Source:                 btn[2]
                            (input port)
  Destination:            seg[0]
                            (output port)
  Path Group:             (none)
  Path Type:              Max at Slow Process Corner
  Data Path Delay:        18.071ns  (logic 6.921ns (38.300%)  route 11.150ns (61.700%))
  Logic Levels:           11  (CARRY4=3 IBUF=1 LUT2=1 LUT3=1 LUT6=4 OBUF=1)

    Location             Delay type                Incr(ns)  Path(ns)    Netlist Resource(s)
  -------------------------------------------------------------------    -------------------
    U17                                               0.000     0.000 r  btn[2] (IN)
                         net (fo=0)                   0.000     0.000    btn[2]
    U17                  IBUF (Prop_ibuf_I_O)         1.452     1.452 r  btn_IBUF[2]_inst/O
                         net (fo=25, routed)          1.496     2.948    btn_IBUF[2]
    SLICE_X0Y15          LUT2 (Prop_lut2_I0_O)        0.124     3.072 r  seg_OBUF[6]_inst_i_39/O
                         net (fo=1, routed)           0.658     3.730    add_result1[0]
    SLICE_X1Y15          CARRY4 (Prop_carry4_CYINIT_CO[3])
                                                      0.580     4.310 r  seg_OBUF[6]_inst_i_25/CO[3]
                         net (fo=1, routed)           0.000     4.310    seg_OBUF[6]_inst_i_25_n_0
    SLICE_X1Y16          CARRY4 (Prop_carry4_CI_CO[3])
                                                      0.114     4.424 r  ovf_led_OBUF_inst_i_3/CO[3]
                         net (fo=1, routed)           0.000     4.424    ovf_led_OBUF_inst_i_3_n_0
    SLICE_X1Y17          CARRY4 (Prop_carry4_CI_CO[0])
                                                      0.271     4.695 f  ovf_led_OBUF_inst_i_2/CO[0]
                         net (fo=3, routed)           1.257     5.952    add_result[8]
    SLICE_X5Y15          LUT3 (Prop_lut3_I0_O)        0.373     6.325 r  seg_OBUF[4]_inst_i_8/O
                         net (fo=15, routed)          1.316     7.641    seg_OBUF[4]_inst_i_8_n_0
    SLICE_X5Y17          LUT6 (Prop_lut6_I1_O)        0.124     7.765 r  seg_OBUF[6]_inst_i_15/O
                         net (fo=4, routed)           0.865     8.630    seg_OBUF[6]_inst_i_15_n_0
    SLICE_X7Y16          LUT6 (Prop_lut6_I5_O)        0.124     8.754 r  seg_OBUF[6]_inst_i_23/O
                         net (fo=1, routed)           0.811     9.565    seg_OBUF[6]_inst_i_23_n_0
    SLICE_X7Y17          LUT6 (Prop_lut6_I2_O)        0.124     9.689 r  seg_OBUF[6]_inst_i_7/O
                         net (fo=4, routed)           1.315    11.004    seg_OBUF[6]_inst_i_7_n_0
    SLICE_X12Y17         LUT6 (Prop_lut6_I5_O)        0.124    11.128 r  seg_OBUF[0]_inst_i_1/O
                         net (fo=1, routed)           3.432    14.560    seg_OBUF[0]
    W7                   OBUF (Prop_obuf_I_O)         3.511    18.071 r  seg_OBUF[0]_inst/O
                         net (fo=0)                   0.000    18.071    seg[0]
    W7                                                                r  seg[0] (OUT)
  -------------------------------------------------------------------    -------------------

Slack:                    inf
  Source:                 btn[2]
                            (input port)
  Destination:            seg[3]
                            (output port)
  Path Group:             (none)
  Path Type:              Max at Slow Process Corner
  Data Path Delay:        17.848ns  (logic 6.946ns (38.917%)  route 10.902ns (61.083%))
  Logic Levels:           11  (CARRY4=3 IBUF=1 LUT2=1 LUT3=1 LUT6=4 OBUF=1)

    Location             Delay type                Incr(ns)  Path(ns)    Netlist Resource(s)
  -------------------------------------------------------------------    -------------------
    U17                                               0.000     0.000 r  btn[2] (IN)
                         net (fo=0)                   0.000     0.000    btn[2]
    U17                  IBUF (Prop_ibuf_I_O)         1.452     1.452 r  btn_IBUF[2]_inst/O
                         net (fo=25, routed)          1.496     2.948    btn_IBUF[2]
    SLICE_X0Y15          LUT2 (Prop_lut2_I0_O)        0.124     3.072 r  seg_OBUF[6]_inst_i_39/O
                         net (fo=1, routed)           0.658     3.730    add_result1[0]
    SLICE_X1Y15          CARRY4 (Prop_carry4_CYINIT_CO[3])
                                                      0.580     4.310 r  seg_OBUF[6]_inst_i_25/CO[3]
                         net (fo=1, routed)           0.000     4.310    seg_OBUF[6]_inst_i_25_n_0
    SLICE_X1Y16          CARRY4 (Prop_carry4_CI_CO[3])
                                                      0.114     4.424 r  ovf_led_OBUF_inst_i_3/CO[3]
                         net (fo=1, routed)           0.000     4.424    ovf_led_OBUF_inst_i_3_n_0
    SLICE_X1Y17          CARRY4 (Prop_carry4_CI_CO[0])
                                                      0.271     4.695 f  ovf_led_OBUF_inst_i_2/CO[0]
                         net (fo=3, routed)           1.257     5.952    add_result[8]
    SLICE_X5Y15          LUT3 (Prop_lut3_I0_O)        0.373     6.325 r  seg_OBUF[4]_inst_i_8/O
                         net (fo=15, routed)          1.316     7.641    seg_OBUF[4]_inst_i_8_n_0
    SLICE_X5Y17          LUT6 (Prop_lut6_I1_O)        0.124     7.765 r  seg_OBUF[6]_inst_i_15/O
                         net (fo=4, routed)           0.865     8.630    seg_OBUF[6]_inst_i_15_n_0
    SLICE_X7Y16          LUT6 (Prop_lut6_I5_O)        0.124     8.754 r  seg_OBUF[6]_inst_i_23/O
                         net (fo=1, routed)           0.811     9.565    seg_OBUF[6]_inst_i_23_n_0
    SLICE_X7Y17          LUT6 (Prop_lut6_I2_O)        0.124     9.689 f  seg_OBUF[6]_inst_i_7/O
                         net (fo=4, routed)           1.305    10.994    seg_OBUF[6]_inst_i_7_n_0
    SLICE_X12Y17         LUT6 (Prop_lut6_I4_O)        0.124    11.118 r  seg_OBUF[3]_inst_i_1/O
                         net (fo=1, routed)           3.194    14.312    seg_OBUF[3]
    V8                   OBUF (Prop_obuf_I_O)         3.536    17.848 r  seg_OBUF[3]_inst/O
                         net (fo=0)                   0.000    17.848    seg[3]
    V8                                                                r  seg[3] (OUT)
  -------------------------------------------------------------------    -------------------

Slack:                    inf
  Source:                 btn[2]
                            (input port)
  Destination:            seg[1]
                            (output port)
  Path Group:             (none)
  Path Type:              Max at Slow Process Corner
  Data Path Delay:        17.527ns  (logic 6.940ns (39.593%)  route 10.588ns (60.407%))
  Logic Levels:           11  (CARRY4=3 IBUF=1 LUT2=1 LUT3=1 LUT6=4 OBUF=1)

    Location             Delay type                Incr(ns)  Path(ns)    Netlist Resource(s)
  -------------------------------------------------------------------    -------------------
    U17                                               0.000     0.000 r  btn[2] (IN)
                         net (fo=0)                   0.000     0.000    btn[2]
    U17                  IBUF (Prop_ibuf_I_O)         1.452     1.452 r  btn_IBUF[2]_inst/O
                         net (fo=25, routed)          1.496     2.948    btn_IBUF[2]
    SLICE_X0Y15          LUT2 (Prop_lut2_I0_O)        0.124     3.072 r  seg_OBUF[6]_inst_i_39/O
                         net (fo=1, routed)           0.658     3.730    add_result1[0]
    SLICE_X1Y15          CARRY4 (Prop_carry4_CYINIT_CO[3])
                                                      0.580     4.310 r  seg_OBUF[6]_inst_i_25/CO[3]
                         net (fo=1, routed)           0.000     4.310    seg_OBUF[6]_inst_i_25_n_0
    SLICE_X1Y16          CARRY4 (Prop_carry4_CI_CO[3])
                                                      0.114     4.424 r  ovf_led_OBUF_inst_i_3/CO[3]
                         net (fo=1, routed)           0.000     4.424    ovf_led_OBUF_inst_i_3_n_0
    SLICE_X1Y17          CARRY4 (Prop_carry4_CI_CO[0])
                                                      0.271     4.695 f  ovf_led_OBUF_inst_i_2/CO[0]
                         net (fo=3, routed)           1.257     5.952    add_result[8]
    SLICE_X5Y15          LUT3 (Prop_lut3_I0_O)        0.373     6.325 r  seg_OBUF[4]_inst_i_8/O
                         net (fo=15, routed)          1.316     7.641    seg_OBUF[4]_inst_i_8_n_0
    SLICE_X5Y17          LUT6 (Prop_lut6_I1_O)        0.124     7.765 r  seg_OBUF[6]_inst_i_15/O
                         net (fo=4, routed)           0.832     8.597    seg_OBUF[6]_inst_i_15_n_0
    SLICE_X7Y16          LUT6 (Prop_lut6_I2_O)        0.124     8.721 r  seg_OBUF[6]_inst_i_11/O
                         net (fo=2, routed)           0.682     9.402    seg_OBUF[6]_inst_i_11_n_0
    SLICE_X7Y16          LUT6 (Prop_lut6_I2_O)        0.124     9.526 f  seg_OBUF[6]_inst_i_5/O
                         net (fo=7, routed)           1.090    10.616    seg_OBUF[6]_inst_i_5_n_0
    SLICE_X11Y17         LUT6 (Prop_lut6_I3_O)        0.124    10.740 r  seg_OBUF[1]_inst_i_1/O
                         net (fo=1, routed)           3.258    13.998    seg_OBUF[1]
    W6                   OBUF (Prop_obuf_I_O)         3.529    17.527 r  seg_OBUF[1]_inst/O
                         net (fo=0)                   0.000    17.527    seg[1]
    W6                                                                r  seg[1] (OUT)
  -------------------------------------------------------------------    -------------------

Slack:                    inf
  Source:                 btn[2]
                            (input port)
  Destination:            seg[2]
                            (output port)
  Path Group:             (none)
  Path Type:              Max at Slow Process Corner
  Data Path Delay:        17.473ns  (logic 6.946ns (39.751%)  route 10.527ns (60.249%))
  Logic Levels:           11  (CARRY4=3 IBUF=1 LUT2=1 LUT3=1 LUT6=4 OBUF=1)

    Location             Delay type                Incr(ns)  Path(ns)    Netlist Resource(s)
  -------------------------------------------------------------------    -------------------
    U17                                               0.000     0.000 r  btn[2] (IN)
                         net (fo=0)                   0.000     0.000    btn[2]
    U17                  IBUF (Prop_ibuf_I_O)         1.452     1.452 r  btn_IBUF[2]_inst/O
                         net (fo=25, routed)          1.496     2.948    btn_IBUF[2]
    SLICE_X0Y15          LUT2 (Prop_lut2_I0_O)        0.124     3.072 r  seg_OBUF[6]_inst_i_39/O
                         net (fo=1, routed)           0.658     3.730    add_result1[0]
    SLICE_X1Y15          CARRY4 (Prop_carry4_CYINIT_CO[3])
                                                      0.580     4.310 r  seg_OBUF[6]_inst_i_25/CO[3]
                         net (fo=1, routed)           0.000     4.310    seg_OBUF[6]_inst_i_25_n_0
    SLICE_X1Y16          CARRY4 (Prop_carry4_CI_CO[3])
                                                      0.114     4.424 r  ovf_led_OBUF_inst_i_3/CO[3]
                         net (fo=1, routed)           0.000     4.424    ovf_led_OBUF_inst_i_3_n_0
    SLICE_X1Y17          CARRY4 (Prop_carry4_CI_CO[0])
                                                      0.271     4.695 f  ovf_led_OBUF_inst_i_2/CO[0]
                         net (fo=3, routed)           1.257     5.952    add_result[8]
    SLICE_X5Y15          LUT3 (Prop_lut3_I0_O)        0.373     6.325 r  seg_OBUF[4]_inst_i_8/O
                         net (fo=15, routed)          1.327     7.652    seg_OBUF[4]_inst_i_8_n_0
    SLICE_X5Y17          LUT6 (Prop_lut6_I2_O)        0.124     7.776 f  seg_OBUF[6]_inst_i_24/O
                         net (fo=2, routed)           0.545     8.320    seg_OBUF[6]_inst_i_24_n_0
    SLICE_X7Y15          LUT6 (Prop_lut6_I0_O)        0.124     8.444 f  seg_OBUF[6]_inst_i_9/O
                         net (fo=2, routed)           0.819     9.264    seg_OBUF[6]_inst_i_9_n_0
    SLICE_X7Y17          LUT6 (Prop_lut6_I1_O)        0.124     9.388 f  seg_OBUF[6]_inst_i_2/O
                         net (fo=7, routed)           1.079    10.467    seg_OBUF[6]_inst_i_2_n_0
    SLICE_X11Y17         LUT6 (Prop_lut6_I0_O)        0.124    10.591 r  seg_OBUF[2]_inst_i_1/O
                         net (fo=1, routed)           3.347    13.938    seg_OBUF[2]
    U8                   OBUF (Prop_obuf_I_O)         3.535    17.473 r  seg_OBUF[2]_inst/O
                         net (fo=0)                   0.000    17.473    seg[2]
    U8                                                                r  seg[2] (OUT)
  -------------------------------------------------------------------    -------------------

Slack:                    inf
  Source:                 btn[2]
                            (input port)
  Destination:            seg[6]
                            (output port)
  Path Group:             (none)
  Path Type:              Max at Slow Process Corner
  Data Path Delay:        17.440ns  (logic 6.942ns (39.805%)  route 10.498ns (60.195%))
  Logic Levels:           11  (CARRY4=3 IBUF=1 LUT2=1 LUT3=1 LUT6=4 OBUF=1)

    Location             Delay type                Incr(ns)  Path(ns)    Netlist Resource(s)
  -------------------------------------------------------------------    -------------------
    U17                                               0.000     0.000 r  btn[2] (IN)
                         net (fo=0)                   0.000     0.000    btn[2]
    U17                  IBUF (Prop_ibuf_I_O)         1.452     1.452 r  btn_IBUF[2]_inst/O
                         net (fo=25, routed)          1.496     2.948    btn_IBUF[2]
    SLICE_X0Y15          LUT2 (Prop_lut2_I0_O)        0.124     3.072 r  seg_OBUF[6]_inst_i_39/O
                         net (fo=1, routed)           0.658     3.730    add_result1[0]
    SLICE_X1Y15          CARRY4 (Prop_carry4_CYINIT_CO[3])
                                                      0.580     4.310 r  seg_OBUF[6]_inst_i_25/CO[3]
                         net (fo=1, routed)           0.000     4.310    seg_OBUF[6]_inst_i_25_n_0
    SLICE_X1Y16          CARRY4 (Prop_carry4_CI_CO[3])
                                                      0.114     4.424 r  ovf_led_OBUF_inst_i_3/CO[3]
                         net (fo=1, routed)           0.000     4.424    ovf_led_OBUF_inst_i_3_n_0
    SLICE_X1Y17          CARRY4 (Prop_carry4_CI_CO[0])
                                                      0.271     4.695 f  ovf_led_OBUF_inst_i_2/CO[0]
                         net (fo=3, routed)           1.257     5.952    add_result[8]
    SLICE_X5Y15          LUT3 (Prop_lut3_I0_O)        0.373     6.325 r  seg_OBUF[4]_inst_i_8/O
                         net (fo=15, routed)          1.327     7.652    seg_OBUF[4]_inst_i_8_n_0
    SLICE_X5Y17          LUT6 (Prop_lut6_I2_O)        0.124     7.776 r  seg_OBUF[6]_inst_i_24/O
                         net (fo=2, routed)           0.545     8.320    seg_OBUF[6]_inst_i_24_n_0
    SLICE_X7Y15          LUT6 (Prop_lut6_I0_O)        0.124     8.444 r  seg_OBUF[6]_inst_i_9/O
                         net (fo=2, routed)           0.819     9.264    seg_OBUF[6]_inst_i_9_n_0
    SLICE_X7Y17          LUT6 (Prop_lut6_I1_O)        0.124     9.388 r  seg_OBUF[6]_inst_i_2/O
                         net (fo=7, routed)           1.268    10.656    seg_OBUF[6]_inst_i_2_n_0
    SLICE_X12Y17         LUT6 (Prop_lut6_I0_O)        0.124    10.780 r  seg_OBUF[6]_inst_i_1/O
                         net (fo=1, routed)           3.128    13.908    seg_OBUF[6]
    U7                   OBUF (Prop_obuf_I_O)         3.531    17.440 r  seg_OBUF[6]_inst/O
                         net (fo=0)                   0.000    17.440    seg[6]
    U7                                                                r  seg[6] (OUT)
  -------------------------------------------------------------------    -------------------

Slack:                    inf
  Source:                 btn[2]
                            (input port)
  Destination:            seg[5]
                            (output port)
  Path Group:             (none)
  Path Type:              Max at Slow Process Corner
  Data Path Delay:        17.370ns  (logic 6.915ns (39.809%)  route 10.455ns (60.191%))
  Logic Levels:           11  (CARRY4=3 IBUF=1 LUT2=1 LUT3=1 LUT6=4 OBUF=1)

    Location             Delay type                Incr(ns)  Path(ns)    Netlist Resource(s)
  -------------------------------------------------------------------    -------------------
    U17                                               0.000     0.000 r  btn[2] (IN)
                         net (fo=0)                   0.000     0.000    btn[2]
    U17                  IBUF (Prop_ibuf_I_O)         1.452     1.452 r  btn_IBUF[2]_inst/O
                         net (fo=25, routed)          1.496     2.948    btn_IBUF[2]
    SLICE_X0Y15          LUT2 (Prop_lut2_I0_O)        0.124     3.072 r  seg_OBUF[6]_inst_i_39/O
                         net (fo=1, routed)           0.658     3.730    add_result1[0]
    SLICE_X1Y15          CARRY4 (Prop_carry4_CYINIT_CO[3])
                                                      0.580     4.310 r  seg_OBUF[6]_inst_i_25/CO[3]
                         net (fo=1, routed)           0.000     4.310    seg_OBUF[6]_inst_i_25_n_0
    SLICE_X1Y16          CARRY4 (Prop_carry4_CI_CO[3])
                                                      0.114     4.424 r  ovf_led_OBUF_inst_i_3/CO[3]
                         net (fo=1, routed)           0.000     4.424    ovf_led_OBUF_inst_i_3_n_0
    SLICE_X1Y17          CARRY4 (Prop_carry4_CI_CO[0])
                                                      0.271     4.695 f  ovf_led_OBUF_inst_i_2/CO[0]
                         net (fo=3, routed)           1.257     5.952    add_result[8]
    SLICE_X5Y15          LUT3 (Prop_lut3_I0_O)        0.373     6.325 r  seg_OBUF[4]_inst_i_8/O
                         net (fo=15, routed)          1.316     7.641    seg_OBUF[4]_inst_i_8_n_0
    SLICE_X5Y17          LUT6 (Prop_lut6_I1_O)        0.124     7.765 r  seg_OBUF[6]_inst_i_15/O
                         net (fo=4, routed)           0.832     8.597    seg_OBUF[6]_inst_i_15_n_0
    SLICE_X7Y16          LUT6 (Prop_lut6_I2_O)        0.124     8.721 r  seg_OBUF[6]_inst_i_11/O
                         net (fo=2, routed)           0.682     9.402    seg_OBUF[6]_inst_i_11_n_0
    SLICE_X7Y16          LUT6 (Prop_lut6_I2_O)        0.124     9.526 r  seg_OBUF[6]_inst_i_5/O
                         net (fo=7, routed)           1.215    10.741    seg_OBUF[6]_inst_i_5_n_0
    SLICE_X12Y17         LUT6 (Prop_lut6_I5_O)        0.124    10.865 r  seg_OBUF[5]_inst_i_1/O
                         net (fo=1, routed)           3.001    13.866    seg_OBUF[5]
    V5                   OBUF (Prop_obuf_I_O)         3.504    17.370 r  seg_OBUF[5]_inst/O
                         net (fo=0)                   0.000    17.370    seg[5]
    V5                                                                r  seg[5] (OUT)
  -------------------------------------------------------------------    -------------------

Slack:                    inf
  Source:                 btn[2]
                            (input port)
  Destination:            seg[4]
                            (output port)
  Path Group:             (none)
  Path Type:              Max at Slow Process Corner
  Data Path Delay:        17.310ns  (logic 6.930ns (40.038%)  route 10.379ns (59.962%))
  Logic Levels:           11  (CARRY4=3 IBUF=1 LUT2=1 LUT3=1 LUT6=4 OBUF=1)

    Location             Delay type                Incr(ns)  Path(ns)    Netlist Resource(s)
  -------------------------------------------------------------------    -------------------
    U17                                               0.000     0.000 r  btn[2] (IN)
                         net (fo=0)                   0.000     0.000    btn[2]
    U17                  IBUF (Prop_ibuf_I_O)         1.452     1.452 r  btn_IBUF[2]_inst/O
                         net (fo=25, routed)          1.496     2.948    btn_IBUF[2]
    SLICE_X0Y15          LUT2 (Prop_lut2_I0_O)        0.124     3.072 r  seg_OBUF[6]_inst_i_39/O
                         net (fo=1, routed)           0.658     3.730    add_result1[0]
    SLICE_X1Y15          CARRY4 (Prop_carry4_CYINIT_CO[3])
                                                      0.580     4.310 r  seg_OBUF[6]_inst_i_25/CO[3]
                         net (fo=1, routed)           0.000     4.310    seg_OBUF[6]_inst_i_25_n_0
    SLICE_X1Y16          CARRY4 (Prop_carry4_CI_CO[3])
                                                      0.114     4.424 r  ovf_led_OBUF_inst_i_3/CO[3]
                         net (fo=1, routed)           0.000     4.424    ovf_led_OBUF_inst_i_3_n_0
    SLICE_X1Y17          CARRY4 (Prop_carry4_CI_CO[0])
                                                      0.271     4.695 f  ovf_led_OBUF_inst_i_2/CO[0]
                         net (fo=3, routed)           1.257     5.952    add_result[8]
    SLICE_X5Y15          LUT3 (Prop_lut3_I0_O)        0.373     6.325 r  seg_OBUF[4]_inst_i_8/O
                         net (fo=15, routed)          1.316     7.641    seg_OBUF[4]_inst_i_8_n_0
    SLICE_X5Y17          LUT6 (Prop_lut6_I1_O)        0.124     7.765 r  seg_OBUF[6]_inst_i_15/O
                         net (fo=4, routed)           0.832     8.597    seg_OBUF[6]_inst_i_15_n_0
    SLICE_X7Y16          LUT6 (Prop_lut6_I2_O)        0.124     8.721 r  seg_OBUF[6]_inst_i_11/O
                         net (fo=2, routed)           0.682     9.402    seg_OBUF[6]_inst_i_11_n_0
    SLICE_X7Y16          LUT6 (Prop_lut6_I2_O)        0.124     9.526 f  seg_OBUF[6]_inst_i_5/O
                         net (fo=7, routed)           0.925    10.451    seg_OBUF[6]_inst_i_5_n_0
    SLICE_X11Y17         LUT6 (Prop_lut6_I5_O)        0.124    10.575 r  seg_OBUF[4]_inst_i_1/O
                         net (fo=1, routed)           3.215    13.790    seg_OBUF[4]
    U5                   OBUF (Prop_obuf_I_O)         3.520    17.310 r  seg_OBUF[4]_inst/O
                         net (fo=0)                   0.000    17.310    seg[4]
    U5                                                                r  seg[4] (OUT)
  -------------------------------------------------------------------    -------------------

Slack:                    inf
  Source:                 btn[2]
                            (input port)
  Destination:            ovf_led
                            (output port)
  Path Group:             (none)
  Path Type:              Max at Slow Process Corner
  Data Path Delay:        12.507ns  (logic 6.674ns (53.362%)  route 5.833ns (46.638%))
  Logic Levels:           7  (CARRY4=3 IBUF=1 LUT2=1 LUT3=1 OBUF=1)

    Location             Delay type                Incr(ns)  Path(ns)    Netlist Resource(s)
  -------------------------------------------------------------------    -------------------
    U17                                               0.000     0.000 r  btn[2] (IN)
                         net (fo=0)                   0.000     0.000    btn[2]
    U17                  IBUF (Prop_ibuf_I_O)         1.452     1.452 r  btn_IBUF[2]_inst/O
                         net (fo=25, routed)          1.496     2.948    btn_IBUF[2]
    SLICE_X0Y15          LUT2 (Prop_lut2_I0_O)        0.124     3.072 r  seg_OBUF[6]_inst_i_39/O
                         net (fo=1, routed)           0.658     3.730    add_result1[0]
    SLICE_X1Y15          CARRY4 (Prop_carry4_CYINIT_CO[3])
                                                      0.580     4.310 r  seg_OBUF[6]_inst_i_25/CO[3]
                         net (fo=1, routed)           0.000     4.310    seg_OBUF[6]_inst_i_25_n_0
    SLICE_X1Y16          CARRY4 (Prop_carry4_CI_CO[3])
                                                      0.114     4.424 r  ovf_led_OBUF_inst_i_3/CO[3]
                         net (fo=1, routed)           0.000     4.424    ovf_led_OBUF_inst_i_3_n_0
    SLICE_X1Y17          CARRY4 (Prop_carry4_CI_CO[0])
                                                      0.271     4.695 r  ovf_led_OBUF_inst_i_2/CO[0]
                         net (fo=3, routed)           0.979     5.674    add_result[8]
    SLICE_X0Y15          LUT3 (Prop_lut3_I1_O)        0.401     6.075 r  ovf_led_OBUF_inst_i_1/O
                         net (fo=1, routed)           2.700     8.776    ovf_led_OBUF
    E19                  OBUF (Prop_obuf_I_O)         3.732    12.507 r  ovf_led_OBUF_inst/O
                         net (fo=0)                   0.000    12.507    ovf_led
    E19                                                               r  ovf_led (OUT)
  -------------------------------------------------------------------    -------------------

Slack:                    inf
  Source:                 btn[2]
                            (input port)
  Destination:            neg_led
                            (output port)
  Path Group:             (none)
  Path Type:              Max at Slow Process Corner
  Data Path Delay:        8.229ns  (logic 5.081ns (61.749%)  route 3.148ns (38.251%))
  Logic Levels:           3  (IBUF=1 LUT2=1 OBUF=1)

    Location             Delay type                Incr(ns)  Path(ns)    Netlist Resource(s)
  -------------------------------------------------------------------    -------------------
    U17                                               0.000     0.000 r  btn[2] (IN)
                         net (fo=0)                   0.000     0.000    btn[2]
    U17                  IBUF (Prop_ibuf_I_O)         1.452     1.452 r  btn_IBUF[2]_inst/O
                         net (fo=25, routed)          1.209     2.662    btn_IBUF[2]
    SLICE_X0Y15          LUT2 (Prop_lut2_I0_O)        0.124     2.786 r  neg_led_OBUF_inst_i_1/O
                         net (fo=1, routed)           1.938     4.724    neg_led_OBUF
    U16                  OBUF (Prop_obuf_I_O)         3.505     8.229 r  neg_led_OBUF_inst/O
                         net (fo=0)                   0.000     8.229    neg_led
    U16                                                               r  neg_led (OUT)
  -------------------------------------------------------------------    -------------------





Min Delay Paths
--------------------------------------------------------------------------------------
Slack:                    inf
  Source:                 btn[2]
                            (input port)
  Destination:            neg_led
                            (output port)
  Path Group:             (none)
  Path Type:              Min at Fast Process Corner
  Data Path Delay:        2.410ns  (logic 1.471ns (61.055%)  route 0.939ns (38.945%))
  Logic Levels:           3  (IBUF=1 LUT2=1 OBUF=1)

    Location             Delay type                Incr(ns)  Path(ns)    Netlist Resource(s)
  -------------------------------------------------------------------    -------------------
    U17                                               0.000     0.000 r  btn[2] (IN)
                         net (fo=0)                   0.000     0.000    btn[2]
    U17                  IBUF (Prop_ibuf_I_O)         0.221     0.221 r  btn_IBUF[2]_inst/O
                         net (fo=25, routed)          0.485     0.706    btn_IBUF[2]
    SLICE_X0Y15          LUT2 (Prop_lut2_I0_O)        0.045     0.751 r  neg_led_OBUF_inst_i_1/O
                         net (fo=1, routed)           0.453     1.204    neg_led_OBUF
    U16                  OBUF (Prop_obuf_I_O)         1.206     2.410 r  neg_led_OBUF_inst/O
                         net (fo=0)                   0.000     2.410    neg_led
    U16                                                               r  neg_led (OUT)
  -------------------------------------------------------------------    -------------------

Slack:                    inf
  Source:                 btn[2]
                            (input port)
  Destination:            ovf_led
                            (output port)
  Path Group:             (none)
  Path Type:              Min at Fast Process Corner
  Data Path Delay:        2.826ns  (logic 1.559ns (55.174%)  route 1.267ns (44.826%))
  Logic Levels:           3  (IBUF=1 LUT3=1 OBUF=1)

    Location             Delay type                Incr(ns)  Path(ns)    Netlist Resource(s)
  -------------------------------------------------------------------    -------------------
    U17                                               0.000     0.000 r  btn[2] (IN)
                         net (fo=0)                   0.000     0.000    btn[2]
    U17                  IBUF (Prop_ibuf_I_O)         0.221     0.221 r  btn_IBUF[2]_inst/O
                         net (fo=25, routed)          0.485     0.706    btn_IBUF[2]
    SLICE_X0Y15          LUT3 (Prop_lut3_I2_O)        0.046     0.752 r  ovf_led_OBUF_inst_i_1/O
                         net (fo=1, routed)           0.781     1.533    ovf_led_OBUF
    E19                  OBUF (Prop_obuf_I_O)         1.293     2.826 r  ovf_led_OBUF_inst/O
                         net (fo=0)                   0.000     2.826    ovf_led
    E19                                                               r  ovf_led (OUT)
  -------------------------------------------------------------------    -------------------

Slack:                    inf
  Source:                 btn[2]
                            (input port)
  Destination:            seg[1]
                            (output port)
  Path Group:             (none)
  Path Type:              Min at Fast Process Corner
  Data Path Delay:        3.980ns  (logic 1.586ns (39.840%)  route 2.394ns (60.160%))
  Logic Levels:           5  (IBUF=1 LUT5=1 LUT6=2 OBUF=1)

    Location             Delay type                Incr(ns)  Path(ns)    Netlist Resource(s)
  -------------------------------------------------------------------    -------------------
    U17                                               0.000     0.000 r  btn[2] (IN)
                         net (fo=0)                   0.000     0.000    btn[2]
    U17                  IBUF (Prop_ibuf_I_O)         0.221     0.221 r  btn_IBUF[2]_inst/O
                         net (fo=25, routed)          0.738     0.958    btn_IBUF[2]
    SLICE_X6Y15          LUT5 (Prop_lut5_I1_O)        0.045     1.003 r  seg_OBUF[6]_inst_i_8/O
                         net (fo=1, routed)           0.219     1.222    seg_OBUF[6]_inst_i_8_n_0
    SLICE_X7Y17          LUT6 (Prop_lut6_I0_O)        0.045     1.267 r  seg_OBUF[6]_inst_i_2/O
                         net (fo=7, routed)           0.294     1.561    seg_OBUF[6]_inst_i_2_n_0
    SLICE_X11Y17         LUT6 (Prop_lut6_I4_O)        0.045     1.606 r  seg_OBUF[1]_inst_i_1/O
                         net (fo=1, routed)           1.144     2.750    seg_OBUF[1]
    W6                   OBUF (Prop_obuf_I_O)         1.230     3.980 r  seg_OBUF[1]_inst/O
                         net (fo=0)                   0.000     3.980    seg[1]
    W6                                                                r  seg[1] (OUT)
  -------------------------------------------------------------------    -------------------

Slack:                    inf
  Source:                 btn[2]
                            (input port)
  Destination:            seg[5]
                            (output port)
  Path Group:             (none)
  Path Type:              Min at Fast Process Corner
  Data Path Delay:        3.982ns  (logic 1.606ns (40.331%)  route 2.376ns (59.669%))
  Logic Levels:           6  (IBUF=1 LUT3=1 LUT6=3 OBUF=1)

    Location             Delay type                Incr(ns)  Path(ns)    Netlist Resource(s)
  -------------------------------------------------------------------    -------------------
    U17                                               0.000     0.000 r  btn[2] (IN)
                         net (fo=0)                   0.000     0.000    btn[2]
    U17                  IBUF (Prop_ibuf_I_O)         0.221     0.221 r  btn_IBUF[2]_inst/O
                         net (fo=25, routed)          0.709     0.929    btn_IBUF[2]
    SLICE_X5Y15          LUT3 (Prop_lut3_I2_O)        0.045     0.974 r  seg_OBUF[4]_inst_i_8/O
                         net (fo=15, routed)          0.153     1.127    seg_OBUF[4]_inst_i_8_n_0
    SLICE_X5Y17          LUT6 (Prop_lut6_I5_O)        0.045     1.172 r  seg_OBUF[6]_inst_i_10/O
                         net (fo=3, routed)           0.115     1.287    seg_OBUF[6]_inst_i_10_n_0
    SLICE_X7Y17          LUT6 (Prop_lut6_I4_O)        0.045     1.332 f  seg_OBUF[6]_inst_i_7/O
                         net (fo=4, routed)           0.376     1.708    seg_OBUF[6]_inst_i_7_n_0
    SLICE_X12Y17         LUT6 (Prop_lut6_I0_O)        0.045     1.753 r  seg_OBUF[5]_inst_i_1/O
                         net (fo=1, routed)           1.024     2.777    seg_OBUF[5]
    V5                   OBUF (Prop_obuf_I_O)         1.206     3.982 r  seg_OBUF[5]_inst/O
                         net (fo=0)                   0.000     3.982    seg[5]
    V5                                                                r  seg[5] (OUT)
  -------------------------------------------------------------------    -------------------

Slack:                    inf
  Source:                 btn[2]
                            (input port)
  Destination:            seg[6]
                            (output port)
  Path Group:             (none)
  Path Type:              Min at Fast Process Corner
  Data Path Delay:        4.001ns  (logic 1.633ns (40.809%)  route 2.368ns (59.191%))
  Logic Levels:           6  (IBUF=1 LUT6=4 OBUF=1)

    Location             Delay type                Incr(ns)  Path(ns)    Netlist Resource(s)
  -------------------------------------------------------------------    -------------------
    U17                                               0.000     0.000 r  btn[2] (IN)
                         net (fo=0)                   0.000     0.000    btn[2]
    U17                  IBUF (Prop_ibuf_I_O)         0.221     0.221 r  btn_IBUF[2]_inst/O
                         net (fo=25, routed)          0.635     0.856    btn_IBUF[2]
    SLICE_X6Y16          LUT6 (Prop_lut6_I3_O)        0.045     0.901 f  seg_OBUF[6]_inst_i_35/O
                         net (fo=1, routed)           0.140     1.041    seg_OBUF[6]_inst_i_35_n_0
    SLICE_X6Y16          LUT6 (Prop_lut6_I1_O)        0.045     1.086 r  seg_OBUF[6]_inst_i_16/O
                         net (fo=3, routed)           0.155     1.241    seg_OBUF[6]_inst_i_16_n_0
    SLICE_X7Y16          LUT6 (Prop_lut6_I3_O)        0.045     1.286 r  seg_OBUF[6]_inst_i_5/O
                         net (fo=7, routed)           0.391     1.677    seg_OBUF[6]_inst_i_5_n_0
    SLICE_X12Y17         LUT6 (Prop_lut6_I3_O)        0.045     1.722 r  seg_OBUF[6]_inst_i_1/O
                         net (fo=1, routed)           1.047     2.769    seg_OBUF[6]
    U7                   OBUF (Prop_obuf_I_O)         1.232     4.001 r  seg_OBUF[6]_inst/O
                         net (fo=0)                   0.000     4.001    seg[6]
    U7                                                                r  seg[6] (OUT)
  -------------------------------------------------------------------    -------------------

Slack:                    inf
  Source:                 btn[2]
                            (input port)
  Destination:            seg[4]
                            (output port)
  Path Group:             (none)
  Path Type:              Min at Fast Process Corner
  Data Path Delay:        4.006ns  (logic 1.621ns (40.475%)  route 2.385ns (59.525%))
  Logic Levels:           6  (IBUF=1 LUT3=1 LUT6=3 OBUF=1)

    Location             Delay type                Incr(ns)  Path(ns)    Netlist Resource(s)
  -------------------------------------------------------------------    -------------------
    U17                                               0.000     0.000 r  btn[2] (IN)
                         net (fo=0)                   0.000     0.000    btn[2]
    U17                  IBUF (Prop_ibuf_I_O)         0.221     0.221 r  btn_IBUF[2]_inst/O
                         net (fo=25, routed)          0.709     0.929    btn_IBUF[2]
    SLICE_X5Y15          LUT3 (Prop_lut3_I2_O)        0.045     0.974 r  seg_OBUF[4]_inst_i_8/O
                         net (fo=15, routed)          0.153     1.127    seg_OBUF[4]_inst_i_8_n_0
    SLICE_X5Y17          LUT6 (Prop_lut6_I5_O)        0.045     1.172 r  seg_OBUF[6]_inst_i_10/O
                         net (fo=3, routed)           0.112     1.284    seg_OBUF[6]_inst_i_10_n_0
    SLICE_X7Y17          LUT6 (Prop_lut6_I2_O)        0.045     1.329 f  seg_OBUF[6]_inst_i_6/O
                         net (fo=7, routed)           0.278     1.608    seg_OBUF[6]_inst_i_6_n_0
    SLICE_X11Y17         LUT6 (Prop_lut6_I1_O)        0.045     1.653 r  seg_OBUF[4]_inst_i_1/O
                         net (fo=1, routed)           1.133     2.785    seg_OBUF[4]
    U5                   OBUF (Prop_obuf_I_O)         1.221     4.006 r  seg_OBUF[4]_inst/O
                         net (fo=0)                   0.000     4.006    seg[4]
    U5                                                                r  seg[4] (OUT)
  -------------------------------------------------------------------    -------------------

Slack:                    inf
  Source:                 btn[2]
                            (input port)
  Destination:            seg[3]
                            (output port)
  Path Group:             (none)
  Path Type:              Min at Fast Process Corner
  Data Path Delay:        4.044ns  (logic 1.592ns (39.364%)  route 2.452ns (60.636%))
  Logic Levels:           5  (IBUF=1 LUT5=1 LUT6=2 OBUF=1)

    Location             Delay type                Incr(ns)  Path(ns)    Netlist Resource(s)
  -------------------------------------------------------------------    -------------------
    U17                                               0.000     0.000 r  btn[2] (IN)
                         net (fo=0)                   0.000     0.000    btn[2]
    U17                  IBUF (Prop_ibuf_I_O)         0.221     0.221 r  btn_IBUF[2]_inst/O
                         net (fo=25, routed)          0.738     0.958    btn_IBUF[2]
    SLICE_X6Y15          LUT5 (Prop_lut5_I1_O)        0.045     1.003 r  seg_OBUF[6]_inst_i_8/O
                         net (fo=1, routed)           0.219     1.222    seg_OBUF[6]_inst_i_8_n_0
    SLICE_X7Y17          LUT6 (Prop_lut6_I0_O)        0.045     1.267 r  seg_OBUF[6]_inst_i_2/O
                         net (fo=7, routed)           0.394     1.661    seg_OBUF[6]_inst_i_2_n_0
    SLICE_X12Y17         LUT6 (Prop_lut6_I3_O)        0.045     1.706 r  seg_OBUF[3]_inst_i_1/O
                         net (fo=1, routed)           1.101     2.808    seg_OBUF[3]
    V8                   OBUF (Prop_obuf_I_O)         1.236     4.044 r  seg_OBUF[3]_inst/O
                         net (fo=0)                   0.000     4.044    seg[3]
    V8                                                                r  seg[3] (OUT)
  -------------------------------------------------------------------    -------------------

Slack:                    inf
  Source:                 btn[2]
                            (input port)
  Destination:            seg[2]
                            (output port)
  Path Group:             (none)
  Path Type:              Min at Fast Process Corner
  Data Path Delay:        4.046ns  (logic 1.637ns (40.451%)  route 2.409ns (59.549%))
  Logic Levels:           6  (IBUF=1 LUT6=4 OBUF=1)

    Location             Delay type                Incr(ns)  Path(ns)    Netlist Resource(s)
  -------------------------------------------------------------------    -------------------
    U17                                               0.000     0.000 r  btn[2] (IN)
                         net (fo=0)                   0.000     0.000    btn[2]
    U17                  IBUF (Prop_ibuf_I_O)         0.221     0.221 r  btn_IBUF[2]_inst/O
                         net (fo=25, routed)          0.635     0.856    btn_IBUF[2]
    SLICE_X6Y16          LUT6 (Prop_lut6_I3_O)        0.045     0.901 f  seg_OBUF[6]_inst_i_35/O
                         net (fo=1, routed)           0.140     1.041    seg_OBUF[6]_inst_i_35_n_0
    SLICE_X6Y16          LUT6 (Prop_lut6_I1_O)        0.045     1.086 r  seg_OBUF[6]_inst_i_16/O
                         net (fo=3, routed)           0.155     1.241    seg_OBUF[6]_inst_i_16_n_0
    SLICE_X7Y16          LUT6 (Prop_lut6_I3_O)        0.045     1.286 r  seg_OBUF[6]_inst_i_5/O
                         net (fo=7, routed)           0.310     1.596    seg_OBUF[6]_inst_i_5_n_0
    SLICE_X11Y17         LUT6 (Prop_lut6_I2_O)        0.045     1.641 r  seg_OBUF[2]_inst_i_1/O
                         net (fo=1, routed)           1.169     2.810    seg_OBUF[2]
    U8                   OBUF (Prop_obuf_I_O)         1.236     4.046 r  seg_OBUF[2]_inst/O
                         net (fo=0)                   0.000     4.046    seg[2]
    U8                                                                r  seg[2] (OUT)
  -------------------------------------------------------------------    -------------------

Slack:                    inf
  Source:                 btn[2]
                            (input port)
  Destination:            seg[0]
                            (output port)
  Path Group:             (none)
  Path Type:              Min at Fast Process Corner
  Data Path Delay:        4.146ns  (logic 1.567ns (37.800%)  route 2.579ns (62.200%))
  Logic Levels:           5  (IBUF=1 LUT5=1 LUT6=2 OBUF=1)

    Location             Delay type                Incr(ns)  Path(ns)    Netlist Resource(s)
  -------------------------------------------------------------------    -------------------
    U17                                               0.000     0.000 r  btn[2] (IN)
                         net (fo=0)                   0.000     0.000    btn[2]
    U17                  IBUF (Prop_ibuf_I_O)         0.221     0.221 r  btn_IBUF[2]_inst/O
                         net (fo=25, routed)          0.738     0.958    btn_IBUF[2]
    SLICE_X6Y15          LUT5 (Prop_lut5_I1_O)        0.045     1.003 r  seg_OBUF[6]_inst_i_8/O
                         net (fo=1, routed)           0.219     1.222    seg_OBUF[6]_inst_i_8_n_0
    SLICE_X7Y17          LUT6 (Prop_lut6_I0_O)        0.045     1.267 r  seg_OBUF[6]_inst_i_2/O
                         net (fo=7, routed)           0.396     1.663    seg_OBUF[6]_inst_i_2_n_0
    SLICE_X12Y17         LUT6 (Prop_lut6_I4_O)        0.045     1.708 r  seg_OBUF[0]_inst_i_1/O
                         net (fo=1, routed)           1.226     2.935    seg_OBUF[0]
    W7                   OBUF (Prop_obuf_I_O)         1.212     4.146 r  seg_OBUF[0]_inst/O
                         net (fo=0)                   0.000     4.146    seg[0]
    W7                                                                r  seg[0] (OUT)
  -------------------------------------------------------------------    -------------------





--------------------------------------------------------------------------------------
Path Group:  (none)
From Clock:  sys_clk_pin
  To Clock:  

Max Delay            13 Endpoints
Min Delay            13 Endpoints
--------------------------------------------------------------------------------------


Max Delay Paths
--------------------------------------------------------------------------------------
Slack:                    inf
  Source:                 op2_reg[4]/C
                            (rising edge-triggered cell FDRE clocked by sys_clk_pin  {rise@0.000ns fall@5.000ns period=10.000ns})
  Destination:            seg[0]
                            (output port)
  Path Group:             (none)
  Path Type:              Max at Slow Process Corner
  Data Path Delay:        16.995ns  (logic 6.118ns (35.996%)  route 10.878ns (64.004%))
  Logic Levels:           11  (CARRY4=3 LUT3=2 LUT4=1 LUT6=4 OBUF=1)
  Clock Uncertainty:      0.025ns  ((TSJ^2 + TIJ^2)^1/2 + DJ) / 2 + PE
    Total System Jitter     (TSJ):    0.050ns
    Total Input Jitter      (TIJ):    0.000ns
    Discrete Jitter          (DJ):    0.000ns
    Phase Error              (PE):    0.000ns

    Location             Delay type                Incr(ns)  Path(ns)    Netlist Resource(s)
  -------------------------------------------------------------------    -------------------
                         (clock sys_clk_pin rise edge)
                                                      0.000     0.000 r  
    W5                                                0.000     0.000 r  clk (IN)
                         net (fo=0)                   0.000     0.000    clk
    W5                   IBUF (Prop_ibuf_I_O)         1.458     1.458 r  clk_IBUF_inst/O
                         net (fo=1, routed)           1.967     3.425    clk_IBUF
    BUFGCTRL_X0Y0        BUFG (Prop_bufg_I_O)         0.096     3.521 r  clk_IBUF_BUFG_inst/O
                         net (fo=32, routed)          1.633     5.154    clk_IBUF_BUFG
    SLICE_X1Y14          FDRE                                         r  op2_reg[4]/C
  -------------------------------------------------------------------    -------------------
    SLICE_X1Y14          FDRE (Prop_fdre_C_Q)         0.456     5.610 r  op2_reg[4]/Q
                         net (fo=5, routed)           1.189     6.800    op2[4]
    SLICE_X2Y15          LUT4 (Prop_lut4_I3_O)        0.124     6.924 r  neg_led_OBUF_inst_i_8/O
                         net (fo=1, routed)           0.000     6.924    neg_led_OBUF_inst_i_8_n_0
    SLICE_X2Y15          CARRY4 (Prop_carry4_S[2]_CO[3])
                                                      0.380     7.304 r  neg_led_OBUF_inst_i_2/CO[3]
                         net (fo=10, routed)          1.343     8.646    neg_led0
    SLICE_X4Y16          LUT3 (Prop_lut3_I2_O)        0.154     8.800 r  seg_OBUF[6]_inst_i_53/O
                         net (fo=1, routed)           0.000     8.800    p_1_in[6]
    SLICE_X4Y16          CARRY4 (Prop_carry4_DI[2]_CO[3])
                                                      0.353     9.153 r  seg_OBUF[6]_inst_i_34/CO[3]
                         net (fo=1, routed)           0.000     9.153    seg_OBUF[6]_inst_i_34_n_0
    SLICE_X4Y17          CARRY4 (Prop_carry4_CI_CO[0])
                                                      0.271     9.424 r  seg_OBUF[6]_inst_i_33/CO[0]
                         net (fo=2, routed)           0.607    10.031    seg_OBUF[6]_inst_i_33_n_3
    SLICE_X5Y15          LUT3 (Prop_lut3_I1_O)        0.373    10.404 r  seg_OBUF[4]_inst_i_8/O
                         net (fo=15, routed)          1.316    11.720    seg_OBUF[4]_inst_i_8_n_0
    SLICE_X5Y17          LUT6 (Prop_lut6_I1_O)        0.124    11.844 r  seg_OBUF[6]_inst_i_15/O
                         net (fo=4, routed)           0.865    12.709    seg_OBUF[6]_inst_i_15_n_0
    SLICE_X7Y16          LUT6 (Prop_lut6_I5_O)        0.124    12.833 r  seg_OBUF[6]_inst_i_23/O
                         net (fo=1, routed)           0.811    13.644    seg_OBUF[6]_inst_i_23_n_0
    SLICE_X7Y17          LUT6 (Prop_lut6_I2_O)        0.124    13.768 r  seg_OBUF[6]_inst_i_7/O
                         net (fo=4, routed)           1.315    15.083    seg_OBUF[6]_inst_i_7_n_0
    SLICE_X12Y17         LUT6 (Prop_lut6_I5_O)        0.124    15.207 r  seg_OBUF[0]_inst_i_1/O
                         net (fo=1, routed)           3.432    18.639    seg_OBUF[0]
    W7                   OBUF (Prop_obuf_I_O)         3.511    22.150 r  seg_OBUF[0]_inst/O
                         net (fo=0)                   0.000    22.150    seg[0]
    W7                                                                r  seg[0] (OUT)
  -------------------------------------------------------------------    -------------------

Slack:                    inf
  Source:                 op2_reg[4]/C
                            (rising edge-triggered cell FDRE clocked by sys_clk_pin  {rise@0.000ns fall@5.000ns period=10.000ns})
  Destination:            seg[3]
                            (output port)
  Path Group:             (none)
  Path Type:              Max at Slow Process Corner
  Data Path Delay:        16.772ns  (logic 6.143ns (36.623%)  route 10.630ns (63.377%))
  Logic Levels:           11  (CARRY4=3 LUT3=2 LUT4=1 LUT6=4 OBUF=1)
  Clock Uncertainty:      0.025ns  ((TSJ^2 + TIJ^2)^1/2 + DJ) / 2 + PE
    Total System Jitter     (TSJ):    0.050ns
    Total Input Jitter      (TIJ):    0.000ns
    Discrete Jitter          (DJ):    0.000ns
    Phase Error              (PE):    0.000ns

    Location             Delay type                Incr(ns)  Path(ns)    Netlist Resource(s)
  -------------------------------------------------------------------    -------------------
                         (clock sys_clk_pin rise edge)
                                                      0.000     0.000 r  
    W5                                                0.000     0.000 r  clk (IN)
                         net (fo=0)                   0.000     0.000    clk
    W5                   IBUF (Prop_ibuf_I_O)         1.458     1.458 r  clk_IBUF_inst/O
                         net (fo=1, routed)           1.967     3.425    clk_IBUF
    BUFGCTRL_X0Y0        BUFG (Prop_bufg_I_O)         0.096     3.521 r  clk_IBUF_BUFG_inst/O
                         net (fo=32, routed)          1.633     5.154    clk_IBUF_BUFG
    SLICE_X1Y14          FDRE                                         r  op2_reg[4]/C
  -------------------------------------------------------------------    -------------------
    SLICE_X1Y14          FDRE (Prop_fdre_C_Q)         0.456     5.610 r  op2_reg[4]/Q
                         net (fo=5, routed)           1.189     6.800    op2[4]
    SLICE_X2Y15          LUT4 (Prop_lut4_I3_O)        0.124     6.924 r  neg_led_OBUF_inst_i_8/O
                         net (fo=1, routed)           0.000     6.924    neg_led_OBUF_inst_i_8_n_0
    SLICE_X2Y15          CARRY4 (Prop_carry4_S[2]_CO[3])
                                                      0.380     7.304 r  neg_led_OBUF_inst_i_2/CO[3]
                         net (fo=10, routed)          1.343     8.646    neg_led0
    SLICE_X4Y16          LUT3 (Prop_lut3_I2_O)        0.154     8.800 r  seg_OBUF[6]_inst_i_53/O
                         net (fo=1, routed)           0.000     8.800    p_1_in[6]
    SLICE_X4Y16          CARRY4 (Prop_carry4_DI[2]_CO[3])
                                                      0.353     9.153 r  seg_OBUF[6]_inst_i_34/CO[3]
                         net (fo=1, routed)           0.000     9.153    seg_OBUF[6]_inst_i_34_n_0
    SLICE_X4Y17          CARRY4 (Prop_carry4_CI_CO[0])
                                                      0.271     9.424 r  seg_OBUF[6]_inst_i_33/CO[0]
                         net (fo=2, routed)           0.607    10.031    seg_OBUF[6]_inst_i_33_n_3
    SLICE_X5Y15          LUT3 (Prop_lut3_I1_O)        0.373    10.404 r  seg_OBUF[4]_inst_i_8/O
                         net (fo=15, routed)          1.316    11.720    seg_OBUF[4]_inst_i_8_n_0
    SLICE_X5Y17          LUT6 (Prop_lut6_I1_O)        0.124    11.844 r  seg_OBUF[6]_inst_i_15/O
                         net (fo=4, routed)           0.865    12.709    seg_OBUF[6]_inst_i_15_n_0
    SLICE_X7Y16          LUT6 (Prop_lut6_I5_O)        0.124    12.833 r  seg_OBUF[6]_inst_i_23/O
                         net (fo=1, routed)           0.811    13.644    seg_OBUF[6]_inst_i_23_n_0
    SLICE_X7Y17          LUT6 (Prop_lut6_I2_O)        0.124    13.768 f  seg_OBUF[6]_inst_i_7/O
                         net (fo=4, routed)           1.305    15.073    seg_OBUF[6]_inst_i_7_n_0
    SLICE_X12Y17         LUT6 (Prop_lut6_I4_O)        0.124    15.197 r  seg_OBUF[3]_inst_i_1/O
                         net (fo=1, routed)           3.194    18.391    seg_OBUF[3]
    V8                   OBUF (Prop_obuf_I_O)         3.536    21.927 r  seg_OBUF[3]_inst/O
                         net (fo=0)                   0.000    21.927    seg[3]
    V8                                                                r  seg[3] (OUT)
  -------------------------------------------------------------------    -------------------

Slack:                    inf
  Source:                 op2_reg[4]/C
                            (rising edge-triggered cell FDRE clocked by sys_clk_pin  {rise@0.000ns fall@5.000ns period=10.000ns})
  Destination:            seg[1]
                            (output port)
  Path Group:             (none)
  Path Type:              Max at Slow Process Corner
  Data Path Delay:        16.451ns  (logic 6.136ns (37.298%)  route 10.315ns (62.702%))
  Logic Levels:           11  (CARRY4=3 LUT3=2 LUT4=1 LUT6=4 OBUF=1)
  Clock Uncertainty:      0.025ns  ((TSJ^2 + TIJ^2)^1/2 + DJ) / 2 + PE
    Total System Jitter     (TSJ):    0.050ns
    Total Input Jitter      (TIJ):    0.000ns
    Discrete Jitter          (DJ):    0.000ns
    Phase Error              (PE):    0.000ns

    Location             Delay type                Incr(ns)  Path(ns)    Netlist Resource(s)
  -------------------------------------------------------------------    -------------------
                         (clock sys_clk_pin rise edge)
                                                      0.000     0.000 r  
    W5                                                0.000     0.000 r  clk (IN)
                         net (fo=0)                   0.000     0.000    clk
    W5                   IBUF (Prop_ibuf_I_O)         1.458     1.458 r  clk_IBUF_inst/O
                         net (fo=1, routed)           1.967     3.425    clk_IBUF
    BUFGCTRL_X0Y0        BUFG (Prop_bufg_I_O)         0.096     3.521 r  clk_IBUF_BUFG_inst/O
                         net (fo=32, routed)          1.633     5.154    clk_IBUF_BUFG
    SLICE_X1Y14          FDRE                                         r  op2_reg[4]/C
  -------------------------------------------------------------------    -------------------
    SLICE_X1Y14          FDRE (Prop_fdre_C_Q)         0.456     5.610 r  op2_reg[4]/Q
                         net (fo=5, routed)           1.189     6.800    op2[4]
    SLICE_X2Y15          LUT4 (Prop_lut4_I3_O)        0.124     6.924 r  neg_led_OBUF_inst_i_8/O
                         net (fo=1, routed)           0.000     6.924    neg_led_OBUF_inst_i_8_n_0
    SLICE_X2Y15          CARRY4 (Prop_carry4_S[2]_CO[3])
                                                      0.380     7.304 r  neg_led_OBUF_inst_i_2/CO[3]
                         net (fo=10, routed)          1.343     8.646    neg_led0
    SLICE_X4Y16          LUT3 (Prop_lut3_I2_O)        0.154     8.800 r  seg_OBUF[6]_inst_i_53/O
                         net (fo=1, routed)           0.000     8.800    p_1_in[6]
    SLICE_X4Y16          CARRY4 (Prop_carry4_DI[2]_CO[3])
                                                      0.353     9.153 r  seg_OBUF[6]_inst_i_34/CO[3]
                         net (fo=1, routed)           0.000     9.153    seg_OBUF[6]_inst_i_34_n_0
    SLICE_X4Y17          CARRY4 (Prop_carry4_CI_CO[0])
                                                      0.271     9.424 r  seg_OBUF[6]_inst_i_33/CO[0]
                         net (fo=2, routed)           0.607    10.031    seg_OBUF[6]_inst_i_33_n_3
    SLICE_X5Y15          LUT3 (Prop_lut3_I1_O)        0.373    10.404 r  seg_OBUF[4]_inst_i_8/O
                         net (fo=15, routed)          1.316    11.720    seg_OBUF[4]_inst_i_8_n_0
    SLICE_X5Y17          LUT6 (Prop_lut6_I1_O)        0.124    11.844 r  seg_OBUF[6]_inst_i_15/O
                         net (fo=4, routed)           0.832    12.675    seg_OBUF[6]_inst_i_15_n_0
    SLICE_X7Y16          LUT6 (Prop_lut6_I2_O)        0.124    12.799 r  seg_OBUF[6]_inst_i_11/O
                         net (fo=2, routed)           0.682    13.481    seg_OBUF[6]_inst_i_11_n_0
    SLICE_X7Y16          LUT6 (Prop_lut6_I2_O)        0.124    13.605 f  seg_OBUF[6]_inst_i_5/O
                         net (fo=7, routed)           1.090    14.695    seg_OBUF[6]_inst_i_5_n_0
    SLICE_X11Y17         LUT6 (Prop_lut6_I3_O)        0.124    14.819 r  seg_OBUF[1]_inst_i_1/O
                         net (fo=1, routed)           3.258    18.077    seg_OBUF[1]
    W6                   OBUF (Prop_obuf_I_O)         3.529    21.606 r  seg_OBUF[1]_inst/O
                         net (fo=0)                   0.000    21.606    seg[1]
    W6                                                                r  seg[1] (OUT)
  -------------------------------------------------------------------    -------------------

Slack:                    inf
  Source:                 op2_reg[4]/C
                            (rising edge-triggered cell FDRE clocked by sys_clk_pin  {rise@0.000ns fall@5.000ns period=10.000ns})
  Destination:            seg[2]
                            (output port)
  Path Group:             (none)
  Path Type:              Max at Slow Process Corner
  Data Path Delay:        16.397ns  (logic 6.142ns (37.459%)  route 10.255ns (62.541%))
  Logic Levels:           11  (CARRY4=3 LUT3=2 LUT4=1 LUT6=4 OBUF=1)
  Clock Uncertainty:      0.025ns  ((TSJ^2 + TIJ^2)^1/2 + DJ) / 2 + PE
    Total System Jitter     (TSJ):    0.050ns
    Total Input Jitter      (TIJ):    0.000ns
    Discrete Jitter          (DJ):    0.000ns
    Phase Error              (PE):    0.000ns

    Location             Delay type                Incr(ns)  Path(ns)    Netlist Resource(s)
  -------------------------------------------------------------------    -------------------
                         (clock sys_clk_pin rise edge)
                                                      0.000     0.000 r  
    W5                                                0.000     0.000 r  clk (IN)
                         net (fo=0)                   0.000     0.000    clk
    W5                   IBUF (Prop_ibuf_I_O)         1.458     1.458 r  clk_IBUF_inst/O
                         net (fo=1, routed)           1.967     3.425    clk_IBUF
    BUFGCTRL_X0Y0        BUFG (Prop_bufg_I_O)         0.096     3.521 r  clk_IBUF_BUFG_inst/O
                         net (fo=32, routed)          1.633     5.154    clk_IBUF_BUFG
    SLICE_X1Y14          FDRE                                         r  op2_reg[4]/C
  -------------------------------------------------------------------    -------------------
    SLICE_X1Y14          FDRE (Prop_fdre_C_Q)         0.456     5.610 r  op2_reg[4]/Q
                         net (fo=5, routed)           1.189     6.800    op2[4]
    SLICE_X2Y15          LUT4 (Prop_lut4_I3_O)        0.124     6.924 r  neg_led_OBUF_inst_i_8/O
                         net (fo=1, routed)           0.000     6.924    neg_led_OBUF_inst_i_8_n_0
    SLICE_X2Y15          CARRY4 (Prop_carry4_S[2]_CO[3])
                                                      0.380     7.304 r  neg_led_OBUF_inst_i_2/CO[3]
                         net (fo=10, routed)          1.343     8.646    neg_led0
    SLICE_X4Y16          LUT3 (Prop_lut3_I2_O)        0.154     8.800 r  seg_OBUF[6]_inst_i_53/O
                         net (fo=1, routed)           0.000     8.800    p_1_in[6]
    SLICE_X4Y16          CARRY4 (Prop_carry4_DI[2]_CO[3])
                                                      0.353     9.153 r  seg_OBUF[6]_inst_i_34/CO[3]
                         net (fo=1, routed)           0.000     9.153    seg_OBUF[6]_inst_i_34_n_0
    SLICE_X4Y17          CARRY4 (Prop_carry4_CI_CO[0])
                                                      0.271     9.424 r  seg_OBUF[6]_inst_i_33/CO[0]
                         net (fo=2, routed)           0.607    10.031    seg_OBUF[6]_inst_i_33_n_3
    SLICE_X5Y15          LUT3 (Prop_lut3_I1_O)        0.373    10.404 r  seg_OBUF[4]_inst_i_8/O
                         net (fo=15, routed)          1.327    11.731    seg_OBUF[4]_inst_i_8_n_0
    SLICE_X5Y17          LUT6 (Prop_lut6_I2_O)        0.124    11.855 f  seg_OBUF[6]_inst_i_24/O
                         net (fo=2, routed)           0.545    12.399    seg_OBUF[6]_inst_i_24_n_0
    SLICE_X7Y15          LUT6 (Prop_lut6_I0_O)        0.124    12.523 f  seg_OBUF[6]_inst_i_9/O
                         net (fo=2, routed)           0.819    13.342    seg_OBUF[6]_inst_i_9_n_0
    SLICE_X7Y17          LUT6 (Prop_lut6_I1_O)        0.124    13.466 f  seg_OBUF[6]_inst_i_2/O
                         net (fo=7, routed)           1.079    14.545    seg_OBUF[6]_inst_i_2_n_0
    SLICE_X11Y17         LUT6 (Prop_lut6_I0_O)        0.124    14.669 r  seg_OBUF[2]_inst_i_1/O
                         net (fo=1, routed)           3.347    18.016    seg_OBUF[2]
    U8                   OBUF (Prop_obuf_I_O)         3.535    21.551 r  seg_OBUF[2]_inst/O
                         net (fo=0)                   0.000    21.551    seg[2]
    U8                                                                r  seg[2] (OUT)
  -------------------------------------------------------------------    -------------------

Slack:                    inf
  Source:                 op2_reg[4]/C
                            (rising edge-triggered cell FDRE clocked by sys_clk_pin  {rise@0.000ns fall@5.000ns period=10.000ns})
  Destination:            seg[6]
                            (output port)
  Path Group:             (none)
  Path Type:              Max at Slow Process Corner
  Data Path Delay:        16.364ns  (logic 6.138ns (37.511%)  route 10.226ns (62.489%))
  Logic Levels:           11  (CARRY4=3 LUT3=2 LUT4=1 LUT6=4 OBUF=1)
  Clock Uncertainty:      0.025ns  ((TSJ^2 + TIJ^2)^1/2 + DJ) / 2 + PE
    Total System Jitter     (TSJ):    0.050ns
    Total Input Jitter      (TIJ):    0.000ns
    Discrete Jitter          (DJ):    0.000ns
    Phase Error              (PE):    0.000ns

    Location             Delay type                Incr(ns)  Path(ns)    Netlist Resource(s)
  -------------------------------------------------------------------    -------------------
                         (clock sys_clk_pin rise edge)
                                                      0.000     0.000 r  
    W5                                                0.000     0.000 r  clk (IN)
                         net (fo=0)                   0.000     0.000    clk
    W5                   IBUF (Prop_ibuf_I_O)         1.458     1.458 r  clk_IBUF_inst/O
                         net (fo=1, routed)           1.967     3.425    clk_IBUF
    BUFGCTRL_X0Y0        BUFG (Prop_bufg_I_O)         0.096     3.521 r  clk_IBUF_BUFG_inst/O
                         net (fo=32, routed)          1.633     5.154    clk_IBUF_BUFG
    SLICE_X1Y14          FDRE                                         r  op2_reg[4]/C
  -------------------------------------------------------------------    -------------------
    SLICE_X1Y14          FDRE (Prop_fdre_C_Q)         0.456     5.610 r  op2_reg[4]/Q
                         net (fo=5, routed)           1.189     6.800    op2[4]
    SLICE_X2Y15          LUT4 (Prop_lut4_I3_O)        0.124     6.924 r  neg_led_OBUF_inst_i_8/O
                         net (fo=1, routed)           0.000     6.924    neg_led_OBUF_inst_i_8_n_0
    SLICE_X2Y15          CARRY4 (Prop_carry4_S[2]_CO[3])
                                                      0.380     7.304 r  neg_led_OBUF_inst_i_2/CO[3]
                         net (fo=10, routed)          1.343     8.646    neg_led0
    SLICE_X4Y16          LUT3 (Prop_lut3_I2_O)        0.154     8.800 r  seg_OBUF[6]_inst_i_53/O
                         net (fo=1, routed)           0.000     8.800    p_1_in[6]
    SLICE_X4Y16          CARRY4 (Prop_carry4_DI[2]_CO[3])
                                                      0.353     9.153 r  seg_OBUF[6]_inst_i_34/CO[3]
                         net (fo=1, routed)           0.000     9.153    seg_OBUF[6]_inst_i_34_n_0
    SLICE_X4Y17          CARRY4 (Prop_carry4_CI_CO[0])
                                                      0.271     9.424 r  seg_OBUF[6]_inst_i_33/CO[0]
                         net (fo=2, routed)           0.607    10.031    seg_OBUF[6]_inst_i_33_n_3
    SLICE_X5Y15          LUT3 (Prop_lut3_I1_O)        0.373    10.404 r  seg_OBUF[4]_inst_i_8/O
                         net (fo=15, routed)          1.327    11.731    seg_OBUF[4]_inst_i_8_n_0
    SLICE_X5Y17          LUT6 (Prop_lut6_I2_O)        0.124    11.855 r  seg_OBUF[6]_inst_i_24/O
                         net (fo=2, routed)           0.545    12.399    seg_OBUF[6]_inst_i_24_n_0
    SLICE_X7Y15          LUT6 (Prop_lut6_I0_O)        0.124    12.523 r  seg_OBUF[6]_inst_i_9/O
                         net (fo=2, routed)           0.819    13.342    seg_OBUF[6]_inst_i_9_n_0
    SLICE_X7Y17          LUT6 (Prop_lut6_I1_O)        0.124    13.466 r  seg_OBUF[6]_inst_i_2/O
                         net (fo=7, routed)           1.268    14.735    seg_OBUF[6]_inst_i_2_n_0
    SLICE_X12Y17         LUT6 (Prop_lut6_I0_O)        0.124    14.859 r  seg_OBUF[6]_inst_i_1/O
                         net (fo=1, routed)           3.128    17.987    seg_OBUF[6]
    U7                   OBUF (Prop_obuf_I_O)         3.531    21.518 r  seg_OBUF[6]_inst/O
                         net (fo=0)                   0.000    21.518    seg[6]
    U7                                                                r  seg[6] (OUT)
  -------------------------------------------------------------------    -------------------

Slack:                    inf
  Source:                 op2_reg[4]/C
                            (rising edge-triggered cell FDRE clocked by sys_clk_pin  {rise@0.000ns fall@5.000ns period=10.000ns})
  Destination:            seg[5]
                            (output port)
  Path Group:             (none)
  Path Type:              Max at Slow Process Corner
  Data Path Delay:        16.294ns  (logic 6.111ns (37.506%)  route 10.183ns (62.494%))
  Logic Levels:           11  (CARRY4=3 LUT3=2 LUT4=1 LUT6=4 OBUF=1)
  Clock Uncertainty:      0.025ns  ((TSJ^2 + TIJ^2)^1/2 + DJ) / 2 + PE
    Total System Jitter     (TSJ):    0.050ns
    Total Input Jitter      (TIJ):    0.000ns
    Discrete Jitter          (DJ):    0.000ns
    Phase Error              (PE):    0.000ns

    Location             Delay type                Incr(ns)  Path(ns)    Netlist Resource(s)
  -------------------------------------------------------------------    -------------------
                         (clock sys_clk_pin rise edge)
                                                      0.000     0.000 r  
    W5                                                0.000     0.000 r  clk (IN)
                         net (fo=0)                   0.000     0.000    clk
    W5                   IBUF (Prop_ibuf_I_O)         1.458     1.458 r  clk_IBUF_inst/O
                         net (fo=1, routed)           1.967     3.425    clk_IBUF
    BUFGCTRL_X0Y0        BUFG (Prop_bufg_I_O)         0.096     3.521 r  clk_IBUF_BUFG_inst/O
                         net (fo=32, routed)          1.633     5.154    clk_IBUF_BUFG
    SLICE_X1Y14          FDRE                                         r  op2_reg[4]/C
  -------------------------------------------------------------------    -------------------
    SLICE_X1Y14          FDRE (Prop_fdre_C_Q)         0.456     5.610 r  op2_reg[4]/Q
                         net (fo=5, routed)           1.189     6.800    op2[4]
    SLICE_X2Y15          LUT4 (Prop_lut4_I3_O)        0.124     6.924 r  neg_led_OBUF_inst_i_8/O
                         net (fo=1, routed)           0.000     6.924    neg_led_OBUF_inst_i_8_n_0
    SLICE_X2Y15          CARRY4 (Prop_carry4_S[2]_CO[3])
                                                      0.380     7.304 r  neg_led_OBUF_inst_i_2/CO[3]
                         net (fo=10, routed)          1.343     8.646    neg_led0
    SLICE_X4Y16          LUT3 (Prop_lut3_I2_O)        0.154     8.800 r  seg_OBUF[6]_inst_i_53/O
                         net (fo=1, routed)           0.000     8.800    p_1_in[6]
    SLICE_X4Y16          CARRY4 (Prop_carry4_DI[2]_CO[3])
                                                      0.353     9.153 r  seg_OBUF[6]_inst_i_34/CO[3]
                         net (fo=1, routed)           0.000     9.153    seg_OBUF[6]_inst_i_34_n_0
    SLICE_X4Y17          CARRY4 (Prop_carry4_CI_CO[0])
                                                      0.271     9.424 r  seg_OBUF[6]_inst_i_33/CO[0]
                         net (fo=2, routed)           0.607    10.031    seg_OBUF[6]_inst_i_33_n_3
    SLICE_X5Y15          LUT3 (Prop_lut3_I1_O)        0.373    10.404 r  seg_OBUF[4]_inst_i_8/O
                         net (fo=15, routed)          1.316    11.720    seg_OBUF[4]_inst_i_8_n_0
    SLICE_X5Y17          LUT6 (Prop_lut6_I1_O)        0.124    11.844 r  seg_OBUF[6]_inst_i_15/O
                         net (fo=4, routed)           0.832    12.675    seg_OBUF[6]_inst_i_15_n_0
    SLICE_X7Y16          LUT6 (Prop_lut6_I2_O)        0.124    12.799 r  seg_OBUF[6]_inst_i_11/O
                         net (fo=2, routed)           0.682    13.481    seg_OBUF[6]_inst_i_11_n_0
    SLICE_X7Y16          LUT6 (Prop_lut6_I2_O)        0.124    13.605 r  seg_OBUF[6]_inst_i_5/O
                         net (fo=7, routed)           1.215    14.820    seg_OBUF[6]_inst_i_5_n_0
    SLICE_X12Y17         LUT6 (Prop_lut6_I5_O)        0.124    14.944 r  seg_OBUF[5]_inst_i_1/O
                         net (fo=1, routed)           3.001    17.944    seg_OBUF[5]
    V5                   OBUF (Prop_obuf_I_O)         3.504    21.449 r  seg_OBUF[5]_inst/O
                         net (fo=0)                   0.000    21.449    seg[5]
    V5                                                                r  seg[5] (OUT)
  -------------------------------------------------------------------    -------------------

Slack:                    inf
  Source:                 op2_reg[4]/C
                            (rising edge-triggered cell FDRE clocked by sys_clk_pin  {rise@0.000ns fall@5.000ns period=10.000ns})
  Destination:            seg[4]
                            (output port)
  Path Group:             (none)
  Path Type:              Max at Slow Process Corner
  Data Path Delay:        16.234ns  (logic 6.127ns (37.741%)  route 10.107ns (62.259%))
  Logic Levels:           11  (CARRY4=3 LUT3=2 LUT4=1 LUT6=4 OBUF=1)
  Clock Uncertainty:      0.025ns  ((TSJ^2 + TIJ^2)^1/2 + DJ) / 2 + PE
    Total System Jitter     (TSJ):    0.050ns
    Total Input Jitter      (TIJ):    0.000ns
    Discrete Jitter          (DJ):    0.000ns
    Phase Error              (PE):    0.000ns

    Location             Delay type                Incr(ns)  Path(ns)    Netlist Resource(s)
  -------------------------------------------------------------------    -------------------
                         (clock sys_clk_pin rise edge)
                                                      0.000     0.000 r  
    W5                                                0.000     0.000 r  clk (IN)
                         net (fo=0)                   0.000     0.000    clk
    W5                   IBUF (Prop_ibuf_I_O)         1.458     1.458 r  clk_IBUF_inst/O
                         net (fo=1, routed)           1.967     3.425    clk_IBUF
    BUFGCTRL_X0Y0        BUFG (Prop_bufg_I_O)         0.096     3.521 r  clk_IBUF_BUFG_inst/O
                         net (fo=32, routed)          1.633     5.154    clk_IBUF_BUFG
    SLICE_X1Y14          FDRE                                         r  op2_reg[4]/C
  -------------------------------------------------------------------    -------------------
    SLICE_X1Y14          FDRE (Prop_fdre_C_Q)         0.456     5.610 r  op2_reg[4]/Q
                         net (fo=5, routed)           1.189     6.800    op2[4]
    SLICE_X2Y15          LUT4 (Prop_lut4_I3_O)        0.124     6.924 r  neg_led_OBUF_inst_i_8/O
                         net (fo=1, routed)           0.000     6.924    neg_led_OBUF_inst_i_8_n_0
    SLICE_X2Y15          CARRY4 (Prop_carry4_S[2]_CO[3])
                                                      0.380     7.304 r  neg_led_OBUF_inst_i_2/CO[3]
                         net (fo=10, routed)          1.343     8.646    neg_led0
    SLICE_X4Y16          LUT3 (Prop_lut3_I2_O)        0.154     8.800 r  seg_OBUF[6]_inst_i_53/O
                         net (fo=1, routed)           0.000     8.800    p_1_in[6]
    SLICE_X4Y16          CARRY4 (Prop_carry4_DI[2]_CO[3])
                                                      0.353     9.153 r  seg_OBUF[6]_inst_i_34/CO[3]
                         net (fo=1, routed)           0.000     9.153    seg_OBUF[6]_inst_i_34_n_0
    SLICE_X4Y17          CARRY4 (Prop_carry4_CI_CO[0])
                                                      0.271     9.424 r  seg_OBUF[6]_inst_i_33/CO[0]
                         net (fo=2, routed)           0.607    10.031    seg_OBUF[6]_inst_i_33_n_3
    SLICE_X5Y15          LUT3 (Prop_lut3_I1_O)        0.373    10.404 r  seg_OBUF[4]_inst_i_8/O
                         net (fo=15, routed)          1.316    11.720    seg_OBUF[4]_inst_i_8_n_0
    SLICE_X5Y17          LUT6 (Prop_lut6_I1_O)        0.124    11.844 r  seg_OBUF[6]_inst_i_15/O
                         net (fo=4, routed)           0.832    12.675    seg_OBUF[6]_inst_i_15_n_0
    SLICE_X7Y16          LUT6 (Prop_lut6_I2_O)        0.124    12.799 r  seg_OBUF[6]_inst_i_11/O
                         net (fo=2, routed)           0.682    13.481    seg_OBUF[6]_inst_i_11_n_0
    SLICE_X7Y16          LUT6 (Prop_lut6_I2_O)        0.124    13.605 f  seg_OBUF[6]_inst_i_5/O
                         net (fo=7, routed)           0.925    14.530    seg_OBUF[6]_inst_i_5_n_0
    SLICE_X11Y17         LUT6 (Prop_lut6_I5_O)        0.124    14.654 r  seg_OBUF[4]_inst_i_1/O
                         net (fo=1, routed)           3.215    17.868    seg_OBUF[4]
    U5                   OBUF (Prop_obuf_I_O)         3.520    21.388 r  seg_OBUF[4]_inst/O
                         net (fo=0)                   0.000    21.388    seg[4]
    U5                                                                r  seg[4] (OUT)
  -------------------------------------------------------------------    -------------------

Slack:                    inf
  Source:                 op2_reg[0]/C
                            (rising edge-triggered cell FDRE clocked by sys_clk_pin  {rise@0.000ns fall@5.000ns period=10.000ns})
  Destination:            ovf_led
                            (output port)
  Path Group:             (none)
  Path Type:              Max at Slow Process Corner
  Data Path Delay:        10.977ns  (logic 5.678ns (51.724%)  route 5.299ns (48.276%))
  Logic Levels:           6  (CARRY4=3 LUT2=1 LUT3=1 OBUF=1)
  Clock Uncertainty:      0.025ns  ((TSJ^2 + TIJ^2)^1/2 + DJ) / 2 + PE
    Total System Jitter     (TSJ):    0.050ns
    Total Input Jitter      (TIJ):    0.000ns
    Discrete Jitter          (DJ):    0.000ns
    Phase Error              (PE):    0.000ns

    Location             Delay type                Incr(ns)  Path(ns)    Netlist Resource(s)
  -------------------------------------------------------------------    -------------------
                         (clock sys_clk_pin rise edge)
                                                      0.000     0.000 r  
    W5                                                0.000     0.000 r  clk (IN)
                         net (fo=0)                   0.000     0.000    clk
    W5                   IBUF (Prop_ibuf_I_O)         1.458     1.458 r  clk_IBUF_inst/O
                         net (fo=1, routed)           1.967     3.425    clk_IBUF
    BUFGCTRL_X0Y0        BUFG (Prop_bufg_I_O)         0.096     3.521 r  clk_IBUF_BUFG_inst/O
                         net (fo=32, routed)          1.633     5.154    clk_IBUF_BUFG
    SLICE_X0Y14          FDRE                                         r  op2_reg[0]/C
  -------------------------------------------------------------------    -------------------
    SLICE_X0Y14          FDRE (Prop_fdre_C_Q)         0.456     5.610 r  op2_reg[0]/Q
                         net (fo=5, routed)           0.962     6.572    op2[0]
    SLICE_X0Y15          LUT2 (Prop_lut2_I1_O)        0.124     6.696 r  seg_OBUF[6]_inst_i_39/O
                         net (fo=1, routed)           0.658     7.355    add_result1[0]
    SLICE_X1Y15          CARRY4 (Prop_carry4_CYINIT_CO[3])
                                                      0.580     7.935 r  seg_OBUF[6]_inst_i_25/CO[3]
                         net (fo=1, routed)           0.000     7.935    seg_OBUF[6]_inst_i_25_n_0
    SLICE_X1Y16          CARRY4 (Prop_carry4_CI_CO[3])
                                                      0.114     8.049 r  ovf_led_OBUF_inst_i_3/CO[3]
                         net (fo=1, routed)           0.000     8.049    ovf_led_OBUF_inst_i_3_n_0
    SLICE_X1Y17          CARRY4 (Prop_carry4_CI_CO[0])
                                                      0.271     8.320 r  ovf_led_OBUF_inst_i_2/CO[0]
                         net (fo=3, routed)           0.979     9.298    add_result[8]
    SLICE_X0Y15          LUT3 (Prop_lut3_I1_O)        0.401     9.699 r  ovf_led_OBUF_inst_i_1/O
                         net (fo=1, routed)           2.700    12.400    ovf_led_OBUF
    E19                  OBUF (Prop_obuf_I_O)         3.732    16.131 r  ovf_led_OBUF_inst/O
                         net (fo=0)                   0.000    16.131    ovf_led
    E19                                                               r  ovf_led (OUT)
  -------------------------------------------------------------------    -------------------

Slack:                    inf
  Source:                 scan_count_reg[14]/C
                            (rising edge-triggered cell FDRE clocked by sys_clk_pin  {rise@0.000ns fall@5.000ns period=10.000ns})
  Destination:            an[1]
                            (output port)
  Path Group:             (none)
  Path Type:              Max at Slow Process Corner
  Data Path Delay:        10.191ns  (logic 4.367ns (42.850%)  route 5.824ns (57.150%))
  Logic Levels:           2  (LUT2=1 OBUF=1)
  Clock Uncertainty:      0.025ns  ((TSJ^2 + TIJ^2)^1/2 + DJ) / 2 + PE
    Total System Jitter     (TSJ):    0.050ns
    Total Input Jitter      (TIJ):    0.000ns
    Discrete Jitter          (DJ):    0.000ns
    Phase Error              (PE):    0.000ns

    Location             Delay type                Incr(ns)  Path(ns)    Netlist Resource(s)
  -------------------------------------------------------------------    -------------------
                         (clock sys_clk_pin rise edge)
                                                      0.000     0.000 r  
    W5                                                0.000     0.000 r  clk (IN)
                         net (fo=0)                   0.000     0.000    clk
    W5                   IBUF (Prop_ibuf_I_O)         1.458     1.458 r  clk_IBUF_inst/O
                         net (fo=1, routed)           1.967     3.425    clk_IBUF
    BUFGCTRL_X0Y0        BUFG (Prop_bufg_I_O)         0.096     3.521 r  clk_IBUF_BUFG_inst/O
                         net (fo=32, routed)          1.562     5.083    clk_IBUF_BUFG
    SLICE_X8Y15          FDRE                                         r  scan_count_reg[14]/C
  -------------------------------------------------------------------    -------------------
    SLICE_X8Y15          FDRE (Prop_fdre_C_Q)         0.518     5.601 f  scan_count_reg[14]/Q
                         net (fo=13, routed)          1.952     7.553    sel[0]
    SLICE_X6Y17          LUT2 (Prop_lut2_I1_O)        0.146     7.699 r  an_OBUF[1]_inst_i_1/O
                         net (fo=1, routed)           3.872    11.572    an_OBUF[1]
    U4                   OBUF (Prop_obuf_I_O)         3.703    15.275 r  an_OBUF[1]_inst/O
                         net (fo=0)                   0.000    15.275    an[1]
    U4                                                                r  an[1] (OUT)
  -------------------------------------------------------------------    -------------------

Slack:                    inf
  Source:                 scan_count_reg[14]/C
                            (rising edge-triggered cell FDRE clocked by sys_clk_pin  {rise@0.000ns fall@5.000ns period=10.000ns})
  Destination:            an[2]
                            (output port)
  Path Group:             (none)
  Path Type:              Max at Slow Process Corner
  Data Path Delay:        9.839ns  (logic 4.393ns (44.650%)  route 5.446ns (55.350%))
  Logic Levels:           2  (LUT2=1 OBUF=1)
  Clock Uncertainty:      0.025ns  ((TSJ^2 + TIJ^2)^1/2 + DJ) / 2 + PE
    Total System Jitter     (TSJ):    0.050ns
    Total Input Jitter      (TIJ):    0.000ns
    Discrete Jitter          (DJ):    0.000ns
    Phase Error              (PE):    0.000ns

    Location             Delay type                Incr(ns)  Path(ns)    Netlist Resource(s)
  -------------------------------------------------------------------    -------------------
                         (clock sys_clk_pin rise edge)
                                                      0.000     0.000 r  
    W5                                                0.000     0.000 r  clk (IN)
                         net (fo=0)                   0.000     0.000    clk
    W5                   IBUF (Prop_ibuf_I_O)         1.458     1.458 r  clk_IBUF_inst/O
                         net (fo=1, routed)           1.967     3.425    clk_IBUF
    BUFGCTRL_X0Y0        BUFG (Prop_bufg_I_O)         0.096     3.521 r  clk_IBUF_BUFG_inst/O
                         net (fo=32, routed)          1.562     5.083    clk_IBUF_BUFG
    SLICE_X8Y15          FDRE                                         r  scan_count_reg[14]/C
  -------------------------------------------------------------------    -------------------
    SLICE_X8Y15          FDRE (Prop_fdre_C_Q)         0.518     5.601 r  scan_count_reg[14]/Q
                         net (fo=13, routed)          1.724     7.325    sel[0]
    SLICE_X7Y17          LUT2 (Prop_lut2_I0_O)        0.150     7.475 r  an_OBUF[2]_inst_i_1/O
                         net (fo=1, routed)           3.722    11.197    an_OBUF[2]
    V4                   OBUF (Prop_obuf_I_O)         3.725    14.922 r  an_OBUF[2]_inst/O
                         net (fo=0)                   0.000    14.922    an[2]
    V4                                                                r  an[2] (OUT)
  -------------------------------------------------------------------    -------------------





Min Delay Paths
--------------------------------------------------------------------------------------
Slack:                    inf
  Source:                 op1_reg[5]/C
                            (rising edge-triggered cell FDRE clocked by sys_clk_pin  {rise@0.000ns fall@5.000ns period=10.000ns})
  Destination:            neg_led
                            (output port)
  Path Group:             (none)
  Path Type:              Min at Fast Process Corner
  Data Path Delay:        2.522ns  (logic 1.525ns (60.467%)  route 0.997ns (39.533%))
  Logic Levels:           4  (CARRY4=1 LUT2=1 LUT4=1 OBUF=1)
  Clock Uncertainty:      0.025ns  ((TSJ^2 + TIJ^2)^1/2 + DJ) / 2 + PE
    Total System Jitter     (TSJ):    0.050ns
    Total Input Jitter      (TIJ):    0.000ns
    Discrete Jitter          (DJ):    0.000ns
    Phase Error              (PE):    0.000ns

    Location             Delay type                Incr(ns)  Path(ns)    Netlist Resource(s)
  -------------------------------------------------------------------    -------------------
                         (clock sys_clk_pin rise edge)
                                                      0.000     0.000 r  
    W5                                                0.000     0.000 r  clk (IN)
                         net (fo=0)                   0.000     0.000    clk
    W5                   IBUF (Prop_ibuf_I_O)         0.226     0.226 r  clk_IBUF_inst/O
                         net (fo=1, routed)           0.631     0.858    clk_IBUF
    BUFGCTRL_X0Y0        BUFG (Prop_bufg_I_O)         0.026     0.884 r  clk_IBUF_BUFG_inst/O
                         net (fo=32, routed)          0.591     1.474    clk_IBUF_BUFG
    SLICE_X1Y15          FDRE                                         r  op1_reg[5]/C
  -------------------------------------------------------------------    -------------------
    SLICE_X1Y15          FDRE (Prop_fdre_C_Q)         0.141     1.615 f  op1_reg[5]/Q
                         net (fo=6, routed)           0.157     1.772    op1[5]
    SLICE_X2Y15          LUT4 (Prop_lut4_I1_O)        0.049     1.821 r  neg_led_OBUF_inst_i_4/O
                         net (fo=1, routed)           0.000     1.821    neg_led_OBUF_inst_i_4_n_0
    SLICE_X2Y15          CARRY4 (Prop_carry4_DI[2]_CO[3])
                                                      0.084     1.905 r  neg_led_OBUF_inst_i_2/CO[3]
                         net (fo=10, routed)          0.387     2.292    neg_led0
    SLICE_X0Y15          LUT2 (Prop_lut2_I1_O)        0.045     2.337 r  neg_led_OBUF_inst_i_1/O
                         net (fo=1, routed)           0.453     2.790    neg_led_OBUF
    U16                  OBUF (Prop_obuf_I_O)         1.206     3.996 r  neg_led_OBUF_inst/O
                         net (fo=0)                   0.000     3.996    neg_led
    U16                                                               r  neg_led (OUT)
  -------------------------------------------------------------------    -------------------

Slack:                    inf
  Source:                 op1_reg[5]/C
                            (rising edge-triggered cell FDRE clocked by sys_clk_pin  {rise@0.000ns fall@5.000ns period=10.000ns})
  Destination:            ovf_led
                            (output port)
  Path Group:             (none)
  Path Type:              Min at Fast Process Corner
  Data Path Delay:        2.936ns  (logic 1.611ns (54.863%)  route 1.325ns (45.137%))
  Logic Levels:           4  (CARRY4=1 LUT3=1 LUT4=1 OBUF=1)
  Clock Uncertainty:      0.025ns  ((TSJ^2 + TIJ^2)^1/2 + DJ) / 2 + PE
    Total System Jitter     (TSJ):    0.050ns
    Total Input Jitter      (TIJ):    0.000ns
    Discrete Jitter          (DJ):    0.000ns
    Phase Error              (PE):    0.000ns

    Location             Delay type                Incr(ns)  Path(ns)    Netlist Resource(s)
  -------------------------------------------------------------------    -------------------
                         (clock sys_clk_pin rise edge)
                                                      0.000     0.000 r  
    W5                                                0.000     0.000 r  clk (IN)
                         net (fo=0)                   0.000     0.000    clk
    W5                   IBUF (Prop_ibuf_I_O)         0.226     0.226 r  clk_IBUF_inst/O
                         net (fo=1, routed)           0.631     0.858    clk_IBUF
    BUFGCTRL_X0Y0        BUFG (Prop_bufg_I_O)         0.026     0.884 r  clk_IBUF_BUFG_inst/O
                         net (fo=32, routed)          0.591     1.474    clk_IBUF_BUFG
    SLICE_X1Y15          FDRE                                         r  op1_reg[5]/C
  -------------------------------------------------------------------    -------------------
    SLICE_X1Y15          FDRE (Prop_fdre_C_Q)         0.141     1.615 f  op1_reg[5]/Q
                         net (fo=6, routed)           0.157     1.772    op1[5]
    SLICE_X2Y15          LUT4 (Prop_lut4_I1_O)        0.049     1.821 r  neg_led_OBUF_inst_i_4/O
                         net (fo=1, routed)           0.000     1.821    neg_led_OBUF_inst_i_4_n_0
    SLICE_X2Y15          CARRY4 (Prop_carry4_DI[2]_CO[3])
                                                      0.084     1.905 r  neg_led_OBUF_inst_i_2/CO[3]
                         net (fo=10, routed)          0.387     2.292    neg_led0
    SLICE_X0Y15          LUT3 (Prop_lut3_I0_O)        0.044     2.336 r  ovf_led_OBUF_inst_i_1/O
                         net (fo=1, routed)           0.781     3.117    ovf_led_OBUF
    E19                  OBUF (Prop_obuf_I_O)         1.293     4.410 r  ovf_led_OBUF_inst/O
                         net (fo=0)                   0.000     4.410    ovf_led
    E19                                                               r  ovf_led (OUT)
  -------------------------------------------------------------------    -------------------

Slack:                    inf
  Source:                 scan_count_reg[15]/C
                            (rising edge-triggered cell FDRE clocked by sys_clk_pin  {rise@0.000ns fall@5.000ns period=10.000ns})
  Destination:            seg[5]
                            (output port)
  Path Group:             (none)
  Path Type:              Min at Fast Process Corner
  Data Path Delay:        3.090ns  (logic 1.521ns (49.214%)  route 1.569ns (50.786%))
  Logic Levels:           3  (LUT3=1 LUT6=1 OBUF=1)
  Clock Uncertainty:      0.025ns  ((TSJ^2 + TIJ^2)^1/2 + DJ) / 2 + PE
    Total System Jitter     (TSJ):    0.050ns
    Total Input Jitter      (TIJ):    0.000ns
    Discrete Jitter          (DJ):    0.000ns
    Phase Error              (PE):    0.000ns

    Location             Delay type                Incr(ns)  Path(ns)    Netlist Resource(s)
  -------------------------------------------------------------------    -------------------
                         (clock sys_clk_pin rise edge)
                                                      0.000     0.000 r  
    W5                                                0.000     0.000 r  clk (IN)
                         net (fo=0)                   0.000     0.000    clk
    W5                   IBUF (Prop_ibuf_I_O)         0.226     0.226 r  clk_IBUF_inst/O
                         net (fo=1, routed)           0.631     0.858    clk_IBUF
    BUFGCTRL_X0Y0        BUFG (Prop_bufg_I_O)         0.026     0.884 r  clk_IBUF_BUFG_inst/O
                         net (fo=32, routed)          0.562     1.445    clk_IBUF_BUFG
    SLICE_X8Y15          FDRE                                         r  scan_count_reg[15]/C
  -------------------------------------------------------------------    -------------------
    SLICE_X8Y15          FDRE (Prop_fdre_C_Q)         0.164     1.609 f  scan_count_reg[15]/Q
                         net (fo=13, routed)          0.302     1.912    sel[1]
    SLICE_X9Y17          LUT3 (Prop_lut3_I2_O)        0.044     1.956 f  seg_OBUF[6]_inst_i_3/O
                         net (fo=4, routed)           0.243     2.199    seg_OBUF[6]_inst_i_3_n_0
    SLICE_X12Y17         LUT6 (Prop_lut6_I3_O)        0.107     2.306 r  seg_OBUF[5]_inst_i_1/O
                         net (fo=1, routed)           1.024     3.329    seg_OBUF[5]
    V5                   OBUF (Prop_obuf_I_O)         1.206     4.535 r  seg_OBUF[5]_inst/O
                         net (fo=0)                   0.000     4.535    seg[5]
    V5                                                                r  seg[5] (OUT)
  -------------------------------------------------------------------    -------------------

Slack:                    inf
  Source:                 scan_count_reg[15]/C
                            (rising edge-triggered cell FDRE clocked by sys_clk_pin  {rise@0.000ns fall@5.000ns period=10.000ns})
  Destination:            seg[6]
                            (output port)
  Path Group:             (none)
  Path Type:              Min at Fast Process Corner
  Data Path Delay:        3.188ns  (logic 1.547ns (48.537%)  route 1.641ns (51.463%))
  Logic Levels:           3  (LUT3=1 LUT6=1 OBUF=1)
  Clock Uncertainty:      0.025ns  ((TSJ^2 + TIJ^2)^1/2 + DJ) / 2 + PE
    Total System Jitter     (TSJ):    0.050ns
    Total Input Jitter      (TIJ):    0.000ns
    Discrete Jitter          (DJ):    0.000ns
    Phase Error              (PE):    0.000ns

    Location             Delay type                Incr(ns)  Path(ns)    Netlist Resource(s)
  -------------------------------------------------------------------    -------------------
                         (clock sys_clk_pin rise edge)
                                                      0.000     0.000 r  
    W5                                                0.000     0.000 r  clk (IN)
                         net (fo=0)                   0.000     0.000    clk
    W5                   IBUF (Prop_ibuf_I_O)         0.226     0.226 r  clk_IBUF_inst/O
                         net (fo=1, routed)           0.631     0.858    clk_IBUF
    BUFGCTRL_X0Y0        BUFG (Prop_bufg_I_O)         0.026     0.884 r  clk_IBUF_BUFG_inst/O
                         net (fo=32, routed)          0.562     1.445    clk_IBUF_BUFG
    SLICE_X8Y15          FDRE                                         r  scan_count_reg[15]/C
  -------------------------------------------------------------------    -------------------
    SLICE_X8Y15          FDRE (Prop_fdre_C_Q)         0.164     1.609 r  scan_count_reg[15]/Q
                         net (fo=13, routed)          0.302     1.912    sel[1]
    SLICE_X9Y17          LUT3 (Prop_lut3_I2_O)        0.044     1.956 r  seg_OBUF[6]_inst_i_3/O
                         net (fo=4, routed)           0.291     2.247    seg_OBUF[6]_inst_i_3_n_0
    SLICE_X12Y17         LUT6 (Prop_lut6_I1_O)        0.107     2.354 r  seg_OBUF[6]_inst_i_1/O
                         net (fo=1, routed)           1.047     3.401    seg_OBUF[6]
    U7                   OBUF (Prop_obuf_I_O)         1.232     4.633 r  seg_OBUF[6]_inst/O
                         net (fo=0)                   0.000     4.633    seg[6]
    U7                                                                r  seg[6] (OUT)
  -------------------------------------------------------------------    -------------------

Slack:                    inf
  Source:                 scan_count_reg[15]/C
                            (rising edge-triggered cell FDRE clocked by sys_clk_pin  {rise@0.000ns fall@5.000ns period=10.000ns})
  Destination:            seg[4]
                            (output port)
  Path Group:             (none)
  Path Type:              Min at Fast Process Corner
  Data Path Delay:        3.210ns  (logic 1.475ns (45.946%)  route 1.735ns (54.054%))
  Logic Levels:           3  (LUT2=1 LUT6=1 OBUF=1)
  Clock Uncertainty:      0.025ns  ((TSJ^2 + TIJ^2)^1/2 + DJ) / 2 + PE
    Total System Jitter     (TSJ):    0.050ns
    Total Input Jitter      (TIJ):    0.000ns
    Discrete Jitter          (DJ):    0.000ns
    Phase Error              (PE):    0.000ns

    Location             Delay type                Incr(ns)  Path(ns)    Netlist Resource(s)
  -------------------------------------------------------------------    -------------------
                         (clock sys_clk_pin rise edge)
                                                      0.000     0.000 r  
    W5                                                0.000     0.000 r  clk (IN)
                         net (fo=0)                   0.000     0.000    clk
    W5                   IBUF (Prop_ibuf_I_O)         0.226     0.226 r  clk_IBUF_inst/O
                         net (fo=1, routed)           0.631     0.858    clk_IBUF
    BUFGCTRL_X0Y0        BUFG (Prop_bufg_I_O)         0.026     0.884 r  clk_IBUF_BUFG_inst/O
                         net (fo=32, routed)          0.562     1.445    clk_IBUF_BUFG
    SLICE_X8Y15          FDRE                                         r  scan_count_reg[15]/C
  -------------------------------------------------------------------    -------------------
    SLICE_X8Y15          FDRE (Prop_fdre_C_Q)         0.164     1.609 r  scan_count_reg[15]/Q
                         net (fo=13, routed)          0.302     1.912    sel[1]
    SLICE_X9Y17          LUT2 (Prop_lut2_I0_O)        0.045     1.957 r  seg_OBUF[4]_inst_i_3/O
                         net (fo=3, routed)           0.300     2.257    seg_OBUF[4]_inst_i_3_n_0
    SLICE_X11Y17         LUT6 (Prop_lut6_I3_O)        0.045     2.302 r  seg_OBUF[4]_inst_i_1/O
                         net (fo=1, routed)           1.133     3.434    seg_OBUF[4]
    U5                   OBUF (Prop_obuf_I_O)         1.221     4.655 r  seg_OBUF[4]_inst/O
                         net (fo=0)                   0.000     4.655    seg[4]
    U5                                                                r  seg[4] (OUT)
  -------------------------------------------------------------------    -------------------

Slack:                    inf
  Source:                 scan_count_reg[15]/C
                            (rising edge-triggered cell FDRE clocked by sys_clk_pin  {rise@0.000ns fall@5.000ns period=10.000ns})
  Destination:            seg[1]
                            (output port)
  Path Group:             (none)
  Path Type:              Min at Fast Process Corner
  Data Path Delay:        3.230ns  (logic 1.484ns (45.952%)  route 1.746ns (54.048%))
  Logic Levels:           3  (LUT2=1 LUT6=1 OBUF=1)
  Clock Uncertainty:      0.025ns  ((TSJ^2 + TIJ^2)^1/2 + DJ) / 2 + PE
    Total System Jitter     (TSJ):    0.050ns
    Total Input Jitter      (TIJ):    0.000ns
    Discrete Jitter          (DJ):    0.000ns
    Phase Error              (PE):    0.000ns

    Location             Delay type                Incr(ns)  Path(ns)    Netlist Resource(s)
  -------------------------------------------------------------------    -------------------
                         (clock sys_clk_pin rise edge)
                                                      0.000     0.000 r  
    W5                                                0.000     0.000 r  clk (IN)
                         net (fo=0)                   0.000     0.000    clk
    W5                   IBUF (Prop_ibuf_I_O)         0.226     0.226 r  clk_IBUF_inst/O
                         net (fo=1, routed)           0.631     0.858    clk_IBUF
    BUFGCTRL_X0Y0        BUFG (Prop_bufg_I_O)         0.026     0.884 r  clk_IBUF_BUFG_inst/O
                         net (fo=32, routed)          0.562     1.445    clk_IBUF_BUFG
    SLICE_X8Y15          FDRE                                         r  scan_count_reg[15]/C
  -------------------------------------------------------------------    -------------------
    SLICE_X8Y15          FDRE (Prop_fdre_C_Q)         0.164     1.609 r  scan_count_reg[15]/Q
                         net (fo=13, routed)          0.302     1.912    sel[1]
    SLICE_X9Y17          LUT2 (Prop_lut2_I0_O)        0.045     1.957 r  seg_OBUF[4]_inst_i_3/O
                         net (fo=3, routed)           0.299     2.256    seg_OBUF[4]_inst_i_3_n_0
    SLICE_X11Y17         LUT6 (Prop_lut6_I1_O)        0.045     2.301 r  seg_OBUF[1]_inst_i_1/O
                         net (fo=1, routed)           1.144     3.445    seg_OBUF[1]
    W6                   OBUF (Prop_obuf_I_O)         1.230     4.675 r  seg_OBUF[1]_inst/O
                         net (fo=0)                   0.000     4.675    seg[1]
    W6                                                                r  seg[1] (OUT)
  -------------------------------------------------------------------    -------------------

Slack:                    inf
  Source:                 scan_count_reg[15]/C
                            (rising edge-triggered cell FDRE clocked by sys_clk_pin  {rise@0.000ns fall@5.000ns period=10.000ns})
  Destination:            seg[2]
                            (output port)
  Path Group:             (none)
  Path Type:              Min at Fast Process Corner
  Data Path Delay:        3.261ns  (logic 1.490ns (45.697%)  route 1.771ns (54.303%))
  Logic Levels:           3  (LUT2=1 LUT6=1 OBUF=1)
  Clock Uncertainty:      0.025ns  ((TSJ^2 + TIJ^2)^1/2 + DJ) / 2 + PE
    Total System Jitter     (TSJ):    0.050ns
    Total Input Jitter      (TIJ):    0.000ns
    Discrete Jitter          (DJ):    0.000ns
    Phase Error              (PE):    0.000ns

    Location             Delay type                Incr(ns)  Path(ns)    Netlist Resource(s)
  -------------------------------------------------------------------    -------------------
                         (clock sys_clk_pin rise edge)
                                                      0.000     0.000 r  
    W5                                                0.000     0.000 r  clk (IN)
                         net (fo=0)                   0.000     0.000    clk
    W5                   IBUF (Prop_ibuf_I_O)         0.226     0.226 r  clk_IBUF_inst/O
                         net (fo=1, routed)           0.631     0.858    clk_IBUF
    BUFGCTRL_X0Y0        BUFG (Prop_bufg_I_O)         0.026     0.884 r  clk_IBUF_BUFG_inst/O
                         net (fo=32, routed)          0.562     1.445    clk_IBUF_BUFG
    SLICE_X8Y15          FDRE                                         r  scan_count_reg[15]/C
  -------------------------------------------------------------------    -------------------
    SLICE_X8Y15          FDRE (Prop_fdre_C_Q)         0.164     1.609 f  scan_count_reg[15]/Q
                         net (fo=13, routed)          0.302     1.912    sel[1]
    SLICE_X9Y17          LUT2 (Prop_lut2_I0_O)        0.045     1.957 f  seg_OBUF[4]_inst_i_3/O
                         net (fo=3, routed)           0.299     2.256    seg_OBUF[4]_inst_i_3_n_0
    SLICE_X11Y17         LUT6 (Prop_lut6_I4_O)        0.045     2.301 r  seg_OBUF[2]_inst_i_1/O
                         net (fo=1, routed)           1.169     3.470    seg_OBUF[2]
    U8                   OBUF (Prop_obuf_I_O)         1.236     4.706 r  seg_OBUF[2]_inst/O
                         net (fo=0)                   0.000     4.706    seg[2]
    U8                                                                r  seg[2] (OUT)
  -------------------------------------------------------------------    -------------------

Slack:                    inf
  Source:                 scan_count_reg[15]/C
                            (rising edge-triggered cell FDRE clocked by sys_clk_pin  {rise@0.000ns fall@5.000ns period=10.000ns})
  Destination:            seg[3]
                            (output port)
  Path Group:             (none)
  Path Type:              Min at Fast Process Corner
  Data Path Delay:        3.316ns  (logic 1.490ns (44.945%)  route 1.826ns (55.055%))
  Logic Levels:           3  (LUT6=2 OBUF=1)
  Clock Uncertainty:      0.025ns  ((TSJ^2 + TIJ^2)^1/2 + DJ) / 2 + PE
    Total System Jitter     (TSJ):    0.050ns
    Total Input Jitter      (TIJ):    0.000ns
    Discrete Jitter          (DJ):    0.000ns
    Phase Error              (PE):    0.000ns

    Location             Delay type                Incr(ns)  Path(ns)    Netlist Resource(s)
  -------------------------------------------------------------------    -------------------
                         (clock sys_clk_pin rise edge)
                                                      0.000     0.000 r  
    W5                                                0.000     0.000 r  clk (IN)
                         net (fo=0)                   0.000     0.000    clk
    W5                   IBUF (Prop_ibuf_I_O)         0.226     0.226 r  clk_IBUF_inst/O
                         net (fo=1, routed)           0.631     0.858    clk_IBUF
    BUFGCTRL_X0Y0        BUFG (Prop_bufg_I_O)         0.026     0.884 r  clk_IBUF_BUFG_inst/O
                         net (fo=32, routed)          0.562     1.445    clk_IBUF_BUFG
    SLICE_X8Y15          FDRE                                         r  scan_count_reg[15]/C
  -------------------------------------------------------------------    -------------------
    SLICE_X8Y15          FDRE (Prop_fdre_C_Q)         0.164     1.609 r  scan_count_reg[15]/Q
                         net (fo=13, routed)          0.330     1.939    sel[1]
    SLICE_X7Y17          LUT6 (Prop_lut6_I4_O)        0.045     1.984 r  seg_OBUF[6]_inst_i_2/O
                         net (fo=7, routed)           0.394     2.378    seg_OBUF[6]_inst_i_2_n_0
    SLICE_X12Y17         LUT6 (Prop_lut6_I3_O)        0.045     2.423 r  seg_OBUF[3]_inst_i_1/O
                         net (fo=1, routed)           1.101     3.525    seg_OBUF[3]
    V8                   OBUF (Prop_obuf_I_O)         1.236     4.761 r  seg_OBUF[3]_inst/O
                         net (fo=0)                   0.000     4.761    seg[3]
    V8                                                                r  seg[3] (OUT)
  -------------------------------------------------------------------    -------------------

Slack:                    inf
  Source:                 scan_count_reg[15]/C
                            (rising edge-triggered cell FDRE clocked by sys_clk_pin  {rise@0.000ns fall@5.000ns period=10.000ns})
  Destination:            an[0]
                            (output port)
  Path Group:             (none)
  Path Type:              Min at Fast Process Corner
  Data Path Delay:        3.332ns  (logic 1.413ns (42.412%)  route 1.919ns (57.588%))
  Logic Levels:           2  (LUT2=1 OBUF=1)
  Clock Uncertainty:      0.025ns  ((TSJ^2 + TIJ^2)^1/2 + DJ) / 2 + PE
    Total System Jitter     (TSJ):    0.050ns
    Total Input Jitter      (TIJ):    0.000ns
    Discrete Jitter          (DJ):    0.000ns
    Phase Error              (PE):    0.000ns

    Location             Delay type                Incr(ns)  Path(ns)    Netlist Resource(s)
  -------------------------------------------------------------------    -------------------
                         (clock sys_clk_pin rise edge)
                                                      0.000     0.000 r  
    W5                                                0.000     0.000 r  clk (IN)
                         net (fo=0)                   0.000     0.000    clk
    W5                   IBUF (Prop_ibuf_I_O)         0.226     0.226 r  clk_IBUF_inst/O
                         net (fo=1, routed)           0.631     0.858    clk_IBUF
    BUFGCTRL_X0Y0        BUFG (Prop_bufg_I_O)         0.026     0.884 r  clk_IBUF_BUFG_inst/O
                         net (fo=32, routed)          0.562     1.445    clk_IBUF_BUFG
    SLICE_X8Y15          FDRE                                         r  scan_count_reg[15]/C
  -------------------------------------------------------------------    -------------------
    SLICE_X8Y15          FDRE (Prop_fdre_C_Q)         0.164     1.609 r  scan_count_reg[15]/Q
                         net (fo=13, routed)          0.417     2.026    sel[1]
    SLICE_X6Y17          LUT2 (Prop_lut2_I1_O)        0.045     2.071 r  an_OBUF[0]_inst_i_1/O
                         net (fo=2, routed)           1.502     3.573    an_OBUF[0]
    U2                   OBUF (Prop_obuf_I_O)         1.204     4.777 r  an_OBUF[0]_inst/O
                         net (fo=0)                   0.000     4.777    an[0]
    U2                                                                r  an[0] (OUT)
  -------------------------------------------------------------------    -------------------

Slack:                    inf
  Source:                 scan_count_reg[15]/C
                            (rising edge-triggered cell FDRE clocked by sys_clk_pin  {rise@0.000ns fall@5.000ns period=10.000ns})
  Destination:            an[2]
                            (output port)
  Path Group:             (none)
  Path Type:              Min at Fast Process Corner
  Data Path Delay:        3.403ns  (logic 1.494ns (43.906%)  route 1.909ns (56.094%))
  Logic Levels:           2  (LUT2=1 OBUF=1)
  Clock Uncertainty:      0.025ns  ((TSJ^2 + TIJ^2)^1/2 + DJ) / 2 + PE
    Total System Jitter     (TSJ):    0.050ns
    Total Input Jitter      (TIJ):    0.000ns
    Discrete Jitter          (DJ):    0.000ns
    Phase Error              (PE):    0.000ns

    Location             Delay type                Incr(ns)  Path(ns)    Netlist Resource(s)
  -------------------------------------------------------------------    -------------------
                         (clock sys_clk_pin rise edge)
                                                      0.000     0.000 r  
    W5                                                0.000     0.000 r  clk (IN)
                         net (fo=0)                   0.000     0.000    clk
    W5                   IBUF (Prop_ibuf_I_O)         0.226     0.226 r  clk_IBUF_inst/O
                         net (fo=1, routed)           0.631     0.858    clk_IBUF
    BUFGCTRL_X0Y0        BUFG (Prop_bufg_I_O)         0.026     0.884 r  clk_IBUF_BUFG_inst/O
                         net (fo=32, routed)          0.562     1.445    clk_IBUF_BUFG
    SLICE_X8Y15          FDRE                                         r  scan_count_reg[15]/C
  -------------------------------------------------------------------    -------------------
    SLICE_X8Y15          FDRE (Prop_fdre_C_Q)         0.164     1.609 f  scan_count_reg[15]/Q
                         net (fo=13, routed)          0.501     2.110    sel[1]
    SLICE_X7Y17          LUT2 (Prop_lut2_I1_O)        0.044     2.154 r  an_OBUF[2]_inst_i_1/O
                         net (fo=1, routed)           1.408     3.562    an_OBUF[2]
    V4                   OBUF (Prop_obuf_I_O)         1.286     4.848 r  an_OBUF[2]_inst/O
                         net (fo=0)                   0.000     4.848    an[2]
    V4                                                                r  an[2] (OUT)
  -------------------------------------------------------------------    -------------------





--------------------------------------------------------------------------------------
Path Group:  (none)
From Clock:  
  To Clock:  sys_clk_pin

Max Delay            32 Endpoints
Min Delay            32 Endpoints
--------------------------------------------------------------------------------------


Max Delay Paths
--------------------------------------------------------------------------------------
Slack:                    inf
  Source:                 sw[6]
                            (input port)
  Destination:            op1_reg[6]/D
                            (rising edge-triggered cell FDRE clocked by sys_clk_pin  {rise@0.000ns fall@5.000ns period=10.000ns})
  Path Group:             (none)
  Path Type:              Setup (Max at Slow Process Corner)
  Data Path Delay:        3.653ns  (logic 1.450ns (39.692%)  route 2.203ns (60.308%))
  Logic Levels:           1  (IBUF=1)
  Clock Path Skew:        4.854ns (DCD - SCD + CPR)
    Destination Clock Delay (DCD):    4.854ns
    Source Clock Delay      (SCD):    0.000ns
    Clock Pessimism Removal (CPR):    0.000ns
  Clock Uncertainty:      0.025ns  ((TSJ^2 + TIJ^2)^1/2 + DJ) / 2 + PE
    Total System Jitter     (TSJ):    0.050ns
    Total Input Jitter      (TIJ):    0.000ns
    Discrete Jitter          (DJ):    0.000ns
    Phase Error              (PE):    0.000ns

    Location             Delay type                Incr(ns)  Path(ns)    Netlist Resource(s)
  -------------------------------------------------------------------    -------------------
    W14                                               0.000     0.000 r  sw[6] (IN)
                         net (fo=0)                   0.000     0.000    sw[6]
    W14                  IBUF (Prop_ibuf_I_O)         1.450     1.450 r  sw_IBUF[6]_inst/O
                         net (fo=2, routed)           2.203     3.653    sw_IBUF[6]
    SLICE_X1Y15          FDRE                                         r  op1_reg[6]/D
  -------------------------------------------------------------------    -------------------

                         (clock sys_clk_pin rise edge)
                                                      0.000     0.000 r  
    W5                                                0.000     0.000 r  clk (IN)
                         net (fo=0)                   0.000     0.000    clk
    W5                   IBUF (Prop_ibuf_I_O)         1.388     1.388 r  clk_IBUF_inst/O
                         net (fo=1, routed)           1.862     3.250    clk_IBUF
    BUFGCTRL_X0Y0        BUFG (Prop_bufg_I_O)         0.091     3.341 r  clk_IBUF_BUFG_inst/O
                         net (fo=32, routed)          1.513     4.854    clk_IBUF_BUFG
    SLICE_X1Y15          FDRE                                         r  op1_reg[6]/C

Slack:                    inf
  Source:                 sw[7]
                            (input port)
  Destination:            op2_reg[7]/D
                            (rising edge-triggered cell FDRE clocked by sys_clk_pin  {rise@0.000ns fall@5.000ns period=10.000ns})
  Path Group:             (none)
  Path Type:              Setup (Max at Slow Process Corner)
  Data Path Delay:        3.372ns  (logic 1.459ns (43.263%)  route 1.913ns (56.737%))
  Logic Levels:           1  (IBUF=1)
  Clock Path Skew:        4.852ns (DCD - SCD + CPR)
    Destination Clock Delay (DCD):    4.852ns
    Source Clock Delay      (SCD):    0.000ns
    Clock Pessimism Removal (CPR):    0.000ns
  Clock Uncertainty:      0.025ns  ((TSJ^2 + TIJ^2)^1/2 + DJ) / 2 + PE
    Total System Jitter     (TSJ):    0.050ns
    Total Input Jitter      (TIJ):    0.000ns
    Discrete Jitter          (DJ):    0.000ns
    Phase Error              (PE):    0.000ns

    Location             Delay type                Incr(ns)  Path(ns)    Netlist Resource(s)
  -------------------------------------------------------------------    -------------------
    W13                                               0.000     0.000 r  sw[7] (IN)
                         net (fo=0)                   0.000     0.000    sw[7]
    W13                  IBUF (Prop_ibuf_I_O)         1.459     1.459 r  sw_IBUF[7]_inst/O
                         net (fo=2, routed)           1.913     3.372    sw_IBUF[7]
    SLICE_X1Y17          FDRE                                         r  op2_reg[7]/D
  -------------------------------------------------------------------    -------------------

                         (clock sys_clk_pin rise edge)
                                                      0.000     0.000 r  
    W5                                                0.000     0.000 r  clk (IN)
                         net (fo=0)                   0.000     0.000    clk
    W5                   IBUF (Prop_ibuf_I_O)         1.388     1.388 r  clk_IBUF_inst/O
                         net (fo=1, routed)           1.862     3.250    clk_IBUF
    BUFGCTRL_X0Y0        BUFG (Prop_bufg_I_O)         0.091     3.341 r  clk_IBUF_BUFG_inst/O
                         net (fo=32, routed)          1.511     4.852    clk_IBUF_BUFG
    SLICE_X1Y17          FDRE                                         r  op2_reg[7]/C

Slack:                    inf
  Source:                 sw[5]
                            (input port)
  Destination:            op1_reg[5]/D
                            (rising edge-triggered cell FDRE clocked by sys_clk_pin  {rise@0.000ns fall@5.000ns period=10.000ns})
  Path Group:             (none)
  Path Type:              Setup (Max at Slow Process Corner)
  Data Path Delay:        3.292ns  (logic 1.466ns (44.529%)  route 1.826ns (55.471%))
  Logic Levels:           1  (IBUF=1)
  Clock Path Skew:        4.854ns (DCD - SCD + CPR)
    Destination Clock Delay (DCD):    4.854ns
    Source Clock Delay      (SCD):    0.000ns
    Clock Pessimism Removal (CPR):    0.000ns
  Clock Uncertainty:      0.025ns  ((TSJ^2 + TIJ^2)^1/2 + DJ) / 2 + PE
    Total System Jitter     (TSJ):    0.050ns
    Total Input Jitter      (TIJ):    0.000ns
    Discrete Jitter          (DJ):    0.000ns
    Phase Error              (PE):    0.000ns

    Location             Delay type                Incr(ns)  Path(ns)    Netlist Resource(s)
  -------------------------------------------------------------------    -------------------
    V15                                               0.000     0.000 r  sw[5] (IN)
                         net (fo=0)                   0.000     0.000    sw[5]
    V15                  IBUF (Prop_ibuf_I_O)         1.466     1.466 r  sw_IBUF[5]_inst/O
                         net (fo=2, routed)           1.826     3.292    sw_IBUF[5]
    SLICE_X1Y15          FDRE                                         r  op1_reg[5]/D
  -------------------------------------------------------------------    -------------------

                         (clock sys_clk_pin rise edge)
                                                      0.000     0.000 r  
    W5                                                0.000     0.000 r  clk (IN)
                         net (fo=0)                   0.000     0.000    clk
    W5                   IBUF (Prop_ibuf_I_O)         1.388     1.388 r  clk_IBUF_inst/O
                         net (fo=1, routed)           1.862     3.250    clk_IBUF
    BUFGCTRL_X0Y0        BUFG (Prop_bufg_I_O)         0.091     3.341 r  clk_IBUF_BUFG_inst/O
                         net (fo=32, routed)          1.513     4.854    clk_IBUF_BUFG
    SLICE_X1Y15          FDRE                                         r  op1_reg[5]/C

Slack:                    inf
  Source:                 sw[7]
                            (input port)
  Destination:            op1_reg[7]/D
                            (rising edge-triggered cell FDRE clocked by sys_clk_pin  {rise@0.000ns fall@5.000ns period=10.000ns})
  Path Group:             (none)
  Path Type:              Setup (Max at Slow Process Corner)
  Data Path Delay:        3.232ns  (logic 1.459ns (45.137%)  route 1.773ns (54.863%))
  Logic Levels:           1  (IBUF=1)
  Clock Path Skew:        4.853ns (DCD - SCD + CPR)
    Destination Clock Delay (DCD):    4.853ns
    Source Clock Delay      (SCD):    0.000ns
    Clock Pessimism Removal (CPR):    0.000ns
  Clock Uncertainty:      0.025ns  ((TSJ^2 + TIJ^2)^1/2 + DJ) / 2 + PE
    Total System Jitter     (TSJ):    0.050ns
    Total Input Jitter      (TIJ):    0.000ns
    Discrete Jitter          (DJ):    0.000ns
    Phase Error              (PE):    0.000ns

    Location             Delay type                Incr(ns)  Path(ns)    Netlist Resource(s)
  -------------------------------------------------------------------    -------------------
    W13                                               0.000     0.000 r  sw[7] (IN)
                         net (fo=0)                   0.000     0.000    sw[7]
    W13                  IBUF (Prop_ibuf_I_O)         1.459     1.459 r  sw_IBUF[7]_inst/O
                         net (fo=2, routed)           1.773     3.232    sw_IBUF[7]
    SLICE_X1Y16          FDRE                                         r  op1_reg[7]/D
  -------------------------------------------------------------------    -------------------

                         (clock sys_clk_pin rise edge)
                                                      0.000     0.000 r  
    W5                                                0.000     0.000 r  clk (IN)
                         net (fo=0)                   0.000     0.000    clk
    W5                   IBUF (Prop_ibuf_I_O)         1.388     1.388 r  clk_IBUF_inst/O
                         net (fo=1, routed)           1.862     3.250    clk_IBUF
    BUFGCTRL_X0Y0        BUFG (Prop_bufg_I_O)         0.091     3.341 r  clk_IBUF_BUFG_inst/O
                         net (fo=32, routed)          1.512     4.853    clk_IBUF_BUFG
    SLICE_X1Y16          FDRE                                         r  op1_reg[7]/C

Slack:                    inf
  Source:                 sw[6]
                            (input port)
  Destination:            op2_reg[6]/D
                            (rising edge-triggered cell FDRE clocked by sys_clk_pin  {rise@0.000ns fall@5.000ns period=10.000ns})
  Path Group:             (none)
  Path Type:              Setup (Max at Slow Process Corner)
  Data Path Delay:        3.044ns  (logic 1.450ns (47.619%)  route 1.595ns (52.381%))
  Logic Levels:           1  (IBUF=1)
  Clock Path Skew:        4.855ns (DCD - SCD + CPR)
    Destination Clock Delay (DCD):    4.855ns
    Source Clock Delay      (SCD):    0.000ns
    Clock Pessimism Removal (CPR):    0.000ns
  Clock Uncertainty:      0.025ns  ((TSJ^2 + TIJ^2)^1/2 + DJ) / 2 + PE
    Total System Jitter     (TSJ):    0.050ns
    Total Input Jitter      (TIJ):    0.000ns
    Discrete Jitter          (DJ):    0.000ns
    Phase Error              (PE):    0.000ns

    Location             Delay type                Incr(ns)  Path(ns)    Netlist Resource(s)
  -------------------------------------------------------------------    -------------------
    W14                                               0.000     0.000 r  sw[6] (IN)
                         net (fo=0)                   0.000     0.000    sw[6]
    W14                  IBUF (Prop_ibuf_I_O)         1.450     1.450 r  sw_IBUF[6]_inst/O
                         net (fo=2, routed)           1.595     3.044    sw_IBUF[6]
    SLICE_X1Y14          FDRE                                         r  op2_reg[6]/D
  -------------------------------------------------------------------    -------------------

                         (clock sys_clk_pin rise edge)
                                                      0.000     0.000 r  
    W5                                                0.000     0.000 r  clk (IN)
                         net (fo=0)                   0.000     0.000    clk
    W5                   IBUF (Prop_ibuf_I_O)         1.388     1.388 r  clk_IBUF_inst/O
                         net (fo=1, routed)           1.862     3.250    clk_IBUF
    BUFGCTRL_X0Y0        BUFG (Prop_bufg_I_O)         0.091     3.341 r  clk_IBUF_BUFG_inst/O
                         net (fo=32, routed)          1.514     4.855    clk_IBUF_BUFG
    SLICE_X1Y14          FDRE                                         r  op2_reg[6]/C

Slack:                    inf
  Source:                 sw[2]
                            (input port)
  Destination:            op1_reg[2]/D
                            (rising edge-triggered cell FDRE clocked by sys_clk_pin  {rise@0.000ns fall@5.000ns period=10.000ns})
  Path Group:             (none)
  Path Type:              Setup (Max at Slow Process Corner)
  Data Path Delay:        2.820ns  (logic 1.464ns (51.907%)  route 1.356ns (48.093%))
  Logic Levels:           1  (IBUF=1)
  Clock Path Skew:        4.854ns (DCD - SCD + CPR)
    Destination Clock Delay (DCD):    4.854ns
    Source Clock Delay      (SCD):    0.000ns
    Clock Pessimism Removal (CPR):    0.000ns
  Clock Uncertainty:      0.025ns  ((TSJ^2 + TIJ^2)^1/2 + DJ) / 2 + PE
    Total System Jitter     (TSJ):    0.050ns
    Total Input Jitter      (TIJ):    0.000ns
    Discrete Jitter          (DJ):    0.000ns
    Phase Error              (PE):    0.000ns

    Location             Delay type                Incr(ns)  Path(ns)    Netlist Resource(s)
  -------------------------------------------------------------------    -------------------
    W16                                               0.000     0.000 r  sw[2] (IN)
                         net (fo=0)                   0.000     0.000    sw[2]
    W16                  IBUF (Prop_ibuf_I_O)         1.464     1.464 r  sw_IBUF[2]_inst/O
                         net (fo=2, routed)           1.356     2.820    sw_IBUF[2]
    SLICE_X0Y15          FDRE                                         r  op1_reg[2]/D
  -------------------------------------------------------------------    -------------------

                         (clock sys_clk_pin rise edge)
                                                      0.000     0.000 r  
    W5                                                0.000     0.000 r  clk (IN)
                         net (fo=0)                   0.000     0.000    clk
    W5                   IBUF (Prop_ibuf_I_O)         1.388     1.388 r  clk_IBUF_inst/O
                         net (fo=1, routed)           1.862     3.250    clk_IBUF
    BUFGCTRL_X0Y0        BUFG (Prop_bufg_I_O)         0.091     3.341 r  clk_IBUF_BUFG_inst/O
                         net (fo=32, routed)          1.513     4.854    clk_IBUF_BUFG
    SLICE_X0Y15          FDRE                                         r  op1_reg[2]/C

Slack:                    inf
  Source:                 sw[4]
                            (input port)
  Destination:            op1_reg[4]/D
                            (rising edge-triggered cell FDRE clocked by sys_clk_pin  {rise@0.000ns fall@5.000ns period=10.000ns})
  Path Group:             (none)
  Path Type:              Setup (Max at Slow Process Corner)
  Data Path Delay:        2.761ns  (logic 1.451ns (52.550%)  route 1.310ns (47.450%))
  Logic Levels:           1  (IBUF=1)
  Clock Path Skew:        4.854ns (DCD - SCD + CPR)
    Destination Clock Delay (DCD):    4.854ns
    Source Clock Delay      (SCD):    0.000ns
    Clock Pessimism Removal (CPR):    0.000ns
  Clock Uncertainty:      0.025ns  ((TSJ^2 + TIJ^2)^1/2 + DJ) / 2 + PE
    Total System Jitter     (TSJ):    0.050ns
    Total Input Jitter      (TIJ):    0.000ns
    Discrete Jitter          (DJ):    0.000ns
    Phase Error              (PE):    0.000ns

    Location             Delay type                Incr(ns)  Path(ns)    Netlist Resource(s)
  -------------------------------------------------------------------    -------------------
    W15                                               0.000     0.000 r  sw[4] (IN)
                         net (fo=0)                   0.000     0.000    sw[4]
    W15                  IBUF (Prop_ibuf_I_O)         1.451     1.451 r  sw_IBUF[4]_inst/O
                         net (fo=2, routed)           1.310     2.761    sw_IBUF[4]
    SLICE_X1Y15          FDRE                                         r  op1_reg[4]/D
  -------------------------------------------------------------------    -------------------

                         (clock sys_clk_pin rise edge)
                                                      0.000     0.000 r  
    W5                                                0.000     0.000 r  clk (IN)
                         net (fo=0)                   0.000     0.000    clk
    W5                   IBUF (Prop_ibuf_I_O)         1.388     1.388 r  clk_IBUF_inst/O
                         net (fo=1, routed)           1.862     3.250    clk_IBUF
    BUFGCTRL_X0Y0        BUFG (Prop_bufg_I_O)         0.091     3.341 r  clk_IBUF_BUFG_inst/O
                         net (fo=32, routed)          1.513     4.854    clk_IBUF_BUFG
    SLICE_X1Y15          FDRE                                         r  op1_reg[4]/C

Slack:                    inf
  Source:                 sw[0]
                            (input port)
  Destination:            op1_reg[0]/D
                            (rising edge-triggered cell FDRE clocked by sys_clk_pin  {rise@0.000ns fall@5.000ns period=10.000ns})
  Path Group:             (none)
  Path Type:              Setup (Max at Slow Process Corner)
  Data Path Delay:        2.701ns  (logic 1.453ns (53.794%)  route 1.248ns (46.206%))
  Logic Levels:           1  (IBUF=1)
  Clock Path Skew:        4.854ns (DCD - SCD + CPR)
    Destination Clock Delay (DCD):    4.854ns
    Source Clock Delay      (SCD):    0.000ns
    Clock Pessimism Removal (CPR):    0.000ns
  Clock Uncertainty:      0.025ns  ((TSJ^2 + TIJ^2)^1/2 + DJ) / 2 + PE
    Total System Jitter     (TSJ):    0.050ns
    Total Input Jitter      (TIJ):    0.000ns
    Discrete Jitter          (DJ):    0.000ns
    Phase Error              (PE):    0.000ns

    Location             Delay type                Incr(ns)  Path(ns)    Netlist Resource(s)
  -------------------------------------------------------------------    -------------------
    V17                                               0.000     0.000 r  sw[0] (IN)
                         net (fo=0)                   0.000     0.000    sw[0]
    V17                  IBUF (Prop_ibuf_I_O)         1.453     1.453 r  sw_IBUF[0]_inst/O
                         net (fo=2, routed)           1.248     2.701    sw_IBUF[0]
    SLICE_X0Y15          FDRE                                         r  op1_reg[0]/D
  -------------------------------------------------------------------    -------------------

                         (clock sys_clk_pin rise edge)
                                                      0.000     0.000 r  
    W5                                                0.000     0.000 r  clk (IN)
                         net (fo=0)                   0.000     0.000    clk
    W5                   IBUF (Prop_ibuf_I_O)         1.388     1.388 r  clk_IBUF_inst/O
                         net (fo=1, routed)           1.862     3.250    clk_IBUF
    BUFGCTRL_X0Y0        BUFG (Prop_bufg_I_O)         0.091     3.341 r  clk_IBUF_BUFG_inst/O
                         net (fo=32, routed)          1.513     4.854    clk_IBUF_BUFG
    SLICE_X0Y15          FDRE                                         r  op1_reg[0]/C

Slack:                    inf
  Source:                 sw[5]
                            (input port)
  Destination:            op2_reg[5]/D
                            (rising edge-triggered cell FDRE clocked by sys_clk_pin  {rise@0.000ns fall@5.000ns period=10.000ns})
  Path Group:             (none)
  Path Type:              Setup (Max at Slow Process Corner)
  Data Path Delay:        2.698ns  (logic 1.466ns (54.333%)  route 1.232ns (45.667%))
  Logic Levels:           1  (IBUF=1)
  Clock Path Skew:        4.855ns (DCD - SCD + CPR)
    Destination Clock Delay (DCD):    4.855ns
    Source Clock Delay      (SCD):    0.000ns
    Clock Pessimism Removal (CPR):    0.000ns
  Clock Uncertainty:      0.025ns  ((TSJ^2 + TIJ^2)^1/2 + DJ) / 2 + PE
    Total System Jitter     (TSJ):    0.050ns
    Total Input Jitter      (TIJ):    0.000ns
    Discrete Jitter          (DJ):    0.000ns
    Phase Error              (PE):    0.000ns

    Location             Delay type                Incr(ns)  Path(ns)    Netlist Resource(s)
  -------------------------------------------------------------------    -------------------
    V15                                               0.000     0.000 r  sw[5] (IN)
                         net (fo=0)                   0.000     0.000    sw[5]
    V15                  IBUF (Prop_ibuf_I_O)         1.466     1.466 r  sw_IBUF[5]_inst/O
                         net (fo=2, routed)           1.232     2.698    sw_IBUF[5]
    SLICE_X1Y14          FDRE                                         r  op2_reg[5]/D
  -------------------------------------------------------------------    -------------------

                         (clock sys_clk_pin rise edge)
                                                      0.000     0.000 r  
    W5                                                0.000     0.000 r  clk (IN)
                         net (fo=0)                   0.000     0.000    clk
    W5                   IBUF (Prop_ibuf_I_O)         1.388     1.388 r  clk_IBUF_inst/O
                         net (fo=1, routed)           1.862     3.250    clk_IBUF
    BUFGCTRL_X0Y0        BUFG (Prop_bufg_I_O)         0.091     3.341 r  clk_IBUF_BUFG_inst/O
                         net (fo=32, routed)          1.514     4.855    clk_IBUF_BUFG
    SLICE_X1Y14          FDRE                                         r  op2_reg[5]/C

Slack:                    inf
  Source:                 sw[3]
                            (input port)
  Destination:            op2_reg[3]/D
                            (rising edge-triggered cell FDRE clocked by sys_clk_pin  {rise@0.000ns fall@5.000ns period=10.000ns})
  Path Group:             (none)
  Path Type:              Setup (Max at Slow Process Corner)
  Data Path Delay:        2.698ns  (logic 1.448ns (53.690%)  route 1.249ns (46.310%))
  Logic Levels:           1  (IBUF=1)
  Clock Path Skew:        4.855ns (DCD - SCD + CPR)
    Destination Clock Delay (DCD):    4.855ns
    Source Clock Delay      (SCD):    0.000ns
    Clock Pessimism Removal (CPR):    0.000ns
  Clock Uncertainty:      0.025ns  ((TSJ^2 + TIJ^2)^1/2 + DJ) / 2 + PE
    Total System Jitter     (TSJ):    0.050ns
    Total Input Jitter      (TIJ):    0.000ns
    Discrete Jitter          (DJ):    0.000ns
    Phase Error              (PE):    0.000ns

    Location             Delay type                Incr(ns)  Path(ns)    Netlist Resource(s)
  -------------------------------------------------------------------    -------------------
    W17                                               0.000     0.000 r  sw[3] (IN)
                         net (fo=0)                   0.000     0.000    sw[3]
    W17                  IBUF (Prop_ibuf_I_O)         1.448     1.448 r  sw_IBUF[3]_inst/O
                         net (fo=2, routed)           1.249     2.698    sw_IBUF[3]
    SLICE_X0Y14          FDRE                                         r  op2_reg[3]/D
  -------------------------------------------------------------------    -------------------

                         (clock sys_clk_pin rise edge)
                                                      0.000     0.000 r  
    W5                                                0.000     0.000 r  clk (IN)
                         net (fo=0)                   0.000     0.000    clk
    W5                   IBUF (Prop_ibuf_I_O)         1.388     1.388 r  clk_IBUF_inst/O
                         net (fo=1, routed)           1.862     3.250    clk_IBUF
    BUFGCTRL_X0Y0        BUFG (Prop_bufg_I_O)         0.091     3.341 r  clk_IBUF_BUFG_inst/O
                         net (fo=32, routed)          1.514     4.855    clk_IBUF_BUFG
    SLICE_X0Y14          FDRE                                         r  op2_reg[3]/C





Min Delay Paths
--------------------------------------------------------------------------------------
Slack:                    inf
  Source:                 btn[1]
                            (input port)
  Destination:            op2_reg[7]/CE
                            (rising edge-triggered cell FDRE clocked by sys_clk_pin  {rise@0.000ns fall@5.000ns period=10.000ns})
  Path Group:             (none)
  Path Type:              Hold (Min at Fast Process Corner)
  Data Path Delay:        0.563ns  (logic 0.219ns (38.931%)  route 0.344ns (61.069%))
  Logic Levels:           1  (IBUF=1)
  Clock Path Skew:        1.985ns (DCD - SCD - CPR)
    Destination Clock Delay (DCD):    1.985ns
    Source Clock Delay      (SCD):    0.000ns
    Clock Pessimism Removal (CPR):    -0.000ns

    Location             Delay type                Incr(ns)  Path(ns)    Netlist Resource(s)
  -------------------------------------------------------------------    -------------------
    T17                                               0.000     0.000 r  btn[1] (IN)
                         net (fo=0)                   0.000     0.000    btn[1]
    T17                  IBUF (Prop_ibuf_I_O)         0.219     0.219 r  btn_IBUF[1]_inst/O
                         net (fo=8, routed)           0.344     0.563    btn_IBUF[1]
    SLICE_X1Y17          FDRE                                         r  op2_reg[7]/CE
  -------------------------------------------------------------------    -------------------

                         (clock sys_clk_pin rise edge)
                                                      0.000     0.000 r  
    W5                                                0.000     0.000 r  clk (IN)
                         net (fo=0)                   0.000     0.000    clk
    W5                   IBUF (Prop_ibuf_I_O)         0.414     0.414 r  clk_IBUF_inst/O
                         net (fo=1, routed)           0.685     1.099    clk_IBUF
    BUFGCTRL_X0Y0        BUFG (Prop_bufg_I_O)         0.029     1.128 r  clk_IBUF_BUFG_inst/O
                         net (fo=32, routed)          0.858     1.985    clk_IBUF_BUFG
    SLICE_X1Y17          FDRE                                         r  op2_reg[7]/C

Slack:                    inf
  Source:                 btn[0]
                            (input port)
  Destination:            op1_reg[4]/CE
                            (rising edge-triggered cell FDRE clocked by sys_clk_pin  {rise@0.000ns fall@5.000ns period=10.000ns})
  Path Group:             (none)
  Path Type:              Hold (Min at Fast Process Corner)
  Data Path Delay:        0.590ns  (logic 0.222ns (37.587%)  route 0.368ns (62.413%))
  Logic Levels:           1  (IBUF=1)
  Clock Path Skew:        1.987ns (DCD - SCD - CPR)
    Destination Clock Delay (DCD):    1.987ns
    Source Clock Delay      (SCD):    0.000ns
    Clock Pessimism Removal (CPR):    -0.000ns

    Location             Delay type                Incr(ns)  Path(ns)    Netlist Resource(s)
  -------------------------------------------------------------------    -------------------
    T18                                               0.000     0.000 r  btn[0] (IN)
                         net (fo=0)                   0.000     0.000    btn[0]
    T18                  IBUF (Prop_ibuf_I_O)         0.222     0.222 r  btn_IBUF[0]_inst/O
                         net (fo=8, routed)           0.368     0.590    btn_IBUF[0]
    SLICE_X1Y15          FDRE                                         r  op1_reg[4]/CE
  -------------------------------------------------------------------    -------------------

                         (clock sys_clk_pin rise edge)
                                                      0.000     0.000 r  
    W5                                                0.000     0.000 r  clk (IN)
                         net (fo=0)                   0.000     0.000    clk
    W5                   IBUF (Prop_ibuf_I_O)         0.414     0.414 r  clk_IBUF_inst/O
                         net (fo=1, routed)           0.685     1.099    clk_IBUF
    BUFGCTRL_X0Y0        BUFG (Prop_bufg_I_O)         0.029     1.128 r  clk_IBUF_BUFG_inst/O
                         net (fo=32, routed)          0.860     1.987    clk_IBUF_BUFG
    SLICE_X1Y15          FDRE                                         r  op1_reg[4]/C

Slack:                    inf
  Source:                 btn[0]
                            (input port)
  Destination:            op1_reg[5]/CE
                            (rising edge-triggered cell FDRE clocked by sys_clk_pin  {rise@0.000ns fall@5.000ns period=10.000ns})
  Path Group:             (none)
  Path Type:              Hold (Min at Fast Process Corner)
  Data Path Delay:        0.590ns  (logic 0.222ns (37.587%)  route 0.368ns (62.413%))
  Logic Levels:           1  (IBUF=1)
  Clock Path Skew:        1.987ns (DCD - SCD - CPR)
    Destination Clock Delay (DCD):    1.987ns
    Source Clock Delay      (SCD):    0.000ns
    Clock Pessimism Removal (CPR):    -0.000ns

    Location             Delay type                Incr(ns)  Path(ns)    Netlist Resource(s)
  -------------------------------------------------------------------    -------------------
    T18                                               0.000     0.000 r  btn[0] (IN)
                         net (fo=0)                   0.000     0.000    btn[0]
    T18                  IBUF (Prop_ibuf_I_O)         0.222     0.222 r  btn_IBUF[0]_inst/O
                         net (fo=8, routed)           0.368     0.590    btn_IBUF[0]
    SLICE_X1Y15          FDRE                                         r  op1_reg[5]/CE
  -------------------------------------------------------------------    -------------------

                         (clock sys_clk_pin rise edge)
                                                      0.000     0.000 r  
    W5                                                0.000     0.000 r  clk (IN)
                         net (fo=0)                   0.000     0.000    clk
    W5                   IBUF (Prop_ibuf_I_O)         0.414     0.414 r  clk_IBUF_inst/O
                         net (fo=1, routed)           0.685     1.099    clk_IBUF
    BUFGCTRL_X0Y0        BUFG (Prop_bufg_I_O)         0.029     1.128 r  clk_IBUF_BUFG_inst/O
                         net (fo=32, routed)          0.860     1.987    clk_IBUF_BUFG
    SLICE_X1Y15          FDRE                                         r  op1_reg[5]/C

Slack:                    inf
  Source:                 btn[0]
                            (input port)
  Destination:            op1_reg[6]/CE
                            (rising edge-triggered cell FDRE clocked by sys_clk_pin  {rise@0.000ns fall@5.000ns period=10.000ns})
  Path Group:             (none)
  Path Type:              Hold (Min at Fast Process Corner)
  Data Path Delay:        0.590ns  (logic 0.222ns (37.587%)  route 0.368ns (62.413%))
  Logic Levels:           1  (IBUF=1)
  Clock Path Skew:        1.987ns (DCD - SCD - CPR)
    Destination Clock Delay (DCD):    1.987ns
    Source Clock Delay      (SCD):    0.000ns
    Clock Pessimism Removal (CPR):    -0.000ns

    Location             Delay type                Incr(ns)  Path(ns)    Netlist Resource(s)
  -------------------------------------------------------------------    -------------------
    T18                                               0.000     0.000 r  btn[0] (IN)
                         net (fo=0)                   0.000     0.000    btn[0]
    T18                  IBUF (Prop_ibuf_I_O)         0.222     0.222 r  btn_IBUF[0]_inst/O
                         net (fo=8, routed)           0.368     0.590    btn_IBUF[0]
    SLICE_X1Y15          FDRE                                         r  op1_reg[6]/CE
  -------------------------------------------------------------------    -------------------

                         (clock sys_clk_pin rise edge)
                                                      0.000     0.000 r  
    W5                                                0.000     0.000 r  clk (IN)
                         net (fo=0)                   0.000     0.000    clk
    W5                   IBUF (Prop_ibuf_I_O)         0.414     0.414 r  clk_IBUF_inst/O
                         net (fo=1, routed)           0.685     1.099    clk_IBUF
    BUFGCTRL_X0Y0        BUFG (Prop_bufg_I_O)         0.029     1.128 r  clk_IBUF_BUFG_inst/O
                         net (fo=32, routed)          0.860     1.987    clk_IBUF_BUFG
    SLICE_X1Y15          FDRE                                         r  op1_reg[6]/C

Slack:                    inf
  Source:                 sw[2]
                            (input port)
  Destination:            op2_reg[2]/D
                            (rising edge-triggered cell FDRE clocked by sys_clk_pin  {rise@0.000ns fall@5.000ns period=10.000ns})
  Path Group:             (none)
  Path Type:              Hold (Min at Fast Process Corner)
  Data Path Delay:        0.610ns  (logic 0.232ns (37.973%)  route 0.379ns (62.027%))
  Logic Levels:           1  (IBUF=1)
  Clock Path Skew:        1.988ns (DCD - SCD - CPR)
    Destination Clock Delay (DCD):    1.988ns
    Source Clock Delay      (SCD):    0.000ns
    Clock Pessimism Removal (CPR):    -0.000ns

    Location             Delay type                Incr(ns)  Path(ns)    Netlist Resource(s)
  -------------------------------------------------------------------    -------------------
    W16                                               0.000     0.000 r  sw[2] (IN)
                         net (fo=0)                   0.000     0.000    sw[2]
    W16                  IBUF (Prop_ibuf_I_O)         0.232     0.232 r  sw_IBUF[2]_inst/O
                         net (fo=2, routed)           0.379     0.610    sw_IBUF[2]
    SLICE_X0Y14          FDRE                                         r  op2_reg[2]/D
  -------------------------------------------------------------------    -------------------

                         (clock sys_clk_pin rise edge)
                                                      0.000     0.000 r  
    W5                                                0.000     0.000 r  clk (IN)
                         net (fo=0)                   0.000     0.000    clk
    W5                   IBUF (Prop_ibuf_I_O)         0.414     0.414 r  clk_IBUF_inst/O
                         net (fo=1, routed)           0.685     1.099    clk_IBUF
    BUFGCTRL_X0Y0        BUFG (Prop_bufg_I_O)         0.029     1.128 r  clk_IBUF_BUFG_inst/O
                         net (fo=32, routed)          0.861     1.988    clk_IBUF_BUFG
    SLICE_X0Y14          FDRE                                         r  op2_reg[2]/C

Slack:                    inf
  Source:                 sw[0]
                            (input port)
  Destination:            op2_reg[0]/D
                            (rising edge-triggered cell FDRE clocked by sys_clk_pin  {rise@0.000ns fall@5.000ns period=10.000ns})
  Path Group:             (none)
  Path Type:              Hold (Min at Fast Process Corner)
  Data Path Delay:        0.613ns  (logic 0.221ns (36.050%)  route 0.392ns (63.950%))
  Logic Levels:           1  (IBUF=1)
  Clock Path Skew:        1.988ns (DCD - SCD - CPR)
    Destination Clock Delay (DCD):    1.988ns
    Source Clock Delay      (SCD):    0.000ns
    Clock Pessimism Removal (CPR):    -0.000ns

    Location             Delay type                Incr(ns)  Path(ns)    Netlist Resource(s)
  -------------------------------------------------------------------    -------------------
    V17                                               0.000     0.000 r  sw[0] (IN)
                         net (fo=0)                   0.000     0.000    sw[0]
    V17                  IBUF (Prop_ibuf_I_O)         0.221     0.221 r  sw_IBUF[0]_inst/O
                         net (fo=2, routed)           0.392     0.613    sw_IBUF[0]
    SLICE_X0Y14          FDRE                                         r  op2_reg[0]/D
  -------------------------------------------------------------------    -------------------

                         (clock sys_clk_pin rise edge)
                                                      0.000     0.000 r  
    W5                                                0.000     0.000 r  clk (IN)
                         net (fo=0)                   0.000     0.000    clk
    W5                   IBUF (Prop_ibuf_I_O)         0.414     0.414 r  clk_IBUF_inst/O
                         net (fo=1, routed)           0.685     1.099    clk_IBUF
    BUFGCTRL_X0Y0        BUFG (Prop_bufg_I_O)         0.029     1.128 r  clk_IBUF_BUFG_inst/O
                         net (fo=32, routed)          0.861     1.988    clk_IBUF_BUFG
    SLICE_X0Y14          FDRE                                         r  op2_reg[0]/C

Slack:                    inf
  Source:                 btn[1]
                            (input port)
  Destination:            op2_reg[0]/CE
                            (rising edge-triggered cell FDRE clocked by sys_clk_pin  {rise@0.000ns fall@5.000ns period=10.000ns})
  Path Group:             (none)
  Path Type:              Hold (Min at Fast Process Corner)
  Data Path Delay:        0.624ns  (logic 0.219ns (35.154%)  route 0.404ns (64.846%))
  Logic Levels:           1  (IBUF=1)
  Clock Path Skew:        1.988ns (DCD - SCD - CPR)
    Destination Clock Delay (DCD):    1.988ns
    Source Clock Delay      (SCD):    0.000ns
    Clock Pessimism Removal (CPR):    -0.000ns

    Location             Delay type                Incr(ns)  Path(ns)    Netlist Resource(s)
  -------------------------------------------------------------------    -------------------
    T17                                               0.000     0.000 r  btn[1] (IN)
                         net (fo=0)                   0.000     0.000    btn[1]
    T17                  IBUF (Prop_ibuf_I_O)         0.219     0.219 r  btn_IBUF[1]_inst/O
                         net (fo=8, routed)           0.404     0.624    btn_IBUF[1]
    SLICE_X0Y14          FDRE                                         r  op2_reg[0]/CE
  -------------------------------------------------------------------    -------------------

                         (clock sys_clk_pin rise edge)
                                                      0.000     0.000 r  
    W5                                                0.000     0.000 r  clk (IN)
                         net (fo=0)                   0.000     0.000    clk
    W5                   IBUF (Prop_ibuf_I_O)         0.414     0.414 r  clk_IBUF_inst/O
                         net (fo=1, routed)           0.685     1.099    clk_IBUF
    BUFGCTRL_X0Y0        BUFG (Prop_bufg_I_O)         0.029     1.128 r  clk_IBUF_BUFG_inst/O
                         net (fo=32, routed)          0.861     1.988    clk_IBUF_BUFG
    SLICE_X0Y14          FDRE                                         r  op2_reg[0]/C

Slack:                    inf
  Source:                 btn[1]
                            (input port)
  Destination:            op2_reg[1]/CE
                            (rising edge-triggered cell FDRE clocked by sys_clk_pin  {rise@0.000ns fall@5.000ns period=10.000ns})
  Path Group:             (none)
  Path Type:              Hold (Min at Fast Process Corner)
  Data Path Delay:        0.624ns  (logic 0.219ns (35.154%)  route 0.404ns (64.846%))
  Logic Levels:           1  (IBUF=1)
  Clock Path Skew:        1.988ns (DCD - SCD - CPR)
    Destination Clock Delay (DCD):    1.988ns
    Source Clock Delay      (SCD):    0.000ns
    Clock Pessimism Removal (CPR):    -0.000ns

    Location             Delay type                Incr(ns)  Path(ns)    Netlist Resource(s)
  -------------------------------------------------------------------    -------------------
    T17                                               0.000     0.000 r  btn[1] (IN)
                         net (fo=0)                   0.000     0.000    btn[1]
    T17                  IBUF (Prop_ibuf_I_O)         0.219     0.219 r  btn_IBUF[1]_inst/O
                         net (fo=8, routed)           0.404     0.624    btn_IBUF[1]
    SLICE_X0Y14          FDRE                                         r  op2_reg[1]/CE
  -------------------------------------------------------------------    -------------------

                         (clock sys_clk_pin rise edge)
                                                      0.000     0.000 r  
    W5                                                0.000     0.000 r  clk (IN)
                         net (fo=0)                   0.000     0.000    clk
    W5                   IBUF (Prop_ibuf_I_O)         0.414     0.414 r  clk_IBUF_inst/O
                         net (fo=1, routed)           0.685     1.099    clk_IBUF
    BUFGCTRL_X0Y0        BUFG (Prop_bufg_I_O)         0.029     1.128 r  clk_IBUF_BUFG_inst/O
                         net (fo=32, routed)          0.861     1.988    clk_IBUF_BUFG
    SLICE_X0Y14          FDRE                                         r  op2_reg[1]/C

Slack:                    inf
  Source:                 btn[1]
                            (input port)
  Destination:            op2_reg[2]/CE
                            (rising edge-triggered cell FDRE clocked by sys_clk_pin  {rise@0.000ns fall@5.000ns period=10.000ns})
  Path Group:             (none)
  Path Type:              Hold (Min at Fast Process Corner)
  Data Path Delay:        0.624ns  (logic 0.219ns (35.154%)  route 0.404ns (64.846%))
  Logic Levels:           1  (IBUF=1)
  Clock Path Skew:        1.988ns (DCD - SCD - CPR)
    Destination Clock Delay (DCD):    1.988ns
    Source Clock Delay      (SCD):    0.000ns
    Clock Pessimism Removal (CPR):    -0.000ns

    Location             Delay type                Incr(ns)  Path(ns)    Netlist Resource(s)
  -------------------------------------------------------------------    -------------------
    T17                                               0.000     0.000 r  btn[1] (IN)
                         net (fo=0)                   0.000     0.000    btn[1]
    T17                  IBUF (Prop_ibuf_I_O)         0.219     0.219 r  btn_IBUF[1]_inst/O
                         net (fo=8, routed)           0.404     0.624    btn_IBUF[1]
    SLICE_X0Y14          FDRE                                         r  op2_reg[2]/CE
  -------------------------------------------------------------------    -------------------

                         (clock sys_clk_pin rise edge)
                                                      0.000     0.000 r  
    W5                                                0.000     0.000 r  clk (IN)
                         net (fo=0)                   0.000     0.000    clk
    W5                   IBUF (Prop_ibuf_I_O)         0.414     0.414 r  clk_IBUF_inst/O
                         net (fo=1, routed)           0.685     1.099    clk_IBUF
    BUFGCTRL_X0Y0        BUFG (Prop_bufg_I_O)         0.029     1.128 r  clk_IBUF_BUFG_inst/O
                         net (fo=32, routed)          0.861     1.988    clk_IBUF_BUFG
    SLICE_X0Y14          FDRE                                         r  op2_reg[2]/C

Slack:                    inf
  Source:                 btn[1]
                            (input port)
  Destination:            op2_reg[3]/CE
                            (rising edge-triggered cell FDRE clocked by sys_clk_pin  {rise@0.000ns fall@5.000ns period=10.000ns})
  Path Group:             (none)
  Path Type:              Hold (Min at Fast Process Corner)
  Data Path Delay:        0.624ns  (logic 0.219ns (35.154%)  route 0.404ns (64.846%))
  Logic Levels:           1  (IBUF=1)
  Clock Path Skew:        1.988ns (DCD - SCD - CPR)
    Destination Clock Delay (DCD):    1.988ns
    Source Clock Delay      (SCD):    0.000ns
    Clock Pessimism Removal (CPR):    -0.000ns

    Location             Delay type                Incr(ns)  Path(ns)    Netlist Resource(s)
  -------------------------------------------------------------------    -------------------
    T17                                               0.000     0.000 r  btn[1] (IN)
                         net (fo=0)                   0.000     0.000    btn[1]
    T17                  IBUF (Prop_ibuf_I_O)         0.219     0.219 r  btn_IBUF[1]_inst/O
                         net (fo=8, routed)           0.404     0.624    btn_IBUF[1]
    SLICE_X0Y14          FDRE                                         r  op2_reg[3]/CE
  -------------------------------------------------------------------    -------------------

                         (clock sys_clk_pin rise edge)
                                                      0.000     0.000 r  
    W5                                                0.000     0.000 r  clk (IN)
                         net (fo=0)                   0.000     0.000    clk
    W5                   IBUF (Prop_ibuf_I_O)         0.414     0.414 r  clk_IBUF_inst/O
                         net (fo=1, routed)           0.685     1.099    clk_IBUF
    BUFGCTRL_X0Y0        BUFG (Prop_bufg_I_O)         0.029     1.128 r  clk_IBUF_BUFG_inst/O
                         net (fo=32, routed)          0.861     1.988    clk_IBUF_BUFG
    SLICE_X0Y14          FDRE                                         r  op2_reg[3]/C





