Copyright 1986-2022 Xilinx, Inc. All Rights Reserved.
---------------------------------------------------------------------------------------------------------------------------------------------------------------------------------------------------------------------------
| Tool Version : Vivado v.2022.1 (win64) Build 3526262 Mon Apr 18 15:48:16 MDT 2022
| Date         : Thu May 14 18:10:34 2026
| Host         : DESKTOP-TM7VUND running 64-bit major release  (build 9200)
| Command      : report_timing_summary -max_paths 10 -report_unconstrained -file challenge1_timing_summary_routed.rpt -pb challenge1_timing_summary_routed.pb -rpx challenge1_timing_summary_routed.rpx -warn_on_violation
| Design       : challenge1
| Device       : 7a35t-cpg236
| Speed File   : -1  PRODUCTION 1.23 2018-06-13
---------------------------------------------------------------------------------------------------------------------------------------------------------------------------------------------------------------------------

Timing Summary Report

------------------------------------------------------------------------------------------------
| Timer Settings
| --------------
------------------------------------------------------------------------------------------------

  Enable Multi Corner Analysis               :  Yes
  Enable Pessimism Removal                   :  Yes
  Pessimism Removal Resolution               :  Nearest Common Node
  Enable Input Delay Default Clock           :  No
  Enable Preset / Clear Arcs                 :  No
  Disable Flight Delays                      :  No
  Ignore I/O Paths                           :  No
  Timing Early Launch at Borrowing Latches   :  No
  Borrow Time for Max Delay Exceptions       :  Yes
  Merge Timing Exceptions                    :  Yes

  Corner  Analyze    Analyze    
  Name    Max Paths  Min Paths  
  ------  ---------  ---------  
  Slow    Yes        Yes        
  Fast    Yes        Yes        


------------------------------------------------------------------------------------------------
| Report Methodology
| ------------------
------------------------------------------------------------------------------------------------

Rule       Severity  Description                    Violations  
---------  --------  -----------------------------  ----------  
TIMING-18  Warning   Missing input or output delay  35          

Note: This report is based on the most recent report_methodology run and may not be up-to-date. Run report_methodology on the current design for the latest report.



check_timing report

Table of Contents
-----------------
1. checking no_clock (0)
2. checking constant_clock (0)
3. checking pulse_width_clock (0)
4. checking unconstrained_internal_endpoints (0)
5. checking no_input_delay (11)
6. checking no_output_delay (15)
7. checking multiple_clock (0)
8. checking generated_clocks (0)
9. checking loops (0)
10. checking partial_input_delay (0)
11. checking partial_output_delay (0)
12. checking latch_loops (0)

1. checking no_clock (0)
------------------------
 There are 0 register/latch pins with no clock.


2. checking constant_clock (0)
------------------------------
 There are 0 register/latch pins with constant_clock.


3. checking pulse_width_clock (0)
---------------------------------
 There are 0 register/latch pins which need pulse_width check


4. checking unconstrained_internal_endpoints (0)
------------------------------------------------
 There are 0 pins that are not constrained for maximum delay.

 There are 0 pins that are not constrained for maximum delay due to constant clock.


5. checking no_input_delay (11)
-------------------------------
 There are 11 input ports with no input delay specified. (HIGH)

 There are 0 input ports with no input delay but user has a false path constraint.


6. checking no_output_delay (15)
--------------------------------
 There are 15 ports with no output delay specified. (HIGH)

 There are 0 ports with no output delay but user has a false path constraint

 There are 0 ports with no output delay but with a timing clock defined on it or propagating through it


7. checking multiple_clock (0)
------------------------------
 There are 0 register/latch pins with multiple clocks.


8. checking generated_clocks (0)
--------------------------------
 There are 0 generated clocks that are not connected to a clock source.


9. checking loops (0)
---------------------
 There are 0 combinational loops in the design.


10. checking partial_input_delay (0)
------------------------------------
 There are 0 input ports with partial input delay specified.


11. checking partial_output_delay (0)
-------------------------------------
 There are 0 ports with partial output delay specified.


12. checking latch_loops (0)
----------------------------
 There are 0 combinational latch loops in the design through latch input



------------------------------------------------------------------------------------------------
| Design Timing Summary
| ---------------------
------------------------------------------------------------------------------------------------

    WNS(ns)      TNS(ns)  TNS Failing Endpoints  TNS Total Endpoints      WHS(ns)      THS(ns)  THS Failing Endpoints  THS Total Endpoints     WPWS(ns)     TPWS(ns)  TPWS Failing Endpoints  TPWS Total Endpoints  
    -------      -------  ---------------------  -------------------      -------      -------  ---------------------  -------------------     --------     --------  ----------------------  --------------------  
      7.765        0.000                      0                   19        0.172        0.000                      0                   19        4.500        0.000                       0                    36  


All user specified timing constraints are met.


------------------------------------------------------------------------------------------------
| Clock Summary
| -------------
------------------------------------------------------------------------------------------------

Clock        Waveform(ns)       Period(ns)      Frequency(MHz)
-----        ------------       ----------      --------------
sys_clk_pin  {0.000 5.000}      10.000          100.000         


------------------------------------------------------------------------------------------------
| Intra Clock Table
| -----------------
------------------------------------------------------------------------------------------------

Clock             WNS(ns)      TNS(ns)  TNS Failing Endpoints  TNS Total Endpoints      WHS(ns)      THS(ns)  THS Failing Endpoints  THS Total Endpoints     WPWS(ns)     TPWS(ns)  TPWS Failing Endpoints  TPWS Total Endpoints  
-----             -------      -------  ---------------------  -------------------      -------      -------  ---------------------  -------------------     --------     --------  ----------------------  --------------------  
sys_clk_pin         7.765        0.000                      0                   19        0.172        0.000                      0                   19        4.500        0.000                       0                    36  


------------------------------------------------------------------------------------------------
| Inter Clock Table
| -----------------
------------------------------------------------------------------------------------------------

From Clock    To Clock          WNS(ns)      TNS(ns)  TNS Failing Endpoints  TNS Total Endpoints      WHS(ns)      THS(ns)  THS Failing Endpoints  THS Total Endpoints  
----------    --------          -------      -------  ---------------------  -------------------      -------      -------  ---------------------  -------------------  


------------------------------------------------------------------------------------------------
| Other Path Groups Table
| -----------------------
------------------------------------------------------------------------------------------------

Path Group    From Clock    To Clock          WNS(ns)      TNS(ns)  TNS Failing Endpoints  TNS Total Endpoints      WHS(ns)      THS(ns)  THS Failing Endpoints  THS Total Endpoints  
----------    ----------    --------          -------      -------  ---------------------  -------------------      -------      -------  ---------------------  -------------------  


------------------------------------------------------------------------------------------------
| User Ignored Path Table
| -----------------------
------------------------------------------------------------------------------------------------

Path Group    From Clock    To Clock    
----------    ----------    --------    


------------------------------------------------------------------------------------------------
| Unconstrained Path Table
| ------------------------
------------------------------------------------------------------------------------------------

Path Group    From Clock    To Clock    
----------    ----------    --------    
(none)                                    
(none)        sys_clk_pin                 
(none)                      sys_clk_pin   


------------------------------------------------------------------------------------------------
| Timing Details
| --------------
------------------------------------------------------------------------------------------------


---------------------------------------------------------------------------------------------------
From Clock:  sys_clk_pin
  To Clock:  sys_clk_pin

Setup :            0  Failing Endpoints,  Worst Slack        7.765ns,  Total Violation        0.000ns
Hold  :            0  Failing Endpoints,  Worst Slack        0.172ns,  Total Violation        0.000ns
PW    :            0  Failing Endpoints,  Worst Slack        4.500ns,  Total Violation        0.000ns
---------------------------------------------------------------------------------------------------


Max Delay Paths
--------------------------------------------------------------------------------------
Slack (MET) :             7.765ns  (required time - arrival time)
  Source:                 refresh_counter_reg[1]/C
                            (rising edge-triggered cell FDRE clocked by sys_clk_pin  {rise@0.000ns fall@5.000ns period=10.000ns})
  Destination:            refresh_counter_reg[16]/D
                            (rising edge-triggered cell FDRE clocked by sys_clk_pin  {rise@0.000ns fall@5.000ns period=10.000ns})
  Path Group:             sys_clk_pin
  Path Type:              Setup (Max at Slow Process Corner)
  Requirement:            10.000ns  (sys_clk_pin rise@10.000ns - sys_clk_pin rise@0.000ns)
  Data Path Delay:        2.234ns  (logic 1.695ns (75.878%)  route 0.539ns (24.122%))
  Logic Levels:           5  (CARRY4=5)
  Clock Path Skew:        -0.028ns (DCD - SCD + CPR)
    Destination Clock Delay (DCD):    4.781ns = ( 14.781 - 10.000 ) 
    Source Clock Delay      (SCD):    5.083ns
    Clock Pessimism Removal (CPR):    0.274ns
  Clock Uncertainty:      0.035ns  ((TSJ^2 + TIJ^2)^1/2 + DJ) / 2 + PE
    Total System Jitter     (TSJ):    0.071ns
    Total Input Jitter      (TIJ):    0.000ns
    Discrete Jitter          (DJ):    0.000ns
    Phase Error              (PE):    0.000ns

    Location             Delay type                Incr(ns)  Path(ns)    Netlist Resource(s)
  -------------------------------------------------------------------    -------------------
                         (clock sys_clk_pin rise edge)
                                                      0.000     0.000 r  
    W5                                                0.000     0.000 r  clk (IN)
                         net (fo=0)                   0.000     0.000    clk
    W5                   IBUF (Prop_ibuf_I_O)         1.458     1.458 r  clk_IBUF_inst/O
                         net (fo=1, routed)           1.967     3.425    clk_IBUF
    BUFGCTRL_X0Y0        BUFG (Prop_bufg_I_O)         0.096     3.521 r  clk_IBUF_BUFG_inst/O
                         net (fo=35, routed)          1.562     5.083    clk_IBUF_BUFG
    SLICE_X44Y13         FDRE                                         r  refresh_counter_reg[1]/C
  -------------------------------------------------------------------    -------------------
    SLICE_X44Y13         FDRE (Prop_fdre_C_Q)         0.456     5.539 r  refresh_counter_reg[1]/Q
                         net (fo=1, routed)           0.539     6.078    refresh_counter_reg_n_0_[1]
    SLICE_X44Y13         CARRY4 (Prop_carry4_S[1]_CO[3])
                                                      0.674     6.752 r  refresh_counter_reg[0]_i_1/CO[3]
                         net (fo=1, routed)           0.000     6.752    refresh_counter_reg[0]_i_1_n_0
    SLICE_X44Y14         CARRY4 (Prop_carry4_CI_CO[3])
                                                      0.114     6.866 r  refresh_counter_reg[4]_i_1/CO[3]
                         net (fo=1, routed)           0.000     6.866    refresh_counter_reg[4]_i_1_n_0
    SLICE_X44Y15         CARRY4 (Prop_carry4_CI_CO[3])
                                                      0.114     6.980 r  refresh_counter_reg[8]_i_1/CO[3]
                         net (fo=1, routed)           0.000     6.980    refresh_counter_reg[8]_i_1_n_0
    SLICE_X44Y16         CARRY4 (Prop_carry4_CI_CO[3])
                                                      0.114     7.094 r  refresh_counter_reg[12]_i_1/CO[3]
                         net (fo=1, routed)           0.000     7.094    refresh_counter_reg[12]_i_1_n_0
    SLICE_X44Y17         CARRY4 (Prop_carry4_CI_O[0])
                                                      0.223     7.317 r  refresh_counter_reg[16]_i_1/O[0]
                         net (fo=1, routed)           0.000     7.317    refresh_counter_reg[16]_i_1_n_7
    SLICE_X44Y17         FDRE                                         r  refresh_counter_reg[16]/D
  -------------------------------------------------------------------    -------------------

                         (clock sys_clk_pin rise edge)
                                                     10.000    10.000 r  
    W5                                                0.000    10.000 r  clk (IN)
                         net (fo=0)                   0.000    10.000    clk
    W5                   IBUF (Prop_ibuf_I_O)         1.388    11.388 r  clk_IBUF_inst/O
                         net (fo=1, routed)           1.862    13.250    clk_IBUF
    BUFGCTRL_X0Y0        BUFG (Prop_bufg_I_O)         0.091    13.341 r  clk_IBUF_BUFG_inst/O
                         net (fo=35, routed)          1.440    14.781    clk_IBUF_BUFG
    SLICE_X44Y17         FDRE                                         r  refresh_counter_reg[16]/C
                         clock pessimism              0.274    15.055    
                         clock uncertainty           -0.035    15.020    
    SLICE_X44Y17         FDRE (Setup_fdre_C_D)        0.062    15.082    refresh_counter_reg[16]
  -------------------------------------------------------------------
                         required time                         15.082    
                         arrival time                          -7.317    
  -------------------------------------------------------------------
                         slack                                  7.765    

Slack (MET) :             7.769ns  (required time - arrival time)
  Source:                 refresh_counter_reg[1]/C
                            (rising edge-triggered cell FDRE clocked by sys_clk_pin  {rise@0.000ns fall@5.000ns period=10.000ns})
  Destination:            refresh_counter_reg[13]/D
                            (rising edge-triggered cell FDRE clocked by sys_clk_pin  {rise@0.000ns fall@5.000ns period=10.000ns})
  Path Group:             sys_clk_pin
  Path Type:              Setup (Max at Slow Process Corner)
  Requirement:            10.000ns  (sys_clk_pin rise@10.000ns - sys_clk_pin rise@0.000ns)
  Data Path Delay:        2.231ns  (logic 1.692ns (75.845%)  route 0.539ns (24.155%))
  Logic Levels:           4  (CARRY4=4)
  Clock Path Skew:        -0.027ns (DCD - SCD + CPR)
    Destination Clock Delay (DCD):    4.782ns = ( 14.782 - 10.000 ) 
    Source Clock Delay      (SCD):    5.083ns
    Clock Pessimism Removal (CPR):    0.274ns
  Clock Uncertainty:      0.035ns  ((TSJ^2 + TIJ^2)^1/2 + DJ) / 2 + PE
    Total System Jitter     (TSJ):    0.071ns
    Total Input Jitter      (TIJ):    0.000ns
    Discrete Jitter          (DJ):    0.000ns
    Phase Error              (PE):    0.000ns

    Location             Delay type                Incr(ns)  Path(ns)    Netlist Resource(s)
  -------------------------------------------------------------------    -------------------
                         (clock sys_clk_pin rise edge)
                                                      0.000     0.000 r  
    W5                                                0.000     0.000 r  clk (IN)
                         net (fo=0)                   0.000     0.000    clk
    W5                   IBUF (Prop_ibuf_I_O)         1.458     1.458 r  clk_IBUF_inst/O
                         net (fo=1, routed)           1.967     3.425    clk_IBUF
    BUFGCTRL_X0Y0        BUFG (Prop_bufg_I_O)         0.096     3.521 r  clk_IBUF_BUFG_inst/O
                         net (fo=35, routed)          1.562     5.083    clk_IBUF_BUFG
    SLICE_X44Y13         FDRE                                         r  refresh_counter_reg[1]/C
  -------------------------------------------------------------------    -------------------
    SLICE_X44Y13         FDRE (Prop_fdre_C_Q)         0.456     5.539 r  refresh_counter_reg[1]/Q
                         net (fo=1, routed)           0.539     6.078    refresh_counter_reg_n_0_[1]
    SLICE_X44Y13         CARRY4 (Prop_carry4_S[1]_CO[3])
                                                      0.674     6.752 r  refresh_counter_reg[0]_i_1/CO[3]
                         net (fo=1, routed)           0.000     6.752    refresh_counter_reg[0]_i_1_n_0
    SLICE_X44Y14         CARRY4 (Prop_carry4_CI_CO[3])
                                                      0.114     6.866 r  refresh_counter_reg[4]_i_1/CO[3]
                         net (fo=1, routed)           0.000     6.866    refresh_counter_reg[4]_i_1_n_0
    SLICE_X44Y15         CARRY4 (Prop_carry4_CI_CO[3])
                                                      0.114     6.980 r  refresh_counter_reg[8]_i_1/CO[3]
                         net (fo=1, routed)           0.000     6.980    refresh_counter_reg[8]_i_1_n_0
    SLICE_X44Y16         CARRY4 (Prop_carry4_CI_O[1])
                                                      0.334     7.314 r  refresh_counter_reg[12]_i_1/O[1]
                         net (fo=1, routed)           0.000     7.314    refresh_counter_reg[12]_i_1_n_6
    SLICE_X44Y16         FDRE                                         r  refresh_counter_reg[13]/D
  -------------------------------------------------------------------    -------------------

                         (clock sys_clk_pin rise edge)
                                                     10.000    10.000 r  
    W5                                                0.000    10.000 r  clk (IN)
                         net (fo=0)                   0.000    10.000    clk
    W5                   IBUF (Prop_ibuf_I_O)         1.388    11.388 r  clk_IBUF_inst/O
                         net (fo=1, routed)           1.862    13.250    clk_IBUF
    BUFGCTRL_X0Y0        BUFG (Prop_bufg_I_O)         0.091    13.341 r  clk_IBUF_BUFG_inst/O
                         net (fo=35, routed)          1.441    14.782    clk_IBUF_BUFG
    SLICE_X44Y16         FDRE                                         r  refresh_counter_reg[13]/C
                         clock pessimism              0.274    15.056    
                         clock uncertainty           -0.035    15.021    
    SLICE_X44Y16         FDRE (Setup_fdre_C_D)        0.062    15.083    refresh_counter_reg[13]
  -------------------------------------------------------------------
                         required time                         15.083    
                         arrival time                          -7.314    
  -------------------------------------------------------------------
                         slack                                  7.769    

Slack (MET) :             7.790ns  (required time - arrival time)
  Source:                 refresh_counter_reg[1]/C
                            (rising edge-triggered cell FDRE clocked by sys_clk_pin  {rise@0.000ns fall@5.000ns period=10.000ns})
  Destination:            refresh_counter_reg[15]/D
                            (rising edge-triggered cell FDRE clocked by sys_clk_pin  {rise@0.000ns fall@5.000ns period=10.000ns})
  Path Group:             sys_clk_pin
  Path Type:              Setup (Max at Slow Process Corner)
  Requirement:            10.000ns  (sys_clk_pin rise@10.000ns - sys_clk_pin rise@0.000ns)
  Data Path Delay:        2.210ns  (logic 1.671ns (75.616%)  route 0.539ns (24.384%))
  Logic Levels:           4  (CARRY4=4)
  Clock Path Skew:        -0.027ns (DCD - SCD + CPR)
    Destination Clock Delay (DCD):    4.782ns = ( 14.782 - 10.000 ) 
    Source Clock Delay      (SCD):    5.083ns
    Clock Pessimism Removal (CPR):    0.274ns
  Clock Uncertainty:      0.035ns  ((TSJ^2 + TIJ^2)^1/2 + DJ) / 2 + PE
    Total System Jitter     (TSJ):    0.071ns
    Total Input Jitter      (TIJ):    0.000ns
    Discrete Jitter          (DJ):    0.000ns
    Phase Error              (PE):    0.000ns

    Location             Delay type                Incr(ns)  Path(ns)    Netlist Resource(s)
  -------------------------------------------------------------------    -------------------
                         (clock sys_clk_pin rise edge)
                                                      0.000     0.000 r  
    W5                                                0.000     0.000 r  clk (IN)
                         net (fo=0)                   0.000     0.000    clk
    W5                   IBUF (Prop_ibuf_I_O)         1.458     1.458 r  clk_IBUF_inst/O
                         net (fo=1, routed)           1.967     3.425    clk_IBUF
    BUFGCTRL_X0Y0        BUFG (Prop_bufg_I_O)         0.096     3.521 r  clk_IBUF_BUFG_inst/O
                         net (fo=35, routed)          1.562     5.083    clk_IBUF_BUFG
    SLICE_X44Y13         FDRE                                         r  refresh_counter_reg[1]/C
  -------------------------------------------------------------------    -------------------
    SLICE_X44Y13         FDRE (Prop_fdre_C_Q)         0.456     5.539 r  refresh_counter_reg[1]/Q
                         net (fo=1, routed)           0.539     6.078    refresh_counter_reg_n_0_[1]
    SLICE_X44Y13         CARRY4 (Prop_carry4_S[1]_CO[3])
                                                      0.674     6.752 r  refresh_counter_reg[0]_i_1/CO[3]
                         net (fo=1, routed)           0.000     6.752    refresh_counter_reg[0]_i_1_n_0
    SLICE_X44Y14         CARRY4 (Prop_carry4_CI_CO[3])
                                                      0.114     6.866 r  refresh_counter_reg[4]_i_1/CO[3]
                         net (fo=1, routed)           0.000     6.866    refresh_counter_reg[4]_i_1_n_0
    SLICE_X44Y15         CARRY4 (Prop_carry4_CI_CO[3])
                                                      0.114     6.980 r  refresh_counter_reg[8]_i_1/CO[3]
                         net (fo=1, routed)           0.000     6.980    refresh_counter_reg[8]_i_1_n_0
    SLICE_X44Y16         CARRY4 (Prop_carry4_CI_O[3])
                                                      0.313     7.293 r  refresh_counter_reg[12]_i_1/O[3]
                         net (fo=1, routed)           0.000     7.293    refresh_counter_reg[12]_i_1_n_4
    SLICE_X44Y16         FDRE                                         r  refresh_counter_reg[15]/D
  -------------------------------------------------------------------    -------------------

                         (clock sys_clk_pin rise edge)
                                                     10.000    10.000 r  
    W5                                                0.000    10.000 r  clk (IN)
                         net (fo=0)                   0.000    10.000    clk
    W5                   IBUF (Prop_ibuf_I_O)         1.388    11.388 r  clk_IBUF_inst/O
                         net (fo=1, routed)           1.862    13.250    clk_IBUF
    BUFGCTRL_X0Y0        BUFG (Prop_bufg_I_O)         0.091    13.341 r  clk_IBUF_BUFG_inst/O
                         net (fo=35, routed)          1.441    14.782    clk_IBUF_BUFG
    SLICE_X44Y16         FDRE                                         r  refresh_counter_reg[15]/C
                         clock pessimism              0.274    15.056    
                         clock uncertainty           -0.035    15.021    
    SLICE_X44Y16         FDRE (Setup_fdre_C_D)        0.062    15.083    refresh_counter_reg[15]
  -------------------------------------------------------------------
                         required time                         15.083    
                         arrival time                          -7.293    
  -------------------------------------------------------------------
                         slack                                  7.790    

Slack (MET) :             7.864ns  (required time - arrival time)
  Source:                 refresh_counter_reg[1]/C
                            (rising edge-triggered cell FDRE clocked by sys_clk_pin  {rise@0.000ns fall@5.000ns period=10.000ns})
  Destination:            refresh_counter_reg[14]/D
                            (rising edge-triggered cell FDRE clocked by sys_clk_pin  {rise@0.000ns fall@5.000ns period=10.000ns})
  Path Group:             sys_clk_pin
  Path Type:              Setup (Max at Slow Process Corner)
  Requirement:            10.000ns  (sys_clk_pin rise@10.000ns - sys_clk_pin rise@0.000ns)
  Data Path Delay:        2.136ns  (logic 1.597ns (74.771%)  route 0.539ns (25.229%))
  Logic Levels:           4  (CARRY4=4)
  Clock Path Skew:        -0.027ns (DCD - SCD + CPR)
    Destination Clock Delay (DCD):    4.782ns = ( 14.782 - 10.000 ) 
    Source Clock Delay      (SCD):    5.083ns
    Clock Pessimism Removal (CPR):    0.274ns
  Clock Uncertainty:      0.035ns  ((TSJ^2 + TIJ^2)^1/2 + DJ) / 2 + PE
    Total System Jitter     (TSJ):    0.071ns
    Total Input Jitter      (TIJ):    0.000ns
    Discrete Jitter          (DJ):    0.000ns
    Phase Error              (PE):    0.000ns

    Location             Delay type                Incr(ns)  Path(ns)    Netlist Resource(s)
  -------------------------------------------------------------------    -------------------
                         (clock sys_clk_pin rise edge)
                                                      0.000     0.000 r  
    W5                                                0.000     0.000 r  clk (IN)
                         net (fo=0)                   0.000     0.000    clk
    W5                   IBUF (Prop_ibuf_I_O)         1.458     1.458 r  clk_IBUF_inst/O
                         net (fo=1, routed)           1.967     3.425    clk_IBUF
    BUFGCTRL_X0Y0        BUFG (Prop_bufg_I_O)         0.096     3.521 r  clk_IBUF_BUFG_inst/O
                         net (fo=35, routed)          1.562     5.083    clk_IBUF_BUFG
    SLICE_X44Y13         FDRE                                         r  refresh_counter_reg[1]/C
  -------------------------------------------------------------------    -------------------
    SLICE_X44Y13         FDRE (Prop_fdre_C_Q)         0.456     5.539 r  refresh_counter_reg[1]/Q
                         net (fo=1, routed)           0.539     6.078    refresh_counter_reg_n_0_[1]
    SLICE_X44Y13         CARRY4 (Prop_carry4_S[1]_CO[3])
                                                      0.674     6.752 r  refresh_counter_reg[0]_i_1/CO[3]
                         net (fo=1, routed)           0.000     6.752    refresh_counter_reg[0]_i_1_n_0
    SLICE_X44Y14         CARRY4 (Prop_carry4_CI_CO[3])
                                                      0.114     6.866 r  refresh_counter_reg[4]_i_1/CO[3]
                         net (fo=1, routed)           0.000     6.866    refresh_counter_reg[4]_i_1_n_0
    SLICE_X44Y15         CARRY4 (Prop_carry4_CI_CO[3])
                                                      0.114     6.980 r  refresh_counter_reg[8]_i_1/CO[3]
                         net (fo=1, routed)           0.000     6.980    refresh_counter_reg[8]_i_1_n_0
    SLICE_X44Y16         CARRY4 (Prop_carry4_CI_O[2])
                                                      0.239     7.219 r  refresh_counter_reg[12]_i_1/O[2]
                         net (fo=1, routed)           0.000     7.219    refresh_counter_reg[12]_i_1_n_5
    SLICE_X44Y16         FDRE                                         r  refresh_counter_reg[14]/D
  -------------------------------------------------------------------    -------------------

                         (clock sys_clk_pin rise edge)
                                                     10.000    10.000 r  
    W5                                                0.000    10.000 r  clk (IN)
                         net (fo=0)                   0.000    10.000    clk
    W5                   IBUF (Prop_ibuf_I_O)         1.388    11.388 r  clk_IBUF_inst/O
                         net (fo=1, routed)           1.862    13.250    clk_IBUF
    BUFGCTRL_X0Y0        BUFG (Prop_bufg_I_O)         0.091    13.341 r  clk_IBUF_BUFG_inst/O
                         net (fo=35, routed)          1.441    14.782    clk_IBUF_BUFG
    SLICE_X44Y16         FDRE                                         r  refresh_counter_reg[14]/C
                         clock pessimism              0.274    15.056    
                         clock uncertainty           -0.035    15.021    
    SLICE_X44Y16         FDRE (Setup_fdre_C_D)        0.062    15.083    refresh_counter_reg[14]
  -------------------------------------------------------------------
                         required time                         15.083    
                         arrival time                          -7.219    
  -------------------------------------------------------------------
                         slack                                  7.864    

Slack (MET) :             7.880ns  (required time - arrival time)
  Source:                 refresh_counter_reg[1]/C
                            (rising edge-triggered cell FDRE clocked by sys_clk_pin  {rise@0.000ns fall@5.000ns period=10.000ns})
  Destination:            refresh_counter_reg[12]/D
                            (rising edge-triggered cell FDRE clocked by sys_clk_pin  {rise@0.000ns fall@5.000ns period=10.000ns})
  Path Group:             sys_clk_pin
  Path Type:              Setup (Max at Slow Process Corner)
  Requirement:            10.000ns  (sys_clk_pin rise@10.000ns - sys_clk_pin rise@0.000ns)
  Data Path Delay:        2.120ns  (logic 1.581ns (74.581%)  route 0.539ns (25.419%))
  Logic Levels:           4  (CARRY4=4)
  Clock Path Skew:        -0.027ns (DCD - SCD + CPR)
    Destination Clock Delay (DCD):    4.782ns = ( 14.782 - 10.000 ) 
    Source Clock Delay      (SCD):    5.083ns
    Clock Pessimism Removal (CPR):    0.274ns
  Clock Uncertainty:      0.035ns  ((TSJ^2 + TIJ^2)^1/2 + DJ) / 2 + PE
    Total System Jitter     (TSJ):    0.071ns
    Total Input Jitter      (TIJ):    0.000ns
    Discrete Jitter          (DJ):    0.000ns
    Phase Error              (PE):    0.000ns

    Location             Delay type                Incr(ns)  Path(ns)    Netlist Resource(s)
  -------------------------------------------------------------------    -------------------
                         (clock sys_clk_pin rise edge)
                                                      0.000     0.000 r  
    W5                                                0.000     0.000 r  clk (IN)
                         net (fo=0)                   0.000     0.000    clk
    W5                   IBUF (Prop_ibuf_I_O)         1.458     1.458 r  clk_IBUF_inst/O
                         net (fo=1, routed)           1.967     3.425    clk_IBUF
    BUFGCTRL_X0Y0        BUFG (Prop_bufg_I_O)         0.096     3.521 r  clk_IBUF_BUFG_inst/O
                         net (fo=35, routed)          1.562     5.083    clk_IBUF_BUFG
    SLICE_X44Y13         FDRE                                         r  refresh_counter_reg[1]/C
  -------------------------------------------------------------------    -------------------
    SLICE_X44Y13         FDRE (Prop_fdre_C_Q)         0.456     5.539 r  refresh_counter_reg[1]/Q
                         net (fo=1, routed)           0.539     6.078    refresh_counter_reg_n_0_[1]
    SLICE_X44Y13         CARRY4 (Prop_carry4_S[1]_CO[3])
                                                      0.674     6.752 r  refresh_counter_reg[0]_i_1/CO[3]
                         net (fo=1, routed)           0.000     6.752    refresh_counter_reg[0]_i_1_n_0
    SLICE_X44Y14         CARRY4 (Prop_carry4_CI_CO[3])
                                                      0.114     6.866 r  refresh_counter_reg[4]_i_1/CO[3]
                         net (fo=1, routed)           0.000     6.866    refresh_counter_reg[4]_i_1_n_0
    SLICE_X44Y15         CARRY4 (Prop_carry4_CI_CO[3])
                                                      0.114     6.980 r  refresh_counter_reg[8]_i_1/CO[3]
                         net (fo=1, routed)           0.000     6.980    refresh_counter_reg[8]_i_1_n_0
    SLICE_X44Y16         CARRY4 (Prop_carry4_CI_O[0])
                                                      0.223     7.203 r  refresh_counter_reg[12]_i_1/O[0]
                         net (fo=1, routed)           0.000     7.203    refresh_counter_reg[12]_i_1_n_7
    SLICE_X44Y16         FDRE                                         r  refresh_counter_reg[12]/D
  -------------------------------------------------------------------    -------------------

                         (clock sys_clk_pin rise edge)
                                                     10.000    10.000 r  
    W5                                                0.000    10.000 r  clk (IN)
                         net (fo=0)                   0.000    10.000    clk
    W5                   IBUF (Prop_ibuf_I_O)         1.388    11.388 r  clk_IBUF_inst/O
                         net (fo=1, routed)           1.862    13.250    clk_IBUF
    BUFGCTRL_X0Y0        BUFG (Prop_bufg_I_O)         0.091    13.341 r  clk_IBUF_BUFG_inst/O
                         net (fo=35, routed)          1.441    14.782    clk_IBUF_BUFG
    SLICE_X44Y16         FDRE                                         r  refresh_counter_reg[12]/C
                         clock pessimism              0.274    15.056    
                         clock uncertainty           -0.035    15.021    
    SLICE_X44Y16         FDRE (Setup_fdre_C_D)        0.062    15.083    refresh_counter_reg[12]
  -------------------------------------------------------------------
                         required time                         15.083    
                         arrival time                          -7.203    
  -------------------------------------------------------------------
                         slack                                  7.880    

Slack (MET) :             7.884ns  (required time - arrival time)
  Source:                 refresh_counter_reg[1]/C
                            (rising edge-triggered cell FDRE clocked by sys_clk_pin  {rise@0.000ns fall@5.000ns period=10.000ns})
  Destination:            refresh_counter_reg[9]/D
                            (rising edge-triggered cell FDRE clocked by sys_clk_pin  {rise@0.000ns fall@5.000ns period=10.000ns})
  Path Group:             sys_clk_pin
  Path Type:              Setup (Max at Slow Process Corner)
  Requirement:            10.000ns  (sys_clk_pin rise@10.000ns - sys_clk_pin rise@0.000ns)
  Data Path Delay:        2.117ns  (logic 1.578ns (74.545%)  route 0.539ns (25.455%))
  Logic Levels:           3  (CARRY4=3)
  Clock Path Skew:        -0.026ns (DCD - SCD + CPR)
    Destination Clock Delay (DCD):    4.783ns = ( 14.783 - 10.000 ) 
    Source Clock Delay      (SCD):    5.083ns
    Clock Pessimism Removal (CPR):    0.274ns
  Clock Uncertainty:      0.035ns  ((TSJ^2 + TIJ^2)^1/2 + DJ) / 2 + PE
    Total System Jitter     (TSJ):    0.071ns
    Total Input Jitter      (TIJ):    0.000ns
    Discrete Jitter          (DJ):    0.000ns
    Phase Error              (PE):    0.000ns

    Location             Delay type                Incr(ns)  Path(ns)    Netlist Resource(s)
  -------------------------------------------------------------------    -------------------
                         (clock sys_clk_pin rise edge)
                                                      0.000     0.000 r  
    W5                                                0.000     0.000 r  clk (IN)
                         net (fo=0)                   0.000     0.000    clk
    W5                   IBUF (Prop_ibuf_I_O)         1.458     1.458 r  clk_IBUF_inst/O
                         net (fo=1, routed)           1.967     3.425    clk_IBUF
    BUFGCTRL_X0Y0        BUFG (Prop_bufg_I_O)         0.096     3.521 r  clk_IBUF_BUFG_inst/O
                         net (fo=35, routed)          1.562     5.083    clk_IBUF_BUFG
    SLICE_X44Y13         FDRE                                         r  refresh_counter_reg[1]/C
  -------------------------------------------------------------------    -------------------
    SLICE_X44Y13         FDRE (Prop_fdre_C_Q)         0.456     5.539 r  refresh_counter_reg[1]/Q
                         net (fo=1, routed)           0.539     6.078    refresh_counter_reg_n_0_[1]
    SLICE_X44Y13         CARRY4 (Prop_carry4_S[1]_CO[3])
                                                      0.674     6.752 r  refresh_counter_reg[0]_i_1/CO[3]
                         net (fo=1, routed)           0.000     6.752    refresh_counter_reg[0]_i_1_n_0
    SLICE_X44Y14         CARRY4 (Prop_carry4_CI_CO[3])
                                                      0.114     6.866 r  refresh_counter_reg[4]_i_1/CO[3]
                         net (fo=1, routed)           0.000     6.866    refresh_counter_reg[4]_i_1_n_0
    SLICE_X44Y15         CARRY4 (Prop_carry4_CI_O[1])
                                                      0.334     7.200 r  refresh_counter_reg[8]_i_1/O[1]
                         net (fo=1, routed)           0.000     7.200    refresh_counter_reg[8]_i_1_n_6
    SLICE_X44Y15         FDRE                                         r  refresh_counter_reg[9]/D
  -------------------------------------------------------------------    -------------------

                         (clock sys_clk_pin rise edge)
                                                     10.000    10.000 r  
    W5                                                0.000    10.000 r  clk (IN)
                         net (fo=0)                   0.000    10.000    clk
    W5                   IBUF (Prop_ibuf_I_O)         1.388    11.388 r  clk_IBUF_inst/O
                         net (fo=1, routed)           1.862    13.250    clk_IBUF
    BUFGCTRL_X0Y0        BUFG (Prop_bufg_I_O)         0.091    13.341 r  clk_IBUF_BUFG_inst/O
                         net (fo=35, routed)          1.442    14.783    clk_IBUF_BUFG
    SLICE_X44Y15         FDRE                                         r  refresh_counter_reg[9]/C
                         clock pessimism              0.274    15.057    
                         clock uncertainty           -0.035    15.022    
    SLICE_X44Y15         FDRE (Setup_fdre_C_D)        0.062    15.084    refresh_counter_reg[9]
  -------------------------------------------------------------------
                         required time                         15.084    
                         arrival time                          -7.200    
  -------------------------------------------------------------------
                         slack                                  7.884    

Slack (MET) :             7.905ns  (required time - arrival time)
  Source:                 refresh_counter_reg[1]/C
                            (rising edge-triggered cell FDRE clocked by sys_clk_pin  {rise@0.000ns fall@5.000ns period=10.000ns})
  Destination:            refresh_counter_reg[11]/D
                            (rising edge-triggered cell FDRE clocked by sys_clk_pin  {rise@0.000ns fall@5.000ns period=10.000ns})
  Path Group:             sys_clk_pin
  Path Type:              Setup (Max at Slow Process Corner)
  Requirement:            10.000ns  (sys_clk_pin rise@10.000ns - sys_clk_pin rise@0.000ns)
  Data Path Delay:        2.096ns  (logic 1.557ns (74.290%)  route 0.539ns (25.710%))
  Logic Levels:           3  (CARRY4=3)
  Clock Path Skew:        -0.026ns (DCD - SCD + CPR)
    Destination Clock Delay (DCD):    4.783ns = ( 14.783 - 10.000 ) 
    Source Clock Delay      (SCD):    5.083ns
    Clock Pessimism Removal (CPR):    0.274ns
  Clock Uncertainty:      0.035ns  ((TSJ^2 + TIJ^2)^1/2 + DJ) / 2 + PE
    Total System Jitter     (TSJ):    0.071ns
    Total Input Jitter      (TIJ):    0.000ns
    Discrete Jitter          (DJ):    0.000ns
    Phase Error              (PE):    0.000ns

    Location             Delay type                Incr(ns)  Path(ns)    Netlist Resource(s)
  -------------------------------------------------------------------    -------------------
                         (clock sys_clk_pin rise edge)
                                                      0.000     0.000 r  
    W5                                                0.000     0.000 r  clk (IN)
                         net (fo=0)                   0.000     0.000    clk
    W5                   IBUF (Prop_ibuf_I_O)         1.458     1.458 r  clk_IBUF_inst/O
                         net (fo=1, routed)           1.967     3.425    clk_IBUF
    BUFGCTRL_X0Y0        BUFG (Prop_bufg_I_O)         0.096     3.521 r  clk_IBUF_BUFG_inst/O
                         net (fo=35, routed)          1.562     5.083    clk_IBUF_BUFG
    SLICE_X44Y13         FDRE                                         r  refresh_counter_reg[1]/C
  -------------------------------------------------------------------    -------------------
    SLICE_X44Y13         FDRE (Prop_fdre_C_Q)         0.456     5.539 r  refresh_counter_reg[1]/Q
                         net (fo=1, routed)           0.539     6.078    refresh_counter_reg_n_0_[1]
    SLICE_X44Y13         CARRY4 (Prop_carry4_S[1]_CO[3])
                                                      0.674     6.752 r  refresh_counter_reg[0]_i_1/CO[3]
                         net (fo=1, routed)           0.000     6.752    refresh_counter_reg[0]_i_1_n_0
    SLICE_X44Y14         CARRY4 (Prop_carry4_CI_CO[3])
                                                      0.114     6.866 r  refresh_counter_reg[4]_i_1/CO[3]
                         net (fo=1, routed)           0.000     6.866    refresh_counter_reg[4]_i_1_n_0
    SLICE_X44Y15         CARRY4 (Prop_carry4_CI_O[3])
                                                      0.313     7.179 r  refresh_counter_reg[8]_i_1/O[3]
                         net (fo=1, routed)           0.000     7.179    refresh_counter_reg[8]_i_1_n_4
    SLICE_X44Y15         FDRE                                         r  refresh_counter_reg[11]/D
  -------------------------------------------------------------------    -------------------

                         (clock sys_clk_pin rise edge)
                                                     10.000    10.000 r  
    W5                                                0.000    10.000 r  clk (IN)
                         net (fo=0)                   0.000    10.000    clk
    W5                   IBUF (Prop_ibuf_I_O)         1.388    11.388 r  clk_IBUF_inst/O
                         net (fo=1, routed)           1.862    13.250    clk_IBUF
    BUFGCTRL_X0Y0        BUFG (Prop_bufg_I_O)         0.091    13.341 r  clk_IBUF_BUFG_inst/O
                         net (fo=35, routed)          1.442    14.783    clk_IBUF_BUFG
    SLICE_X44Y15         FDRE                                         r  refresh_counter_reg[11]/C
                         clock pessimism              0.274    15.057    
                         clock uncertainty           -0.035    15.022    
    SLICE_X44Y15         FDRE (Setup_fdre_C_D)        0.062    15.084    refresh_counter_reg[11]
  -------------------------------------------------------------------
                         required time                         15.084    
                         arrival time                          -7.179    
  -------------------------------------------------------------------
                         slack                                  7.905    

Slack (MET) :             7.979ns  (required time - arrival time)
  Source:                 refresh_counter_reg[1]/C
                            (rising edge-triggered cell FDRE clocked by sys_clk_pin  {rise@0.000ns fall@5.000ns period=10.000ns})
  Destination:            refresh_counter_reg[10]/D
                            (rising edge-triggered cell FDRE clocked by sys_clk_pin  {rise@0.000ns fall@5.000ns period=10.000ns})
  Path Group:             sys_clk_pin
  Path Type:              Setup (Max at Slow Process Corner)
  Requirement:            10.000ns  (sys_clk_pin rise@10.000ns - sys_clk_pin rise@0.000ns)
  Data Path Delay:        2.022ns  (logic 1.483ns (73.349%)  route 0.539ns (26.651%))
  Logic Levels:           3  (CARRY4=3)
  Clock Path Skew:        -0.026ns (DCD - SCD + CPR)
    Destination Clock Delay (DCD):    4.783ns = ( 14.783 - 10.000 ) 
    Source Clock Delay      (SCD):    5.083ns
    Clock Pessimism Removal (CPR):    0.274ns
  Clock Uncertainty:      0.035ns  ((TSJ^2 + TIJ^2)^1/2 + DJ) / 2 + PE
    Total System Jitter     (TSJ):    0.071ns
    Total Input Jitter      (TIJ):    0.000ns
    Discrete Jitter          (DJ):    0.000ns
    Phase Error              (PE):    0.000ns

    Location             Delay type                Incr(ns)  Path(ns)    Netlist Resource(s)
  -------------------------------------------------------------------    -------------------
                         (clock sys_clk_pin rise edge)
                                                      0.000     0.000 r  
    W5                                                0.000     0.000 r  clk (IN)
                         net (fo=0)                   0.000     0.000    clk
    W5                   IBUF (Prop_ibuf_I_O)         1.458     1.458 r  clk_IBUF_inst/O
                         net (fo=1, routed)           1.967     3.425    clk_IBUF
    BUFGCTRL_X0Y0        BUFG (Prop_bufg_I_O)         0.096     3.521 r  clk_IBUF_BUFG_inst/O
                         net (fo=35, routed)          1.562     5.083    clk_IBUF_BUFG
    SLICE_X44Y13         FDRE                                         r  refresh_counter_reg[1]/C
  -------------------------------------------------------------------    -------------------
    SLICE_X44Y13         FDRE (Prop_fdre_C_Q)         0.456     5.539 r  refresh_counter_reg[1]/Q
                         net (fo=1, routed)           0.539     6.078    refresh_counter_reg_n_0_[1]
    SLICE_X44Y13         CARRY4 (Prop_carry4_S[1]_CO[3])
                                                      0.674     6.752 r  refresh_counter_reg[0]_i_1/CO[3]
                         net (fo=1, routed)           0.000     6.752    refresh_counter_reg[0]_i_1_n_0
    SLICE_X44Y14         CARRY4 (Prop_carry4_CI_CO[3])
                                                      0.114     6.866 r  refresh_counter_reg[4]_i_1/CO[3]
                         net (fo=1, routed)           0.000     6.866    refresh_counter_reg[4]_i_1_n_0
    SLICE_X44Y15         CARRY4 (Prop_carry4_CI_O[2])
                                                      0.239     7.105 r  refresh_counter_reg[8]_i_1/O[2]
                         net (fo=1, routed)           0.000     7.105    refresh_counter_reg[8]_i_1_n_5
    SLICE_X44Y15         FDRE                                         r  refresh_counter_reg[10]/D
  -------------------------------------------------------------------    -------------------

                         (clock sys_clk_pin rise edge)
                                                     10.000    10.000 r  
    W5                                                0.000    10.000 r  clk (IN)
                         net (fo=0)                   0.000    10.000    clk
    W5                   IBUF (Prop_ibuf_I_O)         1.388    11.388 r  clk_IBUF_inst/O
                         net (fo=1, routed)           1.862    13.250    clk_IBUF
    BUFGCTRL_X0Y0        BUFG (Prop_bufg_I_O)         0.091    13.341 r  clk_IBUF_BUFG_inst/O
                         net (fo=35, routed)          1.442    14.783    clk_IBUF_BUFG
    SLICE_X44Y15         FDRE                                         r  refresh_counter_reg[10]/C
                         clock pessimism              0.274    15.057    
                         clock uncertainty           -0.035    15.022    
    SLICE_X44Y15         FDRE (Setup_fdre_C_D)        0.062    15.084    refresh_counter_reg[10]
  -------------------------------------------------------------------
                         required time                         15.084    
                         arrival time                          -7.105    
  -------------------------------------------------------------------
                         slack                                  7.979    

Slack (MET) :             7.995ns  (required time - arrival time)
  Source:                 refresh_counter_reg[1]/C
                            (rising edge-triggered cell FDRE clocked by sys_clk_pin  {rise@0.000ns fall@5.000ns period=10.000ns})
  Destination:            refresh_counter_reg[8]/D
                            (rising edge-triggered cell FDRE clocked by sys_clk_pin  {rise@0.000ns fall@5.000ns period=10.000ns})
  Path Group:             sys_clk_pin
  Path Type:              Setup (Max at Slow Process Corner)
  Requirement:            10.000ns  (sys_clk_pin rise@10.000ns - sys_clk_pin rise@0.000ns)
  Data Path Delay:        2.006ns  (logic 1.467ns (73.136%)  route 0.539ns (26.864%))
  Logic Levels:           3  (CARRY4=3)
  Clock Path Skew:        -0.026ns (DCD - SCD + CPR)
    Destination Clock Delay (DCD):    4.783ns = ( 14.783 - 10.000 ) 
    Source Clock Delay      (SCD):    5.083ns
    Clock Pessimism Removal (CPR):    0.274ns
  Clock Uncertainty:      0.035ns  ((TSJ^2 + TIJ^2)^1/2 + DJ) / 2 + PE
    Total System Jitter     (TSJ):    0.071ns
    Total Input Jitter      (TIJ):    0.000ns
    Discrete Jitter          (DJ):    0.000ns
    Phase Error              (PE):    0.000ns

    Location             Delay type                Incr(ns)  Path(ns)    Netlist Resource(s)
  -------------------------------------------------------------------    -------------------
                         (clock sys_clk_pin rise edge)
                                                      0.000     0.000 r  
    W5                                                0.000     0.000 r  clk (IN)
                         net (fo=0)                   0.000     0.000    clk
    W5                   IBUF (Prop_ibuf_I_O)         1.458     1.458 r  clk_IBUF_inst/O
                         net (fo=1, routed)           1.967     3.425    clk_IBUF
    BUFGCTRL_X0Y0        BUFG (Prop_bufg_I_O)         0.096     3.521 r  clk_IBUF_BUFG_inst/O
                         net (fo=35, routed)          1.562     5.083    clk_IBUF_BUFG
    SLICE_X44Y13         FDRE                                         r  refresh_counter_reg[1]/C
  -------------------------------------------------------------------    -------------------
    SLICE_X44Y13         FDRE (Prop_fdre_C_Q)         0.456     5.539 r  refresh_counter_reg[1]/Q
                         net (fo=1, routed)           0.539     6.078    refresh_counter_reg_n_0_[1]
    SLICE_X44Y13         CARRY4 (Prop_carry4_S[1]_CO[3])
                                                      0.674     6.752 r  refresh_counter_reg[0]_i_1/CO[3]
                         net (fo=1, routed)           0.000     6.752    refresh_counter_reg[0]_i_1_n_0
    SLICE_X44Y14         CARRY4 (Prop_carry4_CI_CO[3])
                                                      0.114     6.866 r  refresh_counter_reg[4]_i_1/CO[3]
                         net (fo=1, routed)           0.000     6.866    refresh_counter_reg[4]_i_1_n_0
    SLICE_X44Y15         CARRY4 (Prop_carry4_CI_O[0])
                                                      0.223     7.089 r  refresh_counter_reg[8]_i_1/O[0]
                         net (fo=1, routed)           0.000     7.089    refresh_counter_reg[8]_i_1_n_7
    SLICE_X44Y15         FDRE                                         r  refresh_counter_reg[8]/D
  -------------------------------------------------------------------    -------------------

                         (clock sys_clk_pin rise edge)
                                                     10.000    10.000 r  
    W5                                                0.000    10.000 r  clk (IN)
                         net (fo=0)                   0.000    10.000    clk
    W5                   IBUF (Prop_ibuf_I_O)         1.388    11.388 r  clk_IBUF_inst/O
                         net (fo=1, routed)           1.862    13.250    clk_IBUF
    BUFGCTRL_X0Y0        BUFG (Prop_bufg_I_O)         0.091    13.341 r  clk_IBUF_BUFG_inst/O
                         net (fo=35, routed)          1.442    14.783    clk_IBUF_BUFG
    SLICE_X44Y15         FDRE                                         r  refresh_counter_reg[8]/C
                         clock pessimism              0.274    15.057    
                         clock uncertainty           -0.035    15.022    
    SLICE_X44Y15         FDRE (Setup_fdre_C_D)        0.062    15.084    refresh_counter_reg[8]
  -------------------------------------------------------------------
                         required time                         15.084    
                         arrival time                          -7.089    
  -------------------------------------------------------------------
                         slack                                  7.995    

Slack (MET) :             7.999ns  (required time - arrival time)
  Source:                 refresh_counter_reg[1]/C
                            (rising edge-triggered cell FDRE clocked by sys_clk_pin  {rise@0.000ns fall@5.000ns period=10.000ns})
  Destination:            refresh_counter_reg[5]/D
                            (rising edge-triggered cell FDRE clocked by sys_clk_pin  {rise@0.000ns fall@5.000ns period=10.000ns})
  Path Group:             sys_clk_pin
  Path Type:              Setup (Max at Slow Process Corner)
  Requirement:            10.000ns  (sys_clk_pin rise@10.000ns - sys_clk_pin rise@0.000ns)
  Data Path Delay:        2.003ns  (logic 1.464ns (73.096%)  route 0.539ns (26.904%))
  Logic Levels:           2  (CARRY4=2)
  Clock Path Skew:        -0.025ns (DCD - SCD + CPR)
    Destination Clock Delay (DCD):    4.784ns = ( 14.784 - 10.000 ) 
    Source Clock Delay      (SCD):    5.083ns
    Clock Pessimism Removal (CPR):    0.274ns
  Clock Uncertainty:      0.035ns  ((TSJ^2 + TIJ^2)^1/2 + DJ) / 2 + PE
    Total System Jitter     (TSJ):    0.071ns
    Total Input Jitter      (TIJ):    0.000ns
    Discrete Jitter          (DJ):    0.000ns
    Phase Error              (PE):    0.000ns

    Location             Delay type                Incr(ns)  Path(ns)    Netlist Resource(s)
  -------------------------------------------------------------------    -------------------
                         (clock sys_clk_pin rise edge)
                                                      0.000     0.000 r  
    W5                                                0.000     0.000 r  clk (IN)
                         net (fo=0)                   0.000     0.000    clk
    W5                   IBUF (Prop_ibuf_I_O)         1.458     1.458 r  clk_IBUF_inst/O
                         net (fo=1, routed)           1.967     3.425    clk_IBUF
    BUFGCTRL_X0Y0        BUFG (Prop_bufg_I_O)         0.096     3.521 r  clk_IBUF_BUFG_inst/O
                         net (fo=35, routed)          1.562     5.083    clk_IBUF_BUFG
    SLICE_X44Y13         FDRE                                         r  refresh_counter_reg[1]/C
  -------------------------------------------------------------------    -------------------
    SLICE_X44Y13         FDRE (Prop_fdre_C_Q)         0.456     5.539 r  refresh_counter_reg[1]/Q
                         net (fo=1, routed)           0.539     6.078    refresh_counter_reg_n_0_[1]
    SLICE_X44Y13         CARRY4 (Prop_carry4_S[1]_CO[3])
                                                      0.674     6.752 r  refresh_counter_reg[0]_i_1/CO[3]
                         net (fo=1, routed)           0.000     6.752    refresh_counter_reg[0]_i_1_n_0
    SLICE_X44Y14         CARRY4 (Prop_carry4_CI_O[1])
                                                      0.334     7.086 r  refresh_counter_reg[4]_i_1/O[1]
                         net (fo=1, routed)           0.000     7.086    refresh_counter_reg[4]_i_1_n_6
    SLICE_X44Y14         FDRE                                         r  refresh_counter_reg[5]/D
  -------------------------------------------------------------------    -------------------

                         (clock sys_clk_pin rise edge)
                                                     10.000    10.000 r  
    W5                                                0.000    10.000 r  clk (IN)
                         net (fo=0)                   0.000    10.000    clk
    W5                   IBUF (Prop_ibuf_I_O)         1.388    11.388 r  clk_IBUF_inst/O
                         net (fo=1, routed)           1.862    13.250    clk_IBUF
    BUFGCTRL_X0Y0        BUFG (Prop_bufg_I_O)         0.091    13.341 r  clk_IBUF_BUFG_inst/O
                         net (fo=35, routed)          1.443    14.784    clk_IBUF_BUFG
    SLICE_X44Y14         FDRE                                         r  refresh_counter_reg[5]/C
                         clock pessimism              0.274    15.058    
                         clock uncertainty           -0.035    15.023    
    SLICE_X44Y14         FDRE (Setup_fdre_C_D)        0.062    15.085    refresh_counter_reg[5]
  -------------------------------------------------------------------
                         required time                         15.085    
                         arrival time                          -7.086    
  -------------------------------------------------------------------
                         slack                                  7.999    





Min Delay Paths
--------------------------------------------------------------------------------------
Slack (MET) :             0.172ns  (arrival time - required time)
  Source:                 refresh_counter_reg[16]/C
                            (rising edge-triggered cell FDRE clocked by sys_clk_pin  {rise@0.000ns fall@5.000ns period=10.000ns})
  Destination:            active_digit_reg[1]/D
                            (rising edge-triggered cell FDRE clocked by sys_clk_pin  {rise@0.000ns fall@5.000ns period=10.000ns})
  Path Group:             sys_clk_pin
  Path Type:              Hold (Min at Fast Process Corner)
  Requirement:            0.000ns  (sys_clk_pin rise@0.000ns - sys_clk_pin rise@0.000ns)
  Data Path Delay:        0.240ns  (logic 0.141ns (58.795%)  route 0.099ns (41.205%))
  Logic Levels:           0  
  Clock Path Skew:        0.013ns (DCD - SCD - CPR)
    Destination Clock Delay (DCD):    1.953ns
    Source Clock Delay      (SCD):    1.441ns
    Clock Pessimism Removal (CPR):    0.499ns

    Location             Delay type                Incr(ns)  Path(ns)    Netlist Resource(s)
  -------------------------------------------------------------------    -------------------
                         (clock sys_clk_pin rise edge)
                                                      0.000     0.000 r  
    W5                                                0.000     0.000 r  clk (IN)
                         net (fo=0)                   0.000     0.000    clk
    W5                   IBUF (Prop_ibuf_I_O)         0.226     0.226 r  clk_IBUF_inst/O
                         net (fo=1, routed)           0.631     0.858    clk_IBUF
    BUFGCTRL_X0Y0        BUFG (Prop_bufg_I_O)         0.026     0.884 r  clk_IBUF_BUFG_inst/O
                         net (fo=35, routed)          0.558     1.441    clk_IBUF_BUFG
    SLICE_X44Y17         FDRE                                         r  refresh_counter_reg[16]/C
  -------------------------------------------------------------------    -------------------
    SLICE_X44Y17         FDRE (Prop_fdre_C_Q)         0.141     1.582 r  refresh_counter_reg[16]/Q
                         net (fo=2, routed)           0.099     1.681    refresh_counter_reg[16]
    SLICE_X45Y17         FDRE                                         r  active_digit_reg[1]/D
  -------------------------------------------------------------------    -------------------

                         (clock sys_clk_pin rise edge)
                                                      0.000     0.000 r  
    W5                                                0.000     0.000 r  clk (IN)
                         net (fo=0)                   0.000     0.000    clk
    W5                   IBUF (Prop_ibuf_I_O)         0.414     0.414 r  clk_IBUF_inst/O
                         net (fo=1, routed)           0.685     1.099    clk_IBUF
    BUFGCTRL_X0Y0        BUFG (Prop_bufg_I_O)         0.029     1.128 r  clk_IBUF_BUFG_inst/O
                         net (fo=35, routed)          0.826     1.953    clk_IBUF_BUFG
    SLICE_X45Y17         FDRE                                         r  active_digit_reg[1]/C
                         clock pessimism             -0.499     1.454    
    SLICE_X45Y17         FDRE (Hold_fdre_C_D)         0.055     1.509    active_digit_reg[1]
  -------------------------------------------------------------------
                         required time                         -1.509    
                         arrival time                           1.681    
  -------------------------------------------------------------------
                         slack                                  0.172    

Slack (MET) :             0.268ns  (arrival time - required time)
  Source:                 refresh_counter_reg[14]/C
                            (rising edge-triggered cell FDRE clocked by sys_clk_pin  {rise@0.000ns fall@5.000ns period=10.000ns})
  Destination:            refresh_counter_reg[14]/D
                            (rising edge-triggered cell FDRE clocked by sys_clk_pin  {rise@0.000ns fall@5.000ns period=10.000ns})
  Path Group:             sys_clk_pin
  Path Type:              Hold (Min at Fast Process Corner)
  Requirement:            0.000ns  (sys_clk_pin rise@0.000ns - sys_clk_pin rise@0.000ns)
  Data Path Delay:        0.373ns  (logic 0.252ns (67.478%)  route 0.121ns (32.522%))
  Logic Levels:           1  (CARRY4=1)
  Clock Path Skew:        0.000ns (DCD - SCD - CPR)
    Destination Clock Delay (DCD):    1.954ns
    Source Clock Delay      (SCD):    1.442ns
    Clock Pessimism Removal (CPR):    0.512ns

    Location             Delay type                Incr(ns)  Path(ns)    Netlist Resource(s)
  -------------------------------------------------------------------    -------------------
                         (clock sys_clk_pin rise edge)
                                                      0.000     0.000 r  
    W5                                                0.000     0.000 r  clk (IN)
                         net (fo=0)                   0.000     0.000    clk
    W5                   IBUF (Prop_ibuf_I_O)         0.226     0.226 r  clk_IBUF_inst/O
                         net (fo=1, routed)           0.631     0.858    clk_IBUF
    BUFGCTRL_X0Y0        BUFG (Prop_bufg_I_O)         0.026     0.884 r  clk_IBUF_BUFG_inst/O
                         net (fo=35, routed)          0.559     1.442    clk_IBUF_BUFG
    SLICE_X44Y16         FDRE                                         r  refresh_counter_reg[14]/C
  -------------------------------------------------------------------    -------------------
    SLICE_X44Y16         FDRE (Prop_fdre_C_Q)         0.141     1.583 r  refresh_counter_reg[14]/Q
                         net (fo=1, routed)           0.121     1.705    refresh_counter_reg_n_0_[14]
    SLICE_X44Y16         CARRY4 (Prop_carry4_S[2]_O[2])
                                                      0.111     1.816 r  refresh_counter_reg[12]_i_1/O[2]
                         net (fo=1, routed)           0.000     1.816    refresh_counter_reg[12]_i_1_n_5
    SLICE_X44Y16         FDRE                                         r  refresh_counter_reg[14]/D
  -------------------------------------------------------------------    -------------------

                         (clock sys_clk_pin rise edge)
                                                      0.000     0.000 r  
    W5                                                0.000     0.000 r  clk (IN)
                         net (fo=0)                   0.000     0.000    clk
    W5                   IBUF (Prop_ibuf_I_O)         0.414     0.414 r  clk_IBUF_inst/O
                         net (fo=1, routed)           0.685     1.099    clk_IBUF
    BUFGCTRL_X0Y0        BUFG (Prop_bufg_I_O)         0.029     1.128 r  clk_IBUF_BUFG_inst/O
                         net (fo=35, routed)          0.827     1.954    clk_IBUF_BUFG
    SLICE_X44Y16         FDRE                                         r  refresh_counter_reg[14]/C
                         clock pessimism             -0.512     1.442    
    SLICE_X44Y16         FDRE (Hold_fdre_C_D)         0.105     1.547    refresh_counter_reg[14]
  -------------------------------------------------------------------
                         required time                         -1.547    
                         arrival time                           1.816    
  -------------------------------------------------------------------
                         slack                                  0.268    

Slack (MET) :             0.268ns  (arrival time - required time)
  Source:                 refresh_counter_reg[10]/C
                            (rising edge-triggered cell FDRE clocked by sys_clk_pin  {rise@0.000ns fall@5.000ns period=10.000ns})
  Destination:            refresh_counter_reg[10]/D
                            (rising edge-triggered cell FDRE clocked by sys_clk_pin  {rise@0.000ns fall@5.000ns period=10.000ns})
  Path Group:             sys_clk_pin
  Path Type:              Hold (Min at Fast Process Corner)
  Requirement:            0.000ns  (sys_clk_pin rise@0.000ns - sys_clk_pin rise@0.000ns)
  Data Path Delay:        0.373ns  (logic 0.252ns (67.478%)  route 0.121ns (32.522%))
  Logic Levels:           1  (CARRY4=1)
  Clock Path Skew:        0.000ns (DCD - SCD - CPR)
    Destination Clock Delay (DCD):    1.955ns
    Source Clock Delay      (SCD):    1.443ns
    Clock Pessimism Removal (CPR):    0.512ns

    Location             Delay type                Incr(ns)  Path(ns)    Netlist Resource(s)
  -------------------------------------------------------------------    -------------------
                         (clock sys_clk_pin rise edge)
                                                      0.000     0.000 r  
    W5                                                0.000     0.000 r  clk (IN)
                         net (fo=0)                   0.000     0.000    clk
    W5                   IBUF (Prop_ibuf_I_O)         0.226     0.226 r  clk_IBUF_inst/O
                         net (fo=1, routed)           0.631     0.858    clk_IBUF
    BUFGCTRL_X0Y0        BUFG (Prop_bufg_I_O)         0.026     0.884 r  clk_IBUF_BUFG_inst/O
                         net (fo=35, routed)          0.560     1.443    clk_IBUF_BUFG
    SLICE_X44Y15         FDRE                                         r  refresh_counter_reg[10]/C
  -------------------------------------------------------------------    -------------------
    SLICE_X44Y15         FDRE (Prop_fdre_C_Q)         0.141     1.584 r  refresh_counter_reg[10]/Q
                         net (fo=1, routed)           0.121     1.706    refresh_counter_reg_n_0_[10]
    SLICE_X44Y15         CARRY4 (Prop_carry4_S[2]_O[2])
                                                      0.111     1.817 r  refresh_counter_reg[8]_i_1/O[2]
                         net (fo=1, routed)           0.000     1.817    refresh_counter_reg[8]_i_1_n_5
    SLICE_X44Y15         FDRE                                         r  refresh_counter_reg[10]/D
  -------------------------------------------------------------------    -------------------

                         (clock sys_clk_pin rise edge)
                                                      0.000     0.000 r  
    W5                                                0.000     0.000 r  clk (IN)
                         net (fo=0)                   0.000     0.000    clk
    W5                   IBUF (Prop_ibuf_I_O)         0.414     0.414 r  clk_IBUF_inst/O
                         net (fo=1, routed)           0.685     1.099    clk_IBUF
    BUFGCTRL_X0Y0        BUFG (Prop_bufg_I_O)         0.029     1.128 r  clk_IBUF_BUFG_inst/O
                         net (fo=35, routed)          0.828     1.955    clk_IBUF_BUFG
    SLICE_X44Y15         FDRE                                         r  refresh_counter_reg[10]/C
                         clock pessimism             -0.512     1.443    
    SLICE_X44Y15         FDRE (Hold_fdre_C_D)         0.105     1.548    refresh_counter_reg[10]
  -------------------------------------------------------------------
                         required time                         -1.548    
                         arrival time                           1.817    
  -------------------------------------------------------------------
                         slack                                  0.268    

Slack (MET) :             0.268ns  (arrival time - required time)
  Source:                 refresh_counter_reg[6]/C
                            (rising edge-triggered cell FDRE clocked by sys_clk_pin  {rise@0.000ns fall@5.000ns period=10.000ns})
  Destination:            refresh_counter_reg[6]/D
                            (rising edge-triggered cell FDRE clocked by sys_clk_pin  {rise@0.000ns fall@5.000ns period=10.000ns})
  Path Group:             sys_clk_pin
  Path Type:              Hold (Min at Fast Process Corner)
  Requirement:            0.000ns  (sys_clk_pin rise@0.000ns - sys_clk_pin rise@0.000ns)
  Data Path Delay:        0.373ns  (logic 0.252ns (67.478%)  route 0.121ns (32.522%))
  Logic Levels:           1  (CARRY4=1)
  Clock Path Skew:        0.000ns (DCD - SCD - CPR)
    Destination Clock Delay (DCD):    1.956ns
    Source Clock Delay      (SCD):    1.443ns
    Clock Pessimism Removal (CPR):    0.513ns

    Location             Delay type                Incr(ns)  Path(ns)    Netlist Resource(s)
  -------------------------------------------------------------------    -------------------
                         (clock sys_clk_pin rise edge)
                                                      0.000     0.000 r  
    W5                                                0.000     0.000 r  clk (IN)
                         net (fo=0)                   0.000     0.000    clk
    W5                   IBUF (Prop_ibuf_I_O)         0.226     0.226 r  clk_IBUF_inst/O
                         net (fo=1, routed)           0.631     0.858    clk_IBUF
    BUFGCTRL_X0Y0        BUFG (Prop_bufg_I_O)         0.026     0.884 r  clk_IBUF_BUFG_inst/O
                         net (fo=35, routed)          0.560     1.443    clk_IBUF_BUFG
    SLICE_X44Y14         FDRE                                         r  refresh_counter_reg[6]/C
  -------------------------------------------------------------------    -------------------
    SLICE_X44Y14         FDRE (Prop_fdre_C_Q)         0.141     1.584 r  refresh_counter_reg[6]/Q
                         net (fo=1, routed)           0.121     1.706    refresh_counter_reg_n_0_[6]
    SLICE_X44Y14         CARRY4 (Prop_carry4_S[2]_O[2])
                                                      0.111     1.817 r  refresh_counter_reg[4]_i_1/O[2]
                         net (fo=1, routed)           0.000     1.817    refresh_counter_reg[4]_i_1_n_5
    SLICE_X44Y14         FDRE                                         r  refresh_counter_reg[6]/D
  -------------------------------------------------------------------    -------------------

                         (clock sys_clk_pin rise edge)
                                                      0.000     0.000 r  
    W5                                                0.000     0.000 r  clk (IN)
                         net (fo=0)                   0.000     0.000    clk
    W5                   IBUF (Prop_ibuf_I_O)         0.414     0.414 r  clk_IBUF_inst/O
                         net (fo=1, routed)           0.685     1.099    clk_IBUF
    BUFGCTRL_X0Y0        BUFG (Prop_bufg_I_O)         0.029     1.128 r  clk_IBUF_BUFG_inst/O
                         net (fo=35, routed)          0.829     1.956    clk_IBUF_BUFG
    SLICE_X44Y14         FDRE                                         r  refresh_counter_reg[6]/C
                         clock pessimism             -0.513     1.443    
    SLICE_X44Y14         FDRE (Hold_fdre_C_D)         0.105     1.548    refresh_counter_reg[6]
  -------------------------------------------------------------------
                         required time                         -1.548    
                         arrival time                           1.817    
  -------------------------------------------------------------------
                         slack                                  0.268    

Slack (MET) :             0.301ns  (arrival time - required time)
  Source:                 refresh_counter_reg[14]/C
                            (rising edge-triggered cell FDRE clocked by sys_clk_pin  {rise@0.000ns fall@5.000ns period=10.000ns})
  Destination:            refresh_counter_reg[15]/D
                            (rising edge-triggered cell FDRE clocked by sys_clk_pin  {rise@0.000ns fall@5.000ns period=10.000ns})
  Path Group:             sys_clk_pin
  Path Type:              Hold (Min at Fast Process Corner)
  Requirement:            0.000ns  (sys_clk_pin rise@0.000ns - sys_clk_pin rise@0.000ns)
  Data Path Delay:        0.406ns  (logic 0.285ns (70.118%)  route 0.121ns (29.882%))
  Logic Levels:           1  (CARRY4=1)
  Clock Path Skew:        0.000ns (DCD - SCD - CPR)
    Destination Clock Delay (DCD):    1.954ns
    Source Clock Delay      (SCD):    1.442ns
    Clock Pessimism Removal (CPR):    0.512ns

    Location             Delay type                Incr(ns)  Path(ns)    Netlist Resource(s)
  -------------------------------------------------------------------    -------------------
                         (clock sys_clk_pin rise edge)
                                                      0.000     0.000 r  
    W5                                                0.000     0.000 r  clk (IN)
                         net (fo=0)                   0.000     0.000    clk
    W5                   IBUF (Prop_ibuf_I_O)         0.226     0.226 r  clk_IBUF_inst/O
                         net (fo=1, routed)           0.631     0.858    clk_IBUF
    BUFGCTRL_X0Y0        BUFG (Prop_bufg_I_O)         0.026     0.884 r  clk_IBUF_BUFG_inst/O
                         net (fo=35, routed)          0.559     1.442    clk_IBUF_BUFG
    SLICE_X44Y16         FDRE                                         r  refresh_counter_reg[14]/C
  -------------------------------------------------------------------    -------------------
    SLICE_X44Y16         FDRE (Prop_fdre_C_Q)         0.141     1.583 r  refresh_counter_reg[14]/Q
                         net (fo=1, routed)           0.121     1.705    refresh_counter_reg_n_0_[14]
    SLICE_X44Y16         CARRY4 (Prop_carry4_S[2]_O[3])
                                                      0.144     1.849 r  refresh_counter_reg[12]_i_1/O[3]
                         net (fo=1, routed)           0.000     1.849    refresh_counter_reg[12]_i_1_n_4
    SLICE_X44Y16         FDRE                                         r  refresh_counter_reg[15]/D
  -------------------------------------------------------------------    -------------------

                         (clock sys_clk_pin rise edge)
                                                      0.000     0.000 r  
    W5                                                0.000     0.000 r  clk (IN)
                         net (fo=0)                   0.000     0.000    clk
    W5                   IBUF (Prop_ibuf_I_O)         0.414     0.414 r  clk_IBUF_inst/O
                         net (fo=1, routed)           0.685     1.099    clk_IBUF
    BUFGCTRL_X0Y0        BUFG (Prop_bufg_I_O)         0.029     1.128 r  clk_IBUF_BUFG_inst/O
                         net (fo=35, routed)          0.827     1.954    clk_IBUF_BUFG
    SLICE_X44Y16         FDRE                                         r  refresh_counter_reg[15]/C
                         clock pessimism             -0.512     1.442    
    SLICE_X44Y16         FDRE (Hold_fdre_C_D)         0.105     1.547    refresh_counter_reg[15]
  -------------------------------------------------------------------
                         required time                         -1.547    
                         arrival time                           1.849    
  -------------------------------------------------------------------
                         slack                                  0.301    

Slack (MET) :             0.301ns  (arrival time - required time)
  Source:                 refresh_counter_reg[10]/C
                            (rising edge-triggered cell FDRE clocked by sys_clk_pin  {rise@0.000ns fall@5.000ns period=10.000ns})
  Destination:            refresh_counter_reg[11]/D
                            (rising edge-triggered cell FDRE clocked by sys_clk_pin  {rise@0.000ns fall@5.000ns period=10.000ns})
  Path Group:             sys_clk_pin
  Path Type:              Hold (Min at Fast Process Corner)
  Requirement:            0.000ns  (sys_clk_pin rise@0.000ns - sys_clk_pin rise@0.000ns)
  Data Path Delay:        0.406ns  (logic 0.285ns (70.118%)  route 0.121ns (29.882%))
  Logic Levels:           1  (CARRY4=1)
  Clock Path Skew:        0.000ns (DCD - SCD - CPR)
    Destination Clock Delay (DCD):    1.955ns
    Source Clock Delay      (SCD):    1.443ns
    Clock Pessimism Removal (CPR):    0.512ns

    Location             Delay type                Incr(ns)  Path(ns)    Netlist Resource(s)
  -------------------------------------------------------------------    -------------------
                         (clock sys_clk_pin rise edge)
                                                      0.000     0.000 r  
    W5                                                0.000     0.000 r  clk (IN)
                         net (fo=0)                   0.000     0.000    clk
    W5                   IBUF (Prop_ibuf_I_O)         0.226     0.226 r  clk_IBUF_inst/O
                         net (fo=1, routed)           0.631     0.858    clk_IBUF
    BUFGCTRL_X0Y0        BUFG (Prop_bufg_I_O)         0.026     0.884 r  clk_IBUF_BUFG_inst/O
                         net (fo=35, routed)          0.560     1.443    clk_IBUF_BUFG
    SLICE_X44Y15         FDRE                                         r  refresh_counter_reg[10]/C
  -------------------------------------------------------------------    -------------------
    SLICE_X44Y15         FDRE (Prop_fdre_C_Q)         0.141     1.584 r  refresh_counter_reg[10]/Q
                         net (fo=1, routed)           0.121     1.706    refresh_counter_reg_n_0_[10]
    SLICE_X44Y15         CARRY4 (Prop_carry4_S[2]_O[3])
                                                      0.144     1.850 r  refresh_counter_reg[8]_i_1/O[3]
                         net (fo=1, routed)           0.000     1.850    refresh_counter_reg[8]_i_1_n_4
    SLICE_X44Y15         FDRE                                         r  refresh_counter_reg[11]/D
  -------------------------------------------------------------------    -------------------

                         (clock sys_clk_pin rise edge)
                                                      0.000     0.000 r  
    W5                                                0.000     0.000 r  clk (IN)
                         net (fo=0)                   0.000     0.000    clk
    W5                   IBUF (Prop_ibuf_I_O)         0.414     0.414 r  clk_IBUF_inst/O
                         net (fo=1, routed)           0.685     1.099    clk_IBUF
    BUFGCTRL_X0Y0        BUFG (Prop_bufg_I_O)         0.029     1.128 r  clk_IBUF_BUFG_inst/O
                         net (fo=35, routed)          0.828     1.955    clk_IBUF_BUFG
    SLICE_X44Y15         FDRE                                         r  refresh_counter_reg[11]/C
                         clock pessimism             -0.512     1.443    
    SLICE_X44Y15         FDRE (Hold_fdre_C_D)         0.105     1.548    refresh_counter_reg[11]
  -------------------------------------------------------------------
                         required time                         -1.548    
                         arrival time                           1.850    
  -------------------------------------------------------------------
                         slack                                  0.301    

Slack (MET) :             0.301ns  (arrival time - required time)
  Source:                 refresh_counter_reg[6]/C
                            (rising edge-triggered cell FDRE clocked by sys_clk_pin  {rise@0.000ns fall@5.000ns period=10.000ns})
  Destination:            refresh_counter_reg[7]/D
                            (rising edge-triggered cell FDRE clocked by sys_clk_pin  {rise@0.000ns fall@5.000ns period=10.000ns})
  Path Group:             sys_clk_pin
  Path Type:              Hold (Min at Fast Process Corner)
  Requirement:            0.000ns  (sys_clk_pin rise@0.000ns - sys_clk_pin rise@0.000ns)
  Data Path Delay:        0.406ns  (logic 0.285ns (70.118%)  route 0.121ns (29.882%))
  Logic Levels:           1  (CARRY4=1)
  Clock Path Skew:        0.000ns (DCD - SCD - CPR)
    Destination Clock Delay (DCD):    1.956ns
    Source Clock Delay      (SCD):    1.443ns
    Clock Pessimism Removal (CPR):    0.513ns

    Location             Delay type                Incr(ns)  Path(ns)    Netlist Resource(s)
  -------------------------------------------------------------------    -------------------
                         (clock sys_clk_pin rise edge)
                                                      0.000     0.000 r  
    W5                                                0.000     0.000 r  clk (IN)
                         net (fo=0)                   0.000     0.000    clk
    W5                   IBUF (Prop_ibuf_I_O)         0.226     0.226 r  clk_IBUF_inst/O
                         net (fo=1, routed)           0.631     0.858    clk_IBUF
    BUFGCTRL_X0Y0        BUFG (Prop_bufg_I_O)         0.026     0.884 r  clk_IBUF_BUFG_inst/O
                         net (fo=35, routed)          0.560     1.443    clk_IBUF_BUFG
    SLICE_X44Y14         FDRE                                         r  refresh_counter_reg[6]/C
  -------------------------------------------------------------------    -------------------
    SLICE_X44Y14         FDRE (Prop_fdre_C_Q)         0.141     1.584 r  refresh_counter_reg[6]/Q
                         net (fo=1, routed)           0.121     1.706    refresh_counter_reg_n_0_[6]
    SLICE_X44Y14         CARRY4 (Prop_carry4_S[2]_O[3])
                                                      0.144     1.850 r  refresh_counter_reg[4]_i_1/O[3]
                         net (fo=1, routed)           0.000     1.850    refresh_counter_reg[4]_i_1_n_4
    SLICE_X44Y14         FDRE                                         r  refresh_counter_reg[7]/D
  -------------------------------------------------------------------    -------------------

                         (clock sys_clk_pin rise edge)
                                                      0.000     0.000 r  
    W5                                                0.000     0.000 r  clk (IN)
                         net (fo=0)                   0.000     0.000    clk
    W5                   IBUF (Prop_ibuf_I_O)         0.414     0.414 r  clk_IBUF_inst/O
                         net (fo=1, routed)           0.685     1.099    clk_IBUF
    BUFGCTRL_X0Y0        BUFG (Prop_bufg_I_O)         0.029     1.128 r  clk_IBUF_BUFG_inst/O
                         net (fo=35, routed)          0.829     1.956    clk_IBUF_BUFG
    SLICE_X44Y14         FDRE                                         r  refresh_counter_reg[7]/C
                         clock pessimism             -0.513     1.443    
    SLICE_X44Y14         FDRE (Hold_fdre_C_D)         0.105     1.548    refresh_counter_reg[7]
  -------------------------------------------------------------------
                         required time                         -1.548    
                         arrival time                           1.850    
  -------------------------------------------------------------------
                         slack                                  0.301    

Slack (MET) :             0.324ns  (arrival time - required time)
  Source:                 refresh_counter_reg[0]/C
                            (rising edge-triggered cell FDRE clocked by sys_clk_pin  {rise@0.000ns fall@5.000ns period=10.000ns})
  Destination:            refresh_counter_reg[0]/D
                            (rising edge-triggered cell FDRE clocked by sys_clk_pin  {rise@0.000ns fall@5.000ns period=10.000ns})
  Path Group:             sys_clk_pin
  Path Type:              Hold (Min at Fast Process Corner)
  Requirement:            0.000ns  (sys_clk_pin rise@0.000ns - sys_clk_pin rise@0.000ns)
  Data Path Delay:        0.429ns  (logic 0.256ns (59.730%)  route 0.173ns (40.270%))
  Logic Levels:           2  (CARRY4=1 LUT1=1)
  Clock Path Skew:        0.000ns (DCD - SCD - CPR)
    Destination Clock Delay (DCD):    1.956ns
    Source Clock Delay      (SCD):    1.443ns
    Clock Pessimism Removal (CPR):    0.513ns

    Location             Delay type                Incr(ns)  Path(ns)    Netlist Resource(s)
  -------------------------------------------------------------------    -------------------
                         (clock sys_clk_pin rise edge)
                                                      0.000     0.000 r  
    W5                                                0.000     0.000 r  clk (IN)
                         net (fo=0)                   0.000     0.000    clk
    W5                   IBUF (Prop_ibuf_I_O)         0.226     0.226 r  clk_IBUF_inst/O
                         net (fo=1, routed)           0.631     0.858    clk_IBUF
    BUFGCTRL_X0Y0        BUFG (Prop_bufg_I_O)         0.026     0.884 r  clk_IBUF_BUFG_inst/O
                         net (fo=35, routed)          0.560     1.443    clk_IBUF_BUFG
    SLICE_X44Y13         FDRE                                         r  refresh_counter_reg[0]/C
  -------------------------------------------------------------------    -------------------
    SLICE_X44Y13         FDRE (Prop_fdre_C_Q)         0.141     1.584 f  refresh_counter_reg[0]/Q
                         net (fo=1, routed)           0.173     1.757    refresh_counter_reg_n_0_[0]
    SLICE_X44Y13         LUT1 (Prop_lut1_I0_O)        0.045     1.802 r  refresh_counter[0]_i_2/O
                         net (fo=1, routed)           0.000     1.802    refresh_counter[0]_i_2_n_0
    SLICE_X44Y13         CARRY4 (Prop_carry4_S[0]_O[0])
                                                      0.070     1.872 r  refresh_counter_reg[0]_i_1/O[0]
                         net (fo=1, routed)           0.000     1.872    refresh_counter_reg[0]_i_1_n_7
    SLICE_X44Y13         FDRE                                         r  refresh_counter_reg[0]/D
  -------------------------------------------------------------------    -------------------

                         (clock sys_clk_pin rise edge)
                                                      0.000     0.000 r  
    W5                                                0.000     0.000 r  clk (IN)
                         net (fo=0)                   0.000     0.000    clk
    W5                   IBUF (Prop_ibuf_I_O)         0.414     0.414 r  clk_IBUF_inst/O
                         net (fo=1, routed)           0.685     1.099    clk_IBUF
    BUFGCTRL_X0Y0        BUFG (Prop_bufg_I_O)         0.029     1.128 r  clk_IBUF_BUFG_inst/O
                         net (fo=35, routed)          0.829     1.956    clk_IBUF_BUFG
    SLICE_X44Y13         FDRE                                         r  refresh_counter_reg[0]/C
                         clock pessimism             -0.513     1.443    
    SLICE_X44Y13         FDRE (Hold_fdre_C_D)         0.105     1.548    refresh_counter_reg[0]
  -------------------------------------------------------------------
                         required time                         -1.548    
                         arrival time                           1.872    
  -------------------------------------------------------------------
                         slack                                  0.324    

Slack (MET) :             0.326ns  (arrival time - required time)
  Source:                 refresh_counter_reg[9]/C
                            (rising edge-triggered cell FDRE clocked by sys_clk_pin  {rise@0.000ns fall@5.000ns period=10.000ns})
  Destination:            refresh_counter_reg[9]/D
                            (rising edge-triggered cell FDRE clocked by sys_clk_pin  {rise@0.000ns fall@5.000ns period=10.000ns})
  Path Group:             sys_clk_pin
  Path Type:              Hold (Min at Fast Process Corner)
  Requirement:            0.000ns  (sys_clk_pin rise@0.000ns - sys_clk_pin rise@0.000ns)
  Data Path Delay:        0.431ns  (logic 0.251ns (58.256%)  route 0.180ns (41.744%))
  Logic Levels:           1  (CARRY4=1)
  Clock Path Skew:        0.000ns (DCD - SCD - CPR)
    Destination Clock Delay (DCD):    1.955ns
    Source Clock Delay      (SCD):    1.443ns
    Clock Pessimism Removal (CPR):    0.512ns

    Location             Delay type                Incr(ns)  Path(ns)    Netlist Resource(s)
  -------------------------------------------------------------------    -------------------
                         (clock sys_clk_pin rise edge)
                                                      0.000     0.000 r  
    W5                                                0.000     0.000 r  clk (IN)
                         net (fo=0)                   0.000     0.000    clk
    W5                   IBUF (Prop_ibuf_I_O)         0.226     0.226 r  clk_IBUF_inst/O
                         net (fo=1, routed)           0.631     0.858    clk_IBUF
    BUFGCTRL_X0Y0        BUFG (Prop_bufg_I_O)         0.026     0.884 r  clk_IBUF_BUFG_inst/O
                         net (fo=35, routed)          0.560     1.443    clk_IBUF_BUFG
    SLICE_X44Y15         FDRE                                         r  refresh_counter_reg[9]/C
  -------------------------------------------------------------------    -------------------
    SLICE_X44Y15         FDRE (Prop_fdre_C_Q)         0.141     1.584 r  refresh_counter_reg[9]/Q
                         net (fo=1, routed)           0.180     1.764    refresh_counter_reg_n_0_[9]
    SLICE_X44Y15         CARRY4 (Prop_carry4_S[1]_O[1])
                                                      0.110     1.874 r  refresh_counter_reg[8]_i_1/O[1]
                         net (fo=1, routed)           0.000     1.874    refresh_counter_reg[8]_i_1_n_6
    SLICE_X44Y15         FDRE                                         r  refresh_counter_reg[9]/D
  -------------------------------------------------------------------    -------------------

                         (clock sys_clk_pin rise edge)
                                                      0.000     0.000 r  
    W5                                                0.000     0.000 r  clk (IN)
                         net (fo=0)                   0.000     0.000    clk
    W5                   IBUF (Prop_ibuf_I_O)         0.414     0.414 r  clk_IBUF_inst/O
                         net (fo=1, routed)           0.685     1.099    clk_IBUF
    BUFGCTRL_X0Y0        BUFG (Prop_bufg_I_O)         0.029     1.128 r  clk_IBUF_BUFG_inst/O
                         net (fo=35, routed)          0.828     1.955    clk_IBUF_BUFG
    SLICE_X44Y15         FDRE                                         r  refresh_counter_reg[9]/C
                         clock pessimism             -0.512     1.443    
    SLICE_X44Y15         FDRE (Hold_fdre_C_D)         0.105     1.548    refresh_counter_reg[9]
  -------------------------------------------------------------------
                         required time                         -1.548    
                         arrival time                           1.874    
  -------------------------------------------------------------------
                         slack                                  0.326    

Slack (MET) :             0.326ns  (arrival time - required time)
  Source:                 refresh_counter_reg[1]/C
                            (rising edge-triggered cell FDRE clocked by sys_clk_pin  {rise@0.000ns fall@5.000ns period=10.000ns})
  Destination:            refresh_counter_reg[1]/D
                            (rising edge-triggered cell FDRE clocked by sys_clk_pin  {rise@0.000ns fall@5.000ns period=10.000ns})
  Path Group:             sys_clk_pin
  Path Type:              Hold (Min at Fast Process Corner)
  Requirement:            0.000ns  (sys_clk_pin rise@0.000ns - sys_clk_pin rise@0.000ns)
  Data Path Delay:        0.431ns  (logic 0.251ns (58.256%)  route 0.180ns (41.744%))
  Logic Levels:           1  (CARRY4=1)
  Clock Path Skew:        0.000ns (DCD - SCD - CPR)
    Destination Clock Delay (DCD):    1.956ns
    Source Clock Delay      (SCD):    1.443ns
    Clock Pessimism Removal (CPR):    0.513ns

    Location             Delay type                Incr(ns)  Path(ns)    Netlist Resource(s)
  -------------------------------------------------------------------    -------------------
                         (clock sys_clk_pin rise edge)
                                                      0.000     0.000 r  
    W5                                                0.000     0.000 r  clk (IN)
                         net (fo=0)                   0.000     0.000    clk
    W5                   IBUF (Prop_ibuf_I_O)         0.226     0.226 r  clk_IBUF_inst/O
                         net (fo=1, routed)           0.631     0.858    clk_IBUF
    BUFGCTRL_X0Y0        BUFG (Prop_bufg_I_O)         0.026     0.884 r  clk_IBUF_BUFG_inst/O
                         net (fo=35, routed)          0.560     1.443    clk_IBUF_BUFG
    SLICE_X44Y13         FDRE                                         r  refresh_counter_reg[1]/C
  -------------------------------------------------------------------    -------------------
    SLICE_X44Y13         FDRE (Prop_fdre_C_Q)         0.141     1.584 r  refresh_counter_reg[1]/Q
                         net (fo=1, routed)           0.180     1.764    refresh_counter_reg_n_0_[1]
    SLICE_X44Y13         CARRY4 (Prop_carry4_S[1]_O[1])
                                                      0.110     1.874 r  refresh_counter_reg[0]_i_1/O[1]
                         net (fo=1, routed)           0.000     1.874    refresh_counter_reg[0]_i_1_n_6
    SLICE_X44Y13         FDRE                                         r  refresh_counter_reg[1]/D
  -------------------------------------------------------------------    -------------------

                         (clock sys_clk_pin rise edge)
                                                      0.000     0.000 r  
    W5                                                0.000     0.000 r  clk (IN)
                         net (fo=0)                   0.000     0.000    clk
    W5                   IBUF (Prop_ibuf_I_O)         0.414     0.414 r  clk_IBUF_inst/O
                         net (fo=1, routed)           0.685     1.099    clk_IBUF
    BUFGCTRL_X0Y0        BUFG (Prop_bufg_I_O)         0.029     1.128 r  clk_IBUF_BUFG_inst/O
                         net (fo=35, routed)          0.829     1.956    clk_IBUF_BUFG
    SLICE_X44Y13         FDRE                                         r  refresh_counter_reg[1]/C
                         clock pessimism             -0.513     1.443    
    SLICE_X44Y13         FDRE (Hold_fdre_C_D)         0.105     1.548    refresh_counter_reg[1]
  -------------------------------------------------------------------
                         required time                         -1.548    
                         arrival time                           1.874    
  -------------------------------------------------------------------
                         slack                                  0.326    





Pulse Width Checks
--------------------------------------------------------------------------------------
Clock Name:         sys_clk_pin
Waveform(ns):       { 0.000 5.000 }
Period(ns):         10.000
Sources:            { clk }

Check Type        Corner  Lib Pin  Reference Pin  Required(ns)  Actual(ns)  Slack(ns)  Location       Pin
Min Period        n/a     BUFG/I   n/a            2.155         10.000      7.845      BUFGCTRL_X0Y0  clk_IBUF_BUFG_inst/I
Min Period        n/a     FDRE/C   n/a            1.000         10.000      9.000      SLICE_X32Y15   A_reg[0]/C
Min Period        n/a     FDRE/C   n/a            1.000         10.000      9.000      SLICE_X32Y15   A_reg[1]/C
Min Period        n/a     FDRE/C   n/a            1.000         10.000      9.000      SLICE_X32Y15   A_reg[2]/C
Min Period        n/a     FDRE/C   n/a            1.000         10.000      9.000      SLICE_X32Y15   A_reg[3]/C
Min Period        n/a     FDRE/C   n/a            1.000         10.000      9.000      SLICE_X32Y15   A_reg[4]/C
Min Period        n/a     FDRE/C   n/a            1.000         10.000      9.000      SLICE_X32Y15   A_reg[5]/C
Min Period        n/a     FDRE/C   n/a            1.000         10.000      9.000      SLICE_X32Y15   A_reg[6]/C
Min Period        n/a     FDRE/C   n/a            1.000         10.000      9.000      SLICE_X32Y15   A_reg[7]/C
Min Period        n/a     FDRE/C   n/a            1.000         10.000      9.000      SLICE_X33Y15   B_reg[0]/C
Low Pulse Width   Slow    FDRE/C   n/a            0.500         5.000       4.500      SLICE_X32Y15   A_reg[0]/C
Low Pulse Width   Fast    FDRE/C   n/a            0.500         5.000       4.500      SLICE_X32Y15   A_reg[0]/C
Low Pulse Width   Slow    FDRE/C   n/a            0.500         5.000       4.500      SLICE_X32Y15   A_reg[1]/C
Low Pulse Width   Fast    FDRE/C   n/a            0.500         5.000       4.500      SLICE_X32Y15   A_reg[1]/C
Low Pulse Width   Slow    FDRE/C   n/a            0.500         5.000       4.500      SLICE_X32Y15   A_reg[2]/C
Low Pulse Width   Fast    FDRE/C   n/a            0.500         5.000       4.500      SLICE_X32Y15   A_reg[2]/C
Low Pulse Width   Slow    FDRE/C   n/a            0.500         5.000       4.500      SLICE_X32Y15   A_reg[3]/C
Low Pulse Width   Fast    FDRE/C   n/a            0.500         5.000       4.500      SLICE_X32Y15   A_reg[3]/C
Low Pulse Width   Slow    FDRE/C   n/a            0.500         5.000       4.500      SLICE_X32Y15   A_reg[4]/C
Low Pulse Width   Fast    FDRE/C   n/a            0.500         5.000       4.500      SLICE_X32Y15   A_reg[4]/C
High Pulse Width  Slow    FDRE/C   n/a            0.500         5.000       4.500      SLICE_X32Y15   A_reg[0]/C
High Pulse Width  Fast    FDRE/C   n/a            0.500         5.000       4.500      SLICE_X32Y15   A_reg[0]/C
High Pulse Width  Slow    FDRE/C   n/a            0.500         5.000       4.500      SLICE_X32Y15   A_reg[1]/C
High Pulse Width  Fast    FDRE/C   n/a            0.500         5.000       4.500      SLICE_X32Y15   A_reg[1]/C
High Pulse Width  Slow    FDRE/C   n/a            0.500         5.000       4.500      SLICE_X32Y15   A_reg[2]/C
High Pulse Width  Fast    FDRE/C   n/a            0.500         5.000       4.500      SLICE_X32Y15   A_reg[2]/C
High Pulse Width  Slow    FDRE/C   n/a            0.500         5.000       4.500      SLICE_X32Y15   A_reg[3]/C
High Pulse Width  Fast    FDRE/C   n/a            0.500         5.000       4.500      SLICE_X32Y15   A_reg[3]/C
High Pulse Width  Slow    FDRE/C   n/a            0.500         5.000       4.500      SLICE_X32Y15   A_reg[4]/C
High Pulse Width  Fast    FDRE/C   n/a            0.500         5.000       4.500      SLICE_X32Y15   A_reg[4]/C



--------------------------------------------------------------------------------------
Path Group:  (none)
From Clock:  
  To Clock:  

Max Delay            11 Endpoints
Min Delay            11 Endpoints
--------------------------------------------------------------------------------------


Max Delay Paths
--------------------------------------------------------------------------------------
Slack:                    inf
  Source:                 sw[10]
                            (input port)
  Destination:            seg[5]
                            (output port)
  Path Group:             (none)
  Path Type:              Max at Slow Process Corner
  Data Path Delay:        14.574ns  (logic 5.815ns (39.901%)  route 8.759ns (60.099%))
  Logic Levels:           7  (IBUF=1 LUT3=1 LUT4=1 LUT6=3 OBUF=1)

    Location             Delay type                Incr(ns)  Path(ns)    Netlist Resource(s)
  -------------------------------------------------------------------    -------------------
    T2                                                0.000     0.000 f  sw[10] (IN)
                         net (fo=0)                   0.000     0.000    sw[10]
    T2                   IBUF (Prop_ibuf_I_O)         1.458     1.458 f  sw_IBUF[10]_inst/O
                         net (fo=16, routed)          2.945     4.403    sw_IBUF[10]
    SLICE_X44Y18         LUT3 (Prop_lut3_I0_O)        0.124     4.527 f  seg_OBUF[6]_inst_i_19/O
                         net (fo=10, routed)          0.971     5.497    seg_OBUF[6]_inst_i_19_n_0
    SLICE_X45Y19         LUT6 (Prop_lut6_I0_O)        0.124     5.621 r  seg_OBUF[6]_inst_i_20/O
                         net (fo=1, routed)           0.798     6.419    seg_OBUF[6]_inst_i_20_n_0
    SLICE_X44Y19         LUT6 (Prop_lut6_I5_O)        0.124     6.543 r  seg_OBUF[6]_inst_i_7/O
                         net (fo=1, routed)           0.650     7.193    seg_OBUF[6]_inst_i_7_n_0
    SLICE_X44Y19         LUT6 (Prop_lut6_I1_O)        0.124     7.317 r  seg_OBUF[6]_inst_i_2/O
                         net (fo=7, routed)           0.979     8.296    seg_OBUF[6]_inst_i_2_n_0
    SLICE_X44Y21         LUT4 (Prop_lut4_I0_O)        0.154     8.450 r  seg_OBUF[5]_inst_i_1/O
                         net (fo=1, routed)           2.417    10.867    seg_OBUF[5]
    V5                   OBUF (Prop_obuf_I_O)         3.707    14.574 r  seg_OBUF[5]_inst/O
                         net (fo=0)                   0.000    14.574    seg[5]
    V5                                                                r  seg[5] (OUT)
  -------------------------------------------------------------------    -------------------

Slack:                    inf
  Source:                 sw[10]
                            (input port)
  Destination:            seg[4]
                            (output port)
  Path Group:             (none)
  Path Type:              Max at Slow Process Corner
  Data Path Delay:        14.573ns  (logic 5.834ns (40.031%)  route 8.740ns (59.969%))
  Logic Levels:           7  (IBUF=1 LUT3=1 LUT4=1 LUT6=3 OBUF=1)

    Location             Delay type                Incr(ns)  Path(ns)    Netlist Resource(s)
  -------------------------------------------------------------------    -------------------
    T2                                                0.000     0.000 r  sw[10] (IN)
                         net (fo=0)                   0.000     0.000    sw[10]
    T2                   IBUF (Prop_ibuf_I_O)         1.458     1.458 r  sw_IBUF[10]_inst/O
                         net (fo=16, routed)          2.945     4.403    sw_IBUF[10]
    SLICE_X44Y18         LUT3 (Prop_lut3_I0_O)        0.124     4.527 r  seg_OBUF[6]_inst_i_19/O
                         net (fo=10, routed)          0.971     5.497    seg_OBUF[6]_inst_i_19_n_0
    SLICE_X45Y19         LUT6 (Prop_lut6_I0_O)        0.124     5.621 f  seg_OBUF[6]_inst_i_20/O
                         net (fo=1, routed)           0.798     6.419    seg_OBUF[6]_inst_i_20_n_0
    SLICE_X44Y19         LUT6 (Prop_lut6_I5_O)        0.124     6.543 f  seg_OBUF[6]_inst_i_7/O
                         net (fo=1, routed)           0.650     7.193    seg_OBUF[6]_inst_i_7_n_0
    SLICE_X44Y19         LUT6 (Prop_lut6_I1_O)        0.124     7.317 f  seg_OBUF[6]_inst_i_2/O
                         net (fo=7, routed)           0.807     8.124    seg_OBUF[6]_inst_i_2_n_0
    SLICE_X44Y21         LUT4 (Prop_lut4_I3_O)        0.152     8.276 r  seg_OBUF[4]_inst_i_1/O
                         net (fo=1, routed)           2.569    10.845    seg_OBUF[4]
    U5                   OBUF (Prop_obuf_I_O)         3.728    14.573 r  seg_OBUF[4]_inst/O
                         net (fo=0)                   0.000    14.573    seg[4]
    U5                                                                r  seg[4] (OUT)
  -------------------------------------------------------------------    -------------------

Slack:                    inf
  Source:                 sw[10]
                            (input port)
  Destination:            seg[2]
                            (output port)
  Path Group:             (none)
  Path Type:              Max at Slow Process Corner
  Data Path Delay:        14.470ns  (logic 5.613ns (38.790%)  route 8.857ns (61.210%))
  Logic Levels:           7  (IBUF=1 LUT3=1 LUT4=1 LUT6=3 OBUF=1)

    Location             Delay type                Incr(ns)  Path(ns)    Netlist Resource(s)
  -------------------------------------------------------------------    -------------------
    T2                                                0.000     0.000 f  sw[10] (IN)
                         net (fo=0)                   0.000     0.000    sw[10]
    T2                   IBUF (Prop_ibuf_I_O)         1.458     1.458 f  sw_IBUF[10]_inst/O
                         net (fo=16, routed)          2.945     4.403    sw_IBUF[10]
    SLICE_X44Y18         LUT3 (Prop_lut3_I0_O)        0.124     4.527 f  seg_OBUF[6]_inst_i_19/O
                         net (fo=10, routed)          0.971     5.497    seg_OBUF[6]_inst_i_19_n_0
    SLICE_X45Y19         LUT6 (Prop_lut6_I0_O)        0.124     5.621 r  seg_OBUF[6]_inst_i_20/O
                         net (fo=1, routed)           0.798     6.419    seg_OBUF[6]_inst_i_20_n_0
    SLICE_X44Y19         LUT6 (Prop_lut6_I5_O)        0.124     6.543 r  seg_OBUF[6]_inst_i_7/O
                         net (fo=1, routed)           0.650     7.193    seg_OBUF[6]_inst_i_7_n_0
    SLICE_X44Y19         LUT6 (Prop_lut6_I1_O)        0.124     7.317 r  seg_OBUF[6]_inst_i_2/O
                         net (fo=7, routed)           0.979     8.296    seg_OBUF[6]_inst_i_2_n_0
    SLICE_X44Y21         LUT4 (Prop_lut4_I0_O)        0.124     8.420 r  seg_OBUF[2]_inst_i_1/O
                         net (fo=1, routed)           2.515    10.935    seg_OBUF[2]
    U8                   OBUF (Prop_obuf_I_O)         3.535    14.470 r  seg_OBUF[2]_inst/O
                         net (fo=0)                   0.000    14.470    seg[2]
    U8                                                                r  seg[2] (OUT)
  -------------------------------------------------------------------    -------------------

Slack:                    inf
  Source:                 sw[10]
                            (input port)
  Destination:            seg[1]
                            (output port)
  Path Group:             (none)
  Path Type:              Max at Slow Process Corner
  Data Path Delay:        14.419ns  (logic 5.607ns (38.887%)  route 8.812ns (61.113%))
  Logic Levels:           7  (IBUF=1 LUT3=1 LUT4=1 LUT6=3 OBUF=1)

    Location             Delay type                Incr(ns)  Path(ns)    Netlist Resource(s)
  -------------------------------------------------------------------    -------------------
    T2                                                0.000     0.000 f  sw[10] (IN)
                         net (fo=0)                   0.000     0.000    sw[10]
    T2                   IBUF (Prop_ibuf_I_O)         1.458     1.458 f  sw_IBUF[10]_inst/O
                         net (fo=16, routed)          2.945     4.403    sw_IBUF[10]
    SLICE_X44Y18         LUT3 (Prop_lut3_I0_O)        0.124     4.527 f  seg_OBUF[6]_inst_i_19/O
                         net (fo=10, routed)          0.971     5.497    seg_OBUF[6]_inst_i_19_n_0
    SLICE_X45Y19         LUT6 (Prop_lut6_I0_O)        0.124     5.621 r  seg_OBUF[6]_inst_i_20/O
                         net (fo=1, routed)           0.798     6.419    seg_OBUF[6]_inst_i_20_n_0
    SLICE_X44Y19         LUT6 (Prop_lut6_I5_O)        0.124     6.543 r  seg_OBUF[6]_inst_i_7/O
                         net (fo=1, routed)           0.650     7.193    seg_OBUF[6]_inst_i_7_n_0
    SLICE_X44Y19         LUT6 (Prop_lut6_I1_O)        0.124     7.317 r  seg_OBUF[6]_inst_i_2/O
                         net (fo=7, routed)           0.807     8.124    seg_OBUF[6]_inst_i_2_n_0
    SLICE_X44Y21         LUT4 (Prop_lut4_I0_O)        0.124     8.248 r  seg_OBUF[1]_inst_i_1/O
                         net (fo=1, routed)           2.642    10.890    seg_OBUF[1]
    W6                   OBUF (Prop_obuf_I_O)         3.529    14.419 r  seg_OBUF[1]_inst/O
                         net (fo=0)                   0.000    14.419    seg[1]
    W6                                                                r  seg[1] (OUT)
  -------------------------------------------------------------------    -------------------

Slack:                    inf
  Source:                 sw[10]
                            (input port)
  Destination:            seg[0]
                            (output port)
  Path Group:             (none)
  Path Type:              Max at Slow Process Corner
  Data Path Delay:        14.403ns  (logic 5.589ns (38.802%)  route 8.814ns (61.198%))
  Logic Levels:           7  (IBUF=1 LUT3=1 LUT4=1 LUT6=3 OBUF=1)

    Location             Delay type                Incr(ns)  Path(ns)    Netlist Resource(s)
  -------------------------------------------------------------------    -------------------
    T2                                                0.000     0.000 f  sw[10] (IN)
                         net (fo=0)                   0.000     0.000    sw[10]
    T2                   IBUF (Prop_ibuf_I_O)         1.458     1.458 f  sw_IBUF[10]_inst/O
                         net (fo=16, routed)          2.945     4.403    sw_IBUF[10]
    SLICE_X44Y18         LUT3 (Prop_lut3_I0_O)        0.124     4.527 f  seg_OBUF[6]_inst_i_19/O
                         net (fo=10, routed)          0.971     5.497    seg_OBUF[6]_inst_i_19_n_0
    SLICE_X45Y19         LUT6 (Prop_lut6_I0_O)        0.124     5.621 r  seg_OBUF[6]_inst_i_20/O
                         net (fo=1, routed)           0.798     6.419    seg_OBUF[6]_inst_i_20_n_0
    SLICE_X44Y19         LUT6 (Prop_lut6_I5_O)        0.124     6.543 r  seg_OBUF[6]_inst_i_7/O
                         net (fo=1, routed)           0.650     7.193    seg_OBUF[6]_inst_i_7_n_0
    SLICE_X44Y19         LUT6 (Prop_lut6_I1_O)        0.124     7.317 r  seg_OBUF[6]_inst_i_2/O
                         net (fo=7, routed)           0.815     8.132    seg_OBUF[6]_inst_i_2_n_0
    SLICE_X44Y21         LUT4 (Prop_lut4_I0_O)        0.124     8.256 r  seg_OBUF[0]_inst_i_1/O
                         net (fo=1, routed)           2.636    10.892    seg_OBUF[0]
    W7                   OBUF (Prop_obuf_I_O)         3.511    14.403 r  seg_OBUF[0]_inst/O
                         net (fo=0)                   0.000    14.403    seg[0]
    W7                                                                r  seg[0] (OUT)
  -------------------------------------------------------------------    -------------------

Slack:                    inf
  Source:                 sw[10]
                            (input port)
  Destination:            seg[3]
                            (output port)
  Path Group:             (none)
  Path Type:              Max at Slow Process Corner
  Data Path Delay:        14.396ns  (logic 5.841ns (40.578%)  route 8.554ns (59.422%))
  Logic Levels:           7  (IBUF=1 LUT3=1 LUT4=1 LUT6=3 OBUF=1)

    Location             Delay type                Incr(ns)  Path(ns)    Netlist Resource(s)
  -------------------------------------------------------------------    -------------------
    T2                                                0.000     0.000 f  sw[10] (IN)
                         net (fo=0)                   0.000     0.000    sw[10]
    T2                   IBUF (Prop_ibuf_I_O)         1.458     1.458 f  sw_IBUF[10]_inst/O
                         net (fo=16, routed)          2.945     4.403    sw_IBUF[10]
    SLICE_X44Y18         LUT3 (Prop_lut3_I0_O)        0.124     4.527 f  seg_OBUF[6]_inst_i_19/O
                         net (fo=10, routed)          0.971     5.497    seg_OBUF[6]_inst_i_19_n_0
    SLICE_X45Y19         LUT6 (Prop_lut6_I0_O)        0.124     5.621 r  seg_OBUF[6]_inst_i_20/O
                         net (fo=1, routed)           0.798     6.419    seg_OBUF[6]_inst_i_20_n_0
    SLICE_X44Y19         LUT6 (Prop_lut6_I5_O)        0.124     6.543 r  seg_OBUF[6]_inst_i_7/O
                         net (fo=1, routed)           0.650     7.193    seg_OBUF[6]_inst_i_7_n_0
    SLICE_X44Y19         LUT6 (Prop_lut6_I1_O)        0.124     7.317 r  seg_OBUF[6]_inst_i_2/O
                         net (fo=7, routed)           0.815     8.132    seg_OBUF[6]_inst_i_2_n_0
    SLICE_X44Y21         LUT4 (Prop_lut4_I0_O)        0.150     8.282 r  seg_OBUF[3]_inst_i_1/O
                         net (fo=1, routed)           2.376    10.658    seg_OBUF[3]
    V8                   OBUF (Prop_obuf_I_O)         3.738    14.396 r  seg_OBUF[3]_inst/O
                         net (fo=0)                   0.000    14.396    seg[3]
    V8                                                                r  seg[3] (OUT)
  -------------------------------------------------------------------    -------------------

Slack:                    inf
  Source:                 sw[10]
                            (input port)
  Destination:            seg[6]
                            (output port)
  Path Group:             (none)
  Path Type:              Max at Slow Process Corner
  Data Path Delay:        14.381ns  (logic 5.609ns (39.006%)  route 8.771ns (60.994%))
  Logic Levels:           7  (IBUF=1 LUT3=1 LUT4=1 LUT6=3 OBUF=1)

    Location             Delay type                Incr(ns)  Path(ns)    Netlist Resource(s)
  -------------------------------------------------------------------    -------------------
    T2                                                0.000     0.000 r  sw[10] (IN)
                         net (fo=0)                   0.000     0.000    sw[10]
    T2                   IBUF (Prop_ibuf_I_O)         1.458     1.458 r  sw_IBUF[10]_inst/O
                         net (fo=16, routed)          2.945     4.403    sw_IBUF[10]
    SLICE_X44Y18         LUT3 (Prop_lut3_I0_O)        0.124     4.527 r  seg_OBUF[6]_inst_i_19/O
                         net (fo=10, routed)          1.176     5.703    seg_OBUF[6]_inst_i_19_n_0
    SLICE_X47Y18         LUT6 (Prop_lut6_I0_O)        0.124     5.827 f  seg_OBUF[6]_inst_i_31/O
                         net (fo=1, routed)           0.595     6.421    seg_OBUF[6]_inst_i_31_n_0
    SLICE_X44Y19         LUT6 (Prop_lut6_I5_O)        0.124     6.545 f  seg_OBUF[6]_inst_i_15/O
                         net (fo=1, routed)           0.669     7.214    seg_OBUF[6]_inst_i_15_n_0
    SLICE_X44Y19         LUT6 (Prop_lut6_I5_O)        0.124     7.338 r  seg_OBUF[6]_inst_i_5/O
                         net (fo=7, routed)           0.806     8.145    seg_OBUF[6]_inst_i_5_n_0
    SLICE_X44Y20         LUT4 (Prop_lut4_I3_O)        0.124     8.269 r  seg_OBUF[6]_inst_i_1/O
                         net (fo=1, routed)           2.580    10.849    seg_OBUF[6]
    U7                   OBUF (Prop_obuf_I_O)         3.531    14.381 r  seg_OBUF[6]_inst/O
                         net (fo=0)                   0.000    14.381    seg[6]
    U7                                                                r  seg[6] (OUT)
  -------------------------------------------------------------------    -------------------

Slack:                    inf
  Source:                 sw[9]
                            (input port)
  Destination:            led[0]
                            (output port)
  Path Group:             (none)
  Path Type:              Max at Slow Process Corner
  Data Path Delay:        14.245ns  (logic 5.453ns (38.280%)  route 8.792ns (61.720%))
  Logic Levels:           6  (IBUF=1 LUT4=1 LUT6=3 OBUF=1)

    Location             Delay type                Incr(ns)  Path(ns)    Netlist Resource(s)
  -------------------------------------------------------------------    -------------------
    T3                                                0.000     0.000 r  sw[9] (IN)
                         net (fo=0)                   0.000     0.000    sw[9]
    T3                   IBUF (Prop_ibuf_I_O)         1.452     1.452 r  sw_IBUF[9]_inst/O
                         net (fo=26, routed)          3.656     5.108    sw_IBUF[9]
    SLICE_X42Y16         LUT6 (Prop_lut6_I2_O)        0.124     5.232 f  seg_OBUF[6]_inst_i_16/O
                         net (fo=2, routed)           0.326     5.558    seg_OBUF[6]_inst_i_16_n_0
    SLICE_X45Y15         LUT6 (Prop_lut6_I5_O)        0.124     5.682 f  led_OBUF[0]_inst_i_5/O
                         net (fo=1, routed)           1.078     6.760    led_OBUF[0]_inst_i_5_n_0
    SLICE_X46Y17         LUT6 (Prop_lut6_I0_O)        0.124     6.884 r  led_OBUF[0]_inst_i_2/O
                         net (fo=1, routed)           0.819     7.703    led_OBUF[0]_inst_i_2_n_0
    SLICE_X44Y18         LUT4 (Prop_lut4_I0_O)        0.124     7.827 r  led_OBUF[0]_inst_i_1/O
                         net (fo=1, routed)           2.913    10.740    led_OBUF[0]
    U16                  OBUF (Prop_obuf_I_O)         3.505    14.245 r  led_OBUF[0]_inst/O
                         net (fo=0)                   0.000    14.245    led[0]
    U16                                                               r  led[0] (OUT)
  -------------------------------------------------------------------    -------------------

Slack:                    inf
  Source:                 sw[8]
                            (input port)
  Destination:            led[1]
                            (output port)
  Path Group:             (none)
  Path Type:              Max at Slow Process Corner
  Data Path Delay:        12.590ns  (logic 5.232ns (41.559%)  route 7.358ns (58.441%))
  Logic Levels:           4  (IBUF=1 LUT3=1 LUT5=1 OBUF=1)

    Location             Delay type                Incr(ns)  Path(ns)    Netlist Resource(s)
  -------------------------------------------------------------------    -------------------
    V2                                                0.000     0.000 r  sw[8] (IN)
                         net (fo=0)                   0.000     0.000    sw[8]
    V2                   IBUF (Prop_ibuf_I_O)         1.454     1.454 r  sw_IBUF[8]_inst/O
                         net (fo=26, routed)          3.361     4.816    sw_IBUF[8]
    SLICE_X42Y19         LUT5 (Prop_lut5_I1_O)        0.124     4.940 r  led_OBUF[1]_inst_i_3/O
                         net (fo=1, routed)           0.667     5.607    led_OBUF[1]_inst_i_3_n_0
    SLICE_X42Y18         LUT3 (Prop_lut3_I1_O)        0.124     5.731 r  led_OBUF[1]_inst_i_1/O
                         net (fo=3, routed)           3.329     9.060    led_OBUF[1]
    E19                  OBUF (Prop_obuf_I_O)         3.530    12.590 r  led_OBUF[1]_inst/O
                         net (fo=0)                   0.000    12.590    led[1]
    E19                                                               r  led[1] (OUT)
  -------------------------------------------------------------------    -------------------

Slack:                    inf
  Source:                 sw[9]
                            (input port)
  Destination:            led[3]
                            (output port)
  Path Group:             (none)
  Path Type:              Max at Slow Process Corner
  Data Path Delay:        12.259ns  (logic 5.209ns (42.494%)  route 7.050ns (57.506%))
  Logic Levels:           4  (IBUF=1 LUT6=2 OBUF=1)

    Location             Delay type                Incr(ns)  Path(ns)    Netlist Resource(s)
  -------------------------------------------------------------------    -------------------
    T3                                                0.000     0.000 r  sw[9] (IN)
                         net (fo=0)                   0.000     0.000    sw[9]
    T3                   IBUF (Prop_ibuf_I_O)         1.452     1.452 r  sw_IBUF[9]_inst/O
                         net (fo=26, routed)          3.353     4.805    sw_IBUF[9]
    SLICE_X42Y18         LUT6 (Prop_lut6_I4_O)        0.124     4.929 f  led_OBUF[3]_inst_i_3/O
                         net (fo=1, routed)           0.962     5.891    led_OBUF[3]_inst_i_3_n_0
    SLICE_X42Y19         LUT6 (Prop_lut6_I5_O)        0.124     6.015 r  led_OBUF[3]_inst_i_1/O
                         net (fo=1, routed)           2.735     8.750    led_OBUF[3]
    V19                  OBUF (Prop_obuf_I_O)         3.509    12.259 r  led_OBUF[3]_inst/O
                         net (fo=0)                   0.000    12.259    led[3]
    V19                                                               r  led[3] (OUT)
  -------------------------------------------------------------------    -------------------





Min Delay Paths
--------------------------------------------------------------------------------------
Slack:                    inf
  Source:                 sw[9]
                            (input port)
  Destination:            led[2]
                            (output port)
  Path Group:             (none)
  Path Type:              Min at Fast Process Corner
  Data Path Delay:        3.667ns  (logic 1.467ns (40.013%)  route 2.200ns (59.987%))
  Logic Levels:           3  (IBUF=1 LUT6=1 OBUF=1)

    Location             Delay type                Incr(ns)  Path(ns)    Netlist Resource(s)
  -------------------------------------------------------------------    -------------------
    T3                                                0.000     0.000 f  sw[9] (IN)
                         net (fo=0)                   0.000     0.000    sw[9]
    T3                   IBUF (Prop_ibuf_I_O)         0.220     0.220 f  sw_IBUF[9]_inst/O
                         net (fo=26, routed)          1.331     1.551    sw_IBUF[9]
    SLICE_X42Y19         LUT6 (Prop_lut6_I4_O)        0.045     1.596 r  led_OBUF[2]_inst_i_1/O
                         net (fo=1, routed)           0.869     2.465    led_OBUF[2]
    U19                  OBUF (Prop_obuf_I_O)         1.202     3.667 r  led_OBUF[2]_inst/O
                         net (fo=0)                   0.000     3.667    led[2]
    U19                                                               r  led[2] (OUT)
  -------------------------------------------------------------------    -------------------

Slack:                    inf
  Source:                 sw[9]
                            (input port)
  Destination:            led[3]
                            (output port)
  Path Group:             (none)
  Path Type:              Min at Fast Process Corner
  Data Path Delay:        3.686ns  (logic 1.475ns (40.029%)  route 2.210ns (59.971%))
  Logic Levels:           3  (IBUF=1 LUT6=1 OBUF=1)

    Location             Delay type                Incr(ns)  Path(ns)    Netlist Resource(s)
  -------------------------------------------------------------------    -------------------
    T3                                                0.000     0.000 f  sw[9] (IN)
                         net (fo=0)                   0.000     0.000    sw[9]
    T3                   IBUF (Prop_ibuf_I_O)         0.220     0.220 f  sw_IBUF[9]_inst/O
                         net (fo=26, routed)          1.335     1.555    sw_IBUF[9]
    SLICE_X42Y19         LUT6 (Prop_lut6_I4_O)        0.045     1.600 r  led_OBUF[3]_inst_i_1/O
                         net (fo=1, routed)           0.876     2.476    led_OBUF[3]
    V19                  OBUF (Prop_obuf_I_O)         1.210     3.686 r  led_OBUF[3]_inst/O
                         net (fo=0)                   0.000     3.686    led[3]
    V19                                                               r  led[3] (OUT)
  -------------------------------------------------------------------    -------------------

Slack:                    inf
  Source:                 sw[8]
                            (input port)
  Destination:            led[0]
                            (output port)
  Path Group:             (none)
  Path Type:              Min at Fast Process Corner
  Data Path Delay:        3.753ns  (logic 1.564ns (41.662%)  route 2.189ns (58.338%))
  Logic Levels:           5  (IBUF=1 LUT4=1 LUT5=1 LUT6=1 OBUF=1)

    Location             Delay type                Incr(ns)  Path(ns)    Netlist Resource(s)
  -------------------------------------------------------------------    -------------------
    V2                                                0.000     0.000 r  sw[8] (IN)
                         net (fo=0)                   0.000     0.000    sw[8]
    V2                   IBUF (Prop_ibuf_I_O)         0.223     0.223 r  sw_IBUF[8]_inst/O
                         net (fo=26, routed)          1.079     1.302    sw_IBUF[8]
    SLICE_X42Y17         LUT5 (Prop_lut5_I2_O)        0.045     1.347 r  led_OBUF[0]_inst_i_9/O
                         net (fo=2, routed)           0.127     1.474    led_OBUF[0]_inst_i_9_n_0
    SLICE_X44Y18         LUT6 (Prop_lut6_I0_O)        0.045     1.519 f  led_OBUF[0]_inst_i_3/O
                         net (fo=1, routed)           0.059     1.578    led_OBUF[0]_inst_i_3_n_0
    SLICE_X44Y18         LUT4 (Prop_lut4_I1_O)        0.045     1.623 r  led_OBUF[0]_inst_i_1/O
                         net (fo=1, routed)           0.924     2.547    led_OBUF[0]
    U16                  OBUF (Prop_obuf_I_O)         1.206     3.753 r  led_OBUF[0]_inst/O
                         net (fo=0)                   0.000     3.753    led[0]
    U16                                                               r  led[0] (OUT)
  -------------------------------------------------------------------    -------------------

Slack:                    inf
  Source:                 sw[15]
                            (input port)
  Destination:            seg[6]
                            (output port)
  Path Group:             (none)
  Path Type:              Min at Fast Process Corner
  Data Path Delay:        3.796ns  (logic 1.547ns (40.738%)  route 2.250ns (59.262%))
  Logic Levels:           4  (IBUF=1 LUT4=1 LUT6=1 OBUF=1)

    Location             Delay type                Incr(ns)  Path(ns)    Netlist Resource(s)
  -------------------------------------------------------------------    -------------------
    R2                                                0.000     0.000 r  sw[15] (IN)
                         net (fo=0)                   0.000     0.000    sw[15]
    R2                   IBUF (Prop_ibuf_I_O)         0.224     0.224 r  sw_IBUF[15]_inst/O
                         net (fo=16, routed)          1.312     1.536    sw_IBUF[15]
    SLICE_X45Y19         LUT6 (Prop_lut6_I3_O)        0.045     1.581 r  seg_OBUF[6]_inst_i_3/O
                         net (fo=7, routed)           0.135     1.716    seg_OBUF[6]_inst_i_3_n_0
    SLICE_X44Y20         LUT4 (Prop_lut4_I1_O)        0.045     1.761 r  seg_OBUF[6]_inst_i_1/O
                         net (fo=1, routed)           0.803     2.564    seg_OBUF[6]
    U7                   OBUF (Prop_obuf_I_O)         1.232     3.796 r  seg_OBUF[6]_inst/O
                         net (fo=0)                   0.000     3.796    seg[6]
    U7                                                                r  seg[6] (OUT)
  -------------------------------------------------------------------    -------------------

Slack:                    inf
  Source:                 sw[8]
                            (input port)
  Destination:            led[1]
                            (output port)
  Path Group:             (none)
  Path Type:              Min at Fast Process Corner
  Data Path Delay:        3.859ns  (logic 1.543ns (39.991%)  route 2.316ns (60.009%))
  Logic Levels:           4  (IBUF=1 LUT3=1 LUT5=1 OBUF=1)

    Location             Delay type                Incr(ns)  Path(ns)    Netlist Resource(s)
  -------------------------------------------------------------------    -------------------
    V2                                                0.000     0.000 r  sw[8] (IN)
                         net (fo=0)                   0.000     0.000    sw[8]
    V2                   IBUF (Prop_ibuf_I_O)         0.223     0.223 r  sw_IBUF[8]_inst/O
                         net (fo=26, routed)          1.070     1.293    sw_IBUF[8]
    SLICE_X42Y17         LUT5 (Prop_lut5_I3_O)        0.045     1.338 r  led_OBUF[1]_inst_i_2/O
                         net (fo=1, routed)           0.106     1.444    led_OBUF[1]_inst_i_2_n_0
    SLICE_X42Y18         LUT3 (Prop_lut3_I0_O)        0.045     1.489 r  led_OBUF[1]_inst_i_1/O
                         net (fo=3, routed)           1.139     2.628    led_OBUF[1]
    E19                  OBUF (Prop_obuf_I_O)         1.231     3.859 r  led_OBUF[1]_inst/O
                         net (fo=0)                   0.000     3.859    led[1]
    E19                                                               r  led[1] (OUT)
  -------------------------------------------------------------------    -------------------

Slack:                    inf
  Source:                 sw[15]
                            (input port)
  Destination:            seg[3]
                            (output port)
  Path Group:             (none)
  Path Type:              Min at Fast Process Corner
  Data Path Delay:        3.946ns  (logic 1.610ns (40.791%)  route 2.336ns (59.209%))
  Logic Levels:           4  (IBUF=1 LUT4=1 LUT6=1 OBUF=1)

    Location             Delay type                Incr(ns)  Path(ns)    Netlist Resource(s)
  -------------------------------------------------------------------    -------------------
    R2                                                0.000     0.000 r  sw[15] (IN)
                         net (fo=0)                   0.000     0.000    sw[15]
    R2                   IBUF (Prop_ibuf_I_O)         0.224     0.224 r  sw_IBUF[15]_inst/O
                         net (fo=16, routed)          1.313     1.537    sw_IBUF[15]
    SLICE_X44Y19         LUT6 (Prop_lut6_I2_O)        0.045     1.582 r  seg_OBUF[6]_inst_i_2/O
                         net (fo=7, routed)           0.306     1.888    seg_OBUF[6]_inst_i_2_n_0
    SLICE_X44Y21         LUT4 (Prop_lut4_I0_O)        0.042     1.930 r  seg_OBUF[3]_inst_i_1/O
                         net (fo=1, routed)           0.718     2.648    seg_OBUF[3]
    V8                   OBUF (Prop_obuf_I_O)         1.298     3.946 r  seg_OBUF[3]_inst/O
                         net (fo=0)                   0.000     3.946    seg[3]
    V8                                                                r  seg[3] (OUT)
  -------------------------------------------------------------------    -------------------

Slack:                    inf
  Source:                 sw[15]
                            (input port)
  Destination:            seg[1]
                            (output port)
  Path Group:             (none)
  Path Type:              Min at Fast Process Corner
  Data Path Delay:        3.950ns  (logic 1.544ns (39.100%)  route 2.405ns (60.900%))
  Logic Levels:           4  (IBUF=1 LUT4=1 LUT6=1 OBUF=1)

    Location             Delay type                Incr(ns)  Path(ns)    Netlist Resource(s)
  -------------------------------------------------------------------    -------------------
    R2                                                0.000     0.000 r  sw[15] (IN)
                         net (fo=0)                   0.000     0.000    sw[15]
    R2                   IBUF (Prop_ibuf_I_O)         0.224     0.224 r  sw_IBUF[15]_inst/O
                         net (fo=16, routed)          1.313     1.537    sw_IBUF[15]
    SLICE_X44Y19         LUT6 (Prop_lut6_I2_O)        0.045     1.582 r  seg_OBUF[6]_inst_i_2/O
                         net (fo=7, routed)           0.295     1.877    seg_OBUF[6]_inst_i_2_n_0
    SLICE_X44Y21         LUT4 (Prop_lut4_I0_O)        0.045     1.922 r  seg_OBUF[1]_inst_i_1/O
                         net (fo=1, routed)           0.798     2.720    seg_OBUF[1]
    W6                   OBUF (Prop_obuf_I_O)         1.230     3.950 r  seg_OBUF[1]_inst/O
                         net (fo=0)                   0.000     3.950    seg[1]
    W6                                                                r  seg[1] (OUT)
  -------------------------------------------------------------------    -------------------

Slack:                    inf
  Source:                 sw[10]
                            (input port)
  Destination:            seg[2]
                            (output port)
  Path Group:             (none)
  Path Type:              Min at Fast Process Corner
  Data Path Delay:        3.966ns  (logic 1.597ns (40.266%)  route 2.369ns (59.734%))
  Logic Levels:           5  (IBUF=1 LUT4=1 LUT6=2 OBUF=1)

    Location             Delay type                Incr(ns)  Path(ns)    Netlist Resource(s)
  -------------------------------------------------------------------    -------------------
    T2                                                0.000     0.000 r  sw[10] (IN)
                         net (fo=0)                   0.000     0.000    sw[10]
    T2                   IBUF (Prop_ibuf_I_O)         0.226     0.226 r  sw_IBUF[10]_inst/O
                         net (fo=16, routed)          1.228     1.454    sw_IBUF[10]
    SLICE_X46Y18         LUT6 (Prop_lut6_I1_O)        0.045     1.499 f  seg_OBUF[6]_inst_i_11/O
                         net (fo=1, routed)           0.054     1.553    seg_OBUF[6]_inst_i_11_n_0
    SLICE_X46Y18         LUT6 (Prop_lut6_I0_O)        0.045     1.598 f  seg_OBUF[6]_inst_i_4/O
                         net (fo=7, routed)           0.330     1.928    seg_OBUF[6]_inst_i_4_n_0
    SLICE_X44Y21         LUT4 (Prop_lut4_I1_O)        0.045     1.973 r  seg_OBUF[2]_inst_i_1/O
                         net (fo=1, routed)           0.757     2.730    seg_OBUF[2]
    U8                   OBUF (Prop_obuf_I_O)         1.236     3.966 r  seg_OBUF[2]_inst/O
                         net (fo=0)                   0.000     3.966    seg[2]
    U8                                                                r  seg[2] (OUT)
  -------------------------------------------------------------------    -------------------

Slack:                    inf
  Source:                 sw[10]
                            (input port)
  Destination:            seg[5]
                            (output port)
  Path Group:             (none)
  Path Type:              Min at Fast Process Corner
  Data Path Delay:        3.978ns  (logic 1.631ns (41.010%)  route 2.347ns (58.990%))
  Logic Levels:           5  (IBUF=1 LUT4=1 LUT6=2 OBUF=1)

    Location             Delay type                Incr(ns)  Path(ns)    Netlist Resource(s)
  -------------------------------------------------------------------    -------------------
    T2                                                0.000     0.000 r  sw[10] (IN)
                         net (fo=0)                   0.000     0.000    sw[10]
    T2                   IBUF (Prop_ibuf_I_O)         0.226     0.226 r  sw_IBUF[10]_inst/O
                         net (fo=16, routed)          1.228     1.454    sw_IBUF[10]
    SLICE_X46Y18         LUT6 (Prop_lut6_I1_O)        0.045     1.499 r  seg_OBUF[6]_inst_i_11/O
                         net (fo=1, routed)           0.054     1.553    seg_OBUF[6]_inst_i_11_n_0
    SLICE_X46Y18         LUT6 (Prop_lut6_I0_O)        0.045     1.598 r  seg_OBUF[6]_inst_i_4/O
                         net (fo=7, routed)           0.330     1.928    seg_OBUF[6]_inst_i_4_n_0
    SLICE_X44Y21         LUT4 (Prop_lut4_I1_O)        0.045     1.973 r  seg_OBUF[5]_inst_i_1/O
                         net (fo=1, routed)           0.735     2.708    seg_OBUF[5]
    V5                   OBUF (Prop_obuf_I_O)         1.271     3.978 r  seg_OBUF[5]_inst/O
                         net (fo=0)                   0.000     3.978    seg[5]
    V5                                                                r  seg[5] (OUT)
  -------------------------------------------------------------------    -------------------

Slack:                    inf
  Source:                 sw[15]
                            (input port)
  Destination:            seg[0]
                            (output port)
  Path Group:             (none)
  Path Type:              Min at Fast Process Corner
  Data Path Delay:        3.994ns  (logic 1.526ns (38.210%)  route 2.468ns (61.790%))
  Logic Levels:           4  (IBUF=1 LUT4=1 LUT6=1 OBUF=1)

    Location             Delay type                Incr(ns)  Path(ns)    Netlist Resource(s)
  -------------------------------------------------------------------    -------------------
    R2                                                0.000     0.000 r  sw[15] (IN)
                         net (fo=0)                   0.000     0.000    sw[15]
    R2                   IBUF (Prop_ibuf_I_O)         0.224     0.224 r  sw_IBUF[15]_inst/O
                         net (fo=16, routed)          1.313     1.537    sw_IBUF[15]
    SLICE_X44Y19         LUT6 (Prop_lut6_I2_O)        0.045     1.582 r  seg_OBUF[6]_inst_i_2/O
                         net (fo=7, routed)           0.306     1.888    seg_OBUF[6]_inst_i_2_n_0
    SLICE_X44Y21         LUT4 (Prop_lut4_I0_O)        0.045     1.933 r  seg_OBUF[0]_inst_i_1/O
                         net (fo=1, routed)           0.849     2.782    seg_OBUF[0]
    W7                   OBUF (Prop_obuf_I_O)         1.212     3.994 r  seg_OBUF[0]_inst/O
                         net (fo=0)                   0.000     3.994    seg[0]
    W7                                                                r  seg[0] (OUT)
  -------------------------------------------------------------------    -------------------





--------------------------------------------------------------------------------------
Path Group:  (none)
From Clock:  sys_clk_pin
  To Clock:  

Max Delay            15 Endpoints
Min Delay            15 Endpoints
--------------------------------------------------------------------------------------


Max Delay Paths
--------------------------------------------------------------------------------------
Slack:                    inf
  Source:                 A_reg[2]/C
                            (rising edge-triggered cell FDRE clocked by sys_clk_pin  {rise@0.000ns fall@5.000ns period=10.000ns})
  Destination:            led[0]
                            (output port)
  Path Group:             (none)
  Path Type:              Max at Slow Process Corner
  Data Path Delay:        18.468ns  (logic 7.290ns (39.471%)  route 11.179ns (60.529%))
  Logic Levels:           14  (CARRY4=4 LUT2=1 LUT4=3 LUT5=2 LUT6=3 OBUF=1)
  Clock Uncertainty:      0.025ns  ((TSJ^2 + TIJ^2)^1/2 + DJ) / 2 + PE
    Total System Jitter     (TSJ):    0.050ns
    Total Input Jitter      (TIJ):    0.000ns
    Discrete Jitter          (DJ):    0.000ns
    Phase Error              (PE):    0.000ns

    Location             Delay type                Incr(ns)  Path(ns)    Netlist Resource(s)
  -------------------------------------------------------------------    -------------------
                         (clock sys_clk_pin rise edge)
                                                      0.000     0.000 r  
    W5                                                0.000     0.000 r  clk (IN)
                         net (fo=0)                   0.000     0.000    clk
    W5                   IBUF (Prop_ibuf_I_O)         1.458     1.458 r  clk_IBUF_inst/O
                         net (fo=1, routed)           1.967     3.425    clk_IBUF
    BUFGCTRL_X0Y0        BUFG (Prop_bufg_I_O)         0.096     3.521 r  clk_IBUF_BUFG_inst/O
                         net (fo=35, routed)          1.558     5.079    clk_IBUF_BUFG
    SLICE_X32Y15         FDRE                                         r  A_reg[2]/C
  -------------------------------------------------------------------    -------------------
    SLICE_X32Y15         FDRE (Prop_fdre_C_Q)         0.456     5.535 r  A_reg[2]/Q
                         net (fo=29, routed)          2.008     7.543    A_reg_n_0_[2]
    SLICE_X39Y20         LUT2 (Prop_lut2_I0_O)        0.124     7.667 r  led_OBUF[1]_inst_i_55/O
                         net (fo=1, routed)           0.987     8.654    led_OBUF[1]_inst_i_55_n_0
    SLICE_X39Y18         LUT6 (Prop_lut6_I1_O)        0.124     8.778 r  led_OBUF[1]_inst_i_35/O
                         net (fo=1, routed)           0.000     8.778    led_OBUF[1]_inst_i_35_n_0
    SLICE_X39Y18         CARRY4 (Prop_carry4_S[0]_CO[3])
                                                      0.532     9.310 r  led_OBUF[1]_inst_i_16/CO[3]
                         net (fo=1, routed)           0.000     9.310    led_OBUF[1]_inst_i_16_n_0
    SLICE_X39Y19         CARRY4 (Prop_carry4_CI_O[0])
                                                      0.222     9.532 r  led_OBUF[1]_inst_i_36/O[0]
                         net (fo=2, routed)           0.952    10.484    led_OBUF[1]_inst_i_36_n_7
    SLICE_X41Y17         LUT4 (Prop_lut4_I1_O)        0.327    10.811 f  led_OBUF[1]_inst_i_21/O
                         net (fo=2, routed)           0.859    11.670    led_OBUF[1]_inst_i_21_n_0
    SLICE_X41Y17         LUT4 (Prop_lut4_I0_O)        0.354    12.024 r  led_OBUF[1]_inst_i_7/O
                         net (fo=2, routed)           0.513    12.537    led_OBUF[1]_inst_i_7_n_0
    SLICE_X40Y17         LUT5 (Prop_lut5_I0_O)        0.332    12.869 r  led_OBUF[1]_inst_i_11/O
                         net (fo=1, routed)           0.000    12.869    led_OBUF[1]_inst_i_11_n_0
    SLICE_X40Y17         CARRY4 (Prop_carry4_S[3]_CO[3])
                                                      0.401    13.270 r  led_OBUF[1]_inst_i_5/CO[3]
                         net (fo=1, routed)           0.000    13.270    led_OBUF[1]_inst_i_5_n_0
    SLICE_X40Y18         CARRY4 (Prop_carry4_CI_O[2])
                                                      0.239    13.509 f  seg_OBUF[6]_inst_i_26/O[2]
                         net (fo=2, routed)           1.141    14.650    result0[13]
    SLICE_X46Y18         LUT5 (Prop_lut5_I4_O)        0.302    14.952 f  led_OBUF[0]_inst_i_13/O
                         net (fo=1, routed)           0.680    15.632    led_OBUF[0]_inst_i_13_n_0
    SLICE_X46Y18         LUT6 (Prop_lut6_I5_O)        0.124    15.756 r  led_OBUF[0]_inst_i_7/O
                         net (fo=1, routed)           0.307    16.063    led_OBUF[0]_inst_i_7_n_0
    SLICE_X46Y17         LUT6 (Prop_lut6_I2_O)        0.124    16.187 r  led_OBUF[0]_inst_i_2/O
                         net (fo=1, routed)           0.819    17.006    led_OBUF[0]_inst_i_2_n_0
    SLICE_X44Y18         LUT4 (Prop_lut4_I0_O)        0.124    17.130 r  led_OBUF[0]_inst_i_1/O
                         net (fo=1, routed)           2.913    20.043    led_OBUF[0]
    U16                  OBUF (Prop_obuf_I_O)         3.505    23.548 r  led_OBUF[0]_inst/O
                         net (fo=0)                   0.000    23.548    led[0]
    U16                                                               r  led[0] (OUT)
  -------------------------------------------------------------------    -------------------

Slack:                    inf
  Source:                 A_reg[2]/C
                            (rising edge-triggered cell FDRE clocked by sys_clk_pin  {rise@0.000ns fall@5.000ns period=10.000ns})
  Destination:            seg[5]
                            (output port)
  Path Group:             (none)
  Path Type:              Max at Slow Process Corner
  Data Path Delay:        18.117ns  (logic 7.502ns (41.410%)  route 10.615ns (58.590%))
  Logic Levels:           14  (CARRY4=4 LUT2=1 LUT4=3 LUT5=1 LUT6=4 OBUF=1)
  Clock Uncertainty:      0.025ns  ((TSJ^2 + TIJ^2)^1/2 + DJ) / 2 + PE
    Total System Jitter     (TSJ):    0.050ns
    Total Input Jitter      (TIJ):    0.000ns
    Discrete Jitter          (DJ):    0.000ns
    Phase Error              (PE):    0.000ns

    Location             Delay type                Incr(ns)  Path(ns)    Netlist Resource(s)
  -------------------------------------------------------------------    -------------------
                         (clock sys_clk_pin rise edge)
                                                      0.000     0.000 r  
    W5                                                0.000     0.000 r  clk (IN)
                         net (fo=0)                   0.000     0.000    clk
    W5                   IBUF (Prop_ibuf_I_O)         1.458     1.458 r  clk_IBUF_inst/O
                         net (fo=1, routed)           1.967     3.425    clk_IBUF
    BUFGCTRL_X0Y0        BUFG (Prop_bufg_I_O)         0.096     3.521 r  clk_IBUF_BUFG_inst/O
                         net (fo=35, routed)          1.558     5.079    clk_IBUF_BUFG
    SLICE_X32Y15         FDRE                                         r  A_reg[2]/C
  -------------------------------------------------------------------    -------------------
    SLICE_X32Y15         FDRE (Prop_fdre_C_Q)         0.456     5.535 r  A_reg[2]/Q
                         net (fo=29, routed)          2.008     7.543    A_reg_n_0_[2]
    SLICE_X39Y20         LUT2 (Prop_lut2_I0_O)        0.124     7.667 r  led_OBUF[1]_inst_i_55/O
                         net (fo=1, routed)           0.987     8.654    led_OBUF[1]_inst_i_55_n_0
    SLICE_X39Y18         LUT6 (Prop_lut6_I1_O)        0.124     8.778 r  led_OBUF[1]_inst_i_35/O
                         net (fo=1, routed)           0.000     8.778    led_OBUF[1]_inst_i_35_n_0
    SLICE_X39Y18         CARRY4 (Prop_carry4_S[0]_CO[3])
                                                      0.532     9.310 r  led_OBUF[1]_inst_i_16/CO[3]
                         net (fo=1, routed)           0.000     9.310    led_OBUF[1]_inst_i_16_n_0
    SLICE_X39Y19         CARRY4 (Prop_carry4_CI_O[0])
                                                      0.222     9.532 r  led_OBUF[1]_inst_i_36/O[0]
                         net (fo=2, routed)           0.952    10.484    led_OBUF[1]_inst_i_36_n_7
    SLICE_X41Y17         LUT4 (Prop_lut4_I1_O)        0.327    10.811 f  led_OBUF[1]_inst_i_21/O
                         net (fo=2, routed)           0.859    11.670    led_OBUF[1]_inst_i_21_n_0
    SLICE_X41Y17         LUT4 (Prop_lut4_I0_O)        0.354    12.024 r  led_OBUF[1]_inst_i_7/O
                         net (fo=2, routed)           0.513    12.537    led_OBUF[1]_inst_i_7_n_0
    SLICE_X40Y17         LUT5 (Prop_lut5_I0_O)        0.332    12.869 r  led_OBUF[1]_inst_i_11/O
                         net (fo=1, routed)           0.000    12.869    led_OBUF[1]_inst_i_11_n_0
    SLICE_X40Y17         CARRY4 (Prop_carry4_S[3]_CO[3])
                                                      0.401    13.270 r  led_OBUF[1]_inst_i_5/CO[3]
                         net (fo=1, routed)           0.000    13.270    led_OBUF[1]_inst_i_5_n_0
    SLICE_X40Y18         CARRY4 (Prop_carry4_CI_O[0])
                                                      0.222    13.492 r  seg_OBUF[6]_inst_i_26/O[0]
                         net (fo=2, routed)           0.453    13.945    result0[11]
    SLICE_X45Y19         LUT6 (Prop_lut6_I1_O)        0.299    14.244 r  seg_OBUF[6]_inst_i_20/O
                         net (fo=1, routed)           0.798    15.042    seg_OBUF[6]_inst_i_20_n_0
    SLICE_X44Y19         LUT6 (Prop_lut6_I5_O)        0.124    15.166 r  seg_OBUF[6]_inst_i_7/O
                         net (fo=1, routed)           0.650    15.816    seg_OBUF[6]_inst_i_7_n_0
    SLICE_X44Y19         LUT6 (Prop_lut6_I1_O)        0.124    15.940 r  seg_OBUF[6]_inst_i_2/O
                         net (fo=7, routed)           0.979    16.918    seg_OBUF[6]_inst_i_2_n_0
    SLICE_X44Y21         LUT4 (Prop_lut4_I0_O)        0.154    17.072 r  seg_OBUF[5]_inst_i_1/O
                         net (fo=1, routed)           2.417    19.489    seg_OBUF[5]
    V5                   OBUF (Prop_obuf_I_O)         3.707    23.197 r  seg_OBUF[5]_inst/O
                         net (fo=0)                   0.000    23.197    seg[5]
    V5                                                                r  seg[5] (OUT)
  -------------------------------------------------------------------    -------------------

Slack:                    inf
  Source:                 A_reg[2]/C
                            (rising edge-triggered cell FDRE clocked by sys_clk_pin  {rise@0.000ns fall@5.000ns period=10.000ns})
  Destination:            seg[4]
                            (output port)
  Path Group:             (none)
  Path Type:              Max at Slow Process Corner
  Data Path Delay:        18.117ns  (logic 7.521ns (41.514%)  route 10.596ns (58.486%))
  Logic Levels:           14  (CARRY4=4 LUT2=1 LUT4=3 LUT5=1 LUT6=4 OBUF=1)
  Clock Uncertainty:      0.025ns  ((TSJ^2 + TIJ^2)^1/2 + DJ) / 2 + PE
    Total System Jitter     (TSJ):    0.050ns
    Total Input Jitter      (TIJ):    0.000ns
    Discrete Jitter          (DJ):    0.000ns
    Phase Error              (PE):    0.000ns

    Location             Delay type                Incr(ns)  Path(ns)    Netlist Resource(s)
  -------------------------------------------------------------------    -------------------
                         (clock sys_clk_pin rise edge)
                                                      0.000     0.000 r  
    W5                                                0.000     0.000 r  clk (IN)
                         net (fo=0)                   0.000     0.000    clk
    W5                   IBUF (Prop_ibuf_I_O)         1.458     1.458 r  clk_IBUF_inst/O
                         net (fo=1, routed)           1.967     3.425    clk_IBUF
    BUFGCTRL_X0Y0        BUFG (Prop_bufg_I_O)         0.096     3.521 r  clk_IBUF_BUFG_inst/O
                         net (fo=35, routed)          1.558     5.079    clk_IBUF_BUFG
    SLICE_X32Y15         FDRE                                         r  A_reg[2]/C
  -------------------------------------------------------------------    -------------------
    SLICE_X32Y15         FDRE (Prop_fdre_C_Q)         0.456     5.535 r  A_reg[2]/Q
                         net (fo=29, routed)          2.008     7.543    A_reg_n_0_[2]
    SLICE_X39Y20         LUT2 (Prop_lut2_I0_O)        0.124     7.667 r  led_OBUF[1]_inst_i_55/O
                         net (fo=1, routed)           0.987     8.654    led_OBUF[1]_inst_i_55_n_0
    SLICE_X39Y18         LUT6 (Prop_lut6_I1_O)        0.124     8.778 r  led_OBUF[1]_inst_i_35/O
                         net (fo=1, routed)           0.000     8.778    led_OBUF[1]_inst_i_35_n_0
    SLICE_X39Y18         CARRY4 (Prop_carry4_S[0]_CO[3])
                                                      0.532     9.310 r  led_OBUF[1]_inst_i_16/CO[3]
                         net (fo=1, routed)           0.000     9.310    led_OBUF[1]_inst_i_16_n_0
    SLICE_X39Y19         CARRY4 (Prop_carry4_CI_O[0])
                                                      0.222     9.532 r  led_OBUF[1]_inst_i_36/O[0]
                         net (fo=2, routed)           0.952    10.484    led_OBUF[1]_inst_i_36_n_7
    SLICE_X41Y17         LUT4 (Prop_lut4_I1_O)        0.327    10.811 f  led_OBUF[1]_inst_i_21/O
                         net (fo=2, routed)           0.859    11.670    led_OBUF[1]_inst_i_21_n_0
    SLICE_X41Y17         LUT4 (Prop_lut4_I0_O)        0.354    12.024 r  led_OBUF[1]_inst_i_7/O
                         net (fo=2, routed)           0.513    12.537    led_OBUF[1]_inst_i_7_n_0
    SLICE_X40Y17         LUT5 (Prop_lut5_I0_O)        0.332    12.869 r  led_OBUF[1]_inst_i_11/O
                         net (fo=1, routed)           0.000    12.869    led_OBUF[1]_inst_i_11_n_0
    SLICE_X40Y17         CARRY4 (Prop_carry4_S[3]_CO[3])
                                                      0.401    13.270 r  led_OBUF[1]_inst_i_5/CO[3]
                         net (fo=1, routed)           0.000    13.270    led_OBUF[1]_inst_i_5_n_0
    SLICE_X40Y18         CARRY4 (Prop_carry4_CI_O[0])
                                                      0.222    13.492 f  seg_OBUF[6]_inst_i_26/O[0]
                         net (fo=2, routed)           0.453    13.945    result0[11]
    SLICE_X45Y19         LUT6 (Prop_lut6_I1_O)        0.299    14.244 f  seg_OBUF[6]_inst_i_20/O
                         net (fo=1, routed)           0.798    15.042    seg_OBUF[6]_inst_i_20_n_0
    SLICE_X44Y19         LUT6 (Prop_lut6_I5_O)        0.124    15.166 f  seg_OBUF[6]_inst_i_7/O
                         net (fo=1, routed)           0.650    15.816    seg_OBUF[6]_inst_i_7_n_0
    SLICE_X44Y19         LUT6 (Prop_lut6_I1_O)        0.124    15.940 f  seg_OBUF[6]_inst_i_2/O
                         net (fo=7, routed)           0.807    16.747    seg_OBUF[6]_inst_i_2_n_0
    SLICE_X44Y21         LUT4 (Prop_lut4_I3_O)        0.152    16.899 r  seg_OBUF[4]_inst_i_1/O
                         net (fo=1, routed)           2.569    19.468    seg_OBUF[4]
    U5                   OBUF (Prop_obuf_I_O)         3.728    23.196 r  seg_OBUF[4]_inst/O
                         net (fo=0)                   0.000    23.196    seg[4]
    U5                                                                r  seg[4] (OUT)
  -------------------------------------------------------------------    -------------------

Slack:                    inf
  Source:                 A_reg[2]/C
                            (rising edge-triggered cell FDRE clocked by sys_clk_pin  {rise@0.000ns fall@5.000ns period=10.000ns})
  Destination:            seg[2]
                            (output port)
  Path Group:             (none)
  Path Type:              Max at Slow Process Corner
  Data Path Delay:        18.013ns  (logic 7.300ns (40.526%)  route 10.713ns (59.474%))
  Logic Levels:           14  (CARRY4=4 LUT2=1 LUT4=3 LUT5=1 LUT6=4 OBUF=1)
  Clock Uncertainty:      0.025ns  ((TSJ^2 + TIJ^2)^1/2 + DJ) / 2 + PE
    Total System Jitter     (TSJ):    0.050ns
    Total Input Jitter      (TIJ):    0.000ns
    Discrete Jitter          (DJ):    0.000ns
    Phase Error              (PE):    0.000ns

    Location             Delay type                Incr(ns)  Path(ns)    Netlist Resource(s)
  -------------------------------------------------------------------    -------------------
                         (clock sys_clk_pin rise edge)
                                                      0.000     0.000 r  
    W5                                                0.000     0.000 r  clk (IN)
                         net (fo=0)                   0.000     0.000    clk
    W5                   IBUF (Prop_ibuf_I_O)         1.458     1.458 r  clk_IBUF_inst/O
                         net (fo=1, routed)           1.967     3.425    clk_IBUF
    BUFGCTRL_X0Y0        BUFG (Prop_bufg_I_O)         0.096     3.521 r  clk_IBUF_BUFG_inst/O
                         net (fo=35, routed)          1.558     5.079    clk_IBUF_BUFG
    SLICE_X32Y15         FDRE                                         r  A_reg[2]/C
  -------------------------------------------------------------------    -------------------
    SLICE_X32Y15         FDRE (Prop_fdre_C_Q)         0.456     5.535 r  A_reg[2]/Q
                         net (fo=29, routed)          2.008     7.543    A_reg_n_0_[2]
    SLICE_X39Y20         LUT2 (Prop_lut2_I0_O)        0.124     7.667 r  led_OBUF[1]_inst_i_55/O
                         net (fo=1, routed)           0.987     8.654    led_OBUF[1]_inst_i_55_n_0
    SLICE_X39Y18         LUT6 (Prop_lut6_I1_O)        0.124     8.778 r  led_OBUF[1]_inst_i_35/O
                         net (fo=1, routed)           0.000     8.778    led_OBUF[1]_inst_i_35_n_0
    SLICE_X39Y18         CARRY4 (Prop_carry4_S[0]_CO[3])
                                                      0.532     9.310 r  led_OBUF[1]_inst_i_16/CO[3]
                         net (fo=1, routed)           0.000     9.310    led_OBUF[1]_inst_i_16_n_0
    SLICE_X39Y19         CARRY4 (Prop_carry4_CI_O[0])
                                                      0.222     9.532 r  led_OBUF[1]_inst_i_36/O[0]
                         net (fo=2, routed)           0.952    10.484    led_OBUF[1]_inst_i_36_n_7
    SLICE_X41Y17         LUT4 (Prop_lut4_I1_O)        0.327    10.811 f  led_OBUF[1]_inst_i_21/O
                         net (fo=2, routed)           0.859    11.670    led_OBUF[1]_inst_i_21_n_0
    SLICE_X41Y17         LUT4 (Prop_lut4_I0_O)        0.354    12.024 r  led_OBUF[1]_inst_i_7/O
                         net (fo=2, routed)           0.513    12.537    led_OBUF[1]_inst_i_7_n_0
    SLICE_X40Y17         LUT5 (Prop_lut5_I0_O)        0.332    12.869 r  led_OBUF[1]_inst_i_11/O
                         net (fo=1, routed)           0.000    12.869    led_OBUF[1]_inst_i_11_n_0
    SLICE_X40Y17         CARRY4 (Prop_carry4_S[3]_CO[3])
                                                      0.401    13.270 r  led_OBUF[1]_inst_i_5/CO[3]
                         net (fo=1, routed)           0.000    13.270    led_OBUF[1]_inst_i_5_n_0
    SLICE_X40Y18         CARRY4 (Prop_carry4_CI_O[0])
                                                      0.222    13.492 r  seg_OBUF[6]_inst_i_26/O[0]
                         net (fo=2, routed)           0.453    13.945    result0[11]
    SLICE_X45Y19         LUT6 (Prop_lut6_I1_O)        0.299    14.244 r  seg_OBUF[6]_inst_i_20/O
                         net (fo=1, routed)           0.798    15.042    seg_OBUF[6]_inst_i_20_n_0
    SLICE_X44Y19         LUT6 (Prop_lut6_I5_O)        0.124    15.166 r  seg_OBUF[6]_inst_i_7/O
                         net (fo=1, routed)           0.650    15.816    seg_OBUF[6]_inst_i_7_n_0
    SLICE_X44Y19         LUT6 (Prop_lut6_I1_O)        0.124    15.940 r  seg_OBUF[6]_inst_i_2/O
                         net (fo=7, routed)           0.979    16.918    seg_OBUF[6]_inst_i_2_n_0
    SLICE_X44Y21         LUT4 (Prop_lut4_I0_O)        0.124    17.042 r  seg_OBUF[2]_inst_i_1/O
                         net (fo=1, routed)           2.515    19.558    seg_OBUF[2]
    U8                   OBUF (Prop_obuf_I_O)         3.535    23.093 r  seg_OBUF[2]_inst/O
                         net (fo=0)                   0.000    23.093    seg[2]
    U8                                                                r  seg[2] (OUT)
  -------------------------------------------------------------------    -------------------

Slack:                    inf
  Source:                 A_reg[2]/C
                            (rising edge-triggered cell FDRE clocked by sys_clk_pin  {rise@0.000ns fall@5.000ns period=10.000ns})
  Destination:            seg[1]
                            (output port)
  Path Group:             (none)
  Path Type:              Max at Slow Process Corner
  Data Path Delay:        17.962ns  (logic 7.294ns (40.608%)  route 10.668ns (59.392%))
  Logic Levels:           14  (CARRY4=4 LUT2=1 LUT4=3 LUT5=1 LUT6=4 OBUF=1)
  Clock Uncertainty:      0.025ns  ((TSJ^2 + TIJ^2)^1/2 + DJ) / 2 + PE
    Total System Jitter     (TSJ):    0.050ns
    Total Input Jitter      (TIJ):    0.000ns
    Discrete Jitter          (DJ):    0.000ns
    Phase Error              (PE):    0.000ns

    Location             Delay type                Incr(ns)  Path(ns)    Netlist Resource(s)
  -------------------------------------------------------------------    -------------------
                         (clock sys_clk_pin rise edge)
                                                      0.000     0.000 r  
    W5                                                0.000     0.000 r  clk (IN)
                         net (fo=0)                   0.000     0.000    clk
    W5                   IBUF (Prop_ibuf_I_O)         1.458     1.458 r  clk_IBUF_inst/O
                         net (fo=1, routed)           1.967     3.425    clk_IBUF
    BUFGCTRL_X0Y0        BUFG (Prop_bufg_I_O)         0.096     3.521 r  clk_IBUF_BUFG_inst/O
                         net (fo=35, routed)          1.558     5.079    clk_IBUF_BUFG
    SLICE_X32Y15         FDRE                                         r  A_reg[2]/C
  -------------------------------------------------------------------    -------------------
    SLICE_X32Y15         FDRE (Prop_fdre_C_Q)         0.456     5.535 r  A_reg[2]/Q
                         net (fo=29, routed)          2.008     7.543    A_reg_n_0_[2]
    SLICE_X39Y20         LUT2 (Prop_lut2_I0_O)        0.124     7.667 r  led_OBUF[1]_inst_i_55/O
                         net (fo=1, routed)           0.987     8.654    led_OBUF[1]_inst_i_55_n_0
    SLICE_X39Y18         LUT6 (Prop_lut6_I1_O)        0.124     8.778 r  led_OBUF[1]_inst_i_35/O
                         net (fo=1, routed)           0.000     8.778    led_OBUF[1]_inst_i_35_n_0
    SLICE_X39Y18         CARRY4 (Prop_carry4_S[0]_CO[3])
                                                      0.532     9.310 r  led_OBUF[1]_inst_i_16/CO[3]
                         net (fo=1, routed)           0.000     9.310    led_OBUF[1]_inst_i_16_n_0
    SLICE_X39Y19         CARRY4 (Prop_carry4_CI_O[0])
                                                      0.222     9.532 r  led_OBUF[1]_inst_i_36/O[0]
                         net (fo=2, routed)           0.952    10.484    led_OBUF[1]_inst_i_36_n_7
    SLICE_X41Y17         LUT4 (Prop_lut4_I1_O)        0.327    10.811 f  led_OBUF[1]_inst_i_21/O
                         net (fo=2, routed)           0.859    11.670    led_OBUF[1]_inst_i_21_n_0
    SLICE_X41Y17         LUT4 (Prop_lut4_I0_O)        0.354    12.024 r  led_OBUF[1]_inst_i_7/O
                         net (fo=2, routed)           0.513    12.537    led_OBUF[1]_inst_i_7_n_0
    SLICE_X40Y17         LUT5 (Prop_lut5_I0_O)        0.332    12.869 r  led_OBUF[1]_inst_i_11/O
                         net (fo=1, routed)           0.000    12.869    led_OBUF[1]_inst_i_11_n_0
    SLICE_X40Y17         CARRY4 (Prop_carry4_S[3]_CO[3])
                                                      0.401    13.270 r  led_OBUF[1]_inst_i_5/CO[3]
                         net (fo=1, routed)           0.000    13.270    led_OBUF[1]_inst_i_5_n_0
    SLICE_X40Y18         CARRY4 (Prop_carry4_CI_O[0])
                                                      0.222    13.492 r  seg_OBUF[6]_inst_i_26/O[0]
                         net (fo=2, routed)           0.453    13.945    result0[11]
    SLICE_X45Y19         LUT6 (Prop_lut6_I1_O)        0.299    14.244 r  seg_OBUF[6]_inst_i_20/O
                         net (fo=1, routed)           0.798    15.042    seg_OBUF[6]_inst_i_20_n_0
    SLICE_X44Y19         LUT6 (Prop_lut6_I5_O)        0.124    15.166 r  seg_OBUF[6]_inst_i_7/O
                         net (fo=1, routed)           0.650    15.816    seg_OBUF[6]_inst_i_7_n_0
    SLICE_X44Y19         LUT6 (Prop_lut6_I1_O)        0.124    15.940 r  seg_OBUF[6]_inst_i_2/O
                         net (fo=7, routed)           0.807    16.747    seg_OBUF[6]_inst_i_2_n_0
    SLICE_X44Y21         LUT4 (Prop_lut4_I0_O)        0.124    16.871 r  seg_OBUF[1]_inst_i_1/O
                         net (fo=1, routed)           2.642    19.512    seg_OBUF[1]
    W6                   OBUF (Prop_obuf_I_O)         3.529    23.041 r  seg_OBUF[1]_inst/O
                         net (fo=0)                   0.000    23.041    seg[1]
    W6                                                                r  seg[1] (OUT)
  -------------------------------------------------------------------    -------------------

Slack:                    inf
  Source:                 A_reg[2]/C
                            (rising edge-triggered cell FDRE clocked by sys_clk_pin  {rise@0.000ns fall@5.000ns period=10.000ns})
  Destination:            seg[0]
                            (output port)
  Path Group:             (none)
  Path Type:              Max at Slow Process Corner
  Data Path Delay:        17.946ns  (logic 7.276ns (40.542%)  route 10.671ns (59.458%))
  Logic Levels:           14  (CARRY4=4 LUT2=1 LUT4=3 LUT5=1 LUT6=4 OBUF=1)
  Clock Uncertainty:      0.025ns  ((TSJ^2 + TIJ^2)^1/2 + DJ) / 2 + PE
    Total System Jitter     (TSJ):    0.050ns
    Total Input Jitter      (TIJ):    0.000ns
    Discrete Jitter          (DJ):    0.000ns
    Phase Error              (PE):    0.000ns

    Location             Delay type                Incr(ns)  Path(ns)    Netlist Resource(s)
  -------------------------------------------------------------------    -------------------
                         (clock sys_clk_pin rise edge)
                                                      0.000     0.000 r  
    W5                                                0.000     0.000 r  clk (IN)
                         net (fo=0)                   0.000     0.000    clk
    W5                   IBUF (Prop_ibuf_I_O)         1.458     1.458 r  clk_IBUF_inst/O
                         net (fo=1, routed)           1.967     3.425    clk_IBUF
    BUFGCTRL_X0Y0        BUFG (Prop_bufg_I_O)         0.096     3.521 r  clk_IBUF_BUFG_inst/O
                         net (fo=35, routed)          1.558     5.079    clk_IBUF_BUFG
    SLICE_X32Y15         FDRE                                         r  A_reg[2]/C
  -------------------------------------------------------------------    -------------------
    SLICE_X32Y15         FDRE (Prop_fdre_C_Q)         0.456     5.535 r  A_reg[2]/Q
                         net (fo=29, routed)          2.008     7.543    A_reg_n_0_[2]
    SLICE_X39Y20         LUT2 (Prop_lut2_I0_O)        0.124     7.667 r  led_OBUF[1]_inst_i_55/O
                         net (fo=1, routed)           0.987     8.654    led_OBUF[1]_inst_i_55_n_0
    SLICE_X39Y18         LUT6 (Prop_lut6_I1_O)        0.124     8.778 r  led_OBUF[1]_inst_i_35/O
                         net (fo=1, routed)           0.000     8.778    led_OBUF[1]_inst_i_35_n_0
    SLICE_X39Y18         CARRY4 (Prop_carry4_S[0]_CO[3])
                                                      0.532     9.310 r  led_OBUF[1]_inst_i_16/CO[3]
                         net (fo=1, routed)           0.000     9.310    led_OBUF[1]_inst_i_16_n_0
    SLICE_X39Y19         CARRY4 (Prop_carry4_CI_O[0])
                                                      0.222     9.532 r  led_OBUF[1]_inst_i_36/O[0]
                         net (fo=2, routed)           0.952    10.484    led_OBUF[1]_inst_i_36_n_7
    SLICE_X41Y17         LUT4 (Prop_lut4_I1_O)        0.327    10.811 f  led_OBUF[1]_inst_i_21/O
                         net (fo=2, routed)           0.859    11.670    led_OBUF[1]_inst_i_21_n_0
    SLICE_X41Y17         LUT4 (Prop_lut4_I0_O)        0.354    12.024 r  led_OBUF[1]_inst_i_7/O
                         net (fo=2, routed)           0.513    12.537    led_OBUF[1]_inst_i_7_n_0
    SLICE_X40Y17         LUT5 (Prop_lut5_I0_O)        0.332    12.869 r  led_OBUF[1]_inst_i_11/O
                         net (fo=1, routed)           0.000    12.869    led_OBUF[1]_inst_i_11_n_0
    SLICE_X40Y17         CARRY4 (Prop_carry4_S[3]_CO[3])
                                                      0.401    13.270 r  led_OBUF[1]_inst_i_5/CO[3]
                         net (fo=1, routed)           0.000    13.270    led_OBUF[1]_inst_i_5_n_0
    SLICE_X40Y18         CARRY4 (Prop_carry4_CI_O[0])
                                                      0.222    13.492 r  seg_OBUF[6]_inst_i_26/O[0]
                         net (fo=2, routed)           0.453    13.945    result0[11]
    SLICE_X45Y19         LUT6 (Prop_lut6_I1_O)        0.299    14.244 r  seg_OBUF[6]_inst_i_20/O
                         net (fo=1, routed)           0.798    15.042    seg_OBUF[6]_inst_i_20_n_0
    SLICE_X44Y19         LUT6 (Prop_lut6_I5_O)        0.124    15.166 r  seg_OBUF[6]_inst_i_7/O
                         net (fo=1, routed)           0.650    15.816    seg_OBUF[6]_inst_i_7_n_0
    SLICE_X44Y19         LUT6 (Prop_lut6_I1_O)        0.124    15.940 r  seg_OBUF[6]_inst_i_2/O
                         net (fo=7, routed)           0.815    16.755    seg_OBUF[6]_inst_i_2_n_0
    SLICE_X44Y21         LUT4 (Prop_lut4_I0_O)        0.124    16.879 r  seg_OBUF[0]_inst_i_1/O
                         net (fo=1, routed)           2.636    19.515    seg_OBUF[0]
    W7                   OBUF (Prop_obuf_I_O)         3.511    23.026 r  seg_OBUF[0]_inst/O
                         net (fo=0)                   0.000    23.026    seg[0]
    W7                                                                r  seg[0] (OUT)
  -------------------------------------------------------------------    -------------------

Slack:                    inf
  Source:                 A_reg[2]/C
                            (rising edge-triggered cell FDRE clocked by sys_clk_pin  {rise@0.000ns fall@5.000ns period=10.000ns})
  Destination:            seg[3]
                            (output port)
  Path Group:             (none)
  Path Type:              Max at Slow Process Corner
  Data Path Delay:        17.939ns  (logic 7.529ns (41.968%)  route 10.410ns (58.032%))
  Logic Levels:           14  (CARRY4=4 LUT2=1 LUT4=3 LUT5=1 LUT6=4 OBUF=1)
  Clock Uncertainty:      0.025ns  ((TSJ^2 + TIJ^2)^1/2 + DJ) / 2 + PE
    Total System Jitter     (TSJ):    0.050ns
    Total Input Jitter      (TIJ):    0.000ns
    Discrete Jitter          (DJ):    0.000ns
    Phase Error              (PE):    0.000ns

    Location             Delay type                Incr(ns)  Path(ns)    Netlist Resource(s)
  -------------------------------------------------------------------    -------------------
                         (clock sys_clk_pin rise edge)
                                                      0.000     0.000 r  
    W5                                                0.000     0.000 r  clk (IN)
                         net (fo=0)                   0.000     0.000    clk
    W5                   IBUF (Prop_ibuf_I_O)         1.458     1.458 r  clk_IBUF_inst/O
                         net (fo=1, routed)           1.967     3.425    clk_IBUF
    BUFGCTRL_X0Y0        BUFG (Prop_bufg_I_O)         0.096     3.521 r  clk_IBUF_BUFG_inst/O
                         net (fo=35, routed)          1.558     5.079    clk_IBUF_BUFG
    SLICE_X32Y15         FDRE                                         r  A_reg[2]/C
  -------------------------------------------------------------------    -------------------
    SLICE_X32Y15         FDRE (Prop_fdre_C_Q)         0.456     5.535 r  A_reg[2]/Q
                         net (fo=29, routed)          2.008     7.543    A_reg_n_0_[2]
    SLICE_X39Y20         LUT2 (Prop_lut2_I0_O)        0.124     7.667 r  led_OBUF[1]_inst_i_55/O
                         net (fo=1, routed)           0.987     8.654    led_OBUF[1]_inst_i_55_n_0
    SLICE_X39Y18         LUT6 (Prop_lut6_I1_O)        0.124     8.778 r  led_OBUF[1]_inst_i_35/O
                         net (fo=1, routed)           0.000     8.778    led_OBUF[1]_inst_i_35_n_0
    SLICE_X39Y18         CARRY4 (Prop_carry4_S[0]_CO[3])
                                                      0.532     9.310 r  led_OBUF[1]_inst_i_16/CO[3]
                         net (fo=1, routed)           0.000     9.310    led_OBUF[1]_inst_i_16_n_0
    SLICE_X39Y19         CARRY4 (Prop_carry4_CI_O[0])
                                                      0.222     9.532 r  led_OBUF[1]_inst_i_36/O[0]
                         net (fo=2, routed)           0.952    10.484    led_OBUF[1]_inst_i_36_n_7
    SLICE_X41Y17         LUT4 (Prop_lut4_I1_O)        0.327    10.811 f  led_OBUF[1]_inst_i_21/O
                         net (fo=2, routed)           0.859    11.670    led_OBUF[1]_inst_i_21_n_0
    SLICE_X41Y17         LUT4 (Prop_lut4_I0_O)        0.354    12.024 r  led_OBUF[1]_inst_i_7/O
                         net (fo=2, routed)           0.513    12.537    led_OBUF[1]_inst_i_7_n_0
    SLICE_X40Y17         LUT5 (Prop_lut5_I0_O)        0.332    12.869 r  led_OBUF[1]_inst_i_11/O
                         net (fo=1, routed)           0.000    12.869    led_OBUF[1]_inst_i_11_n_0
    SLICE_X40Y17         CARRY4 (Prop_carry4_S[3]_CO[3])
                                                      0.401    13.270 r  led_OBUF[1]_inst_i_5/CO[3]
                         net (fo=1, routed)           0.000    13.270    led_OBUF[1]_inst_i_5_n_0
    SLICE_X40Y18         CARRY4 (Prop_carry4_CI_O[0])
                                                      0.222    13.492 r  seg_OBUF[6]_inst_i_26/O[0]
                         net (fo=2, routed)           0.453    13.945    result0[11]
    SLICE_X45Y19         LUT6 (Prop_lut6_I1_O)        0.299    14.244 r  seg_OBUF[6]_inst_i_20/O
                         net (fo=1, routed)           0.798    15.042    seg_OBUF[6]_inst_i_20_n_0
    SLICE_X44Y19         LUT6 (Prop_lut6_I5_O)        0.124    15.166 r  seg_OBUF[6]_inst_i_7/O
                         net (fo=1, routed)           0.650    15.816    seg_OBUF[6]_inst_i_7_n_0
    SLICE_X44Y19         LUT6 (Prop_lut6_I1_O)        0.124    15.940 r  seg_OBUF[6]_inst_i_2/O
                         net (fo=7, routed)           0.815    16.755    seg_OBUF[6]_inst_i_2_n_0
    SLICE_X44Y21         LUT4 (Prop_lut4_I0_O)        0.150    16.905 r  seg_OBUF[3]_inst_i_1/O
                         net (fo=1, routed)           2.376    19.281    seg_OBUF[3]
    V8                   OBUF (Prop_obuf_I_O)         3.738    23.018 r  seg_OBUF[3]_inst/O
                         net (fo=0)                   0.000    23.018    seg[3]
    V8                                                                r  seg[3] (OUT)
  -------------------------------------------------------------------    -------------------

Slack:                    inf
  Source:                 A_reg[3]/C
                            (rising edge-triggered cell FDRE clocked by sys_clk_pin  {rise@0.000ns fall@5.000ns period=10.000ns})
  Destination:            seg[6]
                            (output port)
  Path Group:             (none)
  Path Type:              Max at Slow Process Corner
  Data Path Delay:        17.562ns  (logic 6.700ns (38.154%)  route 10.861ns (61.846%))
  Logic Levels:           12  (CARRY4=2 LUT2=1 LUT4=2 LUT5=1 LUT6=5 OBUF=1)
  Clock Uncertainty:      0.025ns  ((TSJ^2 + TIJ^2)^1/2 + DJ) / 2 + PE
    Total System Jitter     (TSJ):    0.050ns
    Total Input Jitter      (TIJ):    0.000ns
    Discrete Jitter          (DJ):    0.000ns
    Phase Error              (PE):    0.000ns

    Location             Delay type                Incr(ns)  Path(ns)    Netlist Resource(s)
  -------------------------------------------------------------------    -------------------
                         (clock sys_clk_pin rise edge)
                                                      0.000     0.000 r  
    W5                                                0.000     0.000 r  clk (IN)
                         net (fo=0)                   0.000     0.000    clk
    W5                   IBUF (Prop_ibuf_I_O)         1.458     1.458 r  clk_IBUF_inst/O
                         net (fo=1, routed)           1.967     3.425    clk_IBUF
    BUFGCTRL_X0Y0        BUFG (Prop_bufg_I_O)         0.096     3.521 r  clk_IBUF_BUFG_inst/O
                         net (fo=35, routed)          1.558     5.079    clk_IBUF_BUFG
    SLICE_X32Y15         FDRE                                         r  A_reg[3]/C
  -------------------------------------------------------------------    -------------------
    SLICE_X32Y15         FDRE (Prop_fdre_C_Q)         0.456     5.535 r  A_reg[3]/Q
                         net (fo=31, routed)          2.525     8.060    A_reg_n_0_[3]
    SLICE_X42Y15         LUT2 (Prop_lut2_I0_O)        0.150     8.210 r  led_OBUF[1]_inst_i_64/O
                         net (fo=1, routed)           0.981     9.191    led_OBUF[1]_inst_i_64_n_0
    SLICE_X38Y17         LUT6 (Prop_lut6_I3_O)        0.328     9.519 r  led_OBUF[1]_inst_i_51/O
                         net (fo=1, routed)           0.000     9.519    led_OBUF[1]_inst_i_51_n_0
    SLICE_X38Y17         CARRY4 (Prop_carry4_S[0]_O[1])
                                                      0.427     9.946 r  led_OBUF[1]_inst_i_25/O[1]
                         net (fo=2, routed)           0.557    10.503    led_OBUF[1]_inst_i_25_n_6
    SLICE_X41Y17         LUT4 (Prop_lut4_I3_O)        0.306    10.809 r  led_OBUF[1]_inst_i_23/O
                         net (fo=2, routed)           0.412    11.221    led_OBUF[1]_inst_i_23_n_0
    SLICE_X41Y16         LUT6 (Prop_lut6_I3_O)        0.124    11.345 r  led_OBUF[1]_inst_i_9/O
                         net (fo=2, routed)           0.860    12.204    led_OBUF[1]_inst_i_9_n_0
    SLICE_X40Y17         LUT5 (Prop_lut5_I0_O)        0.124    12.328 r  led_OBUF[1]_inst_i_13/O
                         net (fo=1, routed)           0.000    12.328    led_OBUF[1]_inst_i_13_n_0
    SLICE_X40Y17         CARRY4 (Prop_carry4_S[1]_O[2])
                                                      0.580    12.908 f  led_OBUF[1]_inst_i_5/O[2]
                         net (fo=2, routed)           0.877    13.785    result0[9]
    SLICE_X47Y18         LUT6 (Prop_lut6_I1_O)        0.302    14.087 f  seg_OBUF[6]_inst_i_31/O
                         net (fo=1, routed)           0.595    14.682    seg_OBUF[6]_inst_i_31_n_0
    SLICE_X44Y19         LUT6 (Prop_lut6_I5_O)        0.124    14.806 f  seg_OBUF[6]_inst_i_15/O
                         net (fo=1, routed)           0.669    15.475    seg_OBUF[6]_inst_i_15_n_0
    SLICE_X44Y19         LUT6 (Prop_lut6_I5_O)        0.124    15.599 r  seg_OBUF[6]_inst_i_5/O
                         net (fo=7, routed)           0.806    16.405    seg_OBUF[6]_inst_i_5_n_0
    SLICE_X44Y20         LUT4 (Prop_lut4_I3_O)        0.124    16.529 r  seg_OBUF[6]_inst_i_1/O
                         net (fo=1, routed)           2.580    19.110    seg_OBUF[6]
    U7                   OBUF (Prop_obuf_I_O)         3.531    22.641 r  seg_OBUF[6]_inst/O
                         net (fo=0)                   0.000    22.641    seg[6]
    U7                                                                r  seg[6] (OUT)
  -------------------------------------------------------------------    -------------------

Slack:                    inf
  Source:                 A_reg[3]/C
                            (rising edge-triggered cell FDRE clocked by sys_clk_pin  {rise@0.000ns fall@5.000ns period=10.000ns})
  Destination:            led[1]
                            (output port)
  Path Group:             (none)
  Path Type:              Max at Slow Process Corner
  Data Path Delay:        15.253ns  (logic 5.805ns (38.057%)  route 9.448ns (61.943%))
  Logic Levels:           9  (CARRY4=2 LUT2=1 LUT3=1 LUT4=1 LUT5=2 LUT6=1 OBUF=1)
  Clock Uncertainty:      0.025ns  ((TSJ^2 + TIJ^2)^1/2 + DJ) / 2 + PE
    Total System Jitter     (TSJ):    0.050ns
    Total Input Jitter      (TIJ):    0.000ns
    Discrete Jitter          (DJ):    0.000ns
    Phase Error              (PE):    0.000ns

    Location             Delay type                Incr(ns)  Path(ns)    Netlist Resource(s)
  -------------------------------------------------------------------    -------------------
                         (clock sys_clk_pin rise edge)
                                                      0.000     0.000 r  
    W5                                                0.000     0.000 r  clk (IN)
                         net (fo=0)                   0.000     0.000    clk
    W5                   IBUF (Prop_ibuf_I_O)         1.458     1.458 r  clk_IBUF_inst/O
                         net (fo=1, routed)           1.967     3.425    clk_IBUF
    BUFGCTRL_X0Y0        BUFG (Prop_bufg_I_O)         0.096     3.521 r  clk_IBUF_BUFG_inst/O
                         net (fo=35, routed)          1.558     5.079    clk_IBUF_BUFG
    SLICE_X32Y15         FDRE                                         r  A_reg[3]/C
  -------------------------------------------------------------------    -------------------
    SLICE_X32Y15         FDRE (Prop_fdre_C_Q)         0.456     5.535 r  A_reg[3]/Q
                         net (fo=31, routed)          2.525     8.060    A_reg_n_0_[3]
    SLICE_X42Y15         LUT2 (Prop_lut2_I0_O)        0.150     8.210 r  led_OBUF[1]_inst_i_64/O
                         net (fo=1, routed)           0.981     9.191    led_OBUF[1]_inst_i_64_n_0
    SLICE_X38Y17         LUT6 (Prop_lut6_I3_O)        0.328     9.519 r  led_OBUF[1]_inst_i_51/O
                         net (fo=1, routed)           0.000     9.519    led_OBUF[1]_inst_i_51_n_0
    SLICE_X38Y17         CARRY4 (Prop_carry4_S[0]_O[0])
                                                      0.252     9.771 r  led_OBUF[1]_inst_i_25/O[0]
                         net (fo=2, routed)           0.832    10.603    led_OBUF[1]_inst_i_25_n_7
    SLICE_X41Y17         LUT4 (Prop_lut4_I3_O)        0.295    10.898 r  led_OBUF[1]_inst_i_10/O
                         net (fo=2, routed)           0.807    11.705    led_OBUF[1]_inst_i_10_n_0
    SLICE_X40Y17         LUT5 (Prop_lut5_I0_O)        0.124    11.829 r  led_OBUF[1]_inst_i_14/O
                         net (fo=1, routed)           0.000    11.829    led_OBUF[1]_inst_i_14_n_0
    SLICE_X40Y17         CARRY4 (Prop_carry4_S[0]_O[0])
                                                      0.247    12.076 r  led_OBUF[1]_inst_i_5/O[0]
                         net (fo=1, routed)           0.662    12.738    result0[7]
    SLICE_X42Y17         LUT5 (Prop_lut5_I2_O)        0.299    13.037 r  led_OBUF[1]_inst_i_2/O
                         net (fo=1, routed)           0.312    13.349    led_OBUF[1]_inst_i_2_n_0
    SLICE_X42Y18         LUT3 (Prop_lut3_I0_O)        0.124    13.473 r  led_OBUF[1]_inst_i_1/O
                         net (fo=3, routed)           3.329    16.802    led_OBUF[1]
    E19                  OBUF (Prop_obuf_I_O)         3.530    20.332 r  led_OBUF[1]_inst/O
                         net (fo=0)                   0.000    20.332    led[1]
    E19                                                               r  led[1] (OUT)
  -------------------------------------------------------------------    -------------------

Slack:                    inf
  Source:                 A_reg[3]/C
                            (rising edge-triggered cell FDRE clocked by sys_clk_pin  {rise@0.000ns fall@5.000ns period=10.000ns})
  Destination:            led[3]
                            (output port)
  Path Group:             (none)
  Path Type:              Max at Slow Process Corner
  Data Path Delay:        12.064ns  (logic 5.233ns (43.375%)  route 6.831ns (56.625%))
  Logic Levels:           6  (CARRY4=2 LUT2=1 LUT6=2 OBUF=1)
  Clock Uncertainty:      0.025ns  ((TSJ^2 + TIJ^2)^1/2 + DJ) / 2 + PE
    Total System Jitter     (TSJ):    0.050ns
    Total Input Jitter      (TIJ):    0.000ns
    Discrete Jitter          (DJ):    0.000ns
    Phase Error              (PE):    0.000ns

    Location             Delay type                Incr(ns)  Path(ns)    Netlist Resource(s)
  -------------------------------------------------------------------    -------------------
                         (clock sys_clk_pin rise edge)
                                                      0.000     0.000 r  
    W5                                                0.000     0.000 r  clk (IN)
                         net (fo=0)                   0.000     0.000    clk
    W5                   IBUF (Prop_ibuf_I_O)         1.458     1.458 r  clk_IBUF_inst/O
                         net (fo=1, routed)           1.967     3.425    clk_IBUF
    BUFGCTRL_X0Y0        BUFG (Prop_bufg_I_O)         0.096     3.521 r  clk_IBUF_BUFG_inst/O
                         net (fo=35, routed)          1.558     5.079    clk_IBUF_BUFG
    SLICE_X32Y15         FDRE                                         r  A_reg[3]/C
  -------------------------------------------------------------------    -------------------
    SLICE_X32Y15         FDRE (Prop_fdre_C_Q)         0.456     5.535 r  A_reg[3]/Q
                         net (fo=31, routed)          2.436     7.971    A_reg_n_0_[3]
    SLICE_X45Y16         LUT2 (Prop_lut2_I0_O)        0.124     8.095 r  led_OBUF[3]_inst_i_17/O
                         net (fo=1, routed)           0.000     8.095    led_OBUF[3]_inst_i_17_n_0
    SLICE_X45Y16         CARRY4 (Prop_carry4_S[3]_CO[3])
                                                      0.401     8.496 r  led_OBUF[3]_inst_i_7/CO[3]
                         net (fo=1, routed)           0.000     8.496    led_OBUF[3]_inst_i_7_n_0
    SLICE_X45Y17         CARRY4 (Prop_carry4_CI_O[3])
                                                      0.313     8.809 r  led_OBUF[3]_inst_i_5/O[3]
                         net (fo=2, routed)           0.699     9.508    p_1_in2_in
    SLICE_X42Y18         LUT6 (Prop_lut6_I2_O)        0.306     9.814 f  led_OBUF[3]_inst_i_3/O
                         net (fo=1, routed)           0.962    10.776    led_OBUF[3]_inst_i_3_n_0
    SLICE_X42Y19         LUT6 (Prop_lut6_I5_O)        0.124    10.900 r  led_OBUF[3]_inst_i_1/O
                         net (fo=1, routed)           2.735    13.635    led_OBUF[3]
    V19                  OBUF (Prop_obuf_I_O)         3.509    17.144 r  led_OBUF[3]_inst/O
                         net (fo=0)                   0.000    17.144    led[3]
    V19                                                               r  led[3] (OUT)
  -------------------------------------------------------------------    -------------------





Min Delay Paths
--------------------------------------------------------------------------------------
Slack:                    inf
  Source:                 active_digit_reg[1]/C
                            (rising edge-triggered cell FDRE clocked by sys_clk_pin  {rise@0.000ns fall@5.000ns period=10.000ns})
  Destination:            an[1]
                            (output port)
  Path Group:             (none)
  Path Type:              Min at Fast Process Corner
  Data Path Delay:        2.543ns  (logic 1.386ns (54.508%)  route 1.157ns (45.492%))
  Logic Levels:           2  (LUT2=1 OBUF=1)
  Clock Uncertainty:      0.025ns  ((TSJ^2 + TIJ^2)^1/2 + DJ) / 2 + PE
    Total System Jitter     (TSJ):    0.050ns
    Total Input Jitter      (TIJ):    0.000ns
    Discrete Jitter          (DJ):    0.000ns
    Phase Error              (PE):    0.000ns

    Location             Delay type                Incr(ns)  Path(ns)    Netlist Resource(s)
  -------------------------------------------------------------------    -------------------
                         (clock sys_clk_pin rise edge)
                                                      0.000     0.000 r  
    W5                                                0.000     0.000 r  clk (IN)
                         net (fo=0)                   0.000     0.000    clk
    W5                   IBUF (Prop_ibuf_I_O)         0.226     0.226 r  clk_IBUF_inst/O
                         net (fo=1, routed)           0.631     0.858    clk_IBUF
    BUFGCTRL_X0Y0        BUFG (Prop_bufg_I_O)         0.026     0.884 r  clk_IBUF_BUFG_inst/O
                         net (fo=35, routed)          0.558     1.441    clk_IBUF_BUFG
    SLICE_X45Y17         FDRE                                         r  active_digit_reg[1]/C
  -------------------------------------------------------------------    -------------------
    SLICE_X45Y17         FDRE (Prop_fdre_C_Q)         0.141     1.582 r  active_digit_reg[1]/Q
                         net (fo=8, routed)           0.281     1.863    active_digit[1]
    SLICE_X46Y20         LUT2 (Prop_lut2_I0_O)        0.045     1.908 r  an_OBUF[1]_inst_i_1/O
                         net (fo=5, routed)           0.876     2.784    an_OBUF[1]
    U4                   OBUF (Prop_obuf_I_O)         1.200     3.984 r  an_OBUF[1]_inst/O
                         net (fo=0)                   0.000     3.984    an[1]
    U4                                                                r  an[1] (OUT)
  -------------------------------------------------------------------    -------------------

Slack:                    inf
  Source:                 active_digit_reg[0]/C
                            (rising edge-triggered cell FDRE clocked by sys_clk_pin  {rise@0.000ns fall@5.000ns period=10.000ns})
  Destination:            an[2]
                            (output port)
  Path Group:             (none)
  Path Type:              Min at Fast Process Corner
  Data Path Delay:        2.550ns  (logic 1.410ns (55.289%)  route 1.140ns (44.711%))
  Logic Levels:           2  (LUT2=1 OBUF=1)
  Clock Uncertainty:      0.025ns  ((TSJ^2 + TIJ^2)^1/2 + DJ) / 2 + PE
    Total System Jitter     (TSJ):    0.050ns
    Total Input Jitter      (TIJ):    0.000ns
    Discrete Jitter          (DJ):    0.000ns
    Phase Error              (PE):    0.000ns

    Location             Delay type                Incr(ns)  Path(ns)    Netlist Resource(s)
  -------------------------------------------------------------------    -------------------
                         (clock sys_clk_pin rise edge)
                                                      0.000     0.000 r  
    W5                                                0.000     0.000 r  clk (IN)
                         net (fo=0)                   0.000     0.000    clk
    W5                   IBUF (Prop_ibuf_I_O)         0.226     0.226 r  clk_IBUF_inst/O
                         net (fo=1, routed)           0.631     0.858    clk_IBUF
    BUFGCTRL_X0Y0        BUFG (Prop_bufg_I_O)         0.026     0.884 r  clk_IBUF_BUFG_inst/O
                         net (fo=35, routed)          0.558     1.441    clk_IBUF_BUFG
    SLICE_X45Y17         FDRE                                         r  active_digit_reg[0]/C
  -------------------------------------------------------------------    -------------------
    SLICE_X45Y17         FDRE (Prop_fdre_C_Q)         0.141     1.582 r  active_digit_reg[0]/Q
                         net (fo=8, routed)           0.304     1.886    active_digit[0]
    SLICE_X46Y20         LUT2 (Prop_lut2_I0_O)        0.045     1.931 r  an_OBUF[2]_inst_i_1/O
                         net (fo=2, routed)           0.836     2.767    an_OBUF[2]
    V4                   OBUF (Prop_obuf_I_O)         1.224     3.991 r  an_OBUF[2]_inst/O
                         net (fo=0)                   0.000     3.991    an[2]
    V4                                                                r  an[2] (OUT)
  -------------------------------------------------------------------    -------------------

Slack:                    inf
  Source:                 active_digit_reg[0]/C
                            (rising edge-triggered cell FDRE clocked by sys_clk_pin  {rise@0.000ns fall@5.000ns period=10.000ns})
  Destination:            an[3]
                            (output port)
  Path Group:             (none)
  Path Type:              Min at Fast Process Corner
  Data Path Delay:        2.634ns  (logic 1.468ns (55.755%)  route 1.165ns (44.245%))
  Logic Levels:           2  (LUT2=1 OBUF=1)
  Clock Uncertainty:      0.025ns  ((TSJ^2 + TIJ^2)^1/2 + DJ) / 2 + PE
    Total System Jitter     (TSJ):    0.050ns
    Total Input Jitter      (TIJ):    0.000ns
    Discrete Jitter          (DJ):    0.000ns
    Phase Error              (PE):    0.000ns

    Location             Delay type                Incr(ns)  Path(ns)    Netlist Resource(s)
  -------------------------------------------------------------------    -------------------
                         (clock sys_clk_pin rise edge)
                                                      0.000     0.000 r  
    W5                                                0.000     0.000 r  clk (IN)
                         net (fo=0)                   0.000     0.000    clk
    W5                   IBUF (Prop_ibuf_I_O)         0.226     0.226 r  clk_IBUF_inst/O
                         net (fo=1, routed)           0.631     0.858    clk_IBUF
    BUFGCTRL_X0Y0        BUFG (Prop_bufg_I_O)         0.026     0.884 r  clk_IBUF_BUFG_inst/O
                         net (fo=35, routed)          0.558     1.441    clk_IBUF_BUFG
    SLICE_X45Y17         FDRE                                         r  active_digit_reg[0]/C
  -------------------------------------------------------------------    -------------------
    SLICE_X45Y17         FDRE (Prop_fdre_C_Q)         0.141     1.582 f  active_digit_reg[0]/Q
                         net (fo=8, routed)           0.304     1.886    active_digit[0]
    SLICE_X46Y20         LUT2 (Prop_lut2_I1_O)        0.043     1.929 r  an_OBUF[3]_inst_i_1/O
                         net (fo=4, routed)           0.861     2.790    an_OBUF[3]
    W4                   OBUF (Prop_obuf_I_O)         1.284     4.075 r  an_OBUF[3]_inst/O
                         net (fo=0)                   0.000     4.075    an[3]
    W4                                                                r  an[3] (OUT)
  -------------------------------------------------------------------    -------------------

Slack:                    inf
  Source:                 active_digit_reg[1]/C
                            (rising edge-triggered cell FDRE clocked by sys_clk_pin  {rise@0.000ns fall@5.000ns period=10.000ns})
  Destination:            an[0]
                            (output port)
  Path Group:             (none)
  Path Type:              Min at Fast Process Corner
  Data Path Delay:        2.640ns  (logic 1.457ns (55.193%)  route 1.183ns (44.807%))
  Logic Levels:           2  (LUT2=1 OBUF=1)
  Clock Uncertainty:      0.025ns  ((TSJ^2 + TIJ^2)^1/2 + DJ) / 2 + PE
    Total System Jitter     (TSJ):    0.050ns
    Total Input Jitter      (TIJ):    0.000ns
    Discrete Jitter          (DJ):    0.000ns
    Phase Error              (PE):    0.000ns

    Location             Delay type                Incr(ns)  Path(ns)    Netlist Resource(s)
  -------------------------------------------------------------------    -------------------
                         (clock sys_clk_pin rise edge)
                                                      0.000     0.000 r  
    W5                                                0.000     0.000 r  clk (IN)
                         net (fo=0)                   0.000     0.000    clk
    W5                   IBUF (Prop_ibuf_I_O)         0.226     0.226 r  clk_IBUF_inst/O
                         net (fo=1, routed)           0.631     0.858    clk_IBUF
    BUFGCTRL_X0Y0        BUFG (Prop_bufg_I_O)         0.026     0.884 r  clk_IBUF_BUFG_inst/O
                         net (fo=35, routed)          0.558     1.441    clk_IBUF_BUFG
    SLICE_X45Y17         FDRE                                         r  active_digit_reg[1]/C
  -------------------------------------------------------------------    -------------------
    SLICE_X45Y17         FDRE (Prop_fdre_C_Q)         0.141     1.582 r  active_digit_reg[1]/Q
                         net (fo=8, routed)           0.281     1.863    active_digit[1]
    SLICE_X46Y20         LUT2 (Prop_lut2_I0_O)        0.046     1.909 r  an_OBUF[0]_inst_i_1/O
                         net (fo=5, routed)           0.902     2.811    an_OBUF[0]
    U2                   OBUF (Prop_obuf_I_O)         1.270     4.081 r  an_OBUF[0]_inst/O
                         net (fo=0)                   0.000     4.081    an[0]
    U2                                                                r  an[0] (OUT)
  -------------------------------------------------------------------    -------------------

Slack:                    inf
  Source:                 active_digit_reg[1]/C
                            (rising edge-triggered cell FDRE clocked by sys_clk_pin  {rise@0.000ns fall@5.000ns period=10.000ns})
  Destination:            seg[6]
                            (output port)
  Path Group:             (none)
  Path Type:              Min at Fast Process Corner
  Data Path Delay:        2.832ns  (logic 1.553ns (54.840%)  route 1.279ns (45.160%))
  Logic Levels:           5  (LUT4=1 LUT6=3 OBUF=1)
  Clock Uncertainty:      0.025ns  ((TSJ^2 + TIJ^2)^1/2 + DJ) / 2 + PE
    Total System Jitter     (TSJ):    0.050ns
    Total Input Jitter      (TIJ):    0.000ns
    Discrete Jitter          (DJ):    0.000ns
    Phase Error              (PE):    0.000ns

    Location             Delay type                Incr(ns)  Path(ns)    Netlist Resource(s)
  -------------------------------------------------------------------    -------------------
                         (clock sys_clk_pin rise edge)
                                                      0.000     0.000 r  
    W5                                                0.000     0.000 r  clk (IN)
                         net (fo=0)                   0.000     0.000    clk
    W5                   IBUF (Prop_ibuf_I_O)         0.226     0.226 r  clk_IBUF_inst/O
                         net (fo=1, routed)           0.631     0.858    clk_IBUF
    BUFGCTRL_X0Y0        BUFG (Prop_bufg_I_O)         0.026     0.884 r  clk_IBUF_BUFG_inst/O
                         net (fo=35, routed)          0.558     1.441    clk_IBUF_BUFG
    SLICE_X45Y17         FDRE                                         r  active_digit_reg[1]/C
  -------------------------------------------------------------------    -------------------
    SLICE_X45Y17         FDRE (Prop_fdre_C_Q)         0.141     1.582 f  active_digit_reg[1]/Q
                         net (fo=8, routed)           0.207     1.789    active_digit[1]
    SLICE_X45Y19         LUT6 (Prop_lut6_I5_O)        0.045     1.834 f  seg_OBUF[6]_inst_i_22/O
                         net (fo=1, routed)           0.052     1.886    seg_OBUF[6]_inst_i_22_n_0
    SLICE_X45Y19         LUT6 (Prop_lut6_I5_O)        0.045     1.931 f  seg_OBUF[6]_inst_i_9/O
                         net (fo=1, routed)           0.082     2.013    seg_OBUF[6]_inst_i_9_n_0
    SLICE_X45Y19         LUT6 (Prop_lut6_I1_O)        0.045     2.058 r  seg_OBUF[6]_inst_i_3/O
                         net (fo=7, routed)           0.135     2.193    seg_OBUF[6]_inst_i_3_n_0
    SLICE_X44Y20         LUT4 (Prop_lut4_I1_O)        0.045     2.238 r  seg_OBUF[6]_inst_i_1/O
                         net (fo=1, routed)           0.803     3.041    seg_OBUF[6]
    U7                   OBUF (Prop_obuf_I_O)         1.232     4.274 r  seg_OBUF[6]_inst/O
                         net (fo=0)                   0.000     4.274    seg[6]
    U7                                                                r  seg[6] (OUT)
  -------------------------------------------------------------------    -------------------

Slack:                    inf
  Source:                 A_reg[7]/C
                            (rising edge-triggered cell FDRE clocked by sys_clk_pin  {rise@0.000ns fall@5.000ns period=10.000ns})
  Destination:            led[2]
                            (output port)
  Path Group:             (none)
  Path Type:              Min at Fast Process Corner
  Data Path Delay:        2.889ns  (logic 1.428ns (49.438%)  route 1.461ns (50.562%))
  Logic Levels:           2  (LUT6=1 OBUF=1)
  Clock Uncertainty:      0.025ns  ((TSJ^2 + TIJ^2)^1/2 + DJ) / 2 + PE
    Total System Jitter     (TSJ):    0.050ns
    Total Input Jitter      (TIJ):    0.000ns
    Discrete Jitter          (DJ):    0.000ns
    Phase Error              (PE):    0.000ns

    Location             Delay type                Incr(ns)  Path(ns)    Netlist Resource(s)
  -------------------------------------------------------------------    -------------------
                         (clock sys_clk_pin rise edge)
                                                      0.000     0.000 r  
    W5                                                0.000     0.000 r  clk (IN)
                         net (fo=0)                   0.000     0.000    clk
    W5                   IBUF (Prop_ibuf_I_O)         0.226     0.226 r  clk_IBUF_inst/O
                         net (fo=1, routed)           0.631     0.858    clk_IBUF
    BUFGCTRL_X0Y0        BUFG (Prop_bufg_I_O)         0.026     0.884 r  clk_IBUF_BUFG_inst/O
                         net (fo=35, routed)          0.559     1.442    clk_IBUF_BUFG
    SLICE_X32Y15         FDRE                                         r  A_reg[7]/C
  -------------------------------------------------------------------    -------------------
    SLICE_X32Y15         FDRE (Prop_fdre_C_Q)         0.128     1.570 r  A_reg[7]/Q
                         net (fo=22, routed)          0.592     2.162    p_0_in
    SLICE_X42Y19         LUT6 (Prop_lut6_I2_O)        0.098     2.260 r  led_OBUF[2]_inst_i_1/O
                         net (fo=1, routed)           0.869     3.129    led_OBUF[2]
    U19                  OBUF (Prop_obuf_I_O)         1.202     4.331 r  led_OBUF[2]_inst/O
                         net (fo=0)                   0.000     4.331    led[2]
    U19                                                               r  led[2] (OUT)
  -------------------------------------------------------------------    -------------------

Slack:                    inf
  Source:                 A_reg[7]/C
                            (rising edge-triggered cell FDRE clocked by sys_clk_pin  {rise@0.000ns fall@5.000ns period=10.000ns})
  Destination:            led[3]
                            (output port)
  Path Group:             (none)
  Path Type:              Min at Fast Process Corner
  Data Path Delay:        2.898ns  (logic 1.436ns (49.551%)  route 1.462ns (50.449%))
  Logic Levels:           2  (LUT6=1 OBUF=1)
  Clock Uncertainty:      0.025ns  ((TSJ^2 + TIJ^2)^1/2 + DJ) / 2 + PE
    Total System Jitter     (TSJ):    0.050ns
    Total Input Jitter      (TIJ):    0.000ns
    Discrete Jitter          (DJ):    0.000ns
    Phase Error              (PE):    0.000ns

    Location             Delay type                Incr(ns)  Path(ns)    Netlist Resource(s)
  -------------------------------------------------------------------    -------------------
                         (clock sys_clk_pin rise edge)
                                                      0.000     0.000 r  
    W5                                                0.000     0.000 r  clk (IN)
                         net (fo=0)                   0.000     0.000    clk
    W5                   IBUF (Prop_ibuf_I_O)         0.226     0.226 r  clk_IBUF_inst/O
                         net (fo=1, routed)           0.631     0.858    clk_IBUF
    BUFGCTRL_X0Y0        BUFG (Prop_bufg_I_O)         0.026     0.884 r  clk_IBUF_BUFG_inst/O
                         net (fo=35, routed)          0.559     1.442    clk_IBUF_BUFG
    SLICE_X32Y15         FDRE                                         r  A_reg[7]/C
  -------------------------------------------------------------------    -------------------
    SLICE_X32Y15         FDRE (Prop_fdre_C_Q)         0.128     1.570 f  A_reg[7]/Q
                         net (fo=22, routed)          0.587     2.157    p_0_in
    SLICE_X42Y19         LUT6 (Prop_lut6_I2_O)        0.098     2.255 r  led_OBUF[3]_inst_i_1/O
                         net (fo=1, routed)           0.876     3.130    led_OBUF[3]
    V19                  OBUF (Prop_obuf_I_O)         1.210     4.340 r  led_OBUF[3]_inst/O
                         net (fo=0)                   0.000     4.340    led[3]
    V19                                                               r  led[3] (OUT)
  -------------------------------------------------------------------    -------------------

Slack:                    inf
  Source:                 active_digit_reg[1]/C
                            (rising edge-triggered cell FDRE clocked by sys_clk_pin  {rise@0.000ns fall@5.000ns period=10.000ns})
  Destination:            seg[3]
                            (output port)
  Path Group:             (none)
  Path Type:              Min at Fast Process Corner
  Data Path Delay:        2.989ns  (logic 1.577ns (52.774%)  route 1.412ns (47.226%))
  Logic Levels:           4  (LUT2=1 LUT4=1 LUT6=1 OBUF=1)
  Clock Uncertainty:      0.025ns  ((TSJ^2 + TIJ^2)^1/2 + DJ) / 2 + PE
    Total System Jitter     (TSJ):    0.050ns
    Total Input Jitter      (TIJ):    0.000ns
    Discrete Jitter          (DJ):    0.000ns
    Phase Error              (PE):    0.000ns

    Location             Delay type                Incr(ns)  Path(ns)    Netlist Resource(s)
  -------------------------------------------------------------------    -------------------
                         (clock sys_clk_pin rise edge)
                                                      0.000     0.000 r  
    W5                                                0.000     0.000 r  clk (IN)
                         net (fo=0)                   0.000     0.000    clk
    W5                   IBUF (Prop_ibuf_I_O)         0.226     0.226 r  clk_IBUF_inst/O
                         net (fo=1, routed)           0.631     0.858    clk_IBUF
    BUFGCTRL_X0Y0        BUFG (Prop_bufg_I_O)         0.026     0.884 r  clk_IBUF_BUFG_inst/O
                         net (fo=35, routed)          0.558     1.441    clk_IBUF_BUFG
    SLICE_X45Y17         FDRE                                         r  active_digit_reg[1]/C
  -------------------------------------------------------------------    -------------------
    SLICE_X45Y17         FDRE (Prop_fdre_C_Q)         0.141     1.582 r  active_digit_reg[1]/Q
                         net (fo=8, routed)           0.281     1.863    active_digit[1]
    SLICE_X46Y20         LUT2 (Prop_lut2_I0_O)        0.045     1.908 r  an_OBUF[1]_inst_i_1/O
                         net (fo=5, routed)           0.179     2.088    an_OBUF[1]
    SLICE_X44Y19         LUT6 (Prop_lut6_I2_O)        0.045     2.133 r  seg_OBUF[6]_inst_i_5/O
                         net (fo=7, routed)           0.233     2.366    seg_OBUF[6]_inst_i_5_n_0
    SLICE_X44Y21         LUT4 (Prop_lut4_I3_O)        0.048     2.414 r  seg_OBUF[3]_inst_i_1/O
                         net (fo=1, routed)           0.718     3.132    seg_OBUF[3]
    V8                   OBUF (Prop_obuf_I_O)         1.298     4.430 r  seg_OBUF[3]_inst/O
                         net (fo=0)                   0.000     4.430    seg[3]
    V8                                                                r  seg[3] (OUT)
  -------------------------------------------------------------------    -------------------

Slack:                    inf
  Source:                 active_digit_reg[1]/C
                            (rising edge-triggered cell FDRE clocked by sys_clk_pin  {rise@0.000ns fall@5.000ns period=10.000ns})
  Destination:            seg[1]
                            (output port)
  Path Group:             (none)
  Path Type:              Min at Fast Process Corner
  Data Path Delay:        2.998ns  (logic 1.506ns (50.229%)  route 1.492ns (49.771%))
  Logic Levels:           4  (LUT2=1 LUT4=1 LUT6=1 OBUF=1)
  Clock Uncertainty:      0.025ns  ((TSJ^2 + TIJ^2)^1/2 + DJ) / 2 + PE
    Total System Jitter     (TSJ):    0.050ns
    Total Input Jitter      (TIJ):    0.000ns
    Discrete Jitter          (DJ):    0.000ns
    Phase Error              (PE):    0.000ns

    Location             Delay type                Incr(ns)  Path(ns)    Netlist Resource(s)
  -------------------------------------------------------------------    -------------------
                         (clock sys_clk_pin rise edge)
                                                      0.000     0.000 r  
    W5                                                0.000     0.000 r  clk (IN)
                         net (fo=0)                   0.000     0.000    clk
    W5                   IBUF (Prop_ibuf_I_O)         0.226     0.226 r  clk_IBUF_inst/O
                         net (fo=1, routed)           0.631     0.858    clk_IBUF
    BUFGCTRL_X0Y0        BUFG (Prop_bufg_I_O)         0.026     0.884 r  clk_IBUF_BUFG_inst/O
                         net (fo=35, routed)          0.558     1.441    clk_IBUF_BUFG
    SLICE_X45Y17         FDRE                                         r  active_digit_reg[1]/C
  -------------------------------------------------------------------    -------------------
    SLICE_X45Y17         FDRE (Prop_fdre_C_Q)         0.141     1.582 r  active_digit_reg[1]/Q
                         net (fo=8, routed)           0.281     1.863    active_digit[1]
    SLICE_X46Y20         LUT2 (Prop_lut2_I0_O)        0.045     1.908 r  an_OBUF[1]_inst_i_1/O
                         net (fo=5, routed)           0.179     2.088    an_OBUF[1]
    SLICE_X44Y19         LUT6 (Prop_lut6_I2_O)        0.045     2.133 r  seg_OBUF[6]_inst_i_5/O
                         net (fo=7, routed)           0.234     2.367    seg_OBUF[6]_inst_i_5_n_0
    SLICE_X44Y21         LUT4 (Prop_lut4_I2_O)        0.045     2.412 r  seg_OBUF[1]_inst_i_1/O
                         net (fo=1, routed)           0.798     3.209    seg_OBUF[1]
    W6                   OBUF (Prop_obuf_I_O)         1.230     4.439 r  seg_OBUF[1]_inst/O
                         net (fo=0)                   0.000     4.439    seg[1]
    W6                                                                r  seg[1] (OUT)
  -------------------------------------------------------------------    -------------------

Slack:                    inf
  Source:                 active_digit_reg[1]/C
                            (rising edge-triggered cell FDRE clocked by sys_clk_pin  {rise@0.000ns fall@5.000ns period=10.000ns})
  Destination:            seg[2]
                            (output port)
  Path Group:             (none)
  Path Type:              Min at Fast Process Corner
  Data Path Delay:        3.014ns  (logic 1.557ns (51.658%)  route 1.457ns (48.342%))
  Logic Levels:           5  (LUT4=1 LUT6=3 OBUF=1)
  Clock Uncertainty:      0.025ns  ((TSJ^2 + TIJ^2)^1/2 + DJ) / 2 + PE
    Total System Jitter     (TSJ):    0.050ns
    Total Input Jitter      (TIJ):    0.000ns
    Discrete Jitter          (DJ):    0.000ns
    Phase Error              (PE):    0.000ns

    Location             Delay type                Incr(ns)  Path(ns)    Netlist Resource(s)
  -------------------------------------------------------------------    -------------------
                         (clock sys_clk_pin rise edge)
                                                      0.000     0.000 r  
    W5                                                0.000     0.000 r  clk (IN)
                         net (fo=0)                   0.000     0.000    clk
    W5                   IBUF (Prop_ibuf_I_O)         0.226     0.226 r  clk_IBUF_inst/O
                         net (fo=1, routed)           0.631     0.858    clk_IBUF
    BUFGCTRL_X0Y0        BUFG (Prop_bufg_I_O)         0.026     0.884 r  clk_IBUF_BUFG_inst/O
                         net (fo=35, routed)          0.558     1.441    clk_IBUF_BUFG
    SLICE_X45Y17         FDRE                                         r  active_digit_reg[1]/C
  -------------------------------------------------------------------    -------------------
    SLICE_X45Y17         FDRE (Prop_fdre_C_Q)         0.141     1.582 f  active_digit_reg[1]/Q
                         net (fo=8, routed)           0.207     1.789    active_digit[1]
    SLICE_X45Y19         LUT6 (Prop_lut6_I5_O)        0.045     1.834 f  seg_OBUF[6]_inst_i_22/O
                         net (fo=1, routed)           0.052     1.886    seg_OBUF[6]_inst_i_22_n_0
    SLICE_X45Y19         LUT6 (Prop_lut6_I5_O)        0.045     1.931 f  seg_OBUF[6]_inst_i_9/O
                         net (fo=1, routed)           0.082     2.013    seg_OBUF[6]_inst_i_9_n_0
    SLICE_X45Y19         LUT6 (Prop_lut6_I1_O)        0.045     2.058 r  seg_OBUF[6]_inst_i_3/O
                         net (fo=7, routed)           0.359     2.417    seg_OBUF[6]_inst_i_3_n_0
    SLICE_X44Y21         LUT4 (Prop_lut4_I3_O)        0.045     2.462 r  seg_OBUF[2]_inst_i_1/O
                         net (fo=1, routed)           0.757     3.219    seg_OBUF[2]
    U8                   OBUF (Prop_obuf_I_O)         1.236     4.455 r  seg_OBUF[2]_inst/O
                         net (fo=0)                   0.000     4.455    seg[2]
    U8                                                                r  seg[2] (OUT)
  -------------------------------------------------------------------    -------------------





--------------------------------------------------------------------------------------
Path Group:  (none)
From Clock:  
  To Clock:  sys_clk_pin

Max Delay            48 Endpoints
Min Delay            48 Endpoints
--------------------------------------------------------------------------------------


Max Delay Paths
--------------------------------------------------------------------------------------
Slack:                    inf
  Source:                 sw[0]
                            (input port)
  Destination:            A_reg[0]/D
                            (rising edge-triggered cell FDRE clocked by sys_clk_pin  {rise@0.000ns fall@5.000ns period=10.000ns})
  Path Group:             (none)
  Path Type:              Setup (Max at Slow Process Corner)
  Data Path Delay:        3.867ns  (logic 1.453ns (37.570%)  route 2.414ns (62.430%))
  Logic Levels:           1  (IBUF=1)
  Clock Path Skew:        4.780ns (DCD - SCD + CPR)
    Destination Clock Delay (DCD):    4.780ns
    Source Clock Delay      (SCD):    0.000ns
    Clock Pessimism Removal (CPR):    0.000ns
  Clock Uncertainty:      0.025ns  ((TSJ^2 + TIJ^2)^1/2 + DJ) / 2 + PE
    Total System Jitter     (TSJ):    0.050ns
    Total Input Jitter      (TIJ):    0.000ns
    Discrete Jitter          (DJ):    0.000ns
    Phase Error              (PE):    0.000ns

    Location             Delay type                Incr(ns)  Path(ns)    Netlist Resource(s)
  -------------------------------------------------------------------    -------------------
    V17                                               0.000     0.000 r  sw[0] (IN)
                         net (fo=0)                   0.000     0.000    sw[0]
    V17                  IBUF (Prop_ibuf_I_O)         1.453     1.453 r  sw_IBUF[0]_inst/O
                         net (fo=2, routed)           2.414     3.867    sw_IBUF[0]
    SLICE_X32Y15         FDRE                                         r  A_reg[0]/D
  -------------------------------------------------------------------    -------------------

                         (clock sys_clk_pin rise edge)
                                                      0.000     0.000 r  
    W5                                                0.000     0.000 r  clk (IN)
                         net (fo=0)                   0.000     0.000    clk
    W5                   IBUF (Prop_ibuf_I_O)         1.388     1.388 r  clk_IBUF_inst/O
                         net (fo=1, routed)           1.862     3.250    clk_IBUF
    BUFGCTRL_X0Y0        BUFG (Prop_bufg_I_O)         0.091     3.341 r  clk_IBUF_BUFG_inst/O
                         net (fo=35, routed)          1.439     4.780    clk_IBUF_BUFG
    SLICE_X32Y15         FDRE                                         r  A_reg[0]/C

Slack:                    inf
  Source:                 sw[6]
                            (input port)
  Destination:            A_reg[6]/D
                            (rising edge-triggered cell FDRE clocked by sys_clk_pin  {rise@0.000ns fall@5.000ns period=10.000ns})
  Path Group:             (none)
  Path Type:              Setup (Max at Slow Process Corner)
  Data Path Delay:        3.838ns  (logic 1.450ns (37.777%)  route 2.388ns (62.223%))
  Logic Levels:           1  (IBUF=1)
  Clock Path Skew:        4.780ns (DCD - SCD + CPR)
    Destination Clock Delay (DCD):    4.780ns
    Source Clock Delay      (SCD):    0.000ns
    Clock Pessimism Removal (CPR):    0.000ns
  Clock Uncertainty:      0.025ns  ((TSJ^2 + TIJ^2)^1/2 + DJ) / 2 + PE
    Total System Jitter     (TSJ):    0.050ns
    Total Input Jitter      (TIJ):    0.000ns
    Discrete Jitter          (DJ):    0.000ns
    Phase Error              (PE):    0.000ns

    Location             Delay type                Incr(ns)  Path(ns)    Netlist Resource(s)
  -------------------------------------------------------------------    -------------------
    W14                                               0.000     0.000 r  sw[6] (IN)
                         net (fo=0)                   0.000     0.000    sw[6]
    W14                  IBUF (Prop_ibuf_I_O)         1.450     1.450 r  sw_IBUF[6]_inst/O
                         net (fo=2, routed)           2.388     3.838    sw_IBUF[6]
    SLICE_X32Y15         FDRE                                         r  A_reg[6]/D
  -------------------------------------------------------------------    -------------------

                         (clock sys_clk_pin rise edge)
                                                      0.000     0.000 r  
    W5                                                0.000     0.000 r  clk (IN)
                         net (fo=0)                   0.000     0.000    clk
    W5                   IBUF (Prop_ibuf_I_O)         1.388     1.388 r  clk_IBUF_inst/O
                         net (fo=1, routed)           1.862     3.250    clk_IBUF
    BUFGCTRL_X0Y0        BUFG (Prop_bufg_I_O)         0.091     3.341 r  clk_IBUF_BUFG_inst/O
                         net (fo=35, routed)          1.439     4.780    clk_IBUF_BUFG
    SLICE_X32Y15         FDRE                                         r  A_reg[6]/C

Slack:                    inf
  Source:                 sw[6]
                            (input port)
  Destination:            B_reg[6]/D
                            (rising edge-triggered cell FDRE clocked by sys_clk_pin  {rise@0.000ns fall@5.000ns period=10.000ns})
  Path Group:             (none)
  Path Type:              Setup (Max at Slow Process Corner)
  Data Path Delay:        3.838ns  (logic 1.450ns (37.777%)  route 2.388ns (62.223%))
  Logic Levels:           1  (IBUF=1)
  Clock Path Skew:        4.780ns (DCD - SCD + CPR)
    Destination Clock Delay (DCD):    4.780ns
    Source Clock Delay      (SCD):    0.000ns
    Clock Pessimism Removal (CPR):    0.000ns
  Clock Uncertainty:      0.025ns  ((TSJ^2 + TIJ^2)^1/2 + DJ) / 2 + PE
    Total System Jitter     (TSJ):    0.050ns
    Total Input Jitter      (TIJ):    0.000ns
    Discrete Jitter          (DJ):    0.000ns
    Phase Error              (PE):    0.000ns

    Location             Delay type                Incr(ns)  Path(ns)    Netlist Resource(s)
  -------------------------------------------------------------------    -------------------
    W14                                               0.000     0.000 r  sw[6] (IN)
                         net (fo=0)                   0.000     0.000    sw[6]
    W14                  IBUF (Prop_ibuf_I_O)         1.450     1.450 r  sw_IBUF[6]_inst/O
                         net (fo=2, routed)           2.388     3.838    sw_IBUF[6]
    SLICE_X33Y15         FDRE                                         r  B_reg[6]/D
  -------------------------------------------------------------------    -------------------

                         (clock sys_clk_pin rise edge)
                                                      0.000     0.000 r  
    W5                                                0.000     0.000 r  clk (IN)
                         net (fo=0)                   0.000     0.000    clk
    W5                   IBUF (Prop_ibuf_I_O)         1.388     1.388 r  clk_IBUF_inst/O
                         net (fo=1, routed)           1.862     3.250    clk_IBUF
    BUFGCTRL_X0Y0        BUFG (Prop_bufg_I_O)         0.091     3.341 r  clk_IBUF_BUFG_inst/O
                         net (fo=35, routed)          1.439     4.780    clk_IBUF_BUFG
    SLICE_X33Y15         FDRE                                         r  B_reg[6]/C

Slack:                    inf
  Source:                 sw[0]
                            (input port)
  Destination:            B_reg[0]/D
                            (rising edge-triggered cell FDRE clocked by sys_clk_pin  {rise@0.000ns fall@5.000ns period=10.000ns})
  Path Group:             (none)
  Path Type:              Setup (Max at Slow Process Corner)
  Data Path Delay:        3.670ns  (logic 1.453ns (39.586%)  route 2.217ns (60.414%))
  Logic Levels:           1  (IBUF=1)
  Clock Path Skew:        4.780ns (DCD - SCD + CPR)
    Destination Clock Delay (DCD):    4.780ns
    Source Clock Delay      (SCD):    0.000ns
    Clock Pessimism Removal (CPR):    0.000ns
  Clock Uncertainty:      0.025ns  ((TSJ^2 + TIJ^2)^1/2 + DJ) / 2 + PE
    Total System Jitter     (TSJ):    0.050ns
    Total Input Jitter      (TIJ):    0.000ns
    Discrete Jitter          (DJ):    0.000ns
    Phase Error              (PE):    0.000ns

    Location             Delay type                Incr(ns)  Path(ns)    Netlist Resource(s)
  -------------------------------------------------------------------    -------------------
    V17                                               0.000     0.000 r  sw[0] (IN)
                         net (fo=0)                   0.000     0.000    sw[0]
    V17                  IBUF (Prop_ibuf_I_O)         1.453     1.453 r  sw_IBUF[0]_inst/O
                         net (fo=2, routed)           2.217     3.670    sw_IBUF[0]
    SLICE_X33Y15         FDRE                                         r  B_reg[0]/D
  -------------------------------------------------------------------    -------------------

                         (clock sys_clk_pin rise edge)
                                                      0.000     0.000 r  
    W5                                                0.000     0.000 r  clk (IN)
                         net (fo=0)                   0.000     0.000    clk
    W5                   IBUF (Prop_ibuf_I_O)         1.388     1.388 r  clk_IBUF_inst/O
                         net (fo=1, routed)           1.862     3.250    clk_IBUF
    BUFGCTRL_X0Y0        BUFG (Prop_bufg_I_O)         0.091     3.341 r  clk_IBUF_BUFG_inst/O
                         net (fo=35, routed)          1.439     4.780    clk_IBUF_BUFG
    SLICE_X33Y15         FDRE                                         r  B_reg[0]/C

Slack:                    inf
  Source:                 sw[3]
                            (input port)
  Destination:            B_reg[3]/D
                            (rising edge-triggered cell FDRE clocked by sys_clk_pin  {rise@0.000ns fall@5.000ns period=10.000ns})
  Path Group:             (none)
  Path Type:              Setup (Max at Slow Process Corner)
  Data Path Delay:        3.669ns  (logic 1.448ns (39.480%)  route 2.220ns (60.520%))
  Logic Levels:           1  (IBUF=1)
  Clock Path Skew:        4.780ns (DCD - SCD + CPR)
    Destination Clock Delay (DCD):    4.780ns
    Source Clock Delay      (SCD):    0.000ns
    Clock Pessimism Removal (CPR):    0.000ns
  Clock Uncertainty:      0.025ns  ((TSJ^2 + TIJ^2)^1/2 + DJ) / 2 + PE
    Total System Jitter     (TSJ):    0.050ns
    Total Input Jitter      (TIJ):    0.000ns
    Discrete Jitter          (DJ):    0.000ns
    Phase Error              (PE):    0.000ns

    Location             Delay type                Incr(ns)  Path(ns)    Netlist Resource(s)
  -------------------------------------------------------------------    -------------------
    W17                                               0.000     0.000 r  sw[3] (IN)
                         net (fo=0)                   0.000     0.000    sw[3]
    W17                  IBUF (Prop_ibuf_I_O)         1.448     1.448 r  sw_IBUF[3]_inst/O
                         net (fo=2, routed)           2.220     3.669    sw_IBUF[3]
    SLICE_X33Y15         FDRE                                         r  B_reg[3]/D
  -------------------------------------------------------------------    -------------------

                         (clock sys_clk_pin rise edge)
                                                      0.000     0.000 r  
    W5                                                0.000     0.000 r  clk (IN)
                         net (fo=0)                   0.000     0.000    clk
    W5                   IBUF (Prop_ibuf_I_O)         1.388     1.388 r  clk_IBUF_inst/O
                         net (fo=1, routed)           1.862     3.250    clk_IBUF
    BUFGCTRL_X0Y0        BUFG (Prop_bufg_I_O)         0.091     3.341 r  clk_IBUF_BUFG_inst/O
                         net (fo=35, routed)          1.439     4.780    clk_IBUF_BUFG
    SLICE_X33Y15         FDRE                                         r  B_reg[3]/C

Slack:                    inf
  Source:                 sw[7]
                            (input port)
  Destination:            B_reg[7]/D
                            (rising edge-triggered cell FDRE clocked by sys_clk_pin  {rise@0.000ns fall@5.000ns period=10.000ns})
  Path Group:             (none)
  Path Type:              Setup (Max at Slow Process Corner)
  Data Path Delay:        3.634ns  (logic 1.459ns (40.147%)  route 2.175ns (59.853%))
  Logic Levels:           1  (IBUF=1)
  Clock Path Skew:        4.780ns (DCD - SCD + CPR)
    Destination Clock Delay (DCD):    4.780ns
    Source Clock Delay      (SCD):    0.000ns
    Clock Pessimism Removal (CPR):    0.000ns
  Clock Uncertainty:      0.025ns  ((TSJ^2 + TIJ^2)^1/2 + DJ) / 2 + PE
    Total System Jitter     (TSJ):    0.050ns
    Total Input Jitter      (TIJ):    0.000ns
    Discrete Jitter          (DJ):    0.000ns
    Phase Error              (PE):    0.000ns

    Location             Delay type                Incr(ns)  Path(ns)    Netlist Resource(s)
  -------------------------------------------------------------------    -------------------
    W13                                               0.000     0.000 r  sw[7] (IN)
                         net (fo=0)                   0.000     0.000    sw[7]
    W13                  IBUF (Prop_ibuf_I_O)         1.459     1.459 r  sw_IBUF[7]_inst/O
                         net (fo=2, routed)           2.175     3.634    sw_IBUF[7]
    SLICE_X33Y15         FDRE                                         r  B_reg[7]/D
  -------------------------------------------------------------------    -------------------

                         (clock sys_clk_pin rise edge)
                                                      0.000     0.000 r  
    W5                                                0.000     0.000 r  clk (IN)
                         net (fo=0)                   0.000     0.000    clk
    W5                   IBUF (Prop_ibuf_I_O)         1.388     1.388 r  clk_IBUF_inst/O
                         net (fo=1, routed)           1.862     3.250    clk_IBUF
    BUFGCTRL_X0Y0        BUFG (Prop_bufg_I_O)         0.091     3.341 r  clk_IBUF_BUFG_inst/O
                         net (fo=35, routed)          1.439     4.780    clk_IBUF_BUFG
    SLICE_X33Y15         FDRE                                         r  B_reg[7]/C

Slack:                    inf
  Source:                 sw[4]
                            (input port)
  Destination:            B_reg[4]/D
                            (rising edge-triggered cell FDRE clocked by sys_clk_pin  {rise@0.000ns fall@5.000ns period=10.000ns})
  Path Group:             (none)
  Path Type:              Setup (Max at Slow Process Corner)
  Data Path Delay:        3.512ns  (logic 1.451ns (41.307%)  route 2.061ns (58.693%))
  Logic Levels:           1  (IBUF=1)
  Clock Path Skew:        4.780ns (DCD - SCD + CPR)
    Destination Clock Delay (DCD):    4.780ns
    Source Clock Delay      (SCD):    0.000ns
    Clock Pessimism Removal (CPR):    0.000ns
  Clock Uncertainty:      0.025ns  ((TSJ^2 + TIJ^2)^1/2 + DJ) / 2 + PE
    Total System Jitter     (TSJ):    0.050ns
    Total Input Jitter      (TIJ):    0.000ns
    Discrete Jitter          (DJ):    0.000ns
    Phase Error              (PE):    0.000ns

    Location             Delay type                Incr(ns)  Path(ns)    Netlist Resource(s)
  -------------------------------------------------------------------    -------------------
    W15                                               0.000     0.000 r  sw[4] (IN)
                         net (fo=0)                   0.000     0.000    sw[4]
    W15                  IBUF (Prop_ibuf_I_O)         1.451     1.451 r  sw_IBUF[4]_inst/O
                         net (fo=2, routed)           2.061     3.512    sw_IBUF[4]
    SLICE_X33Y15         FDRE                                         r  B_reg[4]/D
  -------------------------------------------------------------------    -------------------

                         (clock sys_clk_pin rise edge)
                                                      0.000     0.000 r  
    W5                                                0.000     0.000 r  clk (IN)
                         net (fo=0)                   0.000     0.000    clk
    W5                   IBUF (Prop_ibuf_I_O)         1.388     1.388 r  clk_IBUF_inst/O
                         net (fo=1, routed)           1.862     3.250    clk_IBUF
    BUFGCTRL_X0Y0        BUFG (Prop_bufg_I_O)         0.091     3.341 r  clk_IBUF_BUFG_inst/O
                         net (fo=35, routed)          1.439     4.780    clk_IBUF_BUFG
    SLICE_X33Y15         FDRE                                         r  B_reg[4]/C

Slack:                    inf
  Source:                 sw[1]
                            (input port)
  Destination:            A_reg[1]/D
                            (rising edge-triggered cell FDRE clocked by sys_clk_pin  {rise@0.000ns fall@5.000ns period=10.000ns})
  Path Group:             (none)
  Path Type:              Setup (Max at Slow Process Corner)
  Data Path Delay:        3.491ns  (logic 1.461ns (41.856%)  route 2.030ns (58.144%))
  Logic Levels:           1  (IBUF=1)
  Clock Path Skew:        4.780ns (DCD - SCD + CPR)
    Destination Clock Delay (DCD):    4.780ns
    Source Clock Delay      (SCD):    0.000ns
    Clock Pessimism Removal (CPR):    0.000ns
  Clock Uncertainty:      0.025ns  ((TSJ^2 + TIJ^2)^1/2 + DJ) / 2 + PE
    Total System Jitter     (TSJ):    0.050ns
    Total Input Jitter      (TIJ):    0.000ns
    Discrete Jitter          (DJ):    0.000ns
    Phase Error              (PE):    0.000ns

    Location             Delay type                Incr(ns)  Path(ns)    Netlist Resource(s)
  -------------------------------------------------------------------    -------------------
    V16                                               0.000     0.000 r  sw[1] (IN)
                         net (fo=0)                   0.000     0.000    sw[1]
    V16                  IBUF (Prop_ibuf_I_O)         1.461     1.461 r  sw_IBUF[1]_inst/O
                         net (fo=2, routed)           2.030     3.491    sw_IBUF[1]
    SLICE_X32Y15         FDRE                                         r  A_reg[1]/D
  -------------------------------------------------------------------    -------------------

                         (clock sys_clk_pin rise edge)
                                                      0.000     0.000 r  
    W5                                                0.000     0.000 r  clk (IN)
                         net (fo=0)                   0.000     0.000    clk
    W5                   IBUF (Prop_ibuf_I_O)         1.388     1.388 r  clk_IBUF_inst/O
                         net (fo=1, routed)           1.862     3.250    clk_IBUF
    BUFGCTRL_X0Y0        BUFG (Prop_bufg_I_O)         0.091     3.341 r  clk_IBUF_BUFG_inst/O
                         net (fo=35, routed)          1.439     4.780    clk_IBUF_BUFG
    SLICE_X32Y15         FDRE                                         r  A_reg[1]/C

Slack:                    inf
  Source:                 sw[7]
                            (input port)
  Destination:            A_reg[7]/D
                            (rising edge-triggered cell FDRE clocked by sys_clk_pin  {rise@0.000ns fall@5.000ns period=10.000ns})
  Path Group:             (none)
  Path Type:              Setup (Max at Slow Process Corner)
  Data Path Delay:        3.448ns  (logic 1.459ns (42.317%)  route 1.989ns (57.683%))
  Logic Levels:           1  (IBUF=1)
  Clock Path Skew:        4.780ns (DCD - SCD + CPR)
    Destination Clock Delay (DCD):    4.780ns
    Source Clock Delay      (SCD):    0.000ns
    Clock Pessimism Removal (CPR):    0.000ns
  Clock Uncertainty:      0.025ns  ((TSJ^2 + TIJ^2)^1/2 + DJ) / 2 + PE
    Total System Jitter     (TSJ):    0.050ns
    Total Input Jitter      (TIJ):    0.000ns
    Discrete Jitter          (DJ):    0.000ns
    Phase Error              (PE):    0.000ns

    Location             Delay type                Incr(ns)  Path(ns)    Netlist Resource(s)
  -------------------------------------------------------------------    -------------------
    W13                                               0.000     0.000 r  sw[7] (IN)
                         net (fo=0)                   0.000     0.000    sw[7]
    W13                  IBUF (Prop_ibuf_I_O)         1.459     1.459 r  sw_IBUF[7]_inst/O
                         net (fo=2, routed)           1.989     3.448    sw_IBUF[7]
    SLICE_X32Y15         FDRE                                         r  A_reg[7]/D
  -------------------------------------------------------------------    -------------------

                         (clock sys_clk_pin rise edge)
                                                      0.000     0.000 r  
    W5                                                0.000     0.000 r  clk (IN)
                         net (fo=0)                   0.000     0.000    clk
    W5                   IBUF (Prop_ibuf_I_O)         1.388     1.388 r  clk_IBUF_inst/O
                         net (fo=1, routed)           1.862     3.250    clk_IBUF
    BUFGCTRL_X0Y0        BUFG (Prop_bufg_I_O)         0.091     3.341 r  clk_IBUF_BUFG_inst/O
                         net (fo=35, routed)          1.439     4.780    clk_IBUF_BUFG
    SLICE_X32Y15         FDRE                                         r  A_reg[7]/C

Slack:                    inf
  Source:                 sw[5]
                            (input port)
  Destination:            A_reg[5]/D
                            (rising edge-triggered cell FDRE clocked by sys_clk_pin  {rise@0.000ns fall@5.000ns period=10.000ns})
  Path Group:             (none)
  Path Type:              Setup (Max at Slow Process Corner)
  Data Path Delay:        3.425ns  (logic 1.466ns (42.806%)  route 1.959ns (57.194%))
  Logic Levels:           1  (IBUF=1)
  Clock Path Skew:        4.780ns (DCD - SCD + CPR)
    Destination Clock Delay (DCD):    4.780ns
    Source Clock Delay      (SCD):    0.000ns
    Clock Pessimism Removal (CPR):    0.000ns
  Clock Uncertainty:      0.025ns  ((TSJ^2 + TIJ^2)^1/2 + DJ) / 2 + PE
    Total System Jitter     (TSJ):    0.050ns
    Total Input Jitter      (TIJ):    0.000ns
    Discrete Jitter          (DJ):    0.000ns
    Phase Error              (PE):    0.000ns

    Location             Delay type                Incr(ns)  Path(ns)    Netlist Resource(s)
  -------------------------------------------------------------------    -------------------
    V15                                               0.000     0.000 r  sw[5] (IN)
                         net (fo=0)                   0.000     0.000    sw[5]
    V15                  IBUF (Prop_ibuf_I_O)         1.466     1.466 r  sw_IBUF[5]_inst/O
                         net (fo=2, routed)           1.959     3.425    sw_IBUF[5]
    SLICE_X32Y15         FDRE                                         r  A_reg[5]/D
  -------------------------------------------------------------------    -------------------

                         (clock sys_clk_pin rise edge)
                                                      0.000     0.000 r  
    W5                                                0.000     0.000 r  clk (IN)
                         net (fo=0)                   0.000     0.000    clk
    W5                   IBUF (Prop_ibuf_I_O)         1.388     1.388 r  clk_IBUF_inst/O
                         net (fo=1, routed)           1.862     3.250    clk_IBUF
    BUFGCTRL_X0Y0        BUFG (Prop_bufg_I_O)         0.091     3.341 r  clk_IBUF_BUFG_inst/O
                         net (fo=35, routed)          1.439     4.780    clk_IBUF_BUFG
    SLICE_X32Y15         FDRE                                         r  A_reg[5]/C





Min Delay Paths
--------------------------------------------------------------------------------------
Slack:                    inf
  Source:                 btn[1]
                            (input port)
  Destination:            B_reg[0]/CE
                            (rising edge-triggered cell FDRE clocked by sys_clk_pin  {rise@0.000ns fall@5.000ns period=10.000ns})
  Path Group:             (none)
  Path Type:              Hold (Min at Fast Process Corner)
  Data Path Delay:        1.000ns  (logic 0.219ns (21.926%)  route 0.781ns (78.074%))
  Logic Levels:           1  (IBUF=1)
  Clock Path Skew:        1.953ns (DCD - SCD - CPR)
    Destination Clock Delay (DCD):    1.953ns
    Source Clock Delay      (SCD):    0.000ns
    Clock Pessimism Removal (CPR):    -0.000ns

    Location             Delay type                Incr(ns)  Path(ns)    Netlist Resource(s)
  -------------------------------------------------------------------    -------------------
    T17                                               0.000     0.000 r  btn[1] (IN)
                         net (fo=0)                   0.000     0.000    btn[1]
    T17                  IBUF (Prop_ibuf_I_O)         0.219     0.219 r  btn_IBUF[1]_inst/O
                         net (fo=8, routed)           0.781     1.000    btn_IBUF[1]
    SLICE_X33Y15         FDRE                                         r  B_reg[0]/CE
  -------------------------------------------------------------------    -------------------

                         (clock sys_clk_pin rise edge)
                                                      0.000     0.000 r  
    W5                                                0.000     0.000 r  clk (IN)
                         net (fo=0)                   0.000     0.000    clk
    W5                   IBUF (Prop_ibuf_I_O)         0.414     0.414 r  clk_IBUF_inst/O
                         net (fo=1, routed)           0.685     1.099    clk_IBUF
    BUFGCTRL_X0Y0        BUFG (Prop_bufg_I_O)         0.029     1.128 r  clk_IBUF_BUFG_inst/O
                         net (fo=35, routed)          0.826     1.953    clk_IBUF_BUFG
    SLICE_X33Y15         FDRE                                         r  B_reg[0]/C

Slack:                    inf
  Source:                 btn[1]
                            (input port)
  Destination:            B_reg[1]/CE
                            (rising edge-triggered cell FDRE clocked by sys_clk_pin  {rise@0.000ns fall@5.000ns period=10.000ns})
  Path Group:             (none)
  Path Type:              Hold (Min at Fast Process Corner)
  Data Path Delay:        1.000ns  (logic 0.219ns (21.926%)  route 0.781ns (78.074%))
  Logic Levels:           1  (IBUF=1)
  Clock Path Skew:        1.953ns (DCD - SCD - CPR)
    Destination Clock Delay (DCD):    1.953ns
    Source Clock Delay      (SCD):    0.000ns
    Clock Pessimism Removal (CPR):    -0.000ns

    Location             Delay type                Incr(ns)  Path(ns)    Netlist Resource(s)
  -------------------------------------------------------------------    -------------------
    T17                                               0.000     0.000 r  btn[1] (IN)
                         net (fo=0)                   0.000     0.000    btn[1]
    T17                  IBUF (Prop_ibuf_I_O)         0.219     0.219 r  btn_IBUF[1]_inst/O
                         net (fo=8, routed)           0.781     1.000    btn_IBUF[1]
    SLICE_X33Y15         FDRE                                         r  B_reg[1]/CE
  -------------------------------------------------------------------    -------------------

                         (clock sys_clk_pin rise edge)
                                                      0.000     0.000 r  
    W5                                                0.000     0.000 r  clk (IN)
                         net (fo=0)                   0.000     0.000    clk
    W5                   IBUF (Prop_ibuf_I_O)         0.414     0.414 r  clk_IBUF_inst/O
                         net (fo=1, routed)           0.685     1.099    clk_IBUF
    BUFGCTRL_X0Y0        BUFG (Prop_bufg_I_O)         0.029     1.128 r  clk_IBUF_BUFG_inst/O
                         net (fo=35, routed)          0.826     1.953    clk_IBUF_BUFG
    SLICE_X33Y15         FDRE                                         r  B_reg[1]/C

Slack:                    inf
  Source:                 btn[1]
                            (input port)
  Destination:            B_reg[2]/CE
                            (rising edge-triggered cell FDRE clocked by sys_clk_pin  {rise@0.000ns fall@5.000ns period=10.000ns})
  Path Group:             (none)
  Path Type:              Hold (Min at Fast Process Corner)
  Data Path Delay:        1.000ns  (logic 0.219ns (21.926%)  route 0.781ns (78.074%))
  Logic Levels:           1  (IBUF=1)
  Clock Path Skew:        1.953ns (DCD - SCD - CPR)
    Destination Clock Delay (DCD):    1.953ns
    Source Clock Delay      (SCD):    0.000ns
    Clock Pessimism Removal (CPR):    -0.000ns

    Location             Delay type                Incr(ns)  Path(ns)    Netlist Resource(s)
  -------------------------------------------------------------------    -------------------
    T17                                               0.000     0.000 r  btn[1] (IN)
                         net (fo=0)                   0.000     0.000    btn[1]
    T17                  IBUF (Prop_ibuf_I_O)         0.219     0.219 r  btn_IBUF[1]_inst/O
                         net (fo=8, routed)           0.781     1.000    btn_IBUF[1]
    SLICE_X33Y15         FDRE                                         r  B_reg[2]/CE
  -------------------------------------------------------------------    -------------------

                         (clock sys_clk_pin rise edge)
                                                      0.000     0.000 r  
    W5                                                0.000     0.000 r  clk (IN)
                         net (fo=0)                   0.000     0.000    clk
    W5                   IBUF (Prop_ibuf_I_O)         0.414     0.414 r  clk_IBUF_inst/O
                         net (fo=1, routed)           0.685     1.099    clk_IBUF
    BUFGCTRL_X0Y0        BUFG (Prop_bufg_I_O)         0.029     1.128 r  clk_IBUF_BUFG_inst/O
                         net (fo=35, routed)          0.826     1.953    clk_IBUF_BUFG
    SLICE_X33Y15         FDRE                                         r  B_reg[2]/C

Slack:                    inf
  Source:                 btn[1]
                            (input port)
  Destination:            B_reg[3]/CE
                            (rising edge-triggered cell FDRE clocked by sys_clk_pin  {rise@0.000ns fall@5.000ns period=10.000ns})
  Path Group:             (none)
  Path Type:              Hold (Min at Fast Process Corner)
  Data Path Delay:        1.000ns  (logic 0.219ns (21.926%)  route 0.781ns (78.074%))
  Logic Levels:           1  (IBUF=1)
  Clock Path Skew:        1.953ns (DCD - SCD - CPR)
    Destination Clock Delay (DCD):    1.953ns
    Source Clock Delay      (SCD):    0.000ns
    Clock Pessimism Removal (CPR):    -0.000ns

    Location             Delay type                Incr(ns)  Path(ns)    Netlist Resource(s)
  -------------------------------------------------------------------    -------------------
    T17                                               0.000     0.000 r  btn[1] (IN)
                         net (fo=0)                   0.000     0.000    btn[1]
    T17                  IBUF (Prop_ibuf_I_O)         0.219     0.219 r  btn_IBUF[1]_inst/O
                         net (fo=8, routed)           0.781     1.000    btn_IBUF[1]
    SLICE_X33Y15         FDRE                                         r  B_reg[3]/CE
  -------------------------------------------------------------------    -------------------

                         (clock sys_clk_pin rise edge)
                                                      0.000     0.000 r  
    W5                                                0.000     0.000 r  clk (IN)
                         net (fo=0)                   0.000     0.000    clk
    W5                   IBUF (Prop_ibuf_I_O)         0.414     0.414 r  clk_IBUF_inst/O
                         net (fo=1, routed)           0.685     1.099    clk_IBUF
    BUFGCTRL_X0Y0        BUFG (Prop_bufg_I_O)         0.029     1.128 r  clk_IBUF_BUFG_inst/O
                         net (fo=35, routed)          0.826     1.953    clk_IBUF_BUFG
    SLICE_X33Y15         FDRE                                         r  B_reg[3]/C

Slack:                    inf
  Source:                 btn[1]
                            (input port)
  Destination:            B_reg[4]/CE
                            (rising edge-triggered cell FDRE clocked by sys_clk_pin  {rise@0.000ns fall@5.000ns period=10.000ns})
  Path Group:             (none)
  Path Type:              Hold (Min at Fast Process Corner)
  Data Path Delay:        1.000ns  (logic 0.219ns (21.926%)  route 0.781ns (78.074%))
  Logic Levels:           1  (IBUF=1)
  Clock Path Skew:        1.953ns (DCD - SCD - CPR)
    Destination Clock Delay (DCD):    1.953ns
    Source Clock Delay      (SCD):    0.000ns
    Clock Pessimism Removal (CPR):    -0.000ns

    Location             Delay type                Incr(ns)  Path(ns)    Netlist Resource(s)
  -------------------------------------------------------------------    -------------------
    T17                                               0.000     0.000 r  btn[1] (IN)
                         net (fo=0)                   0.000     0.000    btn[1]
    T17                  IBUF (Prop_ibuf_I_O)         0.219     0.219 r  btn_IBUF[1]_inst/O
                         net (fo=8, routed)           0.781     1.000    btn_IBUF[1]
    SLICE_X33Y15         FDRE                                         r  B_reg[4]/CE
  -------------------------------------------------------------------    -------------------

                         (clock sys_clk_pin rise edge)
                                                      0.000     0.000 r  
    W5                                                0.000     0.000 r  clk (IN)
                         net (fo=0)                   0.000     0.000    clk
    W5                   IBUF (Prop_ibuf_I_O)         0.414     0.414 r  clk_IBUF_inst/O
                         net (fo=1, routed)           0.685     1.099    clk_IBUF
    BUFGCTRL_X0Y0        BUFG (Prop_bufg_I_O)         0.029     1.128 r  clk_IBUF_BUFG_inst/O
                         net (fo=35, routed)          0.826     1.953    clk_IBUF_BUFG
    SLICE_X33Y15         FDRE                                         r  B_reg[4]/C

Slack:                    inf
  Source:                 btn[1]
                            (input port)
  Destination:            B_reg[5]/CE
                            (rising edge-triggered cell FDRE clocked by sys_clk_pin  {rise@0.000ns fall@5.000ns period=10.000ns})
  Path Group:             (none)
  Path Type:              Hold (Min at Fast Process Corner)
  Data Path Delay:        1.000ns  (logic 0.219ns (21.926%)  route 0.781ns (78.074%))
  Logic Levels:           1  (IBUF=1)
  Clock Path Skew:        1.953ns (DCD - SCD - CPR)
    Destination Clock Delay (DCD):    1.953ns
    Source Clock Delay      (SCD):    0.000ns
    Clock Pessimism Removal (CPR):    -0.000ns

    Location             Delay type                Incr(ns)  Path(ns)    Netlist Resource(s)
  -------------------------------------------------------------------    -------------------
    T17                                               0.000     0.000 r  btn[1] (IN)
                         net (fo=0)                   0.000     0.000    btn[1]
    T17                  IBUF (Prop_ibuf_I_O)         0.219     0.219 r  btn_IBUF[1]_inst/O
                         net (fo=8, routed)           0.781     1.000    btn_IBUF[1]
    SLICE_X33Y15         FDRE                                         r  B_reg[5]/CE
  -------------------------------------------------------------------    -------------------

                         (clock sys_clk_pin rise edge)
                                                      0.000     0.000 r  
    W5                                                0.000     0.000 r  clk (IN)
                         net (fo=0)                   0.000     0.000    clk
    W5                   IBUF (Prop_ibuf_I_O)         0.414     0.414 r  clk_IBUF_inst/O
                         net (fo=1, routed)           0.685     1.099    clk_IBUF
    BUFGCTRL_X0Y0        BUFG (Prop_bufg_I_O)         0.029     1.128 r  clk_IBUF_BUFG_inst/O
                         net (fo=35, routed)          0.826     1.953    clk_IBUF_BUFG
    SLICE_X33Y15         FDRE                                         r  B_reg[5]/C

Slack:                    inf
  Source:                 btn[1]
                            (input port)
  Destination:            B_reg[6]/CE
                            (rising edge-triggered cell FDRE clocked by sys_clk_pin  {rise@0.000ns fall@5.000ns period=10.000ns})
  Path Group:             (none)
  Path Type:              Hold (Min at Fast Process Corner)
  Data Path Delay:        1.000ns  (logic 0.219ns (21.926%)  route 0.781ns (78.074%))
  Logic Levels:           1  (IBUF=1)
  Clock Path Skew:        1.953ns (DCD - SCD - CPR)
    Destination Clock Delay (DCD):    1.953ns
    Source Clock Delay      (SCD):    0.000ns
    Clock Pessimism Removal (CPR):    -0.000ns

    Location             Delay type                Incr(ns)  Path(ns)    Netlist Resource(s)
  -------------------------------------------------------------------    -------------------
    T17                                               0.000     0.000 r  btn[1] (IN)
                         net (fo=0)                   0.000     0.000    btn[1]
    T17                  IBUF (Prop_ibuf_I_O)         0.219     0.219 r  btn_IBUF[1]_inst/O
                         net (fo=8, routed)           0.781     1.000    btn_IBUF[1]
    SLICE_X33Y15         FDRE                                         r  B_reg[6]/CE
  -------------------------------------------------------------------    -------------------

                         (clock sys_clk_pin rise edge)
                                                      0.000     0.000 r  
    W5                                                0.000     0.000 r  clk (IN)
                         net (fo=0)                   0.000     0.000    clk
    W5                   IBUF (Prop_ibuf_I_O)         0.414     0.414 r  clk_IBUF_inst/O
                         net (fo=1, routed)           0.685     1.099    clk_IBUF
    BUFGCTRL_X0Y0        BUFG (Prop_bufg_I_O)         0.029     1.128 r  clk_IBUF_BUFG_inst/O
                         net (fo=35, routed)          0.826     1.953    clk_IBUF_BUFG
    SLICE_X33Y15         FDRE                                         r  B_reg[6]/C

Slack:                    inf
  Source:                 btn[1]
                            (input port)
  Destination:            B_reg[7]/CE
                            (rising edge-triggered cell FDRE clocked by sys_clk_pin  {rise@0.000ns fall@5.000ns period=10.000ns})
  Path Group:             (none)
  Path Type:              Hold (Min at Fast Process Corner)
  Data Path Delay:        1.000ns  (logic 0.219ns (21.926%)  route 0.781ns (78.074%))
  Logic Levels:           1  (IBUF=1)
  Clock Path Skew:        1.953ns (DCD - SCD - CPR)
    Destination Clock Delay (DCD):    1.953ns
    Source Clock Delay      (SCD):    0.000ns
    Clock Pessimism Removal (CPR):    -0.000ns

    Location             Delay type                Incr(ns)  Path(ns)    Netlist Resource(s)
  -------------------------------------------------------------------    -------------------
    T17                                               0.000     0.000 r  btn[1] (IN)
                         net (fo=0)                   0.000     0.000    btn[1]
    T17                  IBUF (Prop_ibuf_I_O)         0.219     0.219 r  btn_IBUF[1]_inst/O
                         net (fo=8, routed)           0.781     1.000    btn_IBUF[1]
    SLICE_X33Y15         FDRE                                         r  B_reg[7]/CE
  -------------------------------------------------------------------    -------------------

                         (clock sys_clk_pin rise edge)
                                                      0.000     0.000 r  
    W5                                                0.000     0.000 r  clk (IN)
                         net (fo=0)                   0.000     0.000    clk
    W5                   IBUF (Prop_ibuf_I_O)         0.414     0.414 r  clk_IBUF_inst/O
                         net (fo=1, routed)           0.685     1.099    clk_IBUF
    BUFGCTRL_X0Y0        BUFG (Prop_bufg_I_O)         0.029     1.128 r  clk_IBUF_BUFG_inst/O
                         net (fo=35, routed)          0.826     1.953    clk_IBUF_BUFG
    SLICE_X33Y15         FDRE                                         r  B_reg[7]/C

Slack:                    inf
  Source:                 btn[0]
                            (input port)
  Destination:            A_reg[0]/CE
                            (rising edge-triggered cell FDRE clocked by sys_clk_pin  {rise@0.000ns fall@5.000ns period=10.000ns})
  Path Group:             (none)
  Path Type:              Hold (Min at Fast Process Corner)
  Data Path Delay:        1.002ns  (logic 0.222ns (22.145%)  route 0.780ns (77.855%))
  Logic Levels:           1  (IBUF=1)
  Clock Path Skew:        1.953ns (DCD - SCD - CPR)
    Destination Clock Delay (DCD):    1.953ns
    Source Clock Delay      (SCD):    0.000ns
    Clock Pessimism Removal (CPR):    -0.000ns

    Location             Delay type                Incr(ns)  Path(ns)    Netlist Resource(s)
  -------------------------------------------------------------------    -------------------
    T18                                               0.000     0.000 r  btn[0] (IN)
                         net (fo=0)                   0.000     0.000    btn[0]
    T18                  IBUF (Prop_ibuf_I_O)         0.222     0.222 r  btn_IBUF[0]_inst/O
                         net (fo=8, routed)           0.780     1.002    btn_IBUF[0]
    SLICE_X32Y15         FDRE                                         r  A_reg[0]/CE
  -------------------------------------------------------------------    -------------------

                         (clock sys_clk_pin rise edge)
                                                      0.000     0.000 r  
    W5                                                0.000     0.000 r  clk (IN)
                         net (fo=0)                   0.000     0.000    clk
    W5                   IBUF (Prop_ibuf_I_O)         0.414     0.414 r  clk_IBUF_inst/O
                         net (fo=1, routed)           0.685     1.099    clk_IBUF
    BUFGCTRL_X0Y0        BUFG (Prop_bufg_I_O)         0.029     1.128 r  clk_IBUF_BUFG_inst/O
                         net (fo=35, routed)          0.826     1.953    clk_IBUF_BUFG
    SLICE_X32Y15         FDRE                                         r  A_reg[0]/C

Slack:                    inf
  Source:                 btn[0]
                            (input port)
  Destination:            A_reg[1]/CE
                            (rising edge-triggered cell FDRE clocked by sys_clk_pin  {rise@0.000ns fall@5.000ns period=10.000ns})
  Path Group:             (none)
  Path Type:              Hold (Min at Fast Process Corner)
  Data Path Delay:        1.002ns  (logic 0.222ns (22.145%)  route 0.780ns (77.855%))
  Logic Levels:           1  (IBUF=1)
  Clock Path Skew:        1.953ns (DCD - SCD - CPR)
    Destination Clock Delay (DCD):    1.953ns
    Source Clock Delay      (SCD):    0.000ns
    Clock Pessimism Removal (CPR):    -0.000ns

    Location             Delay type                Incr(ns)  Path(ns)    Netlist Resource(s)
  -------------------------------------------------------------------    -------------------
    T18                                               0.000     0.000 r  btn[0] (IN)
                         net (fo=0)                   0.000     0.000    btn[0]
    T18                  IBUF (Prop_ibuf_I_O)         0.222     0.222 r  btn_IBUF[0]_inst/O
                         net (fo=8, routed)           0.780     1.002    btn_IBUF[0]
    SLICE_X32Y15         FDRE                                         r  A_reg[1]/CE
  -------------------------------------------------------------------    -------------------

                         (clock sys_clk_pin rise edge)
                                                      0.000     0.000 r  
    W5                                                0.000     0.000 r  clk (IN)
                         net (fo=0)                   0.000     0.000    clk
    W5                   IBUF (Prop_ibuf_I_O)         0.414     0.414 r  clk_IBUF_inst/O
                         net (fo=1, routed)           0.685     1.099    clk_IBUF
    BUFGCTRL_X0Y0        BUFG (Prop_bufg_I_O)         0.029     1.128 r  clk_IBUF_BUFG_inst/O
                         net (fo=35, routed)          0.826     1.953    clk_IBUF_BUFG
    SLICE_X32Y15         FDRE                                         r  A_reg[1]/C





