Copyright 1986-2022 Xilinx, Inc. All Rights Reserved.
------------------------------------------------------------------------------------------------------------------------------------------------------------------------------------------------------
| Tool Version : Vivado v.2022.1 (win64) Build 3526262 Mon Apr 18 15:48:16 MDT 2022
| Date         : Tue Apr 28 00:52:43 2026
| Host         : DESKTOP-TM7VUND running 64-bit major release  (build 9200)
| Command      : report_timing_summary -max_paths 10 -report_unconstrained -file top_timing_summary_routed.rpt -pb top_timing_summary_routed.pb -rpx top_timing_summary_routed.rpx -warn_on_violation
| Design       : top
| Device       : 7a35t-cpg236
| Speed File   : -1  PRODUCTION 1.23 2018-06-13
------------------------------------------------------------------------------------------------------------------------------------------------------------------------------------------------------

Timing Summary Report

------------------------------------------------------------------------------------------------
| Timer Settings
| --------------
------------------------------------------------------------------------------------------------

  Enable Multi Corner Analysis               :  Yes
  Enable Pessimism Removal                   :  Yes
  Pessimism Removal Resolution               :  Nearest Common Node
  Enable Input Delay Default Clock           :  No
  Enable Preset / Clear Arcs                 :  No
  Disable Flight Delays                      :  No
  Ignore I/O Paths                           :  No
  Timing Early Launch at Borrowing Latches   :  No
  Borrow Time for Max Delay Exceptions       :  Yes
  Merge Timing Exceptions                    :  Yes

  Corner  Analyze    Analyze    
  Name    Max Paths  Min Paths  
  ------  ---------  ---------  
  Slow    Yes        Yes        
  Fast    Yes        Yes        


------------------------------------------------------------------------------------------------
| Report Methodology
| ------------------
------------------------------------------------------------------------------------------------

Rule       Severity  Description                    Violations  
---------  --------  -----------------------------  ----------  
TIMING-18  Warning   Missing input or output delay  16          

Note: This report is based on the most recent report_methodology run and may not be up-to-date. Run report_methodology on the current design for the latest report.



check_timing report

Table of Contents
-----------------
1. checking no_clock (0)
2. checking constant_clock (0)
3. checking pulse_width_clock (0)
4. checking unconstrained_internal_endpoints (0)
5. checking no_input_delay (4)
6. checking no_output_delay (12)
7. checking multiple_clock (0)
8. checking generated_clocks (0)
9. checking loops (0)
10. checking partial_input_delay (0)
11. checking partial_output_delay (0)
12. checking latch_loops (0)

1. checking no_clock (0)
------------------------
 There are 0 register/latch pins with no clock.


2. checking constant_clock (0)
------------------------------
 There are 0 register/latch pins with constant_clock.


3. checking pulse_width_clock (0)
---------------------------------
 There are 0 register/latch pins which need pulse_width check


4. checking unconstrained_internal_endpoints (0)
------------------------------------------------
 There are 0 pins that are not constrained for maximum delay.

 There are 0 pins that are not constrained for maximum delay due to constant clock.


5. checking no_input_delay (4)
------------------------------
 There are 4 input ports with no input delay specified. (HIGH)

 There are 0 input ports with no input delay but user has a false path constraint.


6. checking no_output_delay (12)
--------------------------------
 There are 12 ports with no output delay specified. (HIGH)

 There are 0 ports with no output delay but user has a false path constraint

 There are 0 ports with no output delay but with a timing clock defined on it or propagating through it


7. checking multiple_clock (0)
------------------------------
 There are 0 register/latch pins with multiple clocks.


8. checking generated_clocks (0)
--------------------------------
 There are 0 generated clocks that are not connected to a clock source.


9. checking loops (0)
---------------------
 There are 0 combinational loops in the design.


10. checking partial_input_delay (0)
------------------------------------
 There are 0 input ports with partial input delay specified.


11. checking partial_output_delay (0)
-------------------------------------
 There are 0 ports with partial output delay specified.


12. checking latch_loops (0)
----------------------------
 There are 0 combinational latch loops in the design through latch input



------------------------------------------------------------------------------------------------
| Design Timing Summary
| ---------------------
------------------------------------------------------------------------------------------------

    WNS(ns)      TNS(ns)  TNS Failing Endpoints  TNS Total Endpoints      WHS(ns)      THS(ns)  THS Failing Endpoints  THS Total Endpoints     WPWS(ns)     TPWS(ns)  TPWS Failing Endpoints  TPWS Total Endpoints  
    -------      -------  ---------------------  -------------------      -------      -------  ---------------------  -------------------     --------     --------  ----------------------  --------------------  
      6.217        0.000                      0                   70        0.185        0.000                      0                   70        4.500        0.000                       0                    57  


All user specified timing constraints are met.


------------------------------------------------------------------------------------------------
| Clock Summary
| -------------
------------------------------------------------------------------------------------------------

Clock        Waveform(ns)       Period(ns)      Frequency(MHz)
-----        ------------       ----------      --------------
sys_clk_pin  {0.000 5.000}      10.000          100.000         


------------------------------------------------------------------------------------------------
| Intra Clock Table
| -----------------
------------------------------------------------------------------------------------------------

Clock             WNS(ns)      TNS(ns)  TNS Failing Endpoints  TNS Total Endpoints      WHS(ns)      THS(ns)  THS Failing Endpoints  THS Total Endpoints     WPWS(ns)     TPWS(ns)  TPWS Failing Endpoints  TPWS Total Endpoints  
-----             -------      -------  ---------------------  -------------------      -------      -------  ---------------------  -------------------     --------     --------  ----------------------  --------------------  
sys_clk_pin         6.217        0.000                      0                   70        0.185        0.000                      0                   70        4.500        0.000                       0                    57  


------------------------------------------------------------------------------------------------
| Inter Clock Table
| -----------------
------------------------------------------------------------------------------------------------

From Clock    To Clock          WNS(ns)      TNS(ns)  TNS Failing Endpoints  TNS Total Endpoints      WHS(ns)      THS(ns)  THS Failing Endpoints  THS Total Endpoints  
----------    --------          -------      -------  ---------------------  -------------------      -------      -------  ---------------------  -------------------  


------------------------------------------------------------------------------------------------
| Other Path Groups Table
| -----------------------
------------------------------------------------------------------------------------------------

Path Group    From Clock    To Clock          WNS(ns)      TNS(ns)  TNS Failing Endpoints  TNS Total Endpoints      WHS(ns)      THS(ns)  THS Failing Endpoints  THS Total Endpoints  
----------    ----------    --------          -------      -------  ---------------------  -------------------      -------      -------  ---------------------  -------------------  


------------------------------------------------------------------------------------------------
| User Ignored Path Table
| -----------------------
------------------------------------------------------------------------------------------------

Path Group    From Clock    To Clock    
----------    ----------    --------    


------------------------------------------------------------------------------------------------
| Unconstrained Path Table
| ------------------------
------------------------------------------------------------------------------------------------

Path Group    From Clock    To Clock    
----------    ----------    --------    
(none)        sys_clk_pin                 
(none)                      sys_clk_pin   


------------------------------------------------------------------------------------------------
| Timing Details
| --------------
------------------------------------------------------------------------------------------------


---------------------------------------------------------------------------------------------------
From Clock:  sys_clk_pin
  To Clock:  sys_clk_pin

Setup :            0  Failing Endpoints,  Worst Slack        6.217ns,  Total Violation        0.000ns
Hold  :            0  Failing Endpoints,  Worst Slack        0.185ns,  Total Violation        0.000ns
PW    :            0  Failing Endpoints,  Worst Slack        4.500ns,  Total Violation        0.000ns
---------------------------------------------------------------------------------------------------


Max Delay Paths
--------------------------------------------------------------------------------------
Slack (MET) :             6.217ns  (required time - arrival time)
  Source:                 u3/d0_reg[2]/C
                            (rising edge-triggered cell FDCE clocked by sys_clk_pin  {rise@0.000ns fall@5.000ns period=10.000ns})
  Destination:            u3/d2_reg[0]/CE
                            (rising edge-triggered cell FDCE clocked by sys_clk_pin  {rise@0.000ns fall@5.000ns period=10.000ns})
  Path Group:             sys_clk_pin
  Path Type:              Setup (Max at Slow Process Corner)
  Requirement:            10.000ns  (sys_clk_pin rise@10.000ns - sys_clk_pin rise@0.000ns)
  Data Path Delay:        3.555ns  (logic 0.890ns (25.038%)  route 2.665ns (74.962%))
  Logic Levels:           3  (LUT4=2 LUT5=1)
  Clock Path Skew:        -0.024ns (DCD - SCD + CPR)
    Destination Clock Delay (DCD):    4.843ns = ( 14.843 - 10.000 ) 
    Source Clock Delay      (SCD):    5.141ns
    Clock Pessimism Removal (CPR):    0.274ns
  Clock Uncertainty:      0.035ns  ((TSJ^2 + TIJ^2)^1/2 + DJ) / 2 + PE
    Total System Jitter     (TSJ):    0.071ns
    Total Input Jitter      (TIJ):    0.000ns
    Discrete Jitter          (DJ):    0.000ns
    Phase Error              (PE):    0.000ns

    Location             Delay type                Incr(ns)  Path(ns)    Netlist Resource(s)
  -------------------------------------------------------------------    -------------------
                         (clock sys_clk_pin rise edge)
                                                      0.000     0.000 r  
    W5                                                0.000     0.000 r  clk (IN)
                         net (fo=0)                   0.000     0.000    clk
    W5                   IBUF (Prop_ibuf_I_O)         1.458     1.458 r  clk_IBUF_inst/O
                         net (fo=1, routed)           1.967     3.425    clk_IBUF
    BUFGCTRL_X0Y0        BUFG (Prop_bufg_I_O)         0.096     3.521 r  clk_IBUF_BUFG_inst/O
                         net (fo=56, routed)          1.620     5.141    u3/CLK
    SLICE_X64Y23         FDCE                                         r  u3/d0_reg[2]/C
  -------------------------------------------------------------------    -------------------
    SLICE_X64Y23         FDCE (Prop_fdce_C_Q)         0.518     5.659 f  u3/d0_reg[2]/Q
                         net (fo=5, routed)           1.162     6.821    u3/data[2]
    SLICE_X64Y23         LUT4 (Prop_lut4_I2_O)        0.124     6.945 r  u3/d1[3]_i_3/O
                         net (fo=1, routed)           0.544     7.489    u2/d1_reg[3]
    SLICE_X61Y23         LUT4 (Prop_lut4_I3_O)        0.124     7.613 r  u2/d1[3]_i_1/O
                         net (fo=6, routed)           0.478     8.091    u3/E[0]
    SLICE_X64Y22         LUT5 (Prop_lut5_I0_O)        0.124     8.215 r  u3/d2[3]_i_1/O
                         net (fo=4, routed)           0.481     8.696    u3/d2
    SLICE_X64Y24         FDCE                                         r  u3/d2_reg[0]/CE
  -------------------------------------------------------------------    -------------------

                         (clock sys_clk_pin rise edge)
                                                     10.000    10.000 r  
    W5                                                0.000    10.000 r  clk (IN)
                         net (fo=0)                   0.000    10.000    clk
    W5                   IBUF (Prop_ibuf_I_O)         1.388    11.388 r  clk_IBUF_inst/O
                         net (fo=1, routed)           1.862    13.250    clk_IBUF
    BUFGCTRL_X0Y0        BUFG (Prop_bufg_I_O)         0.091    13.341 r  clk_IBUF_BUFG_inst/O
                         net (fo=56, routed)          1.502    14.843    u3/CLK
    SLICE_X64Y24         FDCE                                         r  u3/d2_reg[0]/C
                         clock pessimism              0.274    15.117    
                         clock uncertainty           -0.035    15.082    
    SLICE_X64Y24         FDCE (Setup_fdce_C_CE)      -0.169    14.913    u3/d2_reg[0]
  -------------------------------------------------------------------
                         required time                         14.913    
                         arrival time                          -8.696    
  -------------------------------------------------------------------
                         slack                                  6.217    

Slack (MET) :             6.217ns  (required time - arrival time)
  Source:                 u3/d0_reg[2]/C
                            (rising edge-triggered cell FDCE clocked by sys_clk_pin  {rise@0.000ns fall@5.000ns period=10.000ns})
  Destination:            u3/d2_reg[2]/CE
                            (rising edge-triggered cell FDCE clocked by sys_clk_pin  {rise@0.000ns fall@5.000ns period=10.000ns})
  Path Group:             sys_clk_pin
  Path Type:              Setup (Max at Slow Process Corner)
  Requirement:            10.000ns  (sys_clk_pin rise@10.000ns - sys_clk_pin rise@0.000ns)
  Data Path Delay:        3.555ns  (logic 0.890ns (25.038%)  route 2.665ns (74.962%))
  Logic Levels:           3  (LUT4=2 LUT5=1)
  Clock Path Skew:        -0.024ns (DCD - SCD + CPR)
    Destination Clock Delay (DCD):    4.843ns = ( 14.843 - 10.000 ) 
    Source Clock Delay      (SCD):    5.141ns
    Clock Pessimism Removal (CPR):    0.274ns
  Clock Uncertainty:      0.035ns  ((TSJ^2 + TIJ^2)^1/2 + DJ) / 2 + PE
    Total System Jitter     (TSJ):    0.071ns
    Total Input Jitter      (TIJ):    0.000ns
    Discrete Jitter          (DJ):    0.000ns
    Phase Error              (PE):    0.000ns

    Location             Delay type                Incr(ns)  Path(ns)    Netlist Resource(s)
  -------------------------------------------------------------------    -------------------
                         (clock sys_clk_pin rise edge)
                                                      0.000     0.000 r  
    W5                                                0.000     0.000 r  clk (IN)
                         net (fo=0)                   0.000     0.000    clk
    W5                   IBUF (Prop_ibuf_I_O)         1.458     1.458 r  clk_IBUF_inst/O
                         net (fo=1, routed)           1.967     3.425    clk_IBUF
    BUFGCTRL_X0Y0        BUFG (Prop_bufg_I_O)         0.096     3.521 r  clk_IBUF_BUFG_inst/O
                         net (fo=56, routed)          1.620     5.141    u3/CLK
    SLICE_X64Y23         FDCE                                         r  u3/d0_reg[2]/C
  -------------------------------------------------------------------    -------------------
    SLICE_X64Y23         FDCE (Prop_fdce_C_Q)         0.518     5.659 f  u3/d0_reg[2]/Q
                         net (fo=5, routed)           1.162     6.821    u3/data[2]
    SLICE_X64Y23         LUT4 (Prop_lut4_I2_O)        0.124     6.945 r  u3/d1[3]_i_3/O
                         net (fo=1, routed)           0.544     7.489    u2/d1_reg[3]
    SLICE_X61Y23         LUT4 (Prop_lut4_I3_O)        0.124     7.613 r  u2/d1[3]_i_1/O
                         net (fo=6, routed)           0.478     8.091    u3/E[0]
    SLICE_X64Y22         LUT5 (Prop_lut5_I0_O)        0.124     8.215 r  u3/d2[3]_i_1/O
                         net (fo=4, routed)           0.481     8.696    u3/d2
    SLICE_X64Y24         FDCE                                         r  u3/d2_reg[2]/CE
  -------------------------------------------------------------------    -------------------

                         (clock sys_clk_pin rise edge)
                                                     10.000    10.000 r  
    W5                                                0.000    10.000 r  clk (IN)
                         net (fo=0)                   0.000    10.000    clk
    W5                   IBUF (Prop_ibuf_I_O)         1.388    11.388 r  clk_IBUF_inst/O
                         net (fo=1, routed)           1.862    13.250    clk_IBUF
    BUFGCTRL_X0Y0        BUFG (Prop_bufg_I_O)         0.091    13.341 r  clk_IBUF_BUFG_inst/O
                         net (fo=56, routed)          1.502    14.843    u3/CLK
    SLICE_X64Y24         FDCE                                         r  u3/d2_reg[2]/C
                         clock pessimism              0.274    15.117    
                         clock uncertainty           -0.035    15.082    
    SLICE_X64Y24         FDCE (Setup_fdce_C_CE)      -0.169    14.913    u3/d2_reg[2]
  -------------------------------------------------------------------
                         required time                         14.913    
                         arrival time                          -8.696    
  -------------------------------------------------------------------
                         slack                                  6.217    

Slack (MET) :             6.323ns  (required time - arrival time)
  Source:                 u3/d0_reg[2]/C
                            (rising edge-triggered cell FDCE clocked by sys_clk_pin  {rise@0.000ns fall@5.000ns period=10.000ns})
  Destination:            u3/d2_reg[1]/CE
                            (rising edge-triggered cell FDCE clocked by sys_clk_pin  {rise@0.000ns fall@5.000ns period=10.000ns})
  Path Group:             sys_clk_pin
  Path Type:              Setup (Max at Slow Process Corner)
  Requirement:            10.000ns  (sys_clk_pin rise@10.000ns - sys_clk_pin rise@0.000ns)
  Data Path Delay:        3.415ns  (logic 0.890ns (26.063%)  route 2.525ns (73.937%))
  Logic Levels:           3  (LUT4=2 LUT5=1)
  Clock Path Skew:        -0.022ns (DCD - SCD + CPR)
    Destination Clock Delay (DCD):    4.845ns = ( 14.845 - 10.000 ) 
    Source Clock Delay      (SCD):    5.141ns
    Clock Pessimism Removal (CPR):    0.274ns
  Clock Uncertainty:      0.035ns  ((TSJ^2 + TIJ^2)^1/2 + DJ) / 2 + PE
    Total System Jitter     (TSJ):    0.071ns
    Total Input Jitter      (TIJ):    0.000ns
    Discrete Jitter          (DJ):    0.000ns
    Phase Error              (PE):    0.000ns

    Location             Delay type                Incr(ns)  Path(ns)    Netlist Resource(s)
  -------------------------------------------------------------------    -------------------
                         (clock sys_clk_pin rise edge)
                                                      0.000     0.000 r  
    W5                                                0.000     0.000 r  clk (IN)
                         net (fo=0)                   0.000     0.000    clk
    W5                   IBUF (Prop_ibuf_I_O)         1.458     1.458 r  clk_IBUF_inst/O
                         net (fo=1, routed)           1.967     3.425    clk_IBUF
    BUFGCTRL_X0Y0        BUFG (Prop_bufg_I_O)         0.096     3.521 r  clk_IBUF_BUFG_inst/O
                         net (fo=56, routed)          1.620     5.141    u3/CLK
    SLICE_X64Y23         FDCE                                         r  u3/d0_reg[2]/C
  -------------------------------------------------------------------    -------------------
    SLICE_X64Y23         FDCE (Prop_fdce_C_Q)         0.518     5.659 f  u3/d0_reg[2]/Q
                         net (fo=5, routed)           1.162     6.821    u3/data[2]
    SLICE_X64Y23         LUT4 (Prop_lut4_I2_O)        0.124     6.945 r  u3/d1[3]_i_3/O
                         net (fo=1, routed)           0.544     7.489    u2/d1_reg[3]
    SLICE_X61Y23         LUT4 (Prop_lut4_I3_O)        0.124     7.613 r  u2/d1[3]_i_1/O
                         net (fo=6, routed)           0.478     8.091    u3/E[0]
    SLICE_X64Y22         LUT5 (Prop_lut5_I0_O)        0.124     8.215 r  u3/d2[3]_i_1/O
                         net (fo=4, routed)           0.341     8.556    u3/d2
    SLICE_X65Y23         FDCE                                         r  u3/d2_reg[1]/CE
  -------------------------------------------------------------------    -------------------

                         (clock sys_clk_pin rise edge)
                                                     10.000    10.000 r  
    W5                                                0.000    10.000 r  clk (IN)
                         net (fo=0)                   0.000    10.000    clk
    W5                   IBUF (Prop_ibuf_I_O)         1.388    11.388 r  clk_IBUF_inst/O
                         net (fo=1, routed)           1.862    13.250    clk_IBUF
    BUFGCTRL_X0Y0        BUFG (Prop_bufg_I_O)         0.091    13.341 r  clk_IBUF_BUFG_inst/O
                         net (fo=56, routed)          1.504    14.845    u3/CLK
    SLICE_X65Y23         FDCE                                         r  u3/d2_reg[1]/C
                         clock pessimism              0.274    15.119    
                         clock uncertainty           -0.035    15.084    
    SLICE_X65Y23         FDCE (Setup_fdce_C_CE)      -0.205    14.879    u3/d2_reg[1]
  -------------------------------------------------------------------
                         required time                         14.879    
                         arrival time                          -8.556    
  -------------------------------------------------------------------
                         slack                                  6.323    

Slack (MET) :             6.323ns  (required time - arrival time)
  Source:                 u3/d0_reg[2]/C
                            (rising edge-triggered cell FDCE clocked by sys_clk_pin  {rise@0.000ns fall@5.000ns period=10.000ns})
  Destination:            u3/d2_reg[3]/CE
                            (rising edge-triggered cell FDCE clocked by sys_clk_pin  {rise@0.000ns fall@5.000ns period=10.000ns})
  Path Group:             sys_clk_pin
  Path Type:              Setup (Max at Slow Process Corner)
  Requirement:            10.000ns  (sys_clk_pin rise@10.000ns - sys_clk_pin rise@0.000ns)
  Data Path Delay:        3.415ns  (logic 0.890ns (26.063%)  route 2.525ns (73.937%))
  Logic Levels:           3  (LUT4=2 LUT5=1)
  Clock Path Skew:        -0.022ns (DCD - SCD + CPR)
    Destination Clock Delay (DCD):    4.845ns = ( 14.845 - 10.000 ) 
    Source Clock Delay      (SCD):    5.141ns
    Clock Pessimism Removal (CPR):    0.274ns
  Clock Uncertainty:      0.035ns  ((TSJ^2 + TIJ^2)^1/2 + DJ) / 2 + PE
    Total System Jitter     (TSJ):    0.071ns
    Total Input Jitter      (TIJ):    0.000ns
    Discrete Jitter          (DJ):    0.000ns
    Phase Error              (PE):    0.000ns

    Location             Delay type                Incr(ns)  Path(ns)    Netlist Resource(s)
  -------------------------------------------------------------------    -------------------
                         (clock sys_clk_pin rise edge)
                                                      0.000     0.000 r  
    W5                                                0.000     0.000 r  clk (IN)
                         net (fo=0)                   0.000     0.000    clk
    W5                   IBUF (Prop_ibuf_I_O)         1.458     1.458 r  clk_IBUF_inst/O
                         net (fo=1, routed)           1.967     3.425    clk_IBUF
    BUFGCTRL_X0Y0        BUFG (Prop_bufg_I_O)         0.096     3.521 r  clk_IBUF_BUFG_inst/O
                         net (fo=56, routed)          1.620     5.141    u3/CLK
    SLICE_X64Y23         FDCE                                         r  u3/d0_reg[2]/C
  -------------------------------------------------------------------    -------------------
    SLICE_X64Y23         FDCE (Prop_fdce_C_Q)         0.518     5.659 f  u3/d0_reg[2]/Q
                         net (fo=5, routed)           1.162     6.821    u3/data[2]
    SLICE_X64Y23         LUT4 (Prop_lut4_I2_O)        0.124     6.945 r  u3/d1[3]_i_3/O
                         net (fo=1, routed)           0.544     7.489    u2/d1_reg[3]
    SLICE_X61Y23         LUT4 (Prop_lut4_I3_O)        0.124     7.613 r  u2/d1[3]_i_1/O
                         net (fo=6, routed)           0.478     8.091    u3/E[0]
    SLICE_X64Y22         LUT5 (Prop_lut5_I0_O)        0.124     8.215 r  u3/d2[3]_i_1/O
                         net (fo=4, routed)           0.341     8.556    u3/d2
    SLICE_X65Y23         FDCE                                         r  u3/d2_reg[3]/CE
  -------------------------------------------------------------------    -------------------

                         (clock sys_clk_pin rise edge)
                                                     10.000    10.000 r  
    W5                                                0.000    10.000 r  clk (IN)
                         net (fo=0)                   0.000    10.000    clk
    W5                   IBUF (Prop_ibuf_I_O)         1.388    11.388 r  clk_IBUF_inst/O
                         net (fo=1, routed)           1.862    13.250    clk_IBUF
    BUFGCTRL_X0Y0        BUFG (Prop_bufg_I_O)         0.091    13.341 r  clk_IBUF_BUFG_inst/O
                         net (fo=56, routed)          1.504    14.845    u3/CLK
    SLICE_X65Y23         FDCE                                         r  u3/d2_reg[3]/C
                         clock pessimism              0.274    15.119    
                         clock uncertainty           -0.035    15.084    
    SLICE_X65Y23         FDCE (Setup_fdce_C_CE)      -0.205    14.879    u3/d2_reg[3]
  -------------------------------------------------------------------
                         required time                         14.879    
                         arrival time                          -8.556    
  -------------------------------------------------------------------
                         slack                                  6.323    

Slack (MET) :             6.335ns  (required time - arrival time)
  Source:                 u3/d0_reg[2]/C
                            (rising edge-triggered cell FDCE clocked by sys_clk_pin  {rise@0.000ns fall@5.000ns period=10.000ns})
  Destination:            u3/d3_reg[0]/CE
                            (rising edge-triggered cell FDCE clocked by sys_clk_pin  {rise@0.000ns fall@5.000ns period=10.000ns})
  Path Group:             sys_clk_pin
  Path Type:              Setup (Max at Slow Process Corner)
  Requirement:            10.000ns  (sys_clk_pin rise@10.000ns - sys_clk_pin rise@0.000ns)
  Data Path Delay:        3.422ns  (logic 0.890ns (26.007%)  route 2.532ns (73.993%))
  Logic Levels:           3  (LUT4=2 LUT6=1)
  Clock Path Skew:        -0.038ns (DCD - SCD + CPR)
    Destination Clock Delay (DCD):    4.843ns = ( 14.843 - 10.000 ) 
    Source Clock Delay      (SCD):    5.141ns
    Clock Pessimism Removal (CPR):    0.260ns
  Clock Uncertainty:      0.035ns  ((TSJ^2 + TIJ^2)^1/2 + DJ) / 2 + PE
    Total System Jitter     (TSJ):    0.071ns
    Total Input Jitter      (TIJ):    0.000ns
    Discrete Jitter          (DJ):    0.000ns
    Phase Error              (PE):    0.000ns

    Location             Delay type                Incr(ns)  Path(ns)    Netlist Resource(s)
  -------------------------------------------------------------------    -------------------
                         (clock sys_clk_pin rise edge)
                                                      0.000     0.000 r  
    W5                                                0.000     0.000 r  clk (IN)
                         net (fo=0)                   0.000     0.000    clk
    W5                   IBUF (Prop_ibuf_I_O)         1.458     1.458 r  clk_IBUF_inst/O
                         net (fo=1, routed)           1.967     3.425    clk_IBUF
    BUFGCTRL_X0Y0        BUFG (Prop_bufg_I_O)         0.096     3.521 r  clk_IBUF_BUFG_inst/O
                         net (fo=56, routed)          1.620     5.141    u3/CLK
    SLICE_X64Y23         FDCE                                         r  u3/d0_reg[2]/C
  -------------------------------------------------------------------    -------------------
    SLICE_X64Y23         FDCE (Prop_fdce_C_Q)         0.518     5.659 f  u3/d0_reg[2]/Q
                         net (fo=5, routed)           1.162     6.821    u3/data[2]
    SLICE_X64Y23         LUT4 (Prop_lut4_I2_O)        0.124     6.945 r  u3/d1[3]_i_3/O
                         net (fo=1, routed)           0.544     7.489    u2/d1_reg[3]
    SLICE_X61Y23         LUT4 (Prop_lut4_I3_O)        0.124     7.613 r  u2/d1[3]_i_1/O
                         net (fo=6, routed)           0.463     8.077    u3/E[0]
    SLICE_X64Y23         LUT6 (Prop_lut6_I5_O)        0.124     8.201 r  u3/d3[3]_i_1/O
                         net (fo=4, routed)           0.363     8.563    u3/d3_0
    SLICE_X64Y25         FDCE                                         r  u3/d3_reg[0]/CE
  -------------------------------------------------------------------    -------------------

                         (clock sys_clk_pin rise edge)
                                                     10.000    10.000 r  
    W5                                                0.000    10.000 r  clk (IN)
                         net (fo=0)                   0.000    10.000    clk
    W5                   IBUF (Prop_ibuf_I_O)         1.388    11.388 r  clk_IBUF_inst/O
                         net (fo=1, routed)           1.862    13.250    clk_IBUF
    BUFGCTRL_X0Y0        BUFG (Prop_bufg_I_O)         0.091    13.341 r  clk_IBUF_BUFG_inst/O
                         net (fo=56, routed)          1.502    14.843    u3/CLK
    SLICE_X64Y25         FDCE                                         r  u3/d3_reg[0]/C
                         clock pessimism              0.260    15.103    
                         clock uncertainty           -0.035    15.068    
    SLICE_X64Y25         FDCE (Setup_fdce_C_CE)      -0.169    14.899    u3/d3_reg[0]
  -------------------------------------------------------------------
                         required time                         14.899    
                         arrival time                          -8.563    
  -------------------------------------------------------------------
                         slack                                  6.335    

Slack (MET) :             6.335ns  (required time - arrival time)
  Source:                 u3/d0_reg[2]/C
                            (rising edge-triggered cell FDCE clocked by sys_clk_pin  {rise@0.000ns fall@5.000ns period=10.000ns})
  Destination:            u3/d3_reg[1]/CE
                            (rising edge-triggered cell FDCE clocked by sys_clk_pin  {rise@0.000ns fall@5.000ns period=10.000ns})
  Path Group:             sys_clk_pin
  Path Type:              Setup (Max at Slow Process Corner)
  Requirement:            10.000ns  (sys_clk_pin rise@10.000ns - sys_clk_pin rise@0.000ns)
  Data Path Delay:        3.422ns  (logic 0.890ns (26.007%)  route 2.532ns (73.993%))
  Logic Levels:           3  (LUT4=2 LUT6=1)
  Clock Path Skew:        -0.038ns (DCD - SCD + CPR)
    Destination Clock Delay (DCD):    4.843ns = ( 14.843 - 10.000 ) 
    Source Clock Delay      (SCD):    5.141ns
    Clock Pessimism Removal (CPR):    0.260ns
  Clock Uncertainty:      0.035ns  ((TSJ^2 + TIJ^2)^1/2 + DJ) / 2 + PE
    Total System Jitter     (TSJ):    0.071ns
    Total Input Jitter      (TIJ):    0.000ns
    Discrete Jitter          (DJ):    0.000ns
    Phase Error              (PE):    0.000ns

    Location             Delay type                Incr(ns)  Path(ns)    Netlist Resource(s)
  -------------------------------------------------------------------    -------------------
                         (clock sys_clk_pin rise edge)
                                                      0.000     0.000 r  
    W5                                                0.000     0.000 r  clk (IN)
                         net (fo=0)                   0.000     0.000    clk
    W5                   IBUF (Prop_ibuf_I_O)         1.458     1.458 r  clk_IBUF_inst/O
                         net (fo=1, routed)           1.967     3.425    clk_IBUF
    BUFGCTRL_X0Y0        BUFG (Prop_bufg_I_O)         0.096     3.521 r  clk_IBUF_BUFG_inst/O
                         net (fo=56, routed)          1.620     5.141    u3/CLK
    SLICE_X64Y23         FDCE                                         r  u3/d0_reg[2]/C
  -------------------------------------------------------------------    -------------------
    SLICE_X64Y23         FDCE (Prop_fdce_C_Q)         0.518     5.659 f  u3/d0_reg[2]/Q
                         net (fo=5, routed)           1.162     6.821    u3/data[2]
    SLICE_X64Y23         LUT4 (Prop_lut4_I2_O)        0.124     6.945 r  u3/d1[3]_i_3/O
                         net (fo=1, routed)           0.544     7.489    u2/d1_reg[3]
    SLICE_X61Y23         LUT4 (Prop_lut4_I3_O)        0.124     7.613 r  u2/d1[3]_i_1/O
                         net (fo=6, routed)           0.463     8.077    u3/E[0]
    SLICE_X64Y23         LUT6 (Prop_lut6_I5_O)        0.124     8.201 r  u3/d3[3]_i_1/O
                         net (fo=4, routed)           0.363     8.563    u3/d3_0
    SLICE_X64Y25         FDCE                                         r  u3/d3_reg[1]/CE
  -------------------------------------------------------------------    -------------------

                         (clock sys_clk_pin rise edge)
                                                     10.000    10.000 r  
    W5                                                0.000    10.000 r  clk (IN)
                         net (fo=0)                   0.000    10.000    clk
    W5                   IBUF (Prop_ibuf_I_O)         1.388    11.388 r  clk_IBUF_inst/O
                         net (fo=1, routed)           1.862    13.250    clk_IBUF
    BUFGCTRL_X0Y0        BUFG (Prop_bufg_I_O)         0.091    13.341 r  clk_IBUF_BUFG_inst/O
                         net (fo=56, routed)          1.502    14.843    u3/CLK
    SLICE_X64Y25         FDCE                                         r  u3/d3_reg[1]/C
                         clock pessimism              0.260    15.103    
                         clock uncertainty           -0.035    15.068    
    SLICE_X64Y25         FDCE (Setup_fdce_C_CE)      -0.169    14.899    u3/d3_reg[1]
  -------------------------------------------------------------------
                         required time                         14.899    
                         arrival time                          -8.563    
  -------------------------------------------------------------------
                         slack                                  6.335    

Slack (MET) :             6.335ns  (required time - arrival time)
  Source:                 u3/d0_reg[2]/C
                            (rising edge-triggered cell FDCE clocked by sys_clk_pin  {rise@0.000ns fall@5.000ns period=10.000ns})
  Destination:            u3/d3_reg[2]/CE
                            (rising edge-triggered cell FDCE clocked by sys_clk_pin  {rise@0.000ns fall@5.000ns period=10.000ns})
  Path Group:             sys_clk_pin
  Path Type:              Setup (Max at Slow Process Corner)
  Requirement:            10.000ns  (sys_clk_pin rise@10.000ns - sys_clk_pin rise@0.000ns)
  Data Path Delay:        3.422ns  (logic 0.890ns (26.007%)  route 2.532ns (73.993%))
  Logic Levels:           3  (LUT4=2 LUT6=1)
  Clock Path Skew:        -0.038ns (DCD - SCD + CPR)
    Destination Clock Delay (DCD):    4.843ns = ( 14.843 - 10.000 ) 
    Source Clock Delay      (SCD):    5.141ns
    Clock Pessimism Removal (CPR):    0.260ns
  Clock Uncertainty:      0.035ns  ((TSJ^2 + TIJ^2)^1/2 + DJ) / 2 + PE
    Total System Jitter     (TSJ):    0.071ns
    Total Input Jitter      (TIJ):    0.000ns
    Discrete Jitter          (DJ):    0.000ns
    Phase Error              (PE):    0.000ns

    Location             Delay type                Incr(ns)  Path(ns)    Netlist Resource(s)
  -------------------------------------------------------------------    -------------------
                         (clock sys_clk_pin rise edge)
                                                      0.000     0.000 r  
    W5                                                0.000     0.000 r  clk (IN)
                         net (fo=0)                   0.000     0.000    clk
    W5                   IBUF (Prop_ibuf_I_O)         1.458     1.458 r  clk_IBUF_inst/O
                         net (fo=1, routed)           1.967     3.425    clk_IBUF
    BUFGCTRL_X0Y0        BUFG (Prop_bufg_I_O)         0.096     3.521 r  clk_IBUF_BUFG_inst/O
                         net (fo=56, routed)          1.620     5.141    u3/CLK
    SLICE_X64Y23         FDCE                                         r  u3/d0_reg[2]/C
  -------------------------------------------------------------------    -------------------
    SLICE_X64Y23         FDCE (Prop_fdce_C_Q)         0.518     5.659 f  u3/d0_reg[2]/Q
                         net (fo=5, routed)           1.162     6.821    u3/data[2]
    SLICE_X64Y23         LUT4 (Prop_lut4_I2_O)        0.124     6.945 r  u3/d1[3]_i_3/O
                         net (fo=1, routed)           0.544     7.489    u2/d1_reg[3]
    SLICE_X61Y23         LUT4 (Prop_lut4_I3_O)        0.124     7.613 r  u2/d1[3]_i_1/O
                         net (fo=6, routed)           0.463     8.077    u3/E[0]
    SLICE_X64Y23         LUT6 (Prop_lut6_I5_O)        0.124     8.201 r  u3/d3[3]_i_1/O
                         net (fo=4, routed)           0.363     8.563    u3/d3_0
    SLICE_X64Y25         FDCE                                         r  u3/d3_reg[2]/CE
  -------------------------------------------------------------------    -------------------

                         (clock sys_clk_pin rise edge)
                                                     10.000    10.000 r  
    W5                                                0.000    10.000 r  clk (IN)
                         net (fo=0)                   0.000    10.000    clk
    W5                   IBUF (Prop_ibuf_I_O)         1.388    11.388 r  clk_IBUF_inst/O
                         net (fo=1, routed)           1.862    13.250    clk_IBUF
    BUFGCTRL_X0Y0        BUFG (Prop_bufg_I_O)         0.091    13.341 r  clk_IBUF_BUFG_inst/O
                         net (fo=56, routed)          1.502    14.843    u3/CLK
    SLICE_X64Y25         FDCE                                         r  u3/d3_reg[2]/C
                         clock pessimism              0.260    15.103    
                         clock uncertainty           -0.035    15.068    
    SLICE_X64Y25         FDCE (Setup_fdce_C_CE)      -0.169    14.899    u3/d3_reg[2]
  -------------------------------------------------------------------
                         required time                         14.899    
                         arrival time                          -8.563    
  -------------------------------------------------------------------
                         slack                                  6.335    

Slack (MET) :             6.335ns  (required time - arrival time)
  Source:                 u3/d0_reg[2]/C
                            (rising edge-triggered cell FDCE clocked by sys_clk_pin  {rise@0.000ns fall@5.000ns period=10.000ns})
  Destination:            u3/d3_reg[3]/CE
                            (rising edge-triggered cell FDCE clocked by sys_clk_pin  {rise@0.000ns fall@5.000ns period=10.000ns})
  Path Group:             sys_clk_pin
  Path Type:              Setup (Max at Slow Process Corner)
  Requirement:            10.000ns  (sys_clk_pin rise@10.000ns - sys_clk_pin rise@0.000ns)
  Data Path Delay:        3.422ns  (logic 0.890ns (26.007%)  route 2.532ns (73.993%))
  Logic Levels:           3  (LUT4=2 LUT6=1)
  Clock Path Skew:        -0.038ns (DCD - SCD + CPR)
    Destination Clock Delay (DCD):    4.843ns = ( 14.843 - 10.000 ) 
    Source Clock Delay      (SCD):    5.141ns
    Clock Pessimism Removal (CPR):    0.260ns
  Clock Uncertainty:      0.035ns  ((TSJ^2 + TIJ^2)^1/2 + DJ) / 2 + PE
    Total System Jitter     (TSJ):    0.071ns
    Total Input Jitter      (TIJ):    0.000ns
    Discrete Jitter          (DJ):    0.000ns
    Phase Error              (PE):    0.000ns

    Location             Delay type                Incr(ns)  Path(ns)    Netlist Resource(s)
  -------------------------------------------------------------------    -------------------
                         (clock sys_clk_pin rise edge)
                                                      0.000     0.000 r  
    W5                                                0.000     0.000 r  clk (IN)
                         net (fo=0)                   0.000     0.000    clk
    W5                   IBUF (Prop_ibuf_I_O)         1.458     1.458 r  clk_IBUF_inst/O
                         net (fo=1, routed)           1.967     3.425    clk_IBUF
    BUFGCTRL_X0Y0        BUFG (Prop_bufg_I_O)         0.096     3.521 r  clk_IBUF_BUFG_inst/O
                         net (fo=56, routed)          1.620     5.141    u3/CLK
    SLICE_X64Y23         FDCE                                         r  u3/d0_reg[2]/C
  -------------------------------------------------------------------    -------------------
    SLICE_X64Y23         FDCE (Prop_fdce_C_Q)         0.518     5.659 f  u3/d0_reg[2]/Q
                         net (fo=5, routed)           1.162     6.821    u3/data[2]
    SLICE_X64Y23         LUT4 (Prop_lut4_I2_O)        0.124     6.945 r  u3/d1[3]_i_3/O
                         net (fo=1, routed)           0.544     7.489    u2/d1_reg[3]
    SLICE_X61Y23         LUT4 (Prop_lut4_I3_O)        0.124     7.613 r  u2/d1[3]_i_1/O
                         net (fo=6, routed)           0.463     8.077    u3/E[0]
    SLICE_X64Y23         LUT6 (Prop_lut6_I5_O)        0.124     8.201 r  u3/d3[3]_i_1/O
                         net (fo=4, routed)           0.363     8.563    u3/d3_0
    SLICE_X64Y25         FDCE                                         r  u3/d3_reg[3]/CE
  -------------------------------------------------------------------    -------------------

                         (clock sys_clk_pin rise edge)
                                                     10.000    10.000 r  
    W5                                                0.000    10.000 r  clk (IN)
                         net (fo=0)                   0.000    10.000    clk
    W5                   IBUF (Prop_ibuf_I_O)         1.388    11.388 r  clk_IBUF_inst/O
                         net (fo=1, routed)           1.862    13.250    clk_IBUF
    BUFGCTRL_X0Y0        BUFG (Prop_bufg_I_O)         0.091    13.341 r  clk_IBUF_BUFG_inst/O
                         net (fo=56, routed)          1.502    14.843    u3/CLK
    SLICE_X64Y25         FDCE                                         r  u3/d3_reg[3]/C
                         clock pessimism              0.260    15.103    
                         clock uncertainty           -0.035    15.068    
    SLICE_X64Y25         FDCE (Setup_fdce_C_CE)      -0.169    14.899    u3/d3_reg[3]
  -------------------------------------------------------------------
                         required time                         14.899    
                         arrival time                          -8.563    
  -------------------------------------------------------------------
                         slack                                  6.335    

Slack (MET) :             6.670ns  (required time - arrival time)
  Source:                 u3/d0_reg[2]/C
                            (rising edge-triggered cell FDCE clocked by sys_clk_pin  {rise@0.000ns fall@5.000ns period=10.000ns})
  Destination:            u3/d1_reg[0]/CE
                            (rising edge-triggered cell FDCE clocked by sys_clk_pin  {rise@0.000ns fall@5.000ns period=10.000ns})
  Path Group:             sys_clk_pin
  Path Type:              Setup (Max at Slow Process Corner)
  Requirement:            10.000ns  (sys_clk_pin rise@10.000ns - sys_clk_pin rise@0.000ns)
  Data Path Delay:        3.104ns  (logic 0.766ns (24.675%)  route 2.338ns (75.325%))
  Logic Levels:           2  (LUT4=2)
  Clock Path Skew:        -0.021ns (DCD - SCD + CPR)
    Destination Clock Delay (DCD):    4.846ns = ( 14.846 - 10.000 ) 
    Source Clock Delay      (SCD):    5.141ns
    Clock Pessimism Removal (CPR):    0.274ns
  Clock Uncertainty:      0.035ns  ((TSJ^2 + TIJ^2)^1/2 + DJ) / 2 + PE
    Total System Jitter     (TSJ):    0.071ns
    Total Input Jitter      (TIJ):    0.000ns
    Discrete Jitter          (DJ):    0.000ns
    Phase Error              (PE):    0.000ns

    Location             Delay type                Incr(ns)  Path(ns)    Netlist Resource(s)
  -------------------------------------------------------------------    -------------------
                         (clock sys_clk_pin rise edge)
                                                      0.000     0.000 r  
    W5                                                0.000     0.000 r  clk (IN)
                         net (fo=0)                   0.000     0.000    clk
    W5                   IBUF (Prop_ibuf_I_O)         1.458     1.458 r  clk_IBUF_inst/O
                         net (fo=1, routed)           1.967     3.425    clk_IBUF
    BUFGCTRL_X0Y0        BUFG (Prop_bufg_I_O)         0.096     3.521 r  clk_IBUF_BUFG_inst/O
                         net (fo=56, routed)          1.620     5.141    u3/CLK
    SLICE_X64Y23         FDCE                                         r  u3/d0_reg[2]/C
  -------------------------------------------------------------------    -------------------
    SLICE_X64Y23         FDCE (Prop_fdce_C_Q)         0.518     5.659 f  u3/d0_reg[2]/Q
                         net (fo=5, routed)           1.162     6.821    u3/data[2]
    SLICE_X64Y23         LUT4 (Prop_lut4_I2_O)        0.124     6.945 r  u3/d1[3]_i_3/O
                         net (fo=1, routed)           0.544     7.489    u2/d1_reg[3]
    SLICE_X61Y23         LUT4 (Prop_lut4_I3_O)        0.124     7.613 r  u2/d1[3]_i_1/O
                         net (fo=6, routed)           0.632     8.246    u3/E[0]
    SLICE_X64Y22         FDCE                                         r  u3/d1_reg[0]/CE
  -------------------------------------------------------------------    -------------------

                         (clock sys_clk_pin rise edge)
                                                     10.000    10.000 r  
    W5                                                0.000    10.000 r  clk (IN)
                         net (fo=0)                   0.000    10.000    clk
    W5                   IBUF (Prop_ibuf_I_O)         1.388    11.388 r  clk_IBUF_inst/O
                         net (fo=1, routed)           1.862    13.250    clk_IBUF
    BUFGCTRL_X0Y0        BUFG (Prop_bufg_I_O)         0.091    13.341 r  clk_IBUF_BUFG_inst/O
                         net (fo=56, routed)          1.505    14.846    u3/CLK
    SLICE_X64Y22         FDCE                                         r  u3/d1_reg[0]/C
                         clock pessimism              0.274    15.120    
                         clock uncertainty           -0.035    15.085    
    SLICE_X64Y22         FDCE (Setup_fdce_C_CE)      -0.169    14.916    u3/d1_reg[0]
  -------------------------------------------------------------------
                         required time                         14.916    
                         arrival time                          -8.246    
  -------------------------------------------------------------------
                         slack                                  6.670    

Slack (MET) :             6.670ns  (required time - arrival time)
  Source:                 u3/d0_reg[2]/C
                            (rising edge-triggered cell FDCE clocked by sys_clk_pin  {rise@0.000ns fall@5.000ns period=10.000ns})
  Destination:            u3/d1_reg[1]/CE
                            (rising edge-triggered cell FDCE clocked by sys_clk_pin  {rise@0.000ns fall@5.000ns period=10.000ns})
  Path Group:             sys_clk_pin
  Path Type:              Setup (Max at Slow Process Corner)
  Requirement:            10.000ns  (sys_clk_pin rise@10.000ns - sys_clk_pin rise@0.000ns)
  Data Path Delay:        3.104ns  (logic 0.766ns (24.675%)  route 2.338ns (75.325%))
  Logic Levels:           2  (LUT4=2)
  Clock Path Skew:        -0.021ns (DCD - SCD + CPR)
    Destination Clock Delay (DCD):    4.846ns = ( 14.846 - 10.000 ) 
    Source Clock Delay      (SCD):    5.141ns
    Clock Pessimism Removal (CPR):    0.274ns
  Clock Uncertainty:      0.035ns  ((TSJ^2 + TIJ^2)^1/2 + DJ) / 2 + PE
    Total System Jitter     (TSJ):    0.071ns
    Total Input Jitter      (TIJ):    0.000ns
    Discrete Jitter          (DJ):    0.000ns
    Phase Error              (PE):    0.000ns

    Location             Delay type                Incr(ns)  Path(ns)    Netlist Resource(s)
  -------------------------------------------------------------------    -------------------
                         (clock sys_clk_pin rise edge)
                                                      0.000     0.000 r  
    W5                                                0.000     0.000 r  clk (IN)
                         net (fo=0)                   0.000     0.000    clk
    W5                   IBUF (Prop_ibuf_I_O)         1.458     1.458 r  clk_IBUF_inst/O
                         net (fo=1, routed)           1.967     3.425    clk_IBUF
    BUFGCTRL_X0Y0        BUFG (Prop_bufg_I_O)         0.096     3.521 r  clk_IBUF_BUFG_inst/O
                         net (fo=56, routed)          1.620     5.141    u3/CLK
    SLICE_X64Y23         FDCE                                         r  u3/d0_reg[2]/C
  -------------------------------------------------------------------    -------------------
    SLICE_X64Y23         FDCE (Prop_fdce_C_Q)         0.518     5.659 f  u3/d0_reg[2]/Q
                         net (fo=5, routed)           1.162     6.821    u3/data[2]
    SLICE_X64Y23         LUT4 (Prop_lut4_I2_O)        0.124     6.945 r  u3/d1[3]_i_3/O
                         net (fo=1, routed)           0.544     7.489    u2/d1_reg[3]
    SLICE_X61Y23         LUT4 (Prop_lut4_I3_O)        0.124     7.613 r  u2/d1[3]_i_1/O
                         net (fo=6, routed)           0.632     8.246    u3/E[0]
    SLICE_X64Y22         FDCE                                         r  u3/d1_reg[1]/CE
  -------------------------------------------------------------------    -------------------

                         (clock sys_clk_pin rise edge)
                                                     10.000    10.000 r  
    W5                                                0.000    10.000 r  clk (IN)
                         net (fo=0)                   0.000    10.000    clk
    W5                   IBUF (Prop_ibuf_I_O)         1.388    11.388 r  clk_IBUF_inst/O
                         net (fo=1, routed)           1.862    13.250    clk_IBUF
    BUFGCTRL_X0Y0        BUFG (Prop_bufg_I_O)         0.091    13.341 r  clk_IBUF_BUFG_inst/O
                         net (fo=56, routed)          1.505    14.846    u3/CLK
    SLICE_X64Y22         FDCE                                         r  u3/d1_reg[1]/C
                         clock pessimism              0.274    15.120    
                         clock uncertainty           -0.035    15.085    
    SLICE_X64Y22         FDCE (Setup_fdce_C_CE)      -0.169    14.916    u3/d1_reg[1]
  -------------------------------------------------------------------
                         required time                         14.916    
                         arrival time                          -8.246    
  -------------------------------------------------------------------
                         slack                                  6.670    





Min Delay Paths
--------------------------------------------------------------------------------------
Slack (MET) :             0.185ns  (arrival time - required time)
  Source:                 u2/inc_old_reg/C
                            (rising edge-triggered cell FDCE clocked by sys_clk_pin  {rise@0.000ns fall@5.000ns period=10.000ns})
  Destination:            u2/inc_pulse_reg/D
                            (rising edge-triggered cell FDCE clocked by sys_clk_pin  {rise@0.000ns fall@5.000ns period=10.000ns})
  Path Group:             sys_clk_pin
  Path Type:              Hold (Min at Fast Process Corner)
  Requirement:            0.000ns  (sys_clk_pin rise@0.000ns - sys_clk_pin rise@0.000ns)
  Data Path Delay:        0.305ns  (logic 0.246ns (80.588%)  route 0.059ns (19.412%))
  Logic Levels:           1  (LUT3=1)
  Clock Path Skew:        0.000ns (DCD - SCD - CPR)
    Destination Clock Delay (DCD):    1.975ns
    Source Clock Delay      (SCD):    1.464ns
    Clock Pessimism Removal (CPR):    0.511ns

    Location             Delay type                Incr(ns)  Path(ns)    Netlist Resource(s)
  -------------------------------------------------------------------    -------------------
                         (clock sys_clk_pin rise edge)
                                                      0.000     0.000 r  
    W5                                                0.000     0.000 r  clk (IN)
                         net (fo=0)                   0.000     0.000    clk
    W5                   IBUF (Prop_ibuf_I_O)         0.226     0.226 r  clk_IBUF_inst/O
                         net (fo=1, routed)           0.631     0.858    clk_IBUF
    BUFGCTRL_X0Y0        BUFG (Prop_bufg_I_O)         0.026     0.884 r  clk_IBUF_BUFG_inst/O
                         net (fo=56, routed)          0.581     1.464    u2/CLK
    SLICE_X60Y24         FDCE                                         r  u2/inc_old_reg/C
  -------------------------------------------------------------------    -------------------
    SLICE_X60Y24         FDCE (Prop_fdce_C_Q)         0.148     1.612 f  u2/inc_old_reg/Q
                         net (fo=1, routed)           0.059     1.671    u2/inc_old
    SLICE_X60Y24         LUT3 (Prop_lut3_I1_O)        0.098     1.769 r  u2/inc_pulse_i_1/O
                         net (fo=1, routed)           0.000     1.769    u2/inc_pulse0
    SLICE_X60Y24         FDCE                                         r  u2/inc_pulse_reg/D
  -------------------------------------------------------------------    -------------------

                         (clock sys_clk_pin rise edge)
                                                      0.000     0.000 r  
    W5                                                0.000     0.000 r  clk (IN)
                         net (fo=0)                   0.000     0.000    clk
    W5                   IBUF (Prop_ibuf_I_O)         0.414     0.414 r  clk_IBUF_inst/O
                         net (fo=1, routed)           0.685     1.099    clk_IBUF
    BUFGCTRL_X0Y0        BUFG (Prop_bufg_I_O)         0.029     1.128 r  clk_IBUF_BUFG_inst/O
                         net (fo=56, routed)          0.848     1.975    u2/CLK
    SLICE_X60Y24         FDCE                                         r  u2/inc_pulse_reg/C
                         clock pessimism             -0.511     1.464    
    SLICE_X60Y24         FDCE (Hold_fdce_C_D)         0.120     1.584    u2/inc_pulse_reg
  -------------------------------------------------------------------
                         required time                         -1.584    
                         arrival time                           1.769    
  -------------------------------------------------------------------
                         slack                                  0.185    

Slack (MET) :             0.244ns  (arrival time - required time)
  Source:                 u4/refresh_reg[15]/C
                            (rising edge-triggered cell FDRE clocked by sys_clk_pin  {rise@0.000ns fall@5.000ns period=10.000ns})
  Destination:            u4/sel_reg[0]/D
                            (rising edge-triggered cell FDRE clocked by sys_clk_pin  {rise@0.000ns fall@5.000ns period=10.000ns})
  Path Group:             sys_clk_pin
  Path Type:              Hold (Min at Fast Process Corner)
  Requirement:            0.000ns  (sys_clk_pin rise@0.000ns - sys_clk_pin rise@0.000ns)
  Data Path Delay:        0.316ns  (logic 0.141ns (44.632%)  route 0.175ns (55.368%))
  Logic Levels:           0  
  Clock Path Skew:        0.013ns (DCD - SCD - CPR)
    Destination Clock Delay (DCD):    1.980ns
    Source Clock Delay      (SCD):    1.468ns
    Clock Pessimism Removal (CPR):    0.499ns

    Location             Delay type                Incr(ns)  Path(ns)    Netlist Resource(s)
  -------------------------------------------------------------------    -------------------
                         (clock sys_clk_pin rise edge)
                                                      0.000     0.000 r  
    W5                                                0.000     0.000 r  clk (IN)
                         net (fo=0)                   0.000     0.000    clk
    W5                   IBUF (Prop_ibuf_I_O)         0.226     0.226 r  clk_IBUF_inst/O
                         net (fo=1, routed)           0.631     0.858    clk_IBUF
    BUFGCTRL_X0Y0        BUFG (Prop_bufg_I_O)         0.026     0.884 r  clk_IBUF_BUFG_inst/O
                         net (fo=56, routed)          0.585     1.468    u4/CLK
    SLICE_X65Y28         FDRE                                         r  u4/refresh_reg[15]/C
  -------------------------------------------------------------------    -------------------
    SLICE_X65Y28         FDRE (Prop_fdre_C_Q)         0.141     1.609 r  u4/refresh_reg[15]/Q
                         net (fo=2, routed)           0.175     1.784    u4/p_0_in[0]
    SLICE_X64Y27         FDRE                                         r  u4/sel_reg[0]/D
  -------------------------------------------------------------------    -------------------

                         (clock sys_clk_pin rise edge)
                                                      0.000     0.000 r  
    W5                                                0.000     0.000 r  clk (IN)
                         net (fo=0)                   0.000     0.000    clk
    W5                   IBUF (Prop_ibuf_I_O)         0.414     0.414 r  clk_IBUF_inst/O
                         net (fo=1, routed)           0.685     1.099    clk_IBUF
    BUFGCTRL_X0Y0        BUFG (Prop_bufg_I_O)         0.029     1.128 r  clk_IBUF_BUFG_inst/O
                         net (fo=56, routed)          0.853     1.980    u4/CLK
    SLICE_X64Y27         FDRE                                         r  u4/sel_reg[0]/C
                         clock pessimism             -0.499     1.481    
    SLICE_X64Y27         FDRE (Hold_fdre_C_D)         0.059     1.540    u4/sel_reg[0]
  -------------------------------------------------------------------
                         required time                         -1.540    
                         arrival time                           1.784    
  -------------------------------------------------------------------
                         slack                                  0.244    

Slack (MET) :             0.251ns  (arrival time - required time)
  Source:                 u3/d3_reg[0]/C
                            (rising edge-triggered cell FDCE clocked by sys_clk_pin  {rise@0.000ns fall@5.000ns period=10.000ns})
  Destination:            u3/d3_reg[3]/D
                            (rising edge-triggered cell FDCE clocked by sys_clk_pin  {rise@0.000ns fall@5.000ns period=10.000ns})
  Path Group:             sys_clk_pin
  Path Type:              Hold (Min at Fast Process Corner)
  Requirement:            0.000ns  (sys_clk_pin rise@0.000ns - sys_clk_pin rise@0.000ns)
  Data Path Delay:        0.382ns  (logic 0.207ns (54.155%)  route 0.175ns (45.845%))
  Logic Levels:           1  (LUT4=1)
  Clock Path Skew:        0.000ns (DCD - SCD - CPR)
    Destination Clock Delay (DCD):    1.977ns
    Source Clock Delay      (SCD):    1.465ns
    Clock Pessimism Removal (CPR):    0.512ns

    Location             Delay type                Incr(ns)  Path(ns)    Netlist Resource(s)
  -------------------------------------------------------------------    -------------------
                         (clock sys_clk_pin rise edge)
                                                      0.000     0.000 r  
    W5                                                0.000     0.000 r  clk (IN)
                         net (fo=0)                   0.000     0.000    clk
    W5                   IBUF (Prop_ibuf_I_O)         0.226     0.226 r  clk_IBUF_inst/O
                         net (fo=1, routed)           0.631     0.858    clk_IBUF
    BUFGCTRL_X0Y0        BUFG (Prop_bufg_I_O)         0.026     0.884 r  clk_IBUF_BUFG_inst/O
                         net (fo=56, routed)          0.582     1.465    u3/CLK
    SLICE_X64Y25         FDCE                                         r  u3/d3_reg[0]/C
  -------------------------------------------------------------------    -------------------
    SLICE_X64Y25         FDCE (Prop_fdce_C_Q)         0.164     1.629 r  u3/d3_reg[0]/Q
                         net (fo=5, routed)           0.175     1.804    u3/d3[0]
    SLICE_X64Y25         LUT4 (Prop_lut4_I1_O)        0.043     1.847 r  u3/d3[3]_i_2/O
                         net (fo=1, routed)           0.000     1.847    u3/d3[3]_i_2_n_0
    SLICE_X64Y25         FDCE                                         r  u3/d3_reg[3]/D
  -------------------------------------------------------------------    -------------------

                         (clock sys_clk_pin rise edge)
                                                      0.000     0.000 r  
    W5                                                0.000     0.000 r  clk (IN)
                         net (fo=0)                   0.000     0.000    clk
    W5                   IBUF (Prop_ibuf_I_O)         0.414     0.414 r  clk_IBUF_inst/O
                         net (fo=1, routed)           0.685     1.099    clk_IBUF
    BUFGCTRL_X0Y0        BUFG (Prop_bufg_I_O)         0.029     1.128 r  clk_IBUF_BUFG_inst/O
                         net (fo=56, routed)          0.850     1.977    u3/CLK
    SLICE_X64Y25         FDCE                                         r  u3/d3_reg[3]/C
                         clock pessimism             -0.512     1.465    
    SLICE_X64Y25         FDCE (Hold_fdce_C_D)         0.131     1.596    u3/d3_reg[3]
  -------------------------------------------------------------------
                         required time                         -1.596    
                         arrival time                           1.847    
  -------------------------------------------------------------------
                         slack                                  0.251    

Slack (MET) :             0.252ns  (arrival time - required time)
  Source:                 u4/refresh_reg[11]/C
                            (rising edge-triggered cell FDRE clocked by sys_clk_pin  {rise@0.000ns fall@5.000ns period=10.000ns})
  Destination:            u4/refresh_reg[11]/D
                            (rising edge-triggered cell FDRE clocked by sys_clk_pin  {rise@0.000ns fall@5.000ns period=10.000ns})
  Path Group:             sys_clk_pin
  Path Type:              Hold (Min at Fast Process Corner)
  Requirement:            0.000ns  (sys_clk_pin rise@0.000ns - sys_clk_pin rise@0.000ns)
  Data Path Delay:        0.357ns  (logic 0.249ns (69.714%)  route 0.108ns (30.286%))
  Logic Levels:           1  (CARRY4=1)
  Clock Path Skew:        0.000ns (DCD - SCD - CPR)
    Destination Clock Delay (DCD):    1.980ns
    Source Clock Delay      (SCD):    1.468ns
    Clock Pessimism Removal (CPR):    0.512ns

    Location             Delay type                Incr(ns)  Path(ns)    Netlist Resource(s)
  -------------------------------------------------------------------    -------------------
                         (clock sys_clk_pin rise edge)
                                                      0.000     0.000 r  
    W5                                                0.000     0.000 r  clk (IN)
                         net (fo=0)                   0.000     0.000    clk
    W5                   IBUF (Prop_ibuf_I_O)         0.226     0.226 r  clk_IBUF_inst/O
                         net (fo=1, routed)           0.631     0.858    clk_IBUF
    BUFGCTRL_X0Y0        BUFG (Prop_bufg_I_O)         0.026     0.884 r  clk_IBUF_BUFG_inst/O
                         net (fo=56, routed)          0.585     1.468    u4/CLK
    SLICE_X65Y27         FDRE                                         r  u4/refresh_reg[11]/C
  -------------------------------------------------------------------    -------------------
    SLICE_X65Y27         FDRE (Prop_fdre_C_Q)         0.141     1.609 r  u4/refresh_reg[11]/Q
                         net (fo=1, routed)           0.108     1.717    u4/refresh_reg_n_0_[11]
    SLICE_X65Y27         CARRY4 (Prop_carry4_S[3]_O[3])
                                                      0.108     1.825 r  u4/refresh_reg[8]_i_1/O[3]
                         net (fo=1, routed)           0.000     1.825    u4/refresh_reg[8]_i_1_n_4
    SLICE_X65Y27         FDRE                                         r  u4/refresh_reg[11]/D
  -------------------------------------------------------------------    -------------------

                         (clock sys_clk_pin rise edge)
                                                      0.000     0.000 r  
    W5                                                0.000     0.000 r  clk (IN)
                         net (fo=0)                   0.000     0.000    clk
    W5                   IBUF (Prop_ibuf_I_O)         0.414     0.414 r  clk_IBUF_inst/O
                         net (fo=1, routed)           0.685     1.099    clk_IBUF
    BUFGCTRL_X0Y0        BUFG (Prop_bufg_I_O)         0.029     1.128 r  clk_IBUF_BUFG_inst/O
                         net (fo=56, routed)          0.853     1.980    u4/CLK
    SLICE_X65Y27         FDRE                                         r  u4/refresh_reg[11]/C
                         clock pessimism             -0.512     1.468    
    SLICE_X65Y27         FDRE (Hold_fdre_C_D)         0.105     1.573    u4/refresh_reg[11]
  -------------------------------------------------------------------
                         required time                         -1.573    
                         arrival time                           1.825    
  -------------------------------------------------------------------
                         slack                                  0.252    

Slack (MET) :             0.252ns  (arrival time - required time)
  Source:                 u4/refresh_reg[3]/C
                            (rising edge-triggered cell FDRE clocked by sys_clk_pin  {rise@0.000ns fall@5.000ns period=10.000ns})
  Destination:            u4/refresh_reg[3]/D
                            (rising edge-triggered cell FDRE clocked by sys_clk_pin  {rise@0.000ns fall@5.000ns period=10.000ns})
  Path Group:             sys_clk_pin
  Path Type:              Hold (Min at Fast Process Corner)
  Requirement:            0.000ns  (sys_clk_pin rise@0.000ns - sys_clk_pin rise@0.000ns)
  Data Path Delay:        0.357ns  (logic 0.249ns (69.714%)  route 0.108ns (30.286%))
  Logic Levels:           1  (CARRY4=1)
  Clock Path Skew:        0.000ns (DCD - SCD - CPR)
    Destination Clock Delay (DCD):    1.977ns
    Source Clock Delay      (SCD):    1.465ns
    Clock Pessimism Removal (CPR):    0.512ns

    Location             Delay type                Incr(ns)  Path(ns)    Netlist Resource(s)
  -------------------------------------------------------------------    -------------------
                         (clock sys_clk_pin rise edge)
                                                      0.000     0.000 r  
    W5                                                0.000     0.000 r  clk (IN)
                         net (fo=0)                   0.000     0.000    clk
    W5                   IBUF (Prop_ibuf_I_O)         0.226     0.226 r  clk_IBUF_inst/O
                         net (fo=1, routed)           0.631     0.858    clk_IBUF
    BUFGCTRL_X0Y0        BUFG (Prop_bufg_I_O)         0.026     0.884 r  clk_IBUF_BUFG_inst/O
                         net (fo=56, routed)          0.582     1.465    u4/CLK
    SLICE_X65Y25         FDRE                                         r  u4/refresh_reg[3]/C
  -------------------------------------------------------------------    -------------------
    SLICE_X65Y25         FDRE (Prop_fdre_C_Q)         0.141     1.606 r  u4/refresh_reg[3]/Q
                         net (fo=1, routed)           0.108     1.714    u4/refresh_reg_n_0_[3]
    SLICE_X65Y25         CARRY4 (Prop_carry4_S[3]_O[3])
                                                      0.108     1.822 r  u4/refresh_reg[0]_i_1/O[3]
                         net (fo=1, routed)           0.000     1.822    u4/refresh_reg[0]_i_1_n_4
    SLICE_X65Y25         FDRE                                         r  u4/refresh_reg[3]/D
  -------------------------------------------------------------------    -------------------

                         (clock sys_clk_pin rise edge)
                                                      0.000     0.000 r  
    W5                                                0.000     0.000 r  clk (IN)
                         net (fo=0)                   0.000     0.000    clk
    W5                   IBUF (Prop_ibuf_I_O)         0.414     0.414 r  clk_IBUF_inst/O
                         net (fo=1, routed)           0.685     1.099    clk_IBUF
    BUFGCTRL_X0Y0        BUFG (Prop_bufg_I_O)         0.029     1.128 r  clk_IBUF_BUFG_inst/O
                         net (fo=56, routed)          0.850     1.977    u4/CLK
    SLICE_X65Y25         FDRE                                         r  u4/refresh_reg[3]/C
                         clock pessimism             -0.512     1.465    
    SLICE_X65Y25         FDRE (Hold_fdre_C_D)         0.105     1.570    u4/refresh_reg[3]
  -------------------------------------------------------------------
                         required time                         -1.570    
                         arrival time                           1.822    
  -------------------------------------------------------------------
                         slack                                  0.252    

Slack (MET) :             0.252ns  (arrival time - required time)
  Source:                 u4/refresh_reg[7]/C
                            (rising edge-triggered cell FDRE clocked by sys_clk_pin  {rise@0.000ns fall@5.000ns period=10.000ns})
  Destination:            u4/refresh_reg[7]/D
                            (rising edge-triggered cell FDRE clocked by sys_clk_pin  {rise@0.000ns fall@5.000ns period=10.000ns})
  Path Group:             sys_clk_pin
  Path Type:              Hold (Min at Fast Process Corner)
  Requirement:            0.000ns  (sys_clk_pin rise@0.000ns - sys_clk_pin rise@0.000ns)
  Data Path Delay:        0.357ns  (logic 0.249ns (69.714%)  route 0.108ns (30.286%))
  Logic Levels:           1  (CARRY4=1)
  Clock Path Skew:        0.000ns (DCD - SCD - CPR)
    Destination Clock Delay (DCD):    1.978ns
    Source Clock Delay      (SCD):    1.466ns
    Clock Pessimism Removal (CPR):    0.512ns

    Location             Delay type                Incr(ns)  Path(ns)    Netlist Resource(s)
  -------------------------------------------------------------------    -------------------
                         (clock sys_clk_pin rise edge)
                                                      0.000     0.000 r  
    W5                                                0.000     0.000 r  clk (IN)
                         net (fo=0)                   0.000     0.000    clk
    W5                   IBUF (Prop_ibuf_I_O)         0.226     0.226 r  clk_IBUF_inst/O
                         net (fo=1, routed)           0.631     0.858    clk_IBUF
    BUFGCTRL_X0Y0        BUFG (Prop_bufg_I_O)         0.026     0.884 r  clk_IBUF_BUFG_inst/O
                         net (fo=56, routed)          0.583     1.466    u4/CLK
    SLICE_X65Y26         FDRE                                         r  u4/refresh_reg[7]/C
  -------------------------------------------------------------------    -------------------
    SLICE_X65Y26         FDRE (Prop_fdre_C_Q)         0.141     1.607 r  u4/refresh_reg[7]/Q
                         net (fo=1, routed)           0.108     1.715    u4/refresh_reg_n_0_[7]
    SLICE_X65Y26         CARRY4 (Prop_carry4_S[3]_O[3])
                                                      0.108     1.823 r  u4/refresh_reg[4]_i_1/O[3]
                         net (fo=1, routed)           0.000     1.823    u4/refresh_reg[4]_i_1_n_4
    SLICE_X65Y26         FDRE                                         r  u4/refresh_reg[7]/D
  -------------------------------------------------------------------    -------------------

                         (clock sys_clk_pin rise edge)
                                                      0.000     0.000 r  
    W5                                                0.000     0.000 r  clk (IN)
                         net (fo=0)                   0.000     0.000    clk
    W5                   IBUF (Prop_ibuf_I_O)         0.414     0.414 r  clk_IBUF_inst/O
                         net (fo=1, routed)           0.685     1.099    clk_IBUF
    BUFGCTRL_X0Y0        BUFG (Prop_bufg_I_O)         0.029     1.128 r  clk_IBUF_BUFG_inst/O
                         net (fo=56, routed)          0.851     1.978    u4/CLK
    SLICE_X65Y26         FDRE                                         r  u4/refresh_reg[7]/C
                         clock pessimism             -0.512     1.466    
    SLICE_X65Y26         FDRE (Hold_fdre_C_D)         0.105     1.571    u4/refresh_reg[7]
  -------------------------------------------------------------------
                         required time                         -1.571    
                         arrival time                           1.823    
  -------------------------------------------------------------------
                         slack                                  0.252    

Slack (MET) :             0.255ns  (arrival time - required time)
  Source:                 u4/refresh_reg[16]/C
                            (rising edge-triggered cell FDRE clocked by sys_clk_pin  {rise@0.000ns fall@5.000ns period=10.000ns})
  Destination:            u4/sel_reg[1]/D
                            (rising edge-triggered cell FDRE clocked by sys_clk_pin  {rise@0.000ns fall@5.000ns period=10.000ns})
  Path Group:             sys_clk_pin
  Path Type:              Hold (Min at Fast Process Corner)
  Requirement:            0.000ns  (sys_clk_pin rise@0.000ns - sys_clk_pin rise@0.000ns)
  Data Path Delay:        0.319ns  (logic 0.141ns (44.198%)  route 0.178ns (55.802%))
  Logic Levels:           0  
  Clock Path Skew:        0.012ns (DCD - SCD - CPR)
    Destination Clock Delay (DCD):    1.980ns
    Source Clock Delay      (SCD):    1.469ns
    Clock Pessimism Removal (CPR):    0.499ns

    Location             Delay type                Incr(ns)  Path(ns)    Netlist Resource(s)
  -------------------------------------------------------------------    -------------------
                         (clock sys_clk_pin rise edge)
                                                      0.000     0.000 r  
    W5                                                0.000     0.000 r  clk (IN)
                         net (fo=0)                   0.000     0.000    clk
    W5                   IBUF (Prop_ibuf_I_O)         0.226     0.226 r  clk_IBUF_inst/O
                         net (fo=1, routed)           0.631     0.858    clk_IBUF
    BUFGCTRL_X0Y0        BUFG (Prop_bufg_I_O)         0.026     0.884 r  clk_IBUF_BUFG_inst/O
                         net (fo=56, routed)          0.586     1.469    u4/CLK
    SLICE_X65Y29         FDRE                                         r  u4/refresh_reg[16]/C
  -------------------------------------------------------------------    -------------------
    SLICE_X65Y29         FDRE (Prop_fdre_C_Q)         0.141     1.610 r  u4/refresh_reg[16]/Q
                         net (fo=2, routed)           0.178     1.788    u4/p_0_in[1]
    SLICE_X64Y27         FDRE                                         r  u4/sel_reg[1]/D
  -------------------------------------------------------------------    -------------------

                         (clock sys_clk_pin rise edge)
                                                      0.000     0.000 r  
    W5                                                0.000     0.000 r  clk (IN)
                         net (fo=0)                   0.000     0.000    clk
    W5                   IBUF (Prop_ibuf_I_O)         0.414     0.414 r  clk_IBUF_inst/O
                         net (fo=1, routed)           0.685     1.099    clk_IBUF
    BUFGCTRL_X0Y0        BUFG (Prop_bufg_I_O)         0.029     1.128 r  clk_IBUF_BUFG_inst/O
                         net (fo=56, routed)          0.853     1.980    u4/CLK
    SLICE_X64Y27         FDRE                                         r  u4/sel_reg[1]/C
                         clock pessimism             -0.499     1.481    
    SLICE_X64Y27         FDRE (Hold_fdre_C_D)         0.052     1.533    u4/sel_reg[1]
  -------------------------------------------------------------------
                         required time                         -1.533    
                         arrival time                           1.788    
  -------------------------------------------------------------------
                         slack                                  0.255    

Slack (MET) :             0.255ns  (arrival time - required time)
  Source:                 u3/d2_reg[1]/C
                            (rising edge-triggered cell FDCE clocked by sys_clk_pin  {rise@0.000ns fall@5.000ns period=10.000ns})
  Destination:            u3/d2_reg[3]/D
                            (rising edge-triggered cell FDCE clocked by sys_clk_pin  {rise@0.000ns fall@5.000ns period=10.000ns})
  Path Group:             sys_clk_pin
  Path Type:              Hold (Min at Fast Process Corner)
  Requirement:            0.000ns  (sys_clk_pin rise@0.000ns - sys_clk_pin rise@0.000ns)
  Data Path Delay:        0.362ns  (logic 0.183ns (50.505%)  route 0.179ns (49.495%))
  Logic Levels:           1  (LUT4=1)
  Clock Path Skew:        0.000ns (DCD - SCD - CPR)
    Destination Clock Delay (DCD):    1.978ns
    Source Clock Delay      (SCD):    1.466ns
    Clock Pessimism Removal (CPR):    0.512ns

    Location             Delay type                Incr(ns)  Path(ns)    Netlist Resource(s)
  -------------------------------------------------------------------    -------------------
                         (clock sys_clk_pin rise edge)
                                                      0.000     0.000 r  
    W5                                                0.000     0.000 r  clk (IN)
                         net (fo=0)                   0.000     0.000    clk
    W5                   IBUF (Prop_ibuf_I_O)         0.226     0.226 r  clk_IBUF_inst/O
                         net (fo=1, routed)           0.631     0.858    clk_IBUF
    BUFGCTRL_X0Y0        BUFG (Prop_bufg_I_O)         0.026     0.884 r  clk_IBUF_BUFG_inst/O
                         net (fo=56, routed)          0.583     1.466    u3/CLK
    SLICE_X65Y23         FDCE                                         r  u3/d2_reg[1]/C
  -------------------------------------------------------------------    -------------------
    SLICE_X65Y23         FDCE (Prop_fdce_C_Q)         0.141     1.607 r  u3/d2_reg[1]/Q
                         net (fo=5, routed)           0.179     1.786    u3/d2_reg_n_0_[1]
    SLICE_X65Y23         LUT4 (Prop_lut4_I0_O)        0.042     1.828 r  u3/d2[3]_i_2/O
                         net (fo=1, routed)           0.000     1.828    u3/d2[3]_i_2_n_0
    SLICE_X65Y23         FDCE                                         r  u3/d2_reg[3]/D
  -------------------------------------------------------------------    -------------------

                         (clock sys_clk_pin rise edge)
                                                      0.000     0.000 r  
    W5                                                0.000     0.000 r  clk (IN)
                         net (fo=0)                   0.000     0.000    clk
    W5                   IBUF (Prop_ibuf_I_O)         0.414     0.414 r  clk_IBUF_inst/O
                         net (fo=1, routed)           0.685     1.099    clk_IBUF
    BUFGCTRL_X0Y0        BUFG (Prop_bufg_I_O)         0.029     1.128 r  clk_IBUF_BUFG_inst/O
                         net (fo=56, routed)          0.851     1.978    u3/CLK
    SLICE_X65Y23         FDCE                                         r  u3/d2_reg[3]/C
                         clock pessimism             -0.512     1.466    
    SLICE_X65Y23         FDCE (Hold_fdce_C_D)         0.107     1.573    u3/d2_reg[3]
  -------------------------------------------------------------------
                         required time                         -1.573    
                         arrival time                           1.828    
  -------------------------------------------------------------------
                         slack                                  0.255    

Slack (MET) :             0.256ns  (arrival time - required time)
  Source:                 u4/refresh_reg[12]/C
                            (rising edge-triggered cell FDRE clocked by sys_clk_pin  {rise@0.000ns fall@5.000ns period=10.000ns})
  Destination:            u4/refresh_reg[12]/D
                            (rising edge-triggered cell FDRE clocked by sys_clk_pin  {rise@0.000ns fall@5.000ns period=10.000ns})
  Path Group:             sys_clk_pin
  Path Type:              Hold (Min at Fast Process Corner)
  Requirement:            0.000ns  (sys_clk_pin rise@0.000ns - sys_clk_pin rise@0.000ns)
  Data Path Delay:        0.361ns  (logic 0.256ns (70.880%)  route 0.105ns (29.120%))
  Logic Levels:           1  (CARRY4=1)
  Clock Path Skew:        0.000ns (DCD - SCD - CPR)
    Destination Clock Delay (DCD):    1.981ns
    Source Clock Delay      (SCD):    1.468ns
    Clock Pessimism Removal (CPR):    0.513ns

    Location             Delay type                Incr(ns)  Path(ns)    Netlist Resource(s)
  -------------------------------------------------------------------    -------------------
                         (clock sys_clk_pin rise edge)
                                                      0.000     0.000 r  
    W5                                                0.000     0.000 r  clk (IN)
                         net (fo=0)                   0.000     0.000    clk
    W5                   IBUF (Prop_ibuf_I_O)         0.226     0.226 r  clk_IBUF_inst/O
                         net (fo=1, routed)           0.631     0.858    clk_IBUF
    BUFGCTRL_X0Y0        BUFG (Prop_bufg_I_O)         0.026     0.884 r  clk_IBUF_BUFG_inst/O
                         net (fo=56, routed)          0.585     1.468    u4/CLK
    SLICE_X65Y28         FDRE                                         r  u4/refresh_reg[12]/C
  -------------------------------------------------------------------    -------------------
    SLICE_X65Y28         FDRE (Prop_fdre_C_Q)         0.141     1.609 r  u4/refresh_reg[12]/Q
                         net (fo=1, routed)           0.105     1.714    u4/refresh_reg_n_0_[12]
    SLICE_X65Y28         CARRY4 (Prop_carry4_S[0]_O[0])
                                                      0.115     1.829 r  u4/refresh_reg[12]_i_1/O[0]
                         net (fo=1, routed)           0.000     1.829    u4/refresh_reg[12]_i_1_n_7
    SLICE_X65Y28         FDRE                                         r  u4/refresh_reg[12]/D
  -------------------------------------------------------------------    -------------------

                         (clock sys_clk_pin rise edge)
                                                      0.000     0.000 r  
    W5                                                0.000     0.000 r  clk (IN)
                         net (fo=0)                   0.000     0.000    clk
    W5                   IBUF (Prop_ibuf_I_O)         0.414     0.414 r  clk_IBUF_inst/O
                         net (fo=1, routed)           0.685     1.099    clk_IBUF
    BUFGCTRL_X0Y0        BUFG (Prop_bufg_I_O)         0.029     1.128 r  clk_IBUF_BUFG_inst/O
                         net (fo=56, routed)          0.854     1.981    u4/CLK
    SLICE_X65Y28         FDRE                                         r  u4/refresh_reg[12]/C
                         clock pessimism             -0.513     1.468    
    SLICE_X65Y28         FDRE (Hold_fdre_C_D)         0.105     1.573    u4/refresh_reg[12]
  -------------------------------------------------------------------
                         required time                         -1.573    
                         arrival time                           1.829    
  -------------------------------------------------------------------
                         slack                                  0.256    

Slack (MET) :             0.256ns  (arrival time - required time)
  Source:                 u4/refresh_reg[4]/C
                            (rising edge-triggered cell FDRE clocked by sys_clk_pin  {rise@0.000ns fall@5.000ns period=10.000ns})
  Destination:            u4/refresh_reg[4]/D
                            (rising edge-triggered cell FDRE clocked by sys_clk_pin  {rise@0.000ns fall@5.000ns period=10.000ns})
  Path Group:             sys_clk_pin
  Path Type:              Hold (Min at Fast Process Corner)
  Requirement:            0.000ns  (sys_clk_pin rise@0.000ns - sys_clk_pin rise@0.000ns)
  Data Path Delay:        0.361ns  (logic 0.256ns (70.880%)  route 0.105ns (29.120%))
  Logic Levels:           1  (CARRY4=1)
  Clock Path Skew:        0.000ns (DCD - SCD - CPR)
    Destination Clock Delay (DCD):    1.978ns
    Source Clock Delay      (SCD):    1.466ns
    Clock Pessimism Removal (CPR):    0.512ns

    Location             Delay type                Incr(ns)  Path(ns)    Netlist Resource(s)
  -------------------------------------------------------------------    -------------------
                         (clock sys_clk_pin rise edge)
                                                      0.000     0.000 r  
    W5                                                0.000     0.000 r  clk (IN)
                         net (fo=0)                   0.000     0.000    clk
    W5                   IBUF (Prop_ibuf_I_O)         0.226     0.226 r  clk_IBUF_inst/O
                         net (fo=1, routed)           0.631     0.858    clk_IBUF
    BUFGCTRL_X0Y0        BUFG (Prop_bufg_I_O)         0.026     0.884 r  clk_IBUF_BUFG_inst/O
                         net (fo=56, routed)          0.583     1.466    u4/CLK
    SLICE_X65Y26         FDRE                                         r  u4/refresh_reg[4]/C
  -------------------------------------------------------------------    -------------------
    SLICE_X65Y26         FDRE (Prop_fdre_C_Q)         0.141     1.607 r  u4/refresh_reg[4]/Q
                         net (fo=1, routed)           0.105     1.712    u4/refresh_reg_n_0_[4]
    SLICE_X65Y26         CARRY4 (Prop_carry4_S[0]_O[0])
                                                      0.115     1.827 r  u4/refresh_reg[4]_i_1/O[0]
                         net (fo=1, routed)           0.000     1.827    u4/refresh_reg[4]_i_1_n_7
    SLICE_X65Y26         FDRE                                         r  u4/refresh_reg[4]/D
  -------------------------------------------------------------------    -------------------

                         (clock sys_clk_pin rise edge)
                                                      0.000     0.000 r  
    W5                                                0.000     0.000 r  clk (IN)
                         net (fo=0)                   0.000     0.000    clk
    W5                   IBUF (Prop_ibuf_I_O)         0.414     0.414 r  clk_IBUF_inst/O
                         net (fo=1, routed)           0.685     1.099    clk_IBUF
    BUFGCTRL_X0Y0        BUFG (Prop_bufg_I_O)         0.029     1.128 r  clk_IBUF_BUFG_inst/O
                         net (fo=56, routed)          0.851     1.978    u4/CLK
    SLICE_X65Y26         FDRE                                         r  u4/refresh_reg[4]/C
                         clock pessimism             -0.512     1.466    
    SLICE_X65Y26         FDRE (Hold_fdre_C_D)         0.105     1.571    u4/refresh_reg[4]
  -------------------------------------------------------------------
                         required time                         -1.571    
                         arrival time                           1.827    
  -------------------------------------------------------------------
                         slack                                  0.256    





Pulse Width Checks
--------------------------------------------------------------------------------------
Clock Name:         sys_clk_pin
Waveform(ns):       { 0.000 5.000 }
Period(ns):         10.000
Sources:            { clk }

Check Type        Corner  Lib Pin  Reference Pin  Required(ns)  Actual(ns)  Slack(ns)  Location       Pin
Min Period        n/a     BUFG/I   n/a            2.155         10.000      7.845      BUFGCTRL_X0Y0  clk_IBUF_BUFG_inst/I
Min Period        n/a     FDCE/C   n/a            1.000         10.000      9.000      SLICE_X61Y21   u1/count_reg[0]/C
Min Period        n/a     FDCE/C   n/a            1.000         10.000      9.000      SLICE_X61Y22   u1/count_reg[10]/C
Min Period        n/a     FDCE/C   n/a            1.000         10.000      9.000      SLICE_X61Y22   u1/count_reg[11]/C
Min Period        n/a     FDCE/C   n/a            1.000         10.000      9.000      SLICE_X61Y22   u1/count_reg[12]/C
Min Period        n/a     FDCE/C   n/a            1.000         10.000      9.000      SLICE_X61Y24   u1/count_reg[13]/C
Min Period        n/a     FDCE/C   n/a            1.000         10.000      9.000      SLICE_X61Y23   u1/count_reg[14]/C
Min Period        n/a     FDCE/C   n/a            1.000         10.000      9.000      SLICE_X61Y23   u1/count_reg[15]/C
Min Period        n/a     FDCE/C   n/a            1.000         10.000      9.000      SLICE_X61Y24   u1/count_reg[16]/C
Min Period        n/a     FDCE/C   n/a            1.000         10.000      9.000      SLICE_X61Y20   u1/count_reg[1]/C
Low Pulse Width   Slow    FDCE/C   n/a            0.500         5.000       4.500      SLICE_X61Y21   u1/count_reg[0]/C
Low Pulse Width   Fast    FDCE/C   n/a            0.500         5.000       4.500      SLICE_X61Y21   u1/count_reg[0]/C
Low Pulse Width   Slow    FDCE/C   n/a            0.500         5.000       4.500      SLICE_X61Y22   u1/count_reg[10]/C
Low Pulse Width   Fast    FDCE/C   n/a            0.500         5.000       4.500      SLICE_X61Y22   u1/count_reg[10]/C
Low Pulse Width   Slow    FDCE/C   n/a            0.500         5.000       4.500      SLICE_X61Y22   u1/count_reg[11]/C
Low Pulse Width   Fast    FDCE/C   n/a            0.500         5.000       4.500      SLICE_X61Y22   u1/count_reg[11]/C
Low Pulse Width   Slow    FDCE/C   n/a            0.500         5.000       4.500      SLICE_X61Y22   u1/count_reg[12]/C
Low Pulse Width   Fast    FDCE/C   n/a            0.500         5.000       4.500      SLICE_X61Y22   u1/count_reg[12]/C
Low Pulse Width   Slow    FDCE/C   n/a            0.500         5.000       4.500      SLICE_X61Y24   u1/count_reg[13]/C
Low Pulse Width   Fast    FDCE/C   n/a            0.500         5.000       4.500      SLICE_X61Y24   u1/count_reg[13]/C
High Pulse Width  Slow    FDCE/C   n/a            0.500         5.000       4.500      SLICE_X61Y21   u1/count_reg[0]/C
High Pulse Width  Fast    FDCE/C   n/a            0.500         5.000       4.500      SLICE_X61Y21   u1/count_reg[0]/C
High Pulse Width  Slow    FDCE/C   n/a            0.500         5.000       4.500      SLICE_X61Y22   u1/count_reg[10]/C
High Pulse Width  Fast    FDCE/C   n/a            0.500         5.000       4.500      SLICE_X61Y22   u1/count_reg[10]/C
High Pulse Width  Slow    FDCE/C   n/a            0.500         5.000       4.500      SLICE_X61Y22   u1/count_reg[11]/C
High Pulse Width  Fast    FDCE/C   n/a            0.500         5.000       4.500      SLICE_X61Y22   u1/count_reg[11]/C
High Pulse Width  Slow    FDCE/C   n/a            0.500         5.000       4.500      SLICE_X61Y22   u1/count_reg[12]/C
High Pulse Width  Fast    FDCE/C   n/a            0.500         5.000       4.500      SLICE_X61Y22   u1/count_reg[12]/C
High Pulse Width  Slow    FDCE/C   n/a            0.500         5.000       4.500      SLICE_X61Y24   u1/count_reg[13]/C
High Pulse Width  Fast    FDCE/C   n/a            0.500         5.000       4.500      SLICE_X61Y24   u1/count_reg[13]/C



--------------------------------------------------------------------------------------
Path Group:  (none)
From Clock:  sys_clk_pin
  To Clock:  

Max Delay            12 Endpoints
Min Delay            12 Endpoints
--------------------------------------------------------------------------------------


Max Delay Paths
--------------------------------------------------------------------------------------
Slack:                    inf
  Source:                 u4/sel_reg[0]/C
                            (rising edge-triggered cell FDRE clocked by sys_clk_pin  {rise@0.000ns fall@5.000ns period=10.000ns})
  Destination:            seg[6]
                            (output port)
  Path Group:             (none)
  Path Type:              Max at Slow Process Corner
  Data Path Delay:        8.504ns  (logic 4.527ns (53.237%)  route 3.977ns (46.763%))
  Logic Levels:           3  (LUT4=1 LUT6=1 OBUF=1)
  Clock Uncertainty:      0.025ns  ((TSJ^2 + TIJ^2)^1/2 + DJ) / 2 + PE
    Total System Jitter     (TSJ):    0.050ns
    Total Input Jitter      (TIJ):    0.000ns
    Discrete Jitter          (DJ):    0.000ns
    Phase Error              (PE):    0.000ns

    Location             Delay type                Incr(ns)  Path(ns)    Netlist Resource(s)
  -------------------------------------------------------------------    -------------------
                         (clock sys_clk_pin rise edge)
                                                      0.000     0.000 r  
    W5                                                0.000     0.000 r  clk (IN)
                         net (fo=0)                   0.000     0.000    clk
    W5                   IBUF (Prop_ibuf_I_O)         1.458     1.458 r  clk_IBUF_inst/O
                         net (fo=1, routed)           1.967     3.425    clk_IBUF
    BUFGCTRL_X0Y0        BUFG (Prop_bufg_I_O)         0.096     3.521 r  clk_IBUF_BUFG_inst/O
                         net (fo=56, routed)          1.621     5.142    u4/CLK
    SLICE_X64Y27         FDRE                                         r  u4/sel_reg[0]/C
  -------------------------------------------------------------------    -------------------
    SLICE_X64Y27         FDRE (Prop_fdre_C_Q)         0.518     5.660 r  u4/sel_reg[0]/Q
                         net (fo=8, routed)           1.015     6.675    u3/Q[0]
    SLICE_X65Y23         LUT6 (Prop_lut6_I4_O)        0.124     6.799 r  u3/seg_OBUF[6]_inst_i_4/O
                         net (fo=7, routed)           1.039     7.838    u3/sel0[3]
    SLICE_X65Y22         LUT4 (Prop_lut4_I2_O)        0.152     7.990 r  u3/seg_OBUF[6]_inst_i_1/O
                         net (fo=1, routed)           1.923     9.913    seg_OBUF[6]
    U7                   OBUF (Prop_obuf_I_O)         3.733    13.647 r  seg_OBUF[6]_inst/O
                         net (fo=0)                   0.000    13.647    seg[6]
    U7                                                                r  seg[6] (OUT)
  -------------------------------------------------------------------    -------------------

Slack:                    inf
  Source:                 u4/sel_reg[0]/C
                            (rising edge-triggered cell FDRE clocked by sys_clk_pin  {rise@0.000ns fall@5.000ns period=10.000ns})
  Destination:            seg[5]
                            (output port)
  Path Group:             (none)
  Path Type:              Max at Slow Process Corner
  Data Path Delay:        8.421ns  (logic 4.506ns (53.515%)  route 3.914ns (46.485%))
  Logic Levels:           3  (LUT4=1 LUT6=1 OBUF=1)
  Clock Uncertainty:      0.025ns  ((TSJ^2 + TIJ^2)^1/2 + DJ) / 2 + PE
    Total System Jitter     (TSJ):    0.050ns
    Total Input Jitter      (TIJ):    0.000ns
    Discrete Jitter          (DJ):    0.000ns
    Phase Error              (PE):    0.000ns

    Location             Delay type                Incr(ns)  Path(ns)    Netlist Resource(s)
  -------------------------------------------------------------------    -------------------
                         (clock sys_clk_pin rise edge)
                                                      0.000     0.000 r  
    W5                                                0.000     0.000 r  clk (IN)
                         net (fo=0)                   0.000     0.000    clk
    W5                   IBUF (Prop_ibuf_I_O)         1.458     1.458 r  clk_IBUF_inst/O
                         net (fo=1, routed)           1.967     3.425    clk_IBUF
    BUFGCTRL_X0Y0        BUFG (Prop_bufg_I_O)         0.096     3.521 r  clk_IBUF_BUFG_inst/O
                         net (fo=56, routed)          1.621     5.142    u4/CLK
    SLICE_X64Y27         FDRE                                         r  u4/sel_reg[0]/C
  -------------------------------------------------------------------    -------------------
    SLICE_X64Y27         FDRE (Prop_fdre_C_Q)         0.518     5.660 r  u4/sel_reg[0]/Q
                         net (fo=8, routed)           1.015     6.675    u3/Q[0]
    SLICE_X65Y23         LUT6 (Prop_lut6_I4_O)        0.124     6.799 r  u3/seg_OBUF[6]_inst_i_4/O
                         net (fo=7, routed)           1.038     7.837    u3/sel0[3]
    SLICE_X65Y22         LUT4 (Prop_lut4_I2_O)        0.152     7.989 r  u3/seg_OBUF[5]_inst_i_1/O
                         net (fo=1, routed)           1.862     9.851    seg_OBUF[5]
    V5                   OBUF (Prop_obuf_I_O)         3.712    13.563 r  seg_OBUF[5]_inst/O
                         net (fo=0)                   0.000    13.563    seg[5]
    V5                                                                r  seg[5] (OUT)
  -------------------------------------------------------------------    -------------------

Slack:                    inf
  Source:                 u4/sel_reg[0]/C
                            (rising edge-triggered cell FDRE clocked by sys_clk_pin  {rise@0.000ns fall@5.000ns period=10.000ns})
  Destination:            seg[4]
                            (output port)
  Path Group:             (none)
  Path Type:              Max at Slow Process Corner
  Data Path Delay:        8.205ns  (logic 4.286ns (52.237%)  route 3.919ns (47.763%))
  Logic Levels:           3  (LUT4=1 LUT6=1 OBUF=1)
  Clock Uncertainty:      0.025ns  ((TSJ^2 + TIJ^2)^1/2 + DJ) / 2 + PE
    Total System Jitter     (TSJ):    0.050ns
    Total Input Jitter      (TIJ):    0.000ns
    Discrete Jitter          (DJ):    0.000ns
    Phase Error              (PE):    0.000ns

    Location             Delay type                Incr(ns)  Path(ns)    Netlist Resource(s)
  -------------------------------------------------------------------    -------------------
                         (clock sys_clk_pin rise edge)
                                                      0.000     0.000 r  
    W5                                                0.000     0.000 r  clk (IN)
                         net (fo=0)                   0.000     0.000    clk
    W5                   IBUF (Prop_ibuf_I_O)         1.458     1.458 r  clk_IBUF_inst/O
                         net (fo=1, routed)           1.967     3.425    clk_IBUF
    BUFGCTRL_X0Y0        BUFG (Prop_bufg_I_O)         0.096     3.521 r  clk_IBUF_BUFG_inst/O
                         net (fo=56, routed)          1.621     5.142    u4/CLK
    SLICE_X64Y27         FDRE                                         r  u4/sel_reg[0]/C
  -------------------------------------------------------------------    -------------------
    SLICE_X64Y27         FDRE (Prop_fdre_C_Q)         0.518     5.660 r  u4/sel_reg[0]/Q
                         net (fo=8, routed)           1.015     6.675    u3/Q[0]
    SLICE_X65Y23         LUT6 (Prop_lut6_I4_O)        0.124     6.799 r  u3/seg_OBUF[6]_inst_i_4/O
                         net (fo=7, routed)           1.038     7.837    u3/sel0[3]
    SLICE_X65Y22         LUT4 (Prop_lut4_I2_O)        0.124     7.961 r  u3/seg_OBUF[4]_inst_i_1/O
                         net (fo=1, routed)           1.866     9.827    seg_OBUF[4]
    U5                   OBUF (Prop_obuf_I_O)         3.520    13.347 r  seg_OBUF[4]_inst/O
                         net (fo=0)                   0.000    13.347    seg[4]
    U5                                                                r  seg[4] (OUT)
  -------------------------------------------------------------------    -------------------

Slack:                    inf
  Source:                 u3/d3_reg[2]/C
                            (rising edge-triggered cell FDCE clocked by sys_clk_pin  {rise@0.000ns fall@5.000ns period=10.000ns})
  Destination:            seg[1]
                            (output port)
  Path Group:             (none)
  Path Type:              Max at Slow Process Corner
  Data Path Delay:        8.108ns  (logic 4.662ns (57.503%)  route 3.446ns (42.497%))
  Logic Levels:           3  (LUT4=1 LUT6=1 OBUF=1)
  Clock Uncertainty:      0.025ns  ((TSJ^2 + TIJ^2)^1/2 + DJ) / 2 + PE
    Total System Jitter     (TSJ):    0.050ns
    Total Input Jitter      (TIJ):    0.000ns
    Discrete Jitter          (DJ):    0.000ns
    Phase Error              (PE):    0.000ns

    Location             Delay type                Incr(ns)  Path(ns)    Netlist Resource(s)
  -------------------------------------------------------------------    -------------------
                         (clock sys_clk_pin rise edge)
                                                      0.000     0.000 r  
    W5                                                0.000     0.000 r  clk (IN)
                         net (fo=0)                   0.000     0.000    clk
    W5                   IBUF (Prop_ibuf_I_O)         1.458     1.458 r  clk_IBUF_inst/O
                         net (fo=1, routed)           1.967     3.425    clk_IBUF
    BUFGCTRL_X0Y0        BUFG (Prop_bufg_I_O)         0.096     3.521 r  clk_IBUF_BUFG_inst/O
                         net (fo=56, routed)          1.618     5.139    u3/CLK
    SLICE_X64Y25         FDCE                                         r  u3/d3_reg[2]/C
  -------------------------------------------------------------------    -------------------
    SLICE_X64Y25         FDCE (Prop_fdce_C_Q)         0.478     5.617 r  u3/d3_reg[2]/Q
                         net (fo=4, routed)           0.895     6.512    u3/d3[2]
    SLICE_X64Y23         LUT6 (Prop_lut6_I1_O)        0.295     6.807 r  u3/seg_OBUF[6]_inst_i_2/O
                         net (fo=7, routed)           0.888     7.695    u3/sel0[2]
    SLICE_X65Y23         LUT4 (Prop_lut4_I1_O)        0.152     7.847 r  u3/seg_OBUF[1]_inst_i_1/O
                         net (fo=1, routed)           1.663     9.510    seg_OBUF[1]
    W6                   OBUF (Prop_obuf_I_O)         3.737    13.247 r  seg_OBUF[1]_inst/O
                         net (fo=0)                   0.000    13.247    seg[1]
    W6                                                                r  seg[1] (OUT)
  -------------------------------------------------------------------    -------------------

Slack:                    inf
  Source:                 u4/sel_reg[0]/C
                            (rising edge-triggered cell FDRE clocked by sys_clk_pin  {rise@0.000ns fall@5.000ns period=10.000ns})
  Destination:            seg[3]
                            (output port)
  Path Group:             (none)
  Path Type:              Max at Slow Process Corner
  Data Path Delay:        8.031ns  (logic 4.302ns (53.561%)  route 3.730ns (46.439%))
  Logic Levels:           3  (LUT4=1 LUT6=1 OBUF=1)
  Clock Uncertainty:      0.025ns  ((TSJ^2 + TIJ^2)^1/2 + DJ) / 2 + PE
    Total System Jitter     (TSJ):    0.050ns
    Total Input Jitter      (TIJ):    0.000ns
    Discrete Jitter          (DJ):    0.000ns
    Phase Error              (PE):    0.000ns

    Location             Delay type                Incr(ns)  Path(ns)    Netlist Resource(s)
  -------------------------------------------------------------------    -------------------
                         (clock sys_clk_pin rise edge)
                                                      0.000     0.000 r  
    W5                                                0.000     0.000 r  clk (IN)
                         net (fo=0)                   0.000     0.000    clk
    W5                   IBUF (Prop_ibuf_I_O)         1.458     1.458 r  clk_IBUF_inst/O
                         net (fo=1, routed)           1.967     3.425    clk_IBUF
    BUFGCTRL_X0Y0        BUFG (Prop_bufg_I_O)         0.096     3.521 r  clk_IBUF_BUFG_inst/O
                         net (fo=56, routed)          1.621     5.142    u4/CLK
    SLICE_X64Y27         FDRE                                         r  u4/sel_reg[0]/C
  -------------------------------------------------------------------    -------------------
    SLICE_X64Y27         FDRE (Prop_fdre_C_Q)         0.518     5.660 r  u4/sel_reg[0]/Q
                         net (fo=8, routed)           1.015     6.675    u3/Q[0]
    SLICE_X65Y23         LUT6 (Prop_lut6_I4_O)        0.124     6.799 r  u3/seg_OBUF[6]_inst_i_4/O
                         net (fo=7, routed)           1.039     7.838    u3/sel0[3]
    SLICE_X65Y22         LUT4 (Prop_lut4_I2_O)        0.124     7.962 r  u3/seg_OBUF[3]_inst_i_1/O
                         net (fo=1, routed)           1.676     9.638    seg_OBUF[3]
    V8                   OBUF (Prop_obuf_I_O)         3.536    13.174 r  seg_OBUF[3]_inst/O
                         net (fo=0)                   0.000    13.174    seg[3]
    V8                                                                r  seg[3] (OUT)
  -------------------------------------------------------------------    -------------------

Slack:                    inf
  Source:                 u4/sel_reg[0]/C
                            (rising edge-triggered cell FDRE clocked by sys_clk_pin  {rise@0.000ns fall@5.000ns period=10.000ns})
  Destination:            seg[2]
                            (output port)
  Path Group:             (none)
  Path Type:              Max at Slow Process Corner
  Data Path Delay:        8.015ns  (logic 4.301ns (53.663%)  route 3.714ns (46.337%))
  Logic Levels:           3  (LUT4=1 LUT6=1 OBUF=1)
  Clock Uncertainty:      0.025ns  ((TSJ^2 + TIJ^2)^1/2 + DJ) / 2 + PE
    Total System Jitter     (TSJ):    0.050ns
    Total Input Jitter      (TIJ):    0.000ns
    Discrete Jitter          (DJ):    0.000ns
    Phase Error              (PE):    0.000ns

    Location             Delay type                Incr(ns)  Path(ns)    Netlist Resource(s)
  -------------------------------------------------------------------    -------------------
                         (clock sys_clk_pin rise edge)
                                                      0.000     0.000 r  
    W5                                                0.000     0.000 r  clk (IN)
                         net (fo=0)                   0.000     0.000    clk
    W5                   IBUF (Prop_ibuf_I_O)         1.458     1.458 r  clk_IBUF_inst/O
                         net (fo=1, routed)           1.967     3.425    clk_IBUF
    BUFGCTRL_X0Y0        BUFG (Prop_bufg_I_O)         0.096     3.521 r  clk_IBUF_BUFG_inst/O
                         net (fo=56, routed)          1.621     5.142    u4/CLK
    SLICE_X64Y27         FDRE                                         r  u4/sel_reg[0]/C
  -------------------------------------------------------------------    -------------------
    SLICE_X64Y27         FDRE (Prop_fdre_C_Q)         0.518     5.660 r  u4/sel_reg[0]/Q
                         net (fo=8, routed)           1.015     6.675    u3/Q[0]
    SLICE_X65Y23         LUT6 (Prop_lut6_I4_O)        0.124     6.799 r  u3/seg_OBUF[6]_inst_i_4/O
                         net (fo=7, routed)           1.039     7.838    u3/sel0[3]
    SLICE_X65Y22         LUT4 (Prop_lut4_I1_O)        0.124     7.962 r  u3/seg_OBUF[2]_inst_i_1/O
                         net (fo=1, routed)           1.661     9.622    seg_OBUF[2]
    U8                   OBUF (Prop_obuf_I_O)         3.535    13.157 r  seg_OBUF[2]_inst/O
                         net (fo=0)                   0.000    13.157    seg[2]
    U8                                                                r  seg[2] (OUT)
  -------------------------------------------------------------------    -------------------

Slack:                    inf
  Source:                 u3/d3_reg[2]/C
                            (rising edge-triggered cell FDCE clocked by sys_clk_pin  {rise@0.000ns fall@5.000ns period=10.000ns})
  Destination:            seg[0]
                            (output port)
  Path Group:             (none)
  Path Type:              Max at Slow Process Corner
  Data Path Delay:        7.858ns  (logic 4.408ns (56.091%)  route 3.450ns (43.909%))
  Logic Levels:           3  (LUT4=1 LUT6=1 OBUF=1)
  Clock Uncertainty:      0.025ns  ((TSJ^2 + TIJ^2)^1/2 + DJ) / 2 + PE
    Total System Jitter     (TSJ):    0.050ns
    Total Input Jitter      (TIJ):    0.000ns
    Discrete Jitter          (DJ):    0.000ns
    Phase Error              (PE):    0.000ns

    Location             Delay type                Incr(ns)  Path(ns)    Netlist Resource(s)
  -------------------------------------------------------------------    -------------------
                         (clock sys_clk_pin rise edge)
                                                      0.000     0.000 r  
    W5                                                0.000     0.000 r  clk (IN)
                         net (fo=0)                   0.000     0.000    clk
    W5                   IBUF (Prop_ibuf_I_O)         1.458     1.458 r  clk_IBUF_inst/O
                         net (fo=1, routed)           1.967     3.425    clk_IBUF
    BUFGCTRL_X0Y0        BUFG (Prop_bufg_I_O)         0.096     3.521 r  clk_IBUF_BUFG_inst/O
                         net (fo=56, routed)          1.618     5.139    u3/CLK
    SLICE_X64Y25         FDCE                                         r  u3/d3_reg[2]/C
  -------------------------------------------------------------------    -------------------
    SLICE_X64Y25         FDCE (Prop_fdce_C_Q)         0.478     5.617 r  u3/d3_reg[2]/Q
                         net (fo=4, routed)           0.895     6.512    u3/d3[2]
    SLICE_X64Y23         LUT6 (Prop_lut6_I1_O)        0.295     6.807 r  u3/seg_OBUF[6]_inst_i_2/O
                         net (fo=7, routed)           0.888     7.695    u3/sel0[2]
    SLICE_X65Y23         LUT4 (Prop_lut4_I3_O)        0.124     7.819 r  u3/seg_OBUF[0]_inst_i_1/O
                         net (fo=1, routed)           1.668     9.487    seg_OBUF[0]
    W7                   OBUF (Prop_obuf_I_O)         3.511    12.997 r  seg_OBUF[0]_inst/O
                         net (fo=0)                   0.000    12.997    seg[0]
    W7                                                                r  seg[0] (OUT)
  -------------------------------------------------------------------    -------------------

Slack:                    inf
  Source:                 u4/sel_reg[0]/C
                            (rising edge-triggered cell FDRE clocked by sys_clk_pin  {rise@0.000ns fall@5.000ns period=10.000ns})
  Destination:            dp
                            (output port)
  Path Group:             (none)
  Path Type:              Max at Slow Process Corner
  Data Path Delay:        7.487ns  (logic 4.376ns (58.444%)  route 3.111ns (41.556%))
  Logic Levels:           2  (LUT2=1 OBUF=1)
  Clock Uncertainty:      0.025ns  ((TSJ^2 + TIJ^2)^1/2 + DJ) / 2 + PE
    Total System Jitter     (TSJ):    0.050ns
    Total Input Jitter      (TIJ):    0.000ns
    Discrete Jitter          (DJ):    0.000ns
    Phase Error              (PE):    0.000ns

    Location             Delay type                Incr(ns)  Path(ns)    Netlist Resource(s)
  -------------------------------------------------------------------    -------------------
                         (clock sys_clk_pin rise edge)
                                                      0.000     0.000 r  
    W5                                                0.000     0.000 r  clk (IN)
                         net (fo=0)                   0.000     0.000    clk
    W5                   IBUF (Prop_ibuf_I_O)         1.458     1.458 r  clk_IBUF_inst/O
                         net (fo=1, routed)           1.967     3.425    clk_IBUF
    BUFGCTRL_X0Y0        BUFG (Prop_bufg_I_O)         0.096     3.521 r  clk_IBUF_BUFG_inst/O
                         net (fo=56, routed)          1.621     5.142    u4/CLK
    SLICE_X64Y27         FDRE                                         r  u4/sel_reg[0]/C
  -------------------------------------------------------------------    -------------------
    SLICE_X64Y27         FDRE (Prop_fdre_C_Q)         0.518     5.660 f  u4/sel_reg[0]/Q
                         net (fo=8, routed)           0.846     6.506    u4/Q[0]
    SLICE_X64Y25         LUT2 (Prop_lut2_I0_O)        0.153     6.659 r  u4/an_OBUF[3]_inst_i_1/O
                         net (fo=2, routed)           2.265     8.924    dp_OBUF
    V7                   OBUF (Prop_obuf_I_O)         3.705    12.629 r  dp_OBUF_inst/O
                         net (fo=0)                   0.000    12.629    dp
    V7                                                                r  dp (OUT)
  -------------------------------------------------------------------    -------------------

Slack:                    inf
  Source:                 u4/sel_reg[0]/C
                            (rising edge-triggered cell FDRE clocked by sys_clk_pin  {rise@0.000ns fall@5.000ns period=10.000ns})
  Destination:            an[3]
                            (output port)
  Path Group:             (none)
  Path Type:              Max at Slow Process Corner
  Data Path Delay:        6.919ns  (logic 4.388ns (63.422%)  route 2.531ns (36.578%))
  Logic Levels:           2  (LUT2=1 OBUF=1)
  Clock Uncertainty:      0.025ns  ((TSJ^2 + TIJ^2)^1/2 + DJ) / 2 + PE
    Total System Jitter     (TSJ):    0.050ns
    Total Input Jitter      (TIJ):    0.000ns
    Discrete Jitter          (DJ):    0.000ns
    Phase Error              (PE):    0.000ns

    Location             Delay type                Incr(ns)  Path(ns)    Netlist Resource(s)
  -------------------------------------------------------------------    -------------------
                         (clock sys_clk_pin rise edge)
                                                      0.000     0.000 r  
    W5                                                0.000     0.000 r  clk (IN)
                         net (fo=0)                   0.000     0.000    clk
    W5                   IBUF (Prop_ibuf_I_O)         1.458     1.458 r  clk_IBUF_inst/O
                         net (fo=1, routed)           1.967     3.425    clk_IBUF
    BUFGCTRL_X0Y0        BUFG (Prop_bufg_I_O)         0.096     3.521 r  clk_IBUF_BUFG_inst/O
                         net (fo=56, routed)          1.621     5.142    u4/CLK
    SLICE_X64Y27         FDRE                                         r  u4/sel_reg[0]/C
  -------------------------------------------------------------------    -------------------
    SLICE_X64Y27         FDRE (Prop_fdre_C_Q)         0.518     5.660 f  u4/sel_reg[0]/Q
                         net (fo=8, routed)           0.846     6.506    u4/Q[0]
    SLICE_X64Y25         LUT2 (Prop_lut2_I0_O)        0.153     6.659 r  u4/an_OBUF[3]_inst_i_1/O
                         net (fo=2, routed)           1.685     8.344    dp_OBUF
    W4                   OBUF (Prop_obuf_I_O)         3.717    12.061 r  an_OBUF[3]_inst/O
                         net (fo=0)                   0.000    12.061    an[3]
    W4                                                                r  an[3] (OUT)
  -------------------------------------------------------------------    -------------------

Slack:                    inf
  Source:                 u4/sel_reg[0]/C
                            (rising edge-triggered cell FDRE clocked by sys_clk_pin  {rise@0.000ns fall@5.000ns period=10.000ns})
  Destination:            an[2]
                            (output port)
  Path Group:             (none)
  Path Type:              Max at Slow Process Corner
  Data Path Delay:        6.814ns  (logic 4.165ns (61.125%)  route 2.649ns (38.875%))
  Logic Levels:           2  (LUT2=1 OBUF=1)
  Clock Uncertainty:      0.025ns  ((TSJ^2 + TIJ^2)^1/2 + DJ) / 2 + PE
    Total System Jitter     (TSJ):    0.050ns
    Total Input Jitter      (TIJ):    0.000ns
    Discrete Jitter          (DJ):    0.000ns
    Phase Error              (PE):    0.000ns

    Location             Delay type                Incr(ns)  Path(ns)    Netlist Resource(s)
  -------------------------------------------------------------------    -------------------
                         (clock sys_clk_pin rise edge)
                                                      0.000     0.000 r  
    W5                                                0.000     0.000 r  clk (IN)
                         net (fo=0)                   0.000     0.000    clk
    W5                   IBUF (Prop_ibuf_I_O)         1.458     1.458 r  clk_IBUF_inst/O
                         net (fo=1, routed)           1.967     3.425    clk_IBUF
    BUFGCTRL_X0Y0        BUFG (Prop_bufg_I_O)         0.096     3.521 r  clk_IBUF_BUFG_inst/O
                         net (fo=56, routed)          1.621     5.142    u4/CLK
    SLICE_X64Y27         FDRE                                         r  u4/sel_reg[0]/C
  -------------------------------------------------------------------    -------------------
    SLICE_X64Y27         FDRE (Prop_fdre_C_Q)         0.518     5.660 r  u4/sel_reg[0]/Q
                         net (fo=8, routed)           0.846     6.506    u4/Q[0]
    SLICE_X64Y25         LUT2 (Prop_lut2_I0_O)        0.124     6.630 r  u4/an_OBUF[2]_inst_i_1/O
                         net (fo=1, routed)           1.803     8.433    an_OBUF[2]
    V4                   OBUF (Prop_obuf_I_O)         3.523    11.956 r  an_OBUF[2]_inst/O
                         net (fo=0)                   0.000    11.956    an[2]
    V4                                                                r  an[2] (OUT)
  -------------------------------------------------------------------    -------------------





Min Delay Paths
--------------------------------------------------------------------------------------
Slack:                    inf
  Source:                 u4/sel_reg[0]/C
                            (rising edge-triggered cell FDRE clocked by sys_clk_pin  {rise@0.000ns fall@5.000ns period=10.000ns})
  Destination:            an[1]
                            (output port)
  Path Group:             (none)
  Path Type:              Min at Fast Process Corner
  Data Path Delay:        1.913ns  (logic 1.409ns (73.672%)  route 0.504ns (26.328%))
  Logic Levels:           2  (LUT2=1 OBUF=1)
  Clock Uncertainty:      0.025ns  ((TSJ^2 + TIJ^2)^1/2 + DJ) / 2 + PE
    Total System Jitter     (TSJ):    0.050ns
    Total Input Jitter      (TIJ):    0.000ns
    Discrete Jitter          (DJ):    0.000ns
    Phase Error              (PE):    0.000ns

    Location             Delay type                Incr(ns)  Path(ns)    Netlist Resource(s)
  -------------------------------------------------------------------    -------------------
                         (clock sys_clk_pin rise edge)
                                                      0.000     0.000 r  
    W5                                                0.000     0.000 r  clk (IN)
                         net (fo=0)                   0.000     0.000    clk
    W5                   IBUF (Prop_ibuf_I_O)         0.226     0.226 r  clk_IBUF_inst/O
                         net (fo=1, routed)           0.631     0.858    clk_IBUF
    BUFGCTRL_X0Y0        BUFG (Prop_bufg_I_O)         0.026     0.884 r  clk_IBUF_BUFG_inst/O
                         net (fo=56, routed)          0.585     1.468    u4/CLK
    SLICE_X64Y27         FDRE                                         r  u4/sel_reg[0]/C
  -------------------------------------------------------------------    -------------------
    SLICE_X64Y27         FDRE (Prop_fdre_C_Q)         0.164     1.632 f  u4/sel_reg[0]/Q
                         net (fo=8, routed)           0.175     1.807    u4/Q[0]
    SLICE_X64Y27         LUT2 (Prop_lut2_I1_O)        0.045     1.852 r  u4/an_OBUF[1]_inst_i_1/O
                         net (fo=1, routed)           0.328     2.181    an_OBUF[1]
    U4                   OBUF (Prop_obuf_I_O)         1.200     3.381 r  an_OBUF[1]_inst/O
                         net (fo=0)                   0.000     3.381    an[1]
    U4                                                                r  an[1] (OUT)
  -------------------------------------------------------------------    -------------------

Slack:                    inf
  Source:                 u4/sel_reg[0]/C
                            (rising edge-triggered cell FDRE clocked by sys_clk_pin  {rise@0.000ns fall@5.000ns period=10.000ns})
  Destination:            an[0]
                            (output port)
  Path Group:             (none)
  Path Type:              Min at Fast Process Corner
  Data Path Delay:        2.011ns  (logic 1.477ns (73.463%)  route 0.534ns (26.537%))
  Logic Levels:           2  (LUT2=1 OBUF=1)
  Clock Uncertainty:      0.025ns  ((TSJ^2 + TIJ^2)^1/2 + DJ) / 2 + PE
    Total System Jitter     (TSJ):    0.050ns
    Total Input Jitter      (TIJ):    0.000ns
    Discrete Jitter          (DJ):    0.000ns
    Phase Error              (PE):    0.000ns

    Location             Delay type                Incr(ns)  Path(ns)    Netlist Resource(s)
  -------------------------------------------------------------------    -------------------
                         (clock sys_clk_pin rise edge)
                                                      0.000     0.000 r  
    W5                                                0.000     0.000 r  clk (IN)
                         net (fo=0)                   0.000     0.000    clk
    W5                   IBUF (Prop_ibuf_I_O)         0.226     0.226 r  clk_IBUF_inst/O
                         net (fo=1, routed)           0.631     0.858    clk_IBUF
    BUFGCTRL_X0Y0        BUFG (Prop_bufg_I_O)         0.026     0.884 r  clk_IBUF_BUFG_inst/O
                         net (fo=56, routed)          0.585     1.468    u4/CLK
    SLICE_X64Y27         FDRE                                         r  u4/sel_reg[0]/C
  -------------------------------------------------------------------    -------------------
    SLICE_X64Y27         FDRE (Prop_fdre_C_Q)         0.164     1.632 r  u4/sel_reg[0]/Q
                         net (fo=8, routed)           0.175     1.807    u4/Q[0]
    SLICE_X64Y27         LUT2 (Prop_lut2_I0_O)        0.043     1.850 r  u4/an_OBUF[0]_inst_i_1/O
                         net (fo=1, routed)           0.358     2.209    an_OBUF[0]
    U2                   OBUF (Prop_obuf_I_O)         1.270     3.479 r  an_OBUF[0]_inst/O
                         net (fo=0)                   0.000     3.479    an[0]
    U2                                                                r  an[0] (OUT)
  -------------------------------------------------------------------    -------------------

Slack:                    inf
  Source:                 u4/sel_reg[1]/C
                            (rising edge-triggered cell FDRE clocked by sys_clk_pin  {rise@0.000ns fall@5.000ns period=10.000ns})
  Destination:            an[2]
                            (output port)
  Path Group:             (none)
  Path Type:              Min at Fast Process Corner
  Data Path Delay:        2.128ns  (logic 1.433ns (67.334%)  route 0.695ns (32.666%))
  Logic Levels:           2  (LUT2=1 OBUF=1)
  Clock Uncertainty:      0.025ns  ((TSJ^2 + TIJ^2)^1/2 + DJ) / 2 + PE
    Total System Jitter     (TSJ):    0.050ns
    Total Input Jitter      (TIJ):    0.000ns
    Discrete Jitter          (DJ):    0.000ns
    Phase Error              (PE):    0.000ns

    Location             Delay type                Incr(ns)  Path(ns)    Netlist Resource(s)
  -------------------------------------------------------------------    -------------------
                         (clock sys_clk_pin rise edge)
                                                      0.000     0.000 r  
    W5                                                0.000     0.000 r  clk (IN)
                         net (fo=0)                   0.000     0.000    clk
    W5                   IBUF (Prop_ibuf_I_O)         0.226     0.226 r  clk_IBUF_inst/O
                         net (fo=1, routed)           0.631     0.858    clk_IBUF
    BUFGCTRL_X0Y0        BUFG (Prop_bufg_I_O)         0.026     0.884 r  clk_IBUF_BUFG_inst/O
                         net (fo=56, routed)          0.585     1.468    u4/CLK
    SLICE_X64Y27         FDRE                                         r  u4/sel_reg[1]/C
  -------------------------------------------------------------------    -------------------
    SLICE_X64Y27         FDRE (Prop_fdre_C_Q)         0.164     1.632 f  u4/sel_reg[1]/Q
                         net (fo=8, routed)           0.304     1.936    u4/Q[1]
    SLICE_X64Y25         LUT2 (Prop_lut2_I1_O)        0.045     1.981 r  u4/an_OBUF[2]_inst_i_1/O
                         net (fo=1, routed)           0.391     2.372    an_OBUF[2]
    V4                   OBUF (Prop_obuf_I_O)         1.224     3.596 r  an_OBUF[2]_inst/O
                         net (fo=0)                   0.000     3.596    an[2]
    V4                                                                r  an[2] (OUT)
  -------------------------------------------------------------------    -------------------

Slack:                    inf
  Source:                 u4/sel_reg[1]/C
                            (rising edge-triggered cell FDRE clocked by sys_clk_pin  {rise@0.000ns fall@5.000ns period=10.000ns})
  Destination:            an[3]
                            (output port)
  Path Group:             (none)
  Path Type:              Min at Fast Process Corner
  Data Path Delay:        2.143ns  (logic 1.486ns (69.376%)  route 0.656ns (30.624%))
  Logic Levels:           2  (LUT2=1 OBUF=1)
  Clock Uncertainty:      0.025ns  ((TSJ^2 + TIJ^2)^1/2 + DJ) / 2 + PE
    Total System Jitter     (TSJ):    0.050ns
    Total Input Jitter      (TIJ):    0.000ns
    Discrete Jitter          (DJ):    0.000ns
    Phase Error              (PE):    0.000ns

    Location             Delay type                Incr(ns)  Path(ns)    Netlist Resource(s)
  -------------------------------------------------------------------    -------------------
                         (clock sys_clk_pin rise edge)
                                                      0.000     0.000 r  
    W5                                                0.000     0.000 r  clk (IN)
                         net (fo=0)                   0.000     0.000    clk
    W5                   IBUF (Prop_ibuf_I_O)         0.226     0.226 r  clk_IBUF_inst/O
                         net (fo=1, routed)           0.631     0.858    clk_IBUF
    BUFGCTRL_X0Y0        BUFG (Prop_bufg_I_O)         0.026     0.884 r  clk_IBUF_BUFG_inst/O
                         net (fo=56, routed)          0.585     1.468    u4/CLK
    SLICE_X64Y27         FDRE                                         r  u4/sel_reg[1]/C
  -------------------------------------------------------------------    -------------------
    SLICE_X64Y27         FDRE (Prop_fdre_C_Q)         0.164     1.632 f  u4/sel_reg[1]/Q
                         net (fo=8, routed)           0.304     1.936    u4/Q[1]
    SLICE_X64Y25         LUT2 (Prop_lut2_I1_O)        0.043     1.979 r  u4/an_OBUF[3]_inst_i_1/O
                         net (fo=2, routed)           0.352     2.331    dp_OBUF
    W4                   OBUF (Prop_obuf_I_O)         1.279     3.611 r  an_OBUF[3]_inst/O
                         net (fo=0)                   0.000     3.611    an[3]
    W4                                                                r  an[3] (OUT)
  -------------------------------------------------------------------    -------------------

Slack:                    inf
  Source:                 u3/d2_reg[3]/C
                            (rising edge-triggered cell FDCE clocked by sys_clk_pin  {rise@0.000ns fall@5.000ns period=10.000ns})
  Destination:            seg[0]
                            (output port)
  Path Group:             (none)
  Path Type:              Min at Fast Process Corner
  Data Path Delay:        2.159ns  (logic 1.484ns (68.725%)  route 0.675ns (31.275%))
  Logic Levels:           3  (LUT4=1 LUT6=1 OBUF=1)
  Clock Uncertainty:      0.025ns  ((TSJ^2 + TIJ^2)^1/2 + DJ) / 2 + PE
    Total System Jitter     (TSJ):    0.050ns
    Total Input Jitter      (TIJ):    0.000ns
    Discrete Jitter          (DJ):    0.000ns
    Phase Error              (PE):    0.000ns

    Location             Delay type                Incr(ns)  Path(ns)    Netlist Resource(s)
  -------------------------------------------------------------------    -------------------
                         (clock sys_clk_pin rise edge)
                                                      0.000     0.000 r  
    W5                                                0.000     0.000 r  clk (IN)
                         net (fo=0)                   0.000     0.000    clk
    W5                   IBUF (Prop_ibuf_I_O)         0.226     0.226 r  clk_IBUF_inst/O
                         net (fo=1, routed)           0.631     0.858    clk_IBUF
    BUFGCTRL_X0Y0        BUFG (Prop_bufg_I_O)         0.026     0.884 r  clk_IBUF_BUFG_inst/O
                         net (fo=56, routed)          0.583     1.466    u3/CLK
    SLICE_X65Y23         FDCE                                         r  u3/d2_reg[3]/C
  -------------------------------------------------------------------    -------------------
    SLICE_X65Y23         FDCE (Prop_fdce_C_Q)         0.128     1.594 r  u3/d2_reg[3]/Q
                         net (fo=4, routed)           0.168     1.762    u3/d2_reg_n_0_[3]
    SLICE_X65Y23         LUT6 (Prop_lut6_I0_O)        0.099     1.861 r  u3/seg_OBUF[6]_inst_i_4/O
                         net (fo=7, routed)           0.171     2.032    u3/sel0[3]
    SLICE_X65Y23         LUT4 (Prop_lut4_I1_O)        0.045     2.077 r  u3/seg_OBUF[0]_inst_i_1/O
                         net (fo=1, routed)           0.337     2.413    seg_OBUF[0]
    W7                   OBUF (Prop_obuf_I_O)         1.212     3.625 r  seg_OBUF[0]_inst/O
                         net (fo=0)                   0.000     3.625    seg[0]
    W7                                                                r  seg[0] (OUT)
  -------------------------------------------------------------------    -------------------

Slack:                    inf
  Source:                 u3/d1_reg[0]/C
                            (rising edge-triggered cell FDCE clocked by sys_clk_pin  {rise@0.000ns fall@5.000ns period=10.000ns})
  Destination:            seg[3]
                            (output port)
  Path Group:             (none)
  Path Type:              Min at Fast Process Corner
  Data Path Delay:        2.178ns  (logic 1.490ns (68.438%)  route 0.687ns (31.562%))
  Logic Levels:           3  (LUT4=1 LUT6=1 OBUF=1)
  Clock Uncertainty:      0.025ns  ((TSJ^2 + TIJ^2)^1/2 + DJ) / 2 + PE
    Total System Jitter     (TSJ):    0.050ns
    Total Input Jitter      (TIJ):    0.000ns
    Discrete Jitter          (DJ):    0.000ns
    Phase Error              (PE):    0.000ns

    Location             Delay type                Incr(ns)  Path(ns)    Netlist Resource(s)
  -------------------------------------------------------------------    -------------------
                         (clock sys_clk_pin rise edge)
                                                      0.000     0.000 r  
    W5                                                0.000     0.000 r  clk (IN)
                         net (fo=0)                   0.000     0.000    clk
    W5                   IBUF (Prop_ibuf_I_O)         0.226     0.226 r  clk_IBUF_inst/O
                         net (fo=1, routed)           0.631     0.858    clk_IBUF
    BUFGCTRL_X0Y0        BUFG (Prop_bufg_I_O)         0.026     0.884 r  clk_IBUF_BUFG_inst/O
                         net (fo=56, routed)          0.585     1.468    u3/CLK
    SLICE_X64Y22         FDCE                                         r  u3/d1_reg[0]/C
  -------------------------------------------------------------------    -------------------
    SLICE_X64Y22         FDCE (Prop_fdce_C_Q)         0.164     1.632 r  u3/d1_reg[0]/Q
                         net (fo=7, routed)           0.139     1.771    u3/data[4]
    SLICE_X65Y23         LUT6 (Prop_lut6_I5_O)        0.045     1.816 r  u3/seg_OBUF[6]_inst_i_5/O
                         net (fo=7, routed)           0.221     2.037    u3/sel0[0]
    SLICE_X65Y22         LUT4 (Prop_lut4_I3_O)        0.045     2.082 r  u3/seg_OBUF[3]_inst_i_1/O
                         net (fo=1, routed)           0.327     2.409    seg_OBUF[3]
    V8                   OBUF (Prop_obuf_I_O)         1.236     3.646 r  seg_OBUF[3]_inst/O
                         net (fo=0)                   0.000     3.646    seg[3]
    V8                                                                r  seg[3] (OUT)
  -------------------------------------------------------------------    -------------------

Slack:                    inf
  Source:                 u3/d1_reg[0]/C
                            (rising edge-triggered cell FDCE clocked by sys_clk_pin  {rise@0.000ns fall@5.000ns period=10.000ns})
  Destination:            seg[2]
                            (output port)
  Path Group:             (none)
  Path Type:              Min at Fast Process Corner
  Data Path Delay:        2.195ns  (logic 1.490ns (67.893%)  route 0.705ns (32.107%))
  Logic Levels:           3  (LUT4=1 LUT6=1 OBUF=1)
  Clock Uncertainty:      0.025ns  ((TSJ^2 + TIJ^2)^1/2 + DJ) / 2 + PE
    Total System Jitter     (TSJ):    0.050ns
    Total Input Jitter      (TIJ):    0.000ns
    Discrete Jitter          (DJ):    0.000ns
    Phase Error              (PE):    0.000ns

    Location             Delay type                Incr(ns)  Path(ns)    Netlist Resource(s)
  -------------------------------------------------------------------    -------------------
                         (clock sys_clk_pin rise edge)
                                                      0.000     0.000 r  
    W5                                                0.000     0.000 r  clk (IN)
                         net (fo=0)                   0.000     0.000    clk
    W5                   IBUF (Prop_ibuf_I_O)         0.226     0.226 r  clk_IBUF_inst/O
                         net (fo=1, routed)           0.631     0.858    clk_IBUF
    BUFGCTRL_X0Y0        BUFG (Prop_bufg_I_O)         0.026     0.884 r  clk_IBUF_BUFG_inst/O
                         net (fo=56, routed)          0.585     1.468    u3/CLK
    SLICE_X64Y22         FDCE                                         r  u3/d1_reg[0]/C
  -------------------------------------------------------------------    -------------------
    SLICE_X64Y22         FDCE (Prop_fdce_C_Q)         0.164     1.632 f  u3/d1_reg[0]/Q
                         net (fo=7, routed)           0.139     1.771    u3/data[4]
    SLICE_X65Y23         LUT6 (Prop_lut6_I5_O)        0.045     1.816 f  u3/seg_OBUF[6]_inst_i_5/O
                         net (fo=7, routed)           0.234     2.050    u3/sel0[0]
    SLICE_X65Y22         LUT4 (Prop_lut4_I0_O)        0.045     2.095 r  u3/seg_OBUF[2]_inst_i_1/O
                         net (fo=1, routed)           0.332     2.427    seg_OBUF[2]
    U8                   OBUF (Prop_obuf_I_O)         1.236     3.663 r  seg_OBUF[2]_inst/O
                         net (fo=0)                   0.000     3.663    seg[2]
    U8                                                                r  seg[2] (OUT)
  -------------------------------------------------------------------    -------------------

Slack:                    inf
  Source:                 u3/d2_reg[3]/C
                            (rising edge-triggered cell FDCE clocked by sys_clk_pin  {rise@0.000ns fall@5.000ns period=10.000ns})
  Destination:            seg[1]
                            (output port)
  Path Group:             (none)
  Path Type:              Min at Fast Process Corner
  Data Path Delay:        2.241ns  (logic 1.573ns (70.179%)  route 0.668ns (29.821%))
  Logic Levels:           3  (LUT4=1 LUT6=1 OBUF=1)
  Clock Uncertainty:      0.025ns  ((TSJ^2 + TIJ^2)^1/2 + DJ) / 2 + PE
    Total System Jitter     (TSJ):    0.050ns
    Total Input Jitter      (TIJ):    0.000ns
    Discrete Jitter          (DJ):    0.000ns
    Phase Error              (PE):    0.000ns

    Location             Delay type                Incr(ns)  Path(ns)    Netlist Resource(s)
  -------------------------------------------------------------------    -------------------
                         (clock sys_clk_pin rise edge)
                                                      0.000     0.000 r  
    W5                                                0.000     0.000 r  clk (IN)
                         net (fo=0)                   0.000     0.000    clk
    W5                   IBUF (Prop_ibuf_I_O)         0.226     0.226 r  clk_IBUF_inst/O
                         net (fo=1, routed)           0.631     0.858    clk_IBUF
    BUFGCTRL_X0Y0        BUFG (Prop_bufg_I_O)         0.026     0.884 r  clk_IBUF_BUFG_inst/O
                         net (fo=56, routed)          0.583     1.466    u3/CLK
    SLICE_X65Y23         FDCE                                         r  u3/d2_reg[3]/C
  -------------------------------------------------------------------    -------------------
    SLICE_X65Y23         FDCE (Prop_fdce_C_Q)         0.128     1.594 r  u3/d2_reg[3]/Q
                         net (fo=4, routed)           0.168     1.762    u3/d2_reg_n_0_[3]
    SLICE_X65Y23         LUT6 (Prop_lut6_I0_O)        0.099     1.861 r  u3/seg_OBUF[6]_inst_i_4/O
                         net (fo=7, routed)           0.171     2.032    u3/sel0[3]
    SLICE_X65Y23         LUT4 (Prop_lut4_I3_O)        0.049     2.081 r  u3/seg_OBUF[1]_inst_i_1/O
                         net (fo=1, routed)           0.330     2.411    seg_OBUF[1]
    W6                   OBUF (Prop_obuf_I_O)         1.297     3.708 r  seg_OBUF[1]_inst/O
                         net (fo=0)                   0.000     3.708    seg[1]
    W6                                                                r  seg[1] (OUT)
  -------------------------------------------------------------------    -------------------

Slack:                    inf
  Source:                 u3/d1_reg[0]/C
                            (rising edge-triggered cell FDCE clocked by sys_clk_pin  {rise@0.000ns fall@5.000ns period=10.000ns})
  Destination:            seg[4]
                            (output port)
  Path Group:             (none)
  Path Type:              Min at Fast Process Corner
  Data Path Delay:        2.241ns  (logic 1.475ns (65.805%)  route 0.766ns (34.195%))
  Logic Levels:           3  (LUT4=1 LUT6=1 OBUF=1)
  Clock Uncertainty:      0.025ns  ((TSJ^2 + TIJ^2)^1/2 + DJ) / 2 + PE
    Total System Jitter     (TSJ):    0.050ns
    Total Input Jitter      (TIJ):    0.000ns
    Discrete Jitter          (DJ):    0.000ns
    Phase Error              (PE):    0.000ns

    Location             Delay type                Incr(ns)  Path(ns)    Netlist Resource(s)
  -------------------------------------------------------------------    -------------------
                         (clock sys_clk_pin rise edge)
                                                      0.000     0.000 r  
    W5                                                0.000     0.000 r  clk (IN)
                         net (fo=0)                   0.000     0.000    clk
    W5                   IBUF (Prop_ibuf_I_O)         0.226     0.226 r  clk_IBUF_inst/O
                         net (fo=1, routed)           0.631     0.858    clk_IBUF
    BUFGCTRL_X0Y0        BUFG (Prop_bufg_I_O)         0.026     0.884 r  clk_IBUF_BUFG_inst/O
                         net (fo=56, routed)          0.585     1.468    u3/CLK
    SLICE_X64Y22         FDCE                                         r  u3/d1_reg[0]/C
  -------------------------------------------------------------------    -------------------
    SLICE_X64Y22         FDCE (Prop_fdce_C_Q)         0.164     1.632 r  u3/d1_reg[0]/Q
                         net (fo=7, routed)           0.139     1.771    u3/data[4]
    SLICE_X65Y23         LUT6 (Prop_lut6_I5_O)        0.045     1.816 r  u3/seg_OBUF[6]_inst_i_5/O
                         net (fo=7, routed)           0.222     2.038    u3/sel0[0]
    SLICE_X65Y22         LUT4 (Prop_lut4_I3_O)        0.045     2.083 r  u3/seg_OBUF[4]_inst_i_1/O
                         net (fo=1, routed)           0.405     2.489    seg_OBUF[4]
    U5                   OBUF (Prop_obuf_I_O)         1.221     3.709 r  seg_OBUF[4]_inst/O
                         net (fo=0)                   0.000     3.709    seg[4]
    U5                                                                r  seg[4] (OUT)
  -------------------------------------------------------------------    -------------------

Slack:                    inf
  Source:                 u3/d1_reg[0]/C
                            (rising edge-triggered cell FDCE clocked by sys_clk_pin  {rise@0.000ns fall@5.000ns period=10.000ns})
  Destination:            seg[5]
                            (output port)
  Path Group:             (none)
  Path Type:              Min at Fast Process Corner
  Data Path Delay:        2.310ns  (logic 1.531ns (66.267%)  route 0.779ns (33.733%))
  Logic Levels:           3  (LUT4=1 LUT6=1 OBUF=1)
  Clock Uncertainty:      0.025ns  ((TSJ^2 + TIJ^2)^1/2 + DJ) / 2 + PE
    Total System Jitter     (TSJ):    0.050ns
    Total Input Jitter      (TIJ):    0.000ns
    Discrete Jitter          (DJ):    0.000ns
    Phase Error              (PE):    0.000ns

    Location             Delay type                Incr(ns)  Path(ns)    Netlist Resource(s)
  -------------------------------------------------------------------    -------------------
                         (clock sys_clk_pin rise edge)
                                                      0.000     0.000 r  
    W5                                                0.000     0.000 r  clk (IN)
                         net (fo=0)                   0.000     0.000    clk
    W5                   IBUF (Prop_ibuf_I_O)         0.226     0.226 r  clk_IBUF_inst/O
                         net (fo=1, routed)           0.631     0.858    clk_IBUF
    BUFGCTRL_X0Y0        BUFG (Prop_bufg_I_O)         0.026     0.884 r  clk_IBUF_BUFG_inst/O
                         net (fo=56, routed)          0.585     1.468    u3/CLK
    SLICE_X64Y22         FDCE                                         r  u3/d1_reg[0]/C
  -------------------------------------------------------------------    -------------------
    SLICE_X64Y22         FDCE (Prop_fdce_C_Q)         0.164     1.632 r  u3/d1_reg[0]/Q
                         net (fo=7, routed)           0.139     1.771    u3/data[4]
    SLICE_X65Y23         LUT6 (Prop_lut6_I5_O)        0.045     1.816 r  u3/seg_OBUF[6]_inst_i_5/O
                         net (fo=7, routed)           0.222     2.038    u3/sel0[0]
    SLICE_X65Y22         LUT4 (Prop_lut4_I1_O)        0.049     2.087 r  u3/seg_OBUF[5]_inst_i_1/O
                         net (fo=1, routed)           0.418     2.505    seg_OBUF[5]
    V5                   OBUF (Prop_obuf_I_O)         1.273     3.778 r  seg_OBUF[5]_inst/O
                         net (fo=0)                   0.000     3.778    seg[5]
    V5                                                                r  seg[5] (OUT)
  -------------------------------------------------------------------    -------------------





--------------------------------------------------------------------------------------
Path Group:  (none)
From Clock:  
  To Clock:  sys_clk_pin

Max Delay            41 Endpoints
Min Delay            41 Endpoints
--------------------------------------------------------------------------------------


Max Delay Paths
--------------------------------------------------------------------------------------
Slack:                    inf
  Source:                 btnD
                            (input port)
  Destination:            u3/d3_reg[0]/CLR
                            (recovery check against rising-edge clock sys_clk_pin  {rise@0.000ns fall@5.000ns period=10.000ns})
  Path Group:             (none)
  Path Type:              Recovery (Max at Slow Process Corner)
  Data Path Delay:        5.766ns  (logic 1.452ns (25.189%)  route 4.314ns (74.811%))
  Logic Levels:           1  (IBUF=1)
  Clock Path Skew:        4.843ns (DCD - SCD + CPR)
    Destination Clock Delay (DCD):    4.843ns
    Source Clock Delay      (SCD):    0.000ns
    Clock Pessimism Removal (CPR):    0.000ns
  Clock Uncertainty:      0.025ns  ((TSJ^2 + TIJ^2)^1/2 + DJ) / 2 + PE
    Total System Jitter     (TSJ):    0.050ns
    Total Input Jitter      (TIJ):    0.000ns
    Discrete Jitter          (DJ):    0.000ns
    Phase Error              (PE):    0.000ns

    Location             Delay type                Incr(ns)  Path(ns)    Netlist Resource(s)
  -------------------------------------------------------------------    -------------------
    U17                                               0.000     0.000 f  btnD (IN)
                         net (fo=0)                   0.000     0.000    btnD
    U17                  IBUF (Prop_ibuf_I_O)         1.452     1.452 f  btnD_IBUF_inst/O
                         net (fo=37, routed)          4.314     5.766    u3/AR[0]
    SLICE_X64Y25         FDCE                                         f  u3/d3_reg[0]/CLR
  -------------------------------------------------------------------    -------------------

                         (clock sys_clk_pin rise edge)
                                                      0.000     0.000 r  
    W5                                                0.000     0.000 r  clk (IN)
                         net (fo=0)                   0.000     0.000    clk
    W5                   IBUF (Prop_ibuf_I_O)         1.388     1.388 r  clk_IBUF_inst/O
                         net (fo=1, routed)           1.862     3.250    clk_IBUF
    BUFGCTRL_X0Y0        BUFG (Prop_bufg_I_O)         0.091     3.341 r  clk_IBUF_BUFG_inst/O
                         net (fo=56, routed)          1.502     4.843    u3/CLK
    SLICE_X64Y25         FDCE                                         r  u3/d3_reg[0]/C

Slack:                    inf
  Source:                 btnD
                            (input port)
  Destination:            u3/d3_reg[1]/CLR
                            (recovery check against rising-edge clock sys_clk_pin  {rise@0.000ns fall@5.000ns period=10.000ns})
  Path Group:             (none)
  Path Type:              Recovery (Max at Slow Process Corner)
  Data Path Delay:        5.766ns  (logic 1.452ns (25.189%)  route 4.314ns (74.811%))
  Logic Levels:           1  (IBUF=1)
  Clock Path Skew:        4.843ns (DCD - SCD + CPR)
    Destination Clock Delay (DCD):    4.843ns
    Source Clock Delay      (SCD):    0.000ns
    Clock Pessimism Removal (CPR):    0.000ns
  Clock Uncertainty:      0.025ns  ((TSJ^2 + TIJ^2)^1/2 + DJ) / 2 + PE
    Total System Jitter     (TSJ):    0.050ns
    Total Input Jitter      (TIJ):    0.000ns
    Discrete Jitter          (DJ):    0.000ns
    Phase Error              (PE):    0.000ns

    Location             Delay type                Incr(ns)  Path(ns)    Netlist Resource(s)
  -------------------------------------------------------------------    -------------------
    U17                                               0.000     0.000 f  btnD (IN)
                         net (fo=0)                   0.000     0.000    btnD
    U17                  IBUF (Prop_ibuf_I_O)         1.452     1.452 f  btnD_IBUF_inst/O
                         net (fo=37, routed)          4.314     5.766    u3/AR[0]
    SLICE_X64Y25         FDCE                                         f  u3/d3_reg[1]/CLR
  -------------------------------------------------------------------    -------------------

                         (clock sys_clk_pin rise edge)
                                                      0.000     0.000 r  
    W5                                                0.000     0.000 r  clk (IN)
                         net (fo=0)                   0.000     0.000    clk
    W5                   IBUF (Prop_ibuf_I_O)         1.388     1.388 r  clk_IBUF_inst/O
                         net (fo=1, routed)           1.862     3.250    clk_IBUF
    BUFGCTRL_X0Y0        BUFG (Prop_bufg_I_O)         0.091     3.341 r  clk_IBUF_BUFG_inst/O
                         net (fo=56, routed)          1.502     4.843    u3/CLK
    SLICE_X64Y25         FDCE                                         r  u3/d3_reg[1]/C

Slack:                    inf
  Source:                 btnD
                            (input port)
  Destination:            u3/d3_reg[2]/CLR
                            (recovery check against rising-edge clock sys_clk_pin  {rise@0.000ns fall@5.000ns period=10.000ns})
  Path Group:             (none)
  Path Type:              Recovery (Max at Slow Process Corner)
  Data Path Delay:        5.766ns  (logic 1.452ns (25.189%)  route 4.314ns (74.811%))
  Logic Levels:           1  (IBUF=1)
  Clock Path Skew:        4.843ns (DCD - SCD + CPR)
    Destination Clock Delay (DCD):    4.843ns
    Source Clock Delay      (SCD):    0.000ns
    Clock Pessimism Removal (CPR):    0.000ns
  Clock Uncertainty:      0.025ns  ((TSJ^2 + TIJ^2)^1/2 + DJ) / 2 + PE
    Total System Jitter     (TSJ):    0.050ns
    Total Input Jitter      (TIJ):    0.000ns
    Discrete Jitter          (DJ):    0.000ns
    Phase Error              (PE):    0.000ns

    Location             Delay type                Incr(ns)  Path(ns)    Netlist Resource(s)
  -------------------------------------------------------------------    -------------------
    U17                                               0.000     0.000 f  btnD (IN)
                         net (fo=0)                   0.000     0.000    btnD
    U17                  IBUF (Prop_ibuf_I_O)         1.452     1.452 f  btnD_IBUF_inst/O
                         net (fo=37, routed)          4.314     5.766    u3/AR[0]
    SLICE_X64Y25         FDCE                                         f  u3/d3_reg[2]/CLR
  -------------------------------------------------------------------    -------------------

                         (clock sys_clk_pin rise edge)
                                                      0.000     0.000 r  
    W5                                                0.000     0.000 r  clk (IN)
                         net (fo=0)                   0.000     0.000    clk
    W5                   IBUF (Prop_ibuf_I_O)         1.388     1.388 r  clk_IBUF_inst/O
                         net (fo=1, routed)           1.862     3.250    clk_IBUF
    BUFGCTRL_X0Y0        BUFG (Prop_bufg_I_O)         0.091     3.341 r  clk_IBUF_BUFG_inst/O
                         net (fo=56, routed)          1.502     4.843    u3/CLK
    SLICE_X64Y25         FDCE                                         r  u3/d3_reg[2]/C

Slack:                    inf
  Source:                 btnD
                            (input port)
  Destination:            u3/d3_reg[3]/CLR
                            (recovery check against rising-edge clock sys_clk_pin  {rise@0.000ns fall@5.000ns period=10.000ns})
  Path Group:             (none)
  Path Type:              Recovery (Max at Slow Process Corner)
  Data Path Delay:        5.766ns  (logic 1.452ns (25.189%)  route 4.314ns (74.811%))
  Logic Levels:           1  (IBUF=1)
  Clock Path Skew:        4.843ns (DCD - SCD + CPR)
    Destination Clock Delay (DCD):    4.843ns
    Source Clock Delay      (SCD):    0.000ns
    Clock Pessimism Removal (CPR):    0.000ns
  Clock Uncertainty:      0.025ns  ((TSJ^2 + TIJ^2)^1/2 + DJ) / 2 + PE
    Total System Jitter     (TSJ):    0.050ns
    Total Input Jitter      (TIJ):    0.000ns
    Discrete Jitter          (DJ):    0.000ns
    Phase Error              (PE):    0.000ns

    Location             Delay type                Incr(ns)  Path(ns)    Netlist Resource(s)
  -------------------------------------------------------------------    -------------------
    U17                                               0.000     0.000 f  btnD (IN)
                         net (fo=0)                   0.000     0.000    btnD
    U17                  IBUF (Prop_ibuf_I_O)         1.452     1.452 f  btnD_IBUF_inst/O
                         net (fo=37, routed)          4.314     5.766    u3/AR[0]
    SLICE_X64Y25         FDCE                                         f  u3/d3_reg[3]/CLR
  -------------------------------------------------------------------    -------------------

                         (clock sys_clk_pin rise edge)
                                                      0.000     0.000 r  
    W5                                                0.000     0.000 r  clk (IN)
                         net (fo=0)                   0.000     0.000    clk
    W5                   IBUF (Prop_ibuf_I_O)         1.388     1.388 r  clk_IBUF_inst/O
                         net (fo=1, routed)           1.862     3.250    clk_IBUF
    BUFGCTRL_X0Y0        BUFG (Prop_bufg_I_O)         0.091     3.341 r  clk_IBUF_BUFG_inst/O
                         net (fo=56, routed)          1.502     4.843    u3/CLK
    SLICE_X64Y25         FDCE                                         r  u3/d3_reg[3]/C

Slack:                    inf
  Source:                 btnD
                            (input port)
  Destination:            u3/d2_reg[0]/CLR
                            (recovery check against rising-edge clock sys_clk_pin  {rise@0.000ns fall@5.000ns period=10.000ns})
  Path Group:             (none)
  Path Type:              Recovery (Max at Slow Process Corner)
  Data Path Delay:        5.597ns  (logic 1.452ns (25.952%)  route 4.144ns (74.048%))
  Logic Levels:           1  (IBUF=1)
  Clock Path Skew:        4.843ns (DCD - SCD + CPR)
    Destination Clock Delay (DCD):    4.843ns
    Source Clock Delay      (SCD):    0.000ns
    Clock Pessimism Removal (CPR):    0.000ns
  Clock Uncertainty:      0.025ns  ((TSJ^2 + TIJ^2)^1/2 + DJ) / 2 + PE
    Total System Jitter     (TSJ):    0.050ns
    Total Input Jitter      (TIJ):    0.000ns
    Discrete Jitter          (DJ):    0.000ns
    Phase Error              (PE):    0.000ns

    Location             Delay type                Incr(ns)  Path(ns)    Netlist Resource(s)
  -------------------------------------------------------------------    -------------------
    U17                                               0.000     0.000 f  btnD (IN)
                         net (fo=0)                   0.000     0.000    btnD
    U17                  IBUF (Prop_ibuf_I_O)         1.452     1.452 f  btnD_IBUF_inst/O
                         net (fo=37, routed)          4.144     5.597    u3/AR[0]
    SLICE_X64Y24         FDCE                                         f  u3/d2_reg[0]/CLR
  -------------------------------------------------------------------    -------------------

                         (clock sys_clk_pin rise edge)
                                                      0.000     0.000 r  
    W5                                                0.000     0.000 r  clk (IN)
                         net (fo=0)                   0.000     0.000    clk
    W5                   IBUF (Prop_ibuf_I_O)         1.388     1.388 r  clk_IBUF_inst/O
                         net (fo=1, routed)           1.862     3.250    clk_IBUF
    BUFGCTRL_X0Y0        BUFG (Prop_bufg_I_O)         0.091     3.341 r  clk_IBUF_BUFG_inst/O
                         net (fo=56, routed)          1.502     4.843    u3/CLK
    SLICE_X64Y24         FDCE                                         r  u3/d2_reg[0]/C

Slack:                    inf
  Source:                 btnD
                            (input port)
  Destination:            u3/d2_reg[2]/CLR
                            (recovery check against rising-edge clock sys_clk_pin  {rise@0.000ns fall@5.000ns period=10.000ns})
  Path Group:             (none)
  Path Type:              Recovery (Max at Slow Process Corner)
  Data Path Delay:        5.597ns  (logic 1.452ns (25.952%)  route 4.144ns (74.048%))
  Logic Levels:           1  (IBUF=1)
  Clock Path Skew:        4.843ns (DCD - SCD + CPR)
    Destination Clock Delay (DCD):    4.843ns
    Source Clock Delay      (SCD):    0.000ns
    Clock Pessimism Removal (CPR):    0.000ns
  Clock Uncertainty:      0.025ns  ((TSJ^2 + TIJ^2)^1/2 + DJ) / 2 + PE
    Total System Jitter     (TSJ):    0.050ns
    Total Input Jitter      (TIJ):    0.000ns
    Discrete Jitter          (DJ):    0.000ns
    Phase Error              (PE):    0.000ns

    Location             Delay type                Incr(ns)  Path(ns)    Netlist Resource(s)
  -------------------------------------------------------------------    -------------------
    U17                                               0.000     0.000 f  btnD (IN)
                         net (fo=0)                   0.000     0.000    btnD
    U17                  IBUF (Prop_ibuf_I_O)         1.452     1.452 f  btnD_IBUF_inst/O
                         net (fo=37, routed)          4.144     5.597    u3/AR[0]
    SLICE_X64Y24         FDCE                                         f  u3/d2_reg[2]/CLR
  -------------------------------------------------------------------    -------------------

                         (clock sys_clk_pin rise edge)
                                                      0.000     0.000 r  
    W5                                                0.000     0.000 r  clk (IN)
                         net (fo=0)                   0.000     0.000    clk
    W5                   IBUF (Prop_ibuf_I_O)         1.388     1.388 r  clk_IBUF_inst/O
                         net (fo=1, routed)           1.862     3.250    clk_IBUF
    BUFGCTRL_X0Y0        BUFG (Prop_bufg_I_O)         0.091     3.341 r  clk_IBUF_BUFG_inst/O
                         net (fo=56, routed)          1.502     4.843    u3/CLK
    SLICE_X64Y24         FDCE                                         r  u3/d2_reg[2]/C

Slack:                    inf
  Source:                 btnD
                            (input port)
  Destination:            u3/d0_reg[1]/CLR
                            (recovery check against rising-edge clock sys_clk_pin  {rise@0.000ns fall@5.000ns period=10.000ns})
  Path Group:             (none)
  Path Type:              Recovery (Max at Slow Process Corner)
  Data Path Delay:        5.456ns  (logic 1.452ns (26.623%)  route 4.003ns (73.377%))
  Logic Levels:           1  (IBUF=1)
  Clock Path Skew:        4.845ns (DCD - SCD + CPR)
    Destination Clock Delay (DCD):    4.845ns
    Source Clock Delay      (SCD):    0.000ns
    Clock Pessimism Removal (CPR):    0.000ns
  Clock Uncertainty:      0.025ns  ((TSJ^2 + TIJ^2)^1/2 + DJ) / 2 + PE
    Total System Jitter     (TSJ):    0.050ns
    Total Input Jitter      (TIJ):    0.000ns
    Discrete Jitter          (DJ):    0.000ns
    Phase Error              (PE):    0.000ns

    Location             Delay type                Incr(ns)  Path(ns)    Netlist Resource(s)
  -------------------------------------------------------------------    -------------------
    U17                                               0.000     0.000 f  btnD (IN)
                         net (fo=0)                   0.000     0.000    btnD
    U17                  IBUF (Prop_ibuf_I_O)         1.452     1.452 f  btnD_IBUF_inst/O
                         net (fo=37, routed)          4.003     5.456    u3/AR[0]
    SLICE_X64Y23         FDCE                                         f  u3/d0_reg[1]/CLR
  -------------------------------------------------------------------    -------------------

                         (clock sys_clk_pin rise edge)
                                                      0.000     0.000 r  
    W5                                                0.000     0.000 r  clk (IN)
                         net (fo=0)                   0.000     0.000    clk
    W5                   IBUF (Prop_ibuf_I_O)         1.388     1.388 r  clk_IBUF_inst/O
                         net (fo=1, routed)           1.862     3.250    clk_IBUF
    BUFGCTRL_X0Y0        BUFG (Prop_bufg_I_O)         0.091     3.341 r  clk_IBUF_BUFG_inst/O
                         net (fo=56, routed)          1.504     4.845    u3/CLK
    SLICE_X64Y23         FDCE                                         r  u3/d0_reg[1]/C

Slack:                    inf
  Source:                 btnD
                            (input port)
  Destination:            u3/d0_reg[2]/CLR
                            (recovery check against rising-edge clock sys_clk_pin  {rise@0.000ns fall@5.000ns period=10.000ns})
  Path Group:             (none)
  Path Type:              Recovery (Max at Slow Process Corner)
  Data Path Delay:        5.456ns  (logic 1.452ns (26.623%)  route 4.003ns (73.377%))
  Logic Levels:           1  (IBUF=1)
  Clock Path Skew:        4.845ns (DCD - SCD + CPR)
    Destination Clock Delay (DCD):    4.845ns
    Source Clock Delay      (SCD):    0.000ns
    Clock Pessimism Removal (CPR):    0.000ns
  Clock Uncertainty:      0.025ns  ((TSJ^2 + TIJ^2)^1/2 + DJ) / 2 + PE
    Total System Jitter     (TSJ):    0.050ns
    Total Input Jitter      (TIJ):    0.000ns
    Discrete Jitter          (DJ):    0.000ns
    Phase Error              (PE):    0.000ns

    Location             Delay type                Incr(ns)  Path(ns)    Netlist Resource(s)
  -------------------------------------------------------------------    -------------------
    U17                                               0.000     0.000 f  btnD (IN)
                         net (fo=0)                   0.000     0.000    btnD
    U17                  IBUF (Prop_ibuf_I_O)         1.452     1.452 f  btnD_IBUF_inst/O
                         net (fo=37, routed)          4.003     5.456    u3/AR[0]
    SLICE_X64Y23         FDCE                                         f  u3/d0_reg[2]/CLR
  -------------------------------------------------------------------    -------------------

                         (clock sys_clk_pin rise edge)
                                                      0.000     0.000 r  
    W5                                                0.000     0.000 r  clk (IN)
                         net (fo=0)                   0.000     0.000    clk
    W5                   IBUF (Prop_ibuf_I_O)         1.388     1.388 r  clk_IBUF_inst/O
                         net (fo=1, routed)           1.862     3.250    clk_IBUF
    BUFGCTRL_X0Y0        BUFG (Prop_bufg_I_O)         0.091     3.341 r  clk_IBUF_BUFG_inst/O
                         net (fo=56, routed)          1.504     4.845    u3/CLK
    SLICE_X64Y23         FDCE                                         r  u3/d0_reg[2]/C

Slack:                    inf
  Source:                 btnD
                            (input port)
  Destination:            u3/d0_reg[3]/CLR
                            (recovery check against rising-edge clock sys_clk_pin  {rise@0.000ns fall@5.000ns period=10.000ns})
  Path Group:             (none)
  Path Type:              Recovery (Max at Slow Process Corner)
  Data Path Delay:        5.456ns  (logic 1.452ns (26.623%)  route 4.003ns (73.377%))
  Logic Levels:           1  (IBUF=1)
  Clock Path Skew:        4.845ns (DCD - SCD + CPR)
    Destination Clock Delay (DCD):    4.845ns
    Source Clock Delay      (SCD):    0.000ns
    Clock Pessimism Removal (CPR):    0.000ns
  Clock Uncertainty:      0.025ns  ((TSJ^2 + TIJ^2)^1/2 + DJ) / 2 + PE
    Total System Jitter     (TSJ):    0.050ns
    Total Input Jitter      (TIJ):    0.000ns
    Discrete Jitter          (DJ):    0.000ns
    Phase Error              (PE):    0.000ns

    Location             Delay type                Incr(ns)  Path(ns)    Netlist Resource(s)
  -------------------------------------------------------------------    -------------------
    U17                                               0.000     0.000 f  btnD (IN)
                         net (fo=0)                   0.000     0.000    btnD
    U17                  IBUF (Prop_ibuf_I_O)         1.452     1.452 f  btnD_IBUF_inst/O
                         net (fo=37, routed)          4.003     5.456    u3/AR[0]
    SLICE_X64Y23         FDCE                                         f  u3/d0_reg[3]/CLR
  -------------------------------------------------------------------    -------------------

                         (clock sys_clk_pin rise edge)
                                                      0.000     0.000 r  
    W5                                                0.000     0.000 r  clk (IN)
                         net (fo=0)                   0.000     0.000    clk
    W5                   IBUF (Prop_ibuf_I_O)         1.388     1.388 r  clk_IBUF_inst/O
                         net (fo=1, routed)           1.862     3.250    clk_IBUF
    BUFGCTRL_X0Y0        BUFG (Prop_bufg_I_O)         0.091     3.341 r  clk_IBUF_BUFG_inst/O
                         net (fo=56, routed)          1.504     4.845    u3/CLK
    SLICE_X64Y23         FDCE                                         r  u3/d0_reg[3]/C

Slack:                    inf
  Source:                 btnD
                            (input port)
  Destination:            u3/d2_reg[1]/CLR
                            (recovery check against rising-edge clock sys_clk_pin  {rise@0.000ns fall@5.000ns period=10.000ns})
  Path Group:             (none)
  Path Type:              Recovery (Max at Slow Process Corner)
  Data Path Delay:        5.456ns  (logic 1.452ns (26.623%)  route 4.003ns (73.377%))
  Logic Levels:           1  (IBUF=1)
  Clock Path Skew:        4.845ns (DCD - SCD + CPR)
    Destination Clock Delay (DCD):    4.845ns
    Source Clock Delay      (SCD):    0.000ns
    Clock Pessimism Removal (CPR):    0.000ns
  Clock Uncertainty:      0.025ns  ((TSJ^2 + TIJ^2)^1/2 + DJ) / 2 + PE
    Total System Jitter     (TSJ):    0.050ns
    Total Input Jitter      (TIJ):    0.000ns
    Discrete Jitter          (DJ):    0.000ns
    Phase Error              (PE):    0.000ns

    Location             Delay type                Incr(ns)  Path(ns)    Netlist Resource(s)
  -------------------------------------------------------------------    -------------------
    U17                                               0.000     0.000 f  btnD (IN)
                         net (fo=0)                   0.000     0.000    btnD
    U17                  IBUF (Prop_ibuf_I_O)         1.452     1.452 f  btnD_IBUF_inst/O
                         net (fo=37, routed)          4.003     5.456    u3/AR[0]
    SLICE_X65Y23         FDCE                                         f  u3/d2_reg[1]/CLR
  -------------------------------------------------------------------    -------------------

                         (clock sys_clk_pin rise edge)
                                                      0.000     0.000 r  
    W5                                                0.000     0.000 r  clk (IN)
                         net (fo=0)                   0.000     0.000    clk
    W5                   IBUF (Prop_ibuf_I_O)         1.388     1.388 r  clk_IBUF_inst/O
                         net (fo=1, routed)           1.862     3.250    clk_IBUF
    BUFGCTRL_X0Y0        BUFG (Prop_bufg_I_O)         0.091     3.341 r  clk_IBUF_BUFG_inst/O
                         net (fo=56, routed)          1.504     4.845    u3/CLK
    SLICE_X65Y23         FDCE                                         r  u3/d2_reg[1]/C





Min Delay Paths
--------------------------------------------------------------------------------------
Slack:                    inf
  Source:                 btnU
                            (input port)
  Destination:            u2/state_reg/D
                            (rising edge-triggered cell FDCE clocked by sys_clk_pin  {rise@0.000ns fall@5.000ns period=10.000ns})
  Path Group:             (none)
  Path Type:              Hold (Min at Fast Process Corner)
  Data Path Delay:        1.370ns  (logic 0.222ns (16.200%)  route 1.148ns (83.800%))
  Logic Levels:           1  (IBUF=1)
  Clock Path Skew:        1.951ns (DCD - SCD - CPR)
    Destination Clock Delay (DCD):    1.951ns
    Source Clock Delay      (SCD):    0.000ns
    Clock Pessimism Removal (CPR):    -0.000ns

    Location             Delay type                Incr(ns)  Path(ns)    Netlist Resource(s)
  -------------------------------------------------------------------    -------------------
    T18                                               0.000     0.000 r  btnU (IN)
                         net (fo=0)                   0.000     0.000    btnU
    T18                  IBUF (Prop_ibuf_I_O)         0.222     0.222 r  btnU_IBUF_inst/O
                         net (fo=2, routed)           1.148     1.370    u2/btnU_IBUF
    SLICE_X52Y22         FDCE                                         r  u2/state_reg/D
  -------------------------------------------------------------------    -------------------

                         (clock sys_clk_pin rise edge)
                                                      0.000     0.000 r  
    W5                                                0.000     0.000 r  clk (IN)
                         net (fo=0)                   0.000     0.000    clk
    W5                   IBUF (Prop_ibuf_I_O)         0.414     0.414 r  clk_IBUF_inst/O
                         net (fo=1, routed)           0.685     1.099    clk_IBUF
    BUFGCTRL_X0Y0        BUFG (Prop_bufg_I_O)         0.029     1.128 r  clk_IBUF_BUFG_inst/O
                         net (fo=56, routed)          0.824     1.951    u2/CLK
    SLICE_X52Y22         FDCE                                         r  u2/state_reg/C

Slack:                    inf
  Source:                 btnD
                            (input port)
  Destination:            u2/state_reg/CLR
                            (removal check against rising-edge clock sys_clk_pin  {rise@0.000ns fall@5.000ns period=10.000ns})
  Path Group:             (none)
  Path Type:              Removal (Min at Fast Process Corner)
  Data Path Delay:        1.447ns  (logic 0.221ns (15.244%)  route 1.226ns (84.756%))
  Logic Levels:           1  (IBUF=1)
  Clock Path Skew:        1.951ns (DCD - SCD - CPR)
    Destination Clock Delay (DCD):    1.951ns
    Source Clock Delay      (SCD):    0.000ns
    Clock Pessimism Removal (CPR):    -0.000ns

    Location             Delay type                Incr(ns)  Path(ns)    Netlist Resource(s)
  -------------------------------------------------------------------    -------------------
    U17                                               0.000     0.000 f  btnD (IN)
                         net (fo=0)                   0.000     0.000    btnD
    U17                  IBUF (Prop_ibuf_I_O)         0.221     0.221 f  btnD_IBUF_inst/O
                         net (fo=37, routed)          1.226     1.447    u2/AR[0]
    SLICE_X52Y22         FDCE                                         f  u2/state_reg/CLR
  -------------------------------------------------------------------    -------------------

                         (clock sys_clk_pin rise edge)
                                                      0.000     0.000 r  
    W5                                                0.000     0.000 r  clk (IN)
                         net (fo=0)                   0.000     0.000    clk
    W5                   IBUF (Prop_ibuf_I_O)         0.414     0.414 r  clk_IBUF_inst/O
                         net (fo=1, routed)           0.685     1.099    clk_IBUF
    BUFGCTRL_X0Y0        BUFG (Prop_bufg_I_O)         0.029     1.128 r  clk_IBUF_BUFG_inst/O
                         net (fo=56, routed)          0.824     1.951    u2/CLK
    SLICE_X52Y22         FDCE                                         r  u2/state_reg/C

Slack:                    inf
  Source:                 btnL
                            (input port)
  Destination:            u2/state_reg/CE
                            (rising edge-triggered cell FDCE clocked by sys_clk_pin  {rise@0.000ns fall@5.000ns period=10.000ns})
  Path Group:             (none)
  Path Type:              Hold (Min at Fast Process Corner)
  Data Path Delay:        1.547ns  (logic 0.264ns (17.085%)  route 1.283ns (82.915%))
  Logic Levels:           2  (IBUF=1 LUT2=1)
  Clock Path Skew:        1.951ns (DCD - SCD - CPR)
    Destination Clock Delay (DCD):    1.951ns
    Source Clock Delay      (SCD):    0.000ns
    Clock Pessimism Removal (CPR):    -0.000ns

    Location             Delay type                Incr(ns)  Path(ns)    Netlist Resource(s)
  -------------------------------------------------------------------    -------------------
    W19                                               0.000     0.000 r  btnL (IN)
                         net (fo=0)                   0.000     0.000    btnL
    W19                  IBUF (Prop_ibuf_I_O)         0.219     0.219 r  btnL_IBUF_inst/O
                         net (fo=1, routed)           1.153     1.372    u2/btnL_IBUF
    SLICE_X52Y22         LUT2 (Prop_lut2_I1_O)        0.045     1.417 r  u2/state_i_1/O
                         net (fo=1, routed)           0.130     1.547    u2/state_i_1_n_0
    SLICE_X52Y22         FDCE                                         r  u2/state_reg/CE
  -------------------------------------------------------------------    -------------------

                         (clock sys_clk_pin rise edge)
                                                      0.000     0.000 r  
    W5                                                0.000     0.000 r  clk (IN)
                         net (fo=0)                   0.000     0.000    clk
    W5                   IBUF (Prop_ibuf_I_O)         0.414     0.414 r  clk_IBUF_inst/O
                         net (fo=1, routed)           0.685     1.099    clk_IBUF
    BUFGCTRL_X0Y0        BUFG (Prop_bufg_I_O)         0.029     1.128 r  clk_IBUF_BUFG_inst/O
                         net (fo=56, routed)          0.824     1.951    u2/CLK
    SLICE_X52Y22         FDCE                                         r  u2/state_reg/C

Slack:                    inf
  Source:                 btnR
                            (input port)
  Destination:            u2/inc_old_reg/D
                            (rising edge-triggered cell FDCE clocked by sys_clk_pin  {rise@0.000ns fall@5.000ns period=10.000ns})
  Path Group:             (none)
  Path Type:              Hold (Min at Fast Process Corner)
  Data Path Delay:        1.658ns  (logic 0.219ns (13.223%)  route 1.439ns (86.777%))
  Logic Levels:           1  (IBUF=1)
  Clock Path Skew:        1.975ns (DCD - SCD - CPR)
    Destination Clock Delay (DCD):    1.975ns
    Source Clock Delay      (SCD):    0.000ns
    Clock Pessimism Removal (CPR):    -0.000ns

    Location             Delay type                Incr(ns)  Path(ns)    Netlist Resource(s)
  -------------------------------------------------------------------    -------------------
    T17                                               0.000     0.000 r  btnR (IN)
                         net (fo=0)                   0.000     0.000    btnR
    T17                  IBUF (Prop_ibuf_I_O)         0.219     0.219 r  btnR_IBUF_inst/O
                         net (fo=2, routed)           1.439     1.658    u2/btnR_IBUF
    SLICE_X60Y24         FDCE                                         r  u2/inc_old_reg/D
  -------------------------------------------------------------------    -------------------

                         (clock sys_clk_pin rise edge)
                                                      0.000     0.000 r  
    W5                                                0.000     0.000 r  clk (IN)
                         net (fo=0)                   0.000     0.000    clk
    W5                   IBUF (Prop_ibuf_I_O)         0.414     0.414 r  clk_IBUF_inst/O
                         net (fo=1, routed)           0.685     1.099    clk_IBUF
    BUFGCTRL_X0Y0        BUFG (Prop_bufg_I_O)         0.029     1.128 r  clk_IBUF_BUFG_inst/O
                         net (fo=56, routed)          0.848     1.975    u2/CLK
    SLICE_X60Y24         FDCE                                         r  u2/inc_old_reg/C

Slack:                    inf
  Source:                 btnD
                            (input port)
  Destination:            u1/count_reg[0]/CLR
                            (removal check against rising-edge clock sys_clk_pin  {rise@0.000ns fall@5.000ns period=10.000ns})
  Path Group:             (none)
  Path Type:              Removal (Min at Fast Process Corner)
  Data Path Delay:        1.667ns  (logic 0.221ns (13.234%)  route 1.446ns (86.766%))
  Logic Levels:           1  (IBUF=1)
  Clock Path Skew:        1.979ns (DCD - SCD - CPR)
    Destination Clock Delay (DCD):    1.979ns
    Source Clock Delay      (SCD):    0.000ns
    Clock Pessimism Removal (CPR):    -0.000ns

    Location             Delay type                Incr(ns)  Path(ns)    Netlist Resource(s)
  -------------------------------------------------------------------    -------------------
    U17                                               0.000     0.000 f  btnD (IN)
                         net (fo=0)                   0.000     0.000    btnD
    U17                  IBUF (Prop_ibuf_I_O)         0.221     0.221 f  btnD_IBUF_inst/O
                         net (fo=37, routed)          1.446     1.667    u1/AR[0]
    SLICE_X61Y21         FDCE                                         f  u1/count_reg[0]/CLR
  -------------------------------------------------------------------    -------------------

                         (clock sys_clk_pin rise edge)
                                                      0.000     0.000 r  
    W5                                                0.000     0.000 r  clk (IN)
                         net (fo=0)                   0.000     0.000    clk
    W5                   IBUF (Prop_ibuf_I_O)         0.414     0.414 r  clk_IBUF_inst/O
                         net (fo=1, routed)           0.685     1.099    clk_IBUF
    BUFGCTRL_X0Y0        BUFG (Prop_bufg_I_O)         0.029     1.128 r  clk_IBUF_BUFG_inst/O
                         net (fo=56, routed)          0.852     1.979    u1/CLK
    SLICE_X61Y21         FDCE                                         r  u1/count_reg[0]/C

Slack:                    inf
  Source:                 btnD
                            (input port)
  Destination:            u1/count_reg[7]/CLR
                            (removal check against rising-edge clock sys_clk_pin  {rise@0.000ns fall@5.000ns period=10.000ns})
  Path Group:             (none)
  Path Type:              Removal (Min at Fast Process Corner)
  Data Path Delay:        1.667ns  (logic 0.221ns (13.234%)  route 1.446ns (86.766%))
  Logic Levels:           1  (IBUF=1)
  Clock Path Skew:        1.979ns (DCD - SCD - CPR)
    Destination Clock Delay (DCD):    1.979ns
    Source Clock Delay      (SCD):    0.000ns
    Clock Pessimism Removal (CPR):    -0.000ns

    Location             Delay type                Incr(ns)  Path(ns)    Netlist Resource(s)
  -------------------------------------------------------------------    -------------------
    U17                                               0.000     0.000 f  btnD (IN)
                         net (fo=0)                   0.000     0.000    btnD
    U17                  IBUF (Prop_ibuf_I_O)         0.221     0.221 f  btnD_IBUF_inst/O
                         net (fo=37, routed)          1.446     1.667    u1/AR[0]
    SLICE_X61Y21         FDCE                                         f  u1/count_reg[7]/CLR
  -------------------------------------------------------------------    -------------------

                         (clock sys_clk_pin rise edge)
                                                      0.000     0.000 r  
    W5                                                0.000     0.000 r  clk (IN)
                         net (fo=0)                   0.000     0.000    clk
    W5                   IBUF (Prop_ibuf_I_O)         0.414     0.414 r  clk_IBUF_inst/O
                         net (fo=1, routed)           0.685     1.099    clk_IBUF
    BUFGCTRL_X0Y0        BUFG (Prop_bufg_I_O)         0.029     1.128 r  clk_IBUF_BUFG_inst/O
                         net (fo=56, routed)          0.852     1.979    u1/CLK
    SLICE_X61Y21         FDCE                                         r  u1/count_reg[7]/C

Slack:                    inf
  Source:                 btnD
                            (input port)
  Destination:            u1/count_reg[8]/CLR
                            (removal check against rising-edge clock sys_clk_pin  {rise@0.000ns fall@5.000ns period=10.000ns})
  Path Group:             (none)
  Path Type:              Removal (Min at Fast Process Corner)
  Data Path Delay:        1.667ns  (logic 0.221ns (13.234%)  route 1.446ns (86.766%))
  Logic Levels:           1  (IBUF=1)
  Clock Path Skew:        1.979ns (DCD - SCD - CPR)
    Destination Clock Delay (DCD):    1.979ns
    Source Clock Delay      (SCD):    0.000ns
    Clock Pessimism Removal (CPR):    -0.000ns

    Location             Delay type                Incr(ns)  Path(ns)    Netlist Resource(s)
  -------------------------------------------------------------------    -------------------
    U17                                               0.000     0.000 f  btnD (IN)
                         net (fo=0)                   0.000     0.000    btnD
    U17                  IBUF (Prop_ibuf_I_O)         0.221     0.221 f  btnD_IBUF_inst/O
                         net (fo=37, routed)          1.446     1.667    u1/AR[0]
    SLICE_X61Y21         FDCE                                         f  u1/count_reg[8]/CLR
  -------------------------------------------------------------------    -------------------

                         (clock sys_clk_pin rise edge)
                                                      0.000     0.000 r  
    W5                                                0.000     0.000 r  clk (IN)
                         net (fo=0)                   0.000     0.000    clk
    W5                   IBUF (Prop_ibuf_I_O)         0.414     0.414 r  clk_IBUF_inst/O
                         net (fo=1, routed)           0.685     1.099    clk_IBUF
    BUFGCTRL_X0Y0        BUFG (Prop_bufg_I_O)         0.029     1.128 r  clk_IBUF_BUFG_inst/O
                         net (fo=56, routed)          0.852     1.979    u1/CLK
    SLICE_X61Y21         FDCE                                         r  u1/count_reg[8]/C

Slack:                    inf
  Source:                 btnR
                            (input port)
  Destination:            u2/inc_pulse_reg/D
                            (rising edge-triggered cell FDCE clocked by sys_clk_pin  {rise@0.000ns fall@5.000ns period=10.000ns})
  Path Group:             (none)
  Path Type:              Hold (Min at Fast Process Corner)
  Data Path Delay:        1.727ns  (logic 0.264ns (15.303%)  route 1.463ns (84.697%))
  Logic Levels:           2  (IBUF=1 LUT3=1)
  Clock Path Skew:        1.975ns (DCD - SCD - CPR)
    Destination Clock Delay (DCD):    1.975ns
    Source Clock Delay      (SCD):    0.000ns
    Clock Pessimism Removal (CPR):    -0.000ns

    Location             Delay type                Incr(ns)  Path(ns)    Netlist Resource(s)
  -------------------------------------------------------------------    -------------------
    T17                                               0.000     0.000 r  btnR (IN)
                         net (fo=0)                   0.000     0.000    btnR
    T17                  IBUF (Prop_ibuf_I_O)         0.219     0.219 r  btnR_IBUF_inst/O
                         net (fo=2, routed)           1.463     1.682    u2/btnR_IBUF
    SLICE_X60Y24         LUT3 (Prop_lut3_I2_O)        0.045     1.727 r  u2/inc_pulse_i_1/O
                         net (fo=1, routed)           0.000     1.727    u2/inc_pulse0
    SLICE_X60Y24         FDCE                                         r  u2/inc_pulse_reg/D
  -------------------------------------------------------------------    -------------------

                         (clock sys_clk_pin rise edge)
                                                      0.000     0.000 r  
    W5                                                0.000     0.000 r  clk (IN)
                         net (fo=0)                   0.000     0.000    clk
    W5                   IBUF (Prop_ibuf_I_O)         0.414     0.414 r  clk_IBUF_inst/O
                         net (fo=1, routed)           0.685     1.099    clk_IBUF
    BUFGCTRL_X0Y0        BUFG (Prop_bufg_I_O)         0.029     1.128 r  clk_IBUF_BUFG_inst/O
                         net (fo=56, routed)          0.848     1.975    u2/CLK
    SLICE_X60Y24         FDCE                                         r  u2/inc_pulse_reg/C

Slack:                    inf
  Source:                 btnD
                            (input port)
  Destination:            u1/count_reg[10]/CLR
                            (removal check against rising-edge clock sys_clk_pin  {rise@0.000ns fall@5.000ns period=10.000ns})
  Path Group:             (none)
  Path Type:              Removal (Min at Fast Process Corner)
  Data Path Delay:        1.740ns  (logic 0.221ns (12.677%)  route 1.519ns (87.323%))
  Logic Levels:           1  (IBUF=1)
  Clock Path Skew:        1.978ns (DCD - SCD - CPR)
    Destination Clock Delay (DCD):    1.978ns
    Source Clock Delay      (SCD):    0.000ns
    Clock Pessimism Removal (CPR):    -0.000ns

    Location             Delay type                Incr(ns)  Path(ns)    Netlist Resource(s)
  -------------------------------------------------------------------    -------------------
    U17                                               0.000     0.000 f  btnD (IN)
                         net (fo=0)                   0.000     0.000    btnD
    U17                  IBUF (Prop_ibuf_I_O)         0.221     0.221 f  btnD_IBUF_inst/O
                         net (fo=37, routed)          1.519     1.740    u1/AR[0]
    SLICE_X61Y22         FDCE                                         f  u1/count_reg[10]/CLR
  -------------------------------------------------------------------    -------------------

                         (clock sys_clk_pin rise edge)
                                                      0.000     0.000 r  
    W5                                                0.000     0.000 r  clk (IN)
                         net (fo=0)                   0.000     0.000    clk
    W5                   IBUF (Prop_ibuf_I_O)         0.414     0.414 r  clk_IBUF_inst/O
                         net (fo=1, routed)           0.685     1.099    clk_IBUF
    BUFGCTRL_X0Y0        BUFG (Prop_bufg_I_O)         0.029     1.128 r  clk_IBUF_BUFG_inst/O
                         net (fo=56, routed)          0.851     1.978    u1/CLK
    SLICE_X61Y22         FDCE                                         r  u1/count_reg[10]/C

Slack:                    inf
  Source:                 btnD
                            (input port)
  Destination:            u1/count_reg[11]/CLR
                            (removal check against rising-edge clock sys_clk_pin  {rise@0.000ns fall@5.000ns period=10.000ns})
  Path Group:             (none)
  Path Type:              Removal (Min at Fast Process Corner)
  Data Path Delay:        1.740ns  (logic 0.221ns (12.677%)  route 1.519ns (87.323%))
  Logic Levels:           1  (IBUF=1)
  Clock Path Skew:        1.978ns (DCD - SCD - CPR)
    Destination Clock Delay (DCD):    1.978ns
    Source Clock Delay      (SCD):    0.000ns
    Clock Pessimism Removal (CPR):    -0.000ns

    Location             Delay type                Incr(ns)  Path(ns)    Netlist Resource(s)
  -------------------------------------------------------------------    -------------------
    U17                                               0.000     0.000 f  btnD (IN)
                         net (fo=0)                   0.000     0.000    btnD
    U17                  IBUF (Prop_ibuf_I_O)         0.221     0.221 f  btnD_IBUF_inst/O
                         net (fo=37, routed)          1.519     1.740    u1/AR[0]
    SLICE_X61Y22         FDCE                                         f  u1/count_reg[11]/CLR
  -------------------------------------------------------------------    -------------------

                         (clock sys_clk_pin rise edge)
                                                      0.000     0.000 r  
    W5                                                0.000     0.000 r  clk (IN)
                         net (fo=0)                   0.000     0.000    clk
    W5                   IBUF (Prop_ibuf_I_O)         0.414     0.414 r  clk_IBUF_inst/O
                         net (fo=1, routed)           0.685     1.099    clk_IBUF
    BUFGCTRL_X0Y0        BUFG (Prop_bufg_I_O)         0.029     1.128 r  clk_IBUF_BUFG_inst/O
                         net (fo=56, routed)          0.851     1.978    u1/CLK
    SLICE_X61Y22         FDCE                                         r  u1/count_reg[11]/C





