Copyright 1986-2022 Xilinx, Inc. All Rights Reserved.
---------------------------------------------------------------------------------------------------------------------------------------------------------------------------------------------------------
| Tool Version : Vivado v.2022.1 (win64) Build 3526262 Mon Apr 18 15:48:16 MDT 2022
| Date         : Fri May 15 11:33:31 2026
| Host         : DESKTOP-TM7VUND running 64-bit major release  (build 9200)
| Command      : report_timing_summary -max_paths 10 -report_unconstrained -file req3_timing_summary_routed.rpt -pb req3_timing_summary_routed.pb -rpx req3_timing_summary_routed.rpx -warn_on_violation
| Design       : req3
| Device       : 7a35t-cpg236
| Speed File   : -1  PRODUCTION 1.23 2018-06-13
---------------------------------------------------------------------------------------------------------------------------------------------------------------------------------------------------------

Timing Summary Report

------------------------------------------------------------------------------------------------
| Timer Settings
| --------------
------------------------------------------------------------------------------------------------

  Enable Multi Corner Analysis               :  Yes
  Enable Pessimism Removal                   :  Yes
  Pessimism Removal Resolution               :  Nearest Common Node
  Enable Input Delay Default Clock           :  No
  Enable Preset / Clear Arcs                 :  No
  Disable Flight Delays                      :  No
  Ignore I/O Paths                           :  No
  Timing Early Launch at Borrowing Latches   :  No
  Borrow Time for Max Delay Exceptions       :  Yes
  Merge Timing Exceptions                    :  Yes

  Corner  Analyze    Analyze    
  Name    Max Paths  Min Paths  
  ------  ---------  ---------  
  Slow    Yes        Yes        
  Fast    Yes        Yes        


------------------------------------------------------------------------------------------------
| Report Methodology
| ------------------
------------------------------------------------------------------------------------------------

Rule       Severity  Description                    Violations  
---------  --------  -----------------------------  ----------  
TIMING-18  Warning   Missing input or output delay  23          

Note: This report is based on the most recent report_methodology run and may not be up-to-date. Run report_methodology on the current design for the latest report.



check_timing report

Table of Contents
-----------------
1. checking no_clock (0)
2. checking constant_clock (0)
3. checking pulse_width_clock (0)
4. checking unconstrained_internal_endpoints (0)
5. checking no_input_delay (11)
6. checking no_output_delay (11)
7. checking multiple_clock (0)
8. checking generated_clocks (0)
9. checking loops (0)
10. checking partial_input_delay (0)
11. checking partial_output_delay (0)
12. checking latch_loops (0)

1. checking no_clock (0)
------------------------
 There are 0 register/latch pins with no clock.


2. checking constant_clock (0)
------------------------------
 There are 0 register/latch pins with constant_clock.


3. checking pulse_width_clock (0)
---------------------------------
 There are 0 register/latch pins which need pulse_width check


4. checking unconstrained_internal_endpoints (0)
------------------------------------------------
 There are 0 pins that are not constrained for maximum delay.

 There are 0 pins that are not constrained for maximum delay due to constant clock.


5. checking no_input_delay (11)
-------------------------------
 There are 11 input ports with no input delay specified. (HIGH)

 There are 0 input ports with no input delay but user has a false path constraint.


6. checking no_output_delay (11)
--------------------------------
 There are 11 ports with no output delay specified. (HIGH)

 There are 0 ports with no output delay but user has a false path constraint

 There are 0 ports with no output delay but with a timing clock defined on it or propagating through it


7. checking multiple_clock (0)
------------------------------
 There are 0 register/latch pins with multiple clocks.


8. checking generated_clocks (0)
--------------------------------
 There are 0 generated clocks that are not connected to a clock source.


9. checking loops (0)
---------------------
 There are 0 combinational loops in the design.


10. checking partial_input_delay (0)
------------------------------------
 There are 0 input ports with partial input delay specified.


11. checking partial_output_delay (0)
-------------------------------------
 There are 0 ports with partial output delay specified.


12. checking latch_loops (0)
----------------------------
 There are 0 combinational latch loops in the design through latch input



------------------------------------------------------------------------------------------------
| Design Timing Summary
| ---------------------
------------------------------------------------------------------------------------------------

    WNS(ns)      TNS(ns)  TNS Failing Endpoints  TNS Total Endpoints      WHS(ns)      THS(ns)  THS Failing Endpoints  THS Total Endpoints     WPWS(ns)     TPWS(ns)  TPWS Failing Endpoints  TPWS Total Endpoints  
    -------      -------  ---------------------  -------------------      -------      -------  ---------------------  -------------------     --------     --------  ----------------------  --------------------  
      7.565        0.000                      0                   19        0.308        0.000                      0                   19        4.500        0.000                       0                    36  


All user specified timing constraints are met.


------------------------------------------------------------------------------------------------
| Clock Summary
| -------------
------------------------------------------------------------------------------------------------

Clock        Waveform(ns)       Period(ns)      Frequency(MHz)
-----        ------------       ----------      --------------
sys_clk_pin  {0.000 5.000}      10.000          100.000         


------------------------------------------------------------------------------------------------
| Intra Clock Table
| -----------------
------------------------------------------------------------------------------------------------

Clock             WNS(ns)      TNS(ns)  TNS Failing Endpoints  TNS Total Endpoints      WHS(ns)      THS(ns)  THS Failing Endpoints  THS Total Endpoints     WPWS(ns)     TPWS(ns)  TPWS Failing Endpoints  TPWS Total Endpoints  
-----             -------      -------  ---------------------  -------------------      -------      -------  ---------------------  -------------------     --------     --------  ----------------------  --------------------  
sys_clk_pin         7.565        0.000                      0                   19        0.308        0.000                      0                   19        4.500        0.000                       0                    36  


------------------------------------------------------------------------------------------------
| Inter Clock Table
| -----------------
------------------------------------------------------------------------------------------------

From Clock    To Clock          WNS(ns)      TNS(ns)  TNS Failing Endpoints  TNS Total Endpoints      WHS(ns)      THS(ns)  THS Failing Endpoints  THS Total Endpoints  
----------    --------          -------      -------  ---------------------  -------------------      -------      -------  ---------------------  -------------------  


------------------------------------------------------------------------------------------------
| Other Path Groups Table
| -----------------------
------------------------------------------------------------------------------------------------

Path Group    From Clock    To Clock          WNS(ns)      TNS(ns)  TNS Failing Endpoints  TNS Total Endpoints      WHS(ns)      THS(ns)  THS Failing Endpoints  THS Total Endpoints  
----------    ----------    --------          -------      -------  ---------------------  -------------------      -------      -------  ---------------------  -------------------  


------------------------------------------------------------------------------------------------
| User Ignored Path Table
| -----------------------
------------------------------------------------------------------------------------------------

Path Group    From Clock    To Clock    
----------    ----------    --------    


------------------------------------------------------------------------------------------------
| Unconstrained Path Table
| ------------------------
------------------------------------------------------------------------------------------------

Path Group    From Clock    To Clock    
----------    ----------    --------    
(none)        sys_clk_pin                 
(none)                      sys_clk_pin   


------------------------------------------------------------------------------------------------
| Timing Details
| --------------
------------------------------------------------------------------------------------------------


---------------------------------------------------------------------------------------------------
From Clock:  sys_clk_pin
  To Clock:  sys_clk_pin

Setup :            0  Failing Endpoints,  Worst Slack        7.565ns,  Total Violation        0.000ns
Hold  :            0  Failing Endpoints,  Worst Slack        0.308ns,  Total Violation        0.000ns
PW    :            0  Failing Endpoints,  Worst Slack        4.500ns,  Total Violation        0.000ns
---------------------------------------------------------------------------------------------------


Max Delay Paths
--------------------------------------------------------------------------------------
Slack (MET) :             7.565ns  (required time - arrival time)
  Source:                 refresh_counter_reg[1]/C
                            (rising edge-triggered cell FDRE clocked by sys_clk_pin  {rise@0.000ns fall@5.000ns period=10.000ns})
  Destination:            refresh_counter_reg[16]/D
                            (rising edge-triggered cell FDRE clocked by sys_clk_pin  {rise@0.000ns fall@5.000ns period=10.000ns})
  Path Group:             sys_clk_pin
  Path Type:              Setup (Max at Slow Process Corner)
  Requirement:            10.000ns  (sys_clk_pin rise@10.000ns - sys_clk_pin rise@0.000ns)
  Data Path Delay:        2.490ns  (logic 1.745ns (70.067%)  route 0.745ns (29.933%))
  Logic Levels:           5  (CARRY4=5)
  Clock Path Skew:        -0.018ns (DCD - SCD + CPR)
    Destination Clock Delay (DCD):    4.775ns = ( 14.775 - 10.000 ) 
    Source Clock Delay      (SCD):    5.068ns
    Clock Pessimism Removal (CPR):    0.275ns
  Clock Uncertainty:      0.035ns  ((TSJ^2 + TIJ^2)^1/2 + DJ) / 2 + PE
    Total System Jitter     (TSJ):    0.071ns
    Total Input Jitter      (TIJ):    0.000ns
    Discrete Jitter          (DJ):    0.000ns
    Phase Error              (PE):    0.000ns

    Location             Delay type                Incr(ns)  Path(ns)    Netlist Resource(s)
  -------------------------------------------------------------------    -------------------
                         (clock sys_clk_pin rise edge)
                                                      0.000     0.000 r  
    W5                                                0.000     0.000 r  clk (IN)
                         net (fo=0)                   0.000     0.000    clk
    W5                   IBUF (Prop_ibuf_I_O)         1.458     1.458 r  clk_IBUF_inst/O
                         net (fo=1, routed)           1.967     3.425    clk_IBUF
    BUFGCTRL_X0Y0        BUFG (Prop_bufg_I_O)         0.096     3.521 r  clk_IBUF_BUFG_inst/O
                         net (fo=35, routed)          1.547     5.068    clk_IBUF_BUFG
    SLICE_X38Y26         FDRE                                         r  refresh_counter_reg[1]/C
  -------------------------------------------------------------------    -------------------
    SLICE_X38Y26         FDRE (Prop_fdre_C_Q)         0.518     5.586 r  refresh_counter_reg[1]/Q
                         net (fo=1, routed)           0.745     6.332    refresh_counter_reg_n_0_[1]
    SLICE_X38Y26         CARRY4 (Prop_carry4_S[1]_CO[3])
                                                      0.657     6.989 r  refresh_counter_reg[0]_i_1/CO[3]
                         net (fo=1, routed)           0.000     6.989    refresh_counter_reg[0]_i_1_n_0
    SLICE_X38Y27         CARRY4 (Prop_carry4_CI_CO[3])
                                                      0.117     7.106 r  refresh_counter_reg[4]_i_1/CO[3]
                         net (fo=1, routed)           0.000     7.106    refresh_counter_reg[4]_i_1_n_0
    SLICE_X38Y28         CARRY4 (Prop_carry4_CI_CO[3])
                                                      0.117     7.223 r  refresh_counter_reg[8]_i_1/CO[3]
                         net (fo=1, routed)           0.000     7.223    refresh_counter_reg[8]_i_1_n_0
    SLICE_X38Y29         CARRY4 (Prop_carry4_CI_CO[3])
                                                      0.117     7.340 r  refresh_counter_reg[12]_i_1/CO[3]
                         net (fo=1, routed)           0.000     7.340    refresh_counter_reg[12]_i_1_n_0
    SLICE_X38Y30         CARRY4 (Prop_carry4_CI_O[0])
                                                      0.219     7.559 r  refresh_counter_reg[16]_i_1/O[0]
                         net (fo=1, routed)           0.000     7.559    refresh_counter_reg[16]_i_1_n_7
    SLICE_X38Y30         FDRE                                         r  refresh_counter_reg[16]/D
  -------------------------------------------------------------------    -------------------

                         (clock sys_clk_pin rise edge)
                                                     10.000    10.000 r  
    W5                                                0.000    10.000 r  clk (IN)
                         net (fo=0)                   0.000    10.000    clk
    W5                   IBUF (Prop_ibuf_I_O)         1.388    11.388 r  clk_IBUF_inst/O
                         net (fo=1, routed)           1.862    13.250    clk_IBUF
    BUFGCTRL_X0Y0        BUFG (Prop_bufg_I_O)         0.091    13.341 r  clk_IBUF_BUFG_inst/O
                         net (fo=35, routed)          1.434    14.775    clk_IBUF_BUFG
    SLICE_X38Y30         FDRE                                         r  refresh_counter_reg[16]/C
                         clock pessimism              0.275    15.050    
                         clock uncertainty           -0.035    15.015    
    SLICE_X38Y30         FDRE (Setup_fdre_C_D)        0.109    15.124    refresh_counter_reg[16]
  -------------------------------------------------------------------
                         required time                         15.124    
                         arrival time                          -7.559    
  -------------------------------------------------------------------
                         slack                                  7.565    

Slack (MET) :             7.578ns  (required time - arrival time)
  Source:                 refresh_counter_reg[1]/C
                            (rising edge-triggered cell FDRE clocked by sys_clk_pin  {rise@0.000ns fall@5.000ns period=10.000ns})
  Destination:            refresh_counter_reg[13]/D
                            (rising edge-triggered cell FDRE clocked by sys_clk_pin  {rise@0.000ns fall@5.000ns period=10.000ns})
  Path Group:             sys_clk_pin
  Path Type:              Setup (Max at Slow Process Corner)
  Requirement:            10.000ns  (sys_clk_pin rise@10.000ns - sys_clk_pin rise@0.000ns)
  Data Path Delay:        2.477ns  (logic 1.732ns (69.910%)  route 0.745ns (30.090%))
  Logic Levels:           4  (CARRY4=4)
  Clock Path Skew:        -0.018ns (DCD - SCD + CPR)
    Destination Clock Delay (DCD):    4.775ns = ( 14.775 - 10.000 ) 
    Source Clock Delay      (SCD):    5.068ns
    Clock Pessimism Removal (CPR):    0.275ns
  Clock Uncertainty:      0.035ns  ((TSJ^2 + TIJ^2)^1/2 + DJ) / 2 + PE
    Total System Jitter     (TSJ):    0.071ns
    Total Input Jitter      (TIJ):    0.000ns
    Discrete Jitter          (DJ):    0.000ns
    Phase Error              (PE):    0.000ns

    Location             Delay type                Incr(ns)  Path(ns)    Netlist Resource(s)
  -------------------------------------------------------------------    -------------------
                         (clock sys_clk_pin rise edge)
                                                      0.000     0.000 r  
    W5                                                0.000     0.000 r  clk (IN)
                         net (fo=0)                   0.000     0.000    clk
    W5                   IBUF (Prop_ibuf_I_O)         1.458     1.458 r  clk_IBUF_inst/O
                         net (fo=1, routed)           1.967     3.425    clk_IBUF
    BUFGCTRL_X0Y0        BUFG (Prop_bufg_I_O)         0.096     3.521 r  clk_IBUF_BUFG_inst/O
                         net (fo=35, routed)          1.547     5.068    clk_IBUF_BUFG
    SLICE_X38Y26         FDRE                                         r  refresh_counter_reg[1]/C
  -------------------------------------------------------------------    -------------------
    SLICE_X38Y26         FDRE (Prop_fdre_C_Q)         0.518     5.586 r  refresh_counter_reg[1]/Q
                         net (fo=1, routed)           0.745     6.332    refresh_counter_reg_n_0_[1]
    SLICE_X38Y26         CARRY4 (Prop_carry4_S[1]_CO[3])
                                                      0.657     6.989 r  refresh_counter_reg[0]_i_1/CO[3]
                         net (fo=1, routed)           0.000     6.989    refresh_counter_reg[0]_i_1_n_0
    SLICE_X38Y27         CARRY4 (Prop_carry4_CI_CO[3])
                                                      0.117     7.106 r  refresh_counter_reg[4]_i_1/CO[3]
                         net (fo=1, routed)           0.000     7.106    refresh_counter_reg[4]_i_1_n_0
    SLICE_X38Y28         CARRY4 (Prop_carry4_CI_CO[3])
                                                      0.117     7.223 r  refresh_counter_reg[8]_i_1/CO[3]
                         net (fo=1, routed)           0.000     7.223    refresh_counter_reg[8]_i_1_n_0
    SLICE_X38Y29         CARRY4 (Prop_carry4_CI_O[1])
                                                      0.323     7.546 r  refresh_counter_reg[12]_i_1/O[1]
                         net (fo=1, routed)           0.000     7.546    refresh_counter_reg[12]_i_1_n_6
    SLICE_X38Y29         FDRE                                         r  refresh_counter_reg[13]/D
  -------------------------------------------------------------------    -------------------

                         (clock sys_clk_pin rise edge)
                                                     10.000    10.000 r  
    W5                                                0.000    10.000 r  clk (IN)
                         net (fo=0)                   0.000    10.000    clk
    W5                   IBUF (Prop_ibuf_I_O)         1.388    11.388 r  clk_IBUF_inst/O
                         net (fo=1, routed)           1.862    13.250    clk_IBUF
    BUFGCTRL_X0Y0        BUFG (Prop_bufg_I_O)         0.091    13.341 r  clk_IBUF_BUFG_inst/O
                         net (fo=35, routed)          1.434    14.775    clk_IBUF_BUFG
    SLICE_X38Y29         FDRE                                         r  refresh_counter_reg[13]/C
                         clock pessimism              0.275    15.050    
                         clock uncertainty           -0.035    15.015    
    SLICE_X38Y29         FDRE (Setup_fdre_C_D)        0.109    15.124    refresh_counter_reg[13]
  -------------------------------------------------------------------
                         required time                         15.124    
                         arrival time                          -7.546    
  -------------------------------------------------------------------
                         slack                                  7.578    

Slack (MET) :             7.586ns  (required time - arrival time)
  Source:                 refresh_counter_reg[1]/C
                            (rising edge-triggered cell FDRE clocked by sys_clk_pin  {rise@0.000ns fall@5.000ns period=10.000ns})
  Destination:            refresh_counter_reg[15]/D
                            (rising edge-triggered cell FDRE clocked by sys_clk_pin  {rise@0.000ns fall@5.000ns period=10.000ns})
  Path Group:             sys_clk_pin
  Path Type:              Setup (Max at Slow Process Corner)
  Requirement:            10.000ns  (sys_clk_pin rise@10.000ns - sys_clk_pin rise@0.000ns)
  Data Path Delay:        2.469ns  (logic 1.724ns (69.812%)  route 0.745ns (30.188%))
  Logic Levels:           4  (CARRY4=4)
  Clock Path Skew:        -0.018ns (DCD - SCD + CPR)
    Destination Clock Delay (DCD):    4.775ns = ( 14.775 - 10.000 ) 
    Source Clock Delay      (SCD):    5.068ns
    Clock Pessimism Removal (CPR):    0.275ns
  Clock Uncertainty:      0.035ns  ((TSJ^2 + TIJ^2)^1/2 + DJ) / 2 + PE
    Total System Jitter     (TSJ):    0.071ns
    Total Input Jitter      (TIJ):    0.000ns
    Discrete Jitter          (DJ):    0.000ns
    Phase Error              (PE):    0.000ns

    Location             Delay type                Incr(ns)  Path(ns)    Netlist Resource(s)
  -------------------------------------------------------------------    -------------------
                         (clock sys_clk_pin rise edge)
                                                      0.000     0.000 r  
    W5                                                0.000     0.000 r  clk (IN)
                         net (fo=0)                   0.000     0.000    clk
    W5                   IBUF (Prop_ibuf_I_O)         1.458     1.458 r  clk_IBUF_inst/O
                         net (fo=1, routed)           1.967     3.425    clk_IBUF
    BUFGCTRL_X0Y0        BUFG (Prop_bufg_I_O)         0.096     3.521 r  clk_IBUF_BUFG_inst/O
                         net (fo=35, routed)          1.547     5.068    clk_IBUF_BUFG
    SLICE_X38Y26         FDRE                                         r  refresh_counter_reg[1]/C
  -------------------------------------------------------------------    -------------------
    SLICE_X38Y26         FDRE (Prop_fdre_C_Q)         0.518     5.586 r  refresh_counter_reg[1]/Q
                         net (fo=1, routed)           0.745     6.332    refresh_counter_reg_n_0_[1]
    SLICE_X38Y26         CARRY4 (Prop_carry4_S[1]_CO[3])
                                                      0.657     6.989 r  refresh_counter_reg[0]_i_1/CO[3]
                         net (fo=1, routed)           0.000     6.989    refresh_counter_reg[0]_i_1_n_0
    SLICE_X38Y27         CARRY4 (Prop_carry4_CI_CO[3])
                                                      0.117     7.106 r  refresh_counter_reg[4]_i_1/CO[3]
                         net (fo=1, routed)           0.000     7.106    refresh_counter_reg[4]_i_1_n_0
    SLICE_X38Y28         CARRY4 (Prop_carry4_CI_CO[3])
                                                      0.117     7.223 r  refresh_counter_reg[8]_i_1/CO[3]
                         net (fo=1, routed)           0.000     7.223    refresh_counter_reg[8]_i_1_n_0
    SLICE_X38Y29         CARRY4 (Prop_carry4_CI_O[3])
                                                      0.315     7.538 r  refresh_counter_reg[12]_i_1/O[3]
                         net (fo=1, routed)           0.000     7.538    refresh_counter_reg[12]_i_1_n_4
    SLICE_X38Y29         FDRE                                         r  refresh_counter_reg[15]/D
  -------------------------------------------------------------------    -------------------

                         (clock sys_clk_pin rise edge)
                                                     10.000    10.000 r  
    W5                                                0.000    10.000 r  clk (IN)
                         net (fo=0)                   0.000    10.000    clk
    W5                   IBUF (Prop_ibuf_I_O)         1.388    11.388 r  clk_IBUF_inst/O
                         net (fo=1, routed)           1.862    13.250    clk_IBUF
    BUFGCTRL_X0Y0        BUFG (Prop_bufg_I_O)         0.091    13.341 r  clk_IBUF_BUFG_inst/O
                         net (fo=35, routed)          1.434    14.775    clk_IBUF_BUFG
    SLICE_X38Y29         FDRE                                         r  refresh_counter_reg[15]/C
                         clock pessimism              0.275    15.050    
                         clock uncertainty           -0.035    15.015    
    SLICE_X38Y29         FDRE (Setup_fdre_C_D)        0.109    15.124    refresh_counter_reg[15]
  -------------------------------------------------------------------
                         required time                         15.124    
                         arrival time                          -7.538    
  -------------------------------------------------------------------
                         slack                                  7.586    

Slack (MET) :             7.662ns  (required time - arrival time)
  Source:                 refresh_counter_reg[1]/C
                            (rising edge-triggered cell FDRE clocked by sys_clk_pin  {rise@0.000ns fall@5.000ns period=10.000ns})
  Destination:            refresh_counter_reg[14]/D
                            (rising edge-triggered cell FDRE clocked by sys_clk_pin  {rise@0.000ns fall@5.000ns period=10.000ns})
  Path Group:             sys_clk_pin
  Path Type:              Setup (Max at Slow Process Corner)
  Requirement:            10.000ns  (sys_clk_pin rise@10.000ns - sys_clk_pin rise@0.000ns)
  Data Path Delay:        2.393ns  (logic 1.648ns (68.854%)  route 0.745ns (31.146%))
  Logic Levels:           4  (CARRY4=4)
  Clock Path Skew:        -0.018ns (DCD - SCD + CPR)
    Destination Clock Delay (DCD):    4.775ns = ( 14.775 - 10.000 ) 
    Source Clock Delay      (SCD):    5.068ns
    Clock Pessimism Removal (CPR):    0.275ns
  Clock Uncertainty:      0.035ns  ((TSJ^2 + TIJ^2)^1/2 + DJ) / 2 + PE
    Total System Jitter     (TSJ):    0.071ns
    Total Input Jitter      (TIJ):    0.000ns
    Discrete Jitter          (DJ):    0.000ns
    Phase Error              (PE):    0.000ns

    Location             Delay type                Incr(ns)  Path(ns)    Netlist Resource(s)
  -------------------------------------------------------------------    -------------------
                         (clock sys_clk_pin rise edge)
                                                      0.000     0.000 r  
    W5                                                0.000     0.000 r  clk (IN)
                         net (fo=0)                   0.000     0.000    clk
    W5                   IBUF (Prop_ibuf_I_O)         1.458     1.458 r  clk_IBUF_inst/O
                         net (fo=1, routed)           1.967     3.425    clk_IBUF
    BUFGCTRL_X0Y0        BUFG (Prop_bufg_I_O)         0.096     3.521 r  clk_IBUF_BUFG_inst/O
                         net (fo=35, routed)          1.547     5.068    clk_IBUF_BUFG
    SLICE_X38Y26         FDRE                                         r  refresh_counter_reg[1]/C
  -------------------------------------------------------------------    -------------------
    SLICE_X38Y26         FDRE (Prop_fdre_C_Q)         0.518     5.586 r  refresh_counter_reg[1]/Q
                         net (fo=1, routed)           0.745     6.332    refresh_counter_reg_n_0_[1]
    SLICE_X38Y26         CARRY4 (Prop_carry4_S[1]_CO[3])
                                                      0.657     6.989 r  refresh_counter_reg[0]_i_1/CO[3]
                         net (fo=1, routed)           0.000     6.989    refresh_counter_reg[0]_i_1_n_0
    SLICE_X38Y27         CARRY4 (Prop_carry4_CI_CO[3])
                                                      0.117     7.106 r  refresh_counter_reg[4]_i_1/CO[3]
                         net (fo=1, routed)           0.000     7.106    refresh_counter_reg[4]_i_1_n_0
    SLICE_X38Y28         CARRY4 (Prop_carry4_CI_CO[3])
                                                      0.117     7.223 r  refresh_counter_reg[8]_i_1/CO[3]
                         net (fo=1, routed)           0.000     7.223    refresh_counter_reg[8]_i_1_n_0
    SLICE_X38Y29         CARRY4 (Prop_carry4_CI_O[2])
                                                      0.239     7.462 r  refresh_counter_reg[12]_i_1/O[2]
                         net (fo=1, routed)           0.000     7.462    refresh_counter_reg[12]_i_1_n_5
    SLICE_X38Y29         FDRE                                         r  refresh_counter_reg[14]/D
  -------------------------------------------------------------------    -------------------

                         (clock sys_clk_pin rise edge)
                                                     10.000    10.000 r  
    W5                                                0.000    10.000 r  clk (IN)
                         net (fo=0)                   0.000    10.000    clk
    W5                   IBUF (Prop_ibuf_I_O)         1.388    11.388 r  clk_IBUF_inst/O
                         net (fo=1, routed)           1.862    13.250    clk_IBUF
    BUFGCTRL_X0Y0        BUFG (Prop_bufg_I_O)         0.091    13.341 r  clk_IBUF_BUFG_inst/O
                         net (fo=35, routed)          1.434    14.775    clk_IBUF_BUFG
    SLICE_X38Y29         FDRE                                         r  refresh_counter_reg[14]/C
                         clock pessimism              0.275    15.050    
                         clock uncertainty           -0.035    15.015    
    SLICE_X38Y29         FDRE (Setup_fdre_C_D)        0.109    15.124    refresh_counter_reg[14]
  -------------------------------------------------------------------
                         required time                         15.124    
                         arrival time                          -7.462    
  -------------------------------------------------------------------
                         slack                                  7.662    

Slack (MET) :             7.682ns  (required time - arrival time)
  Source:                 refresh_counter_reg[1]/C
                            (rising edge-triggered cell FDRE clocked by sys_clk_pin  {rise@0.000ns fall@5.000ns period=10.000ns})
  Destination:            refresh_counter_reg[12]/D
                            (rising edge-triggered cell FDRE clocked by sys_clk_pin  {rise@0.000ns fall@5.000ns period=10.000ns})
  Path Group:             sys_clk_pin
  Path Type:              Setup (Max at Slow Process Corner)
  Requirement:            10.000ns  (sys_clk_pin rise@10.000ns - sys_clk_pin rise@0.000ns)
  Data Path Delay:        2.373ns  (logic 1.628ns (68.591%)  route 0.745ns (31.409%))
  Logic Levels:           4  (CARRY4=4)
  Clock Path Skew:        -0.018ns (DCD - SCD + CPR)
    Destination Clock Delay (DCD):    4.775ns = ( 14.775 - 10.000 ) 
    Source Clock Delay      (SCD):    5.068ns
    Clock Pessimism Removal (CPR):    0.275ns
  Clock Uncertainty:      0.035ns  ((TSJ^2 + TIJ^2)^1/2 + DJ) / 2 + PE
    Total System Jitter     (TSJ):    0.071ns
    Total Input Jitter      (TIJ):    0.000ns
    Discrete Jitter          (DJ):    0.000ns
    Phase Error              (PE):    0.000ns

    Location             Delay type                Incr(ns)  Path(ns)    Netlist Resource(s)
  -------------------------------------------------------------------    -------------------
                         (clock sys_clk_pin rise edge)
                                                      0.000     0.000 r  
    W5                                                0.000     0.000 r  clk (IN)
                         net (fo=0)                   0.000     0.000    clk
    W5                   IBUF (Prop_ibuf_I_O)         1.458     1.458 r  clk_IBUF_inst/O
                         net (fo=1, routed)           1.967     3.425    clk_IBUF
    BUFGCTRL_X0Y0        BUFG (Prop_bufg_I_O)         0.096     3.521 r  clk_IBUF_BUFG_inst/O
                         net (fo=35, routed)          1.547     5.068    clk_IBUF_BUFG
    SLICE_X38Y26         FDRE                                         r  refresh_counter_reg[1]/C
  -------------------------------------------------------------------    -------------------
    SLICE_X38Y26         FDRE (Prop_fdre_C_Q)         0.518     5.586 r  refresh_counter_reg[1]/Q
                         net (fo=1, routed)           0.745     6.332    refresh_counter_reg_n_0_[1]
    SLICE_X38Y26         CARRY4 (Prop_carry4_S[1]_CO[3])
                                                      0.657     6.989 r  refresh_counter_reg[0]_i_1/CO[3]
                         net (fo=1, routed)           0.000     6.989    refresh_counter_reg[0]_i_1_n_0
    SLICE_X38Y27         CARRY4 (Prop_carry4_CI_CO[3])
                                                      0.117     7.106 r  refresh_counter_reg[4]_i_1/CO[3]
                         net (fo=1, routed)           0.000     7.106    refresh_counter_reg[4]_i_1_n_0
    SLICE_X38Y28         CARRY4 (Prop_carry4_CI_CO[3])
                                                      0.117     7.223 r  refresh_counter_reg[8]_i_1/CO[3]
                         net (fo=1, routed)           0.000     7.223    refresh_counter_reg[8]_i_1_n_0
    SLICE_X38Y29         CARRY4 (Prop_carry4_CI_O[0])
                                                      0.219     7.442 r  refresh_counter_reg[12]_i_1/O[0]
                         net (fo=1, routed)           0.000     7.442    refresh_counter_reg[12]_i_1_n_7
    SLICE_X38Y29         FDRE                                         r  refresh_counter_reg[12]/D
  -------------------------------------------------------------------    -------------------

                         (clock sys_clk_pin rise edge)
                                                     10.000    10.000 r  
    W5                                                0.000    10.000 r  clk (IN)
                         net (fo=0)                   0.000    10.000    clk
    W5                   IBUF (Prop_ibuf_I_O)         1.388    11.388 r  clk_IBUF_inst/O
                         net (fo=1, routed)           1.862    13.250    clk_IBUF
    BUFGCTRL_X0Y0        BUFG (Prop_bufg_I_O)         0.091    13.341 r  clk_IBUF_BUFG_inst/O
                         net (fo=35, routed)          1.434    14.775    clk_IBUF_BUFG
    SLICE_X38Y29         FDRE                                         r  refresh_counter_reg[12]/C
                         clock pessimism              0.275    15.050    
                         clock uncertainty           -0.035    15.015    
    SLICE_X38Y29         FDRE (Setup_fdre_C_D)        0.109    15.124    refresh_counter_reg[12]
  -------------------------------------------------------------------
                         required time                         15.124    
                         arrival time                          -7.442    
  -------------------------------------------------------------------
                         slack                                  7.682    

Slack (MET) :             7.694ns  (required time - arrival time)
  Source:                 refresh_counter_reg[1]/C
                            (rising edge-triggered cell FDRE clocked by sys_clk_pin  {rise@0.000ns fall@5.000ns period=10.000ns})
  Destination:            refresh_counter_reg[9]/D
                            (rising edge-triggered cell FDRE clocked by sys_clk_pin  {rise@0.000ns fall@5.000ns period=10.000ns})
  Path Group:             sys_clk_pin
  Path Type:              Setup (Max at Slow Process Corner)
  Requirement:            10.000ns  (sys_clk_pin rise@10.000ns - sys_clk_pin rise@0.000ns)
  Data Path Delay:        2.360ns  (logic 1.615ns (68.418%)  route 0.745ns (31.582%))
  Logic Levels:           3  (CARRY4=3)
  Clock Path Skew:        -0.019ns (DCD - SCD + CPR)
    Destination Clock Delay (DCD):    4.774ns = ( 14.774 - 10.000 ) 
    Source Clock Delay      (SCD):    5.068ns
    Clock Pessimism Removal (CPR):    0.275ns
  Clock Uncertainty:      0.035ns  ((TSJ^2 + TIJ^2)^1/2 + DJ) / 2 + PE
    Total System Jitter     (TSJ):    0.071ns
    Total Input Jitter      (TIJ):    0.000ns
    Discrete Jitter          (DJ):    0.000ns
    Phase Error              (PE):    0.000ns

    Location             Delay type                Incr(ns)  Path(ns)    Netlist Resource(s)
  -------------------------------------------------------------------    -------------------
                         (clock sys_clk_pin rise edge)
                                                      0.000     0.000 r  
    W5                                                0.000     0.000 r  clk (IN)
                         net (fo=0)                   0.000     0.000    clk
    W5                   IBUF (Prop_ibuf_I_O)         1.458     1.458 r  clk_IBUF_inst/O
                         net (fo=1, routed)           1.967     3.425    clk_IBUF
    BUFGCTRL_X0Y0        BUFG (Prop_bufg_I_O)         0.096     3.521 r  clk_IBUF_BUFG_inst/O
                         net (fo=35, routed)          1.547     5.068    clk_IBUF_BUFG
    SLICE_X38Y26         FDRE                                         r  refresh_counter_reg[1]/C
  -------------------------------------------------------------------    -------------------
    SLICE_X38Y26         FDRE (Prop_fdre_C_Q)         0.518     5.586 r  refresh_counter_reg[1]/Q
                         net (fo=1, routed)           0.745     6.332    refresh_counter_reg_n_0_[1]
    SLICE_X38Y26         CARRY4 (Prop_carry4_S[1]_CO[3])
                                                      0.657     6.989 r  refresh_counter_reg[0]_i_1/CO[3]
                         net (fo=1, routed)           0.000     6.989    refresh_counter_reg[0]_i_1_n_0
    SLICE_X38Y27         CARRY4 (Prop_carry4_CI_CO[3])
                                                      0.117     7.106 r  refresh_counter_reg[4]_i_1/CO[3]
                         net (fo=1, routed)           0.000     7.106    refresh_counter_reg[4]_i_1_n_0
    SLICE_X38Y28         CARRY4 (Prop_carry4_CI_O[1])
                                                      0.323     7.429 r  refresh_counter_reg[8]_i_1/O[1]
                         net (fo=1, routed)           0.000     7.429    refresh_counter_reg[8]_i_1_n_6
    SLICE_X38Y28         FDRE                                         r  refresh_counter_reg[9]/D
  -------------------------------------------------------------------    -------------------

                         (clock sys_clk_pin rise edge)
                                                     10.000    10.000 r  
    W5                                                0.000    10.000 r  clk (IN)
                         net (fo=0)                   0.000    10.000    clk
    W5                   IBUF (Prop_ibuf_I_O)         1.388    11.388 r  clk_IBUF_inst/O
                         net (fo=1, routed)           1.862    13.250    clk_IBUF
    BUFGCTRL_X0Y0        BUFG (Prop_bufg_I_O)         0.091    13.341 r  clk_IBUF_BUFG_inst/O
                         net (fo=35, routed)          1.433    14.774    clk_IBUF_BUFG
    SLICE_X38Y28         FDRE                                         r  refresh_counter_reg[9]/C
                         clock pessimism              0.275    15.049    
                         clock uncertainty           -0.035    15.014    
    SLICE_X38Y28         FDRE (Setup_fdre_C_D)        0.109    15.123    refresh_counter_reg[9]
  -------------------------------------------------------------------
                         required time                         15.123    
                         arrival time                          -7.429    
  -------------------------------------------------------------------
                         slack                                  7.694    

Slack (MET) :             7.702ns  (required time - arrival time)
  Source:                 refresh_counter_reg[1]/C
                            (rising edge-triggered cell FDRE clocked by sys_clk_pin  {rise@0.000ns fall@5.000ns period=10.000ns})
  Destination:            refresh_counter_reg[11]/D
                            (rising edge-triggered cell FDRE clocked by sys_clk_pin  {rise@0.000ns fall@5.000ns period=10.000ns})
  Path Group:             sys_clk_pin
  Path Type:              Setup (Max at Slow Process Corner)
  Requirement:            10.000ns  (sys_clk_pin rise@10.000ns - sys_clk_pin rise@0.000ns)
  Data Path Delay:        2.352ns  (logic 1.607ns (68.311%)  route 0.745ns (31.689%))
  Logic Levels:           3  (CARRY4=3)
  Clock Path Skew:        -0.019ns (DCD - SCD + CPR)
    Destination Clock Delay (DCD):    4.774ns = ( 14.774 - 10.000 ) 
    Source Clock Delay      (SCD):    5.068ns
    Clock Pessimism Removal (CPR):    0.275ns
  Clock Uncertainty:      0.035ns  ((TSJ^2 + TIJ^2)^1/2 + DJ) / 2 + PE
    Total System Jitter     (TSJ):    0.071ns
    Total Input Jitter      (TIJ):    0.000ns
    Discrete Jitter          (DJ):    0.000ns
    Phase Error              (PE):    0.000ns

    Location             Delay type                Incr(ns)  Path(ns)    Netlist Resource(s)
  -------------------------------------------------------------------    -------------------
                         (clock sys_clk_pin rise edge)
                                                      0.000     0.000 r  
    W5                                                0.000     0.000 r  clk (IN)
                         net (fo=0)                   0.000     0.000    clk
    W5                   IBUF (Prop_ibuf_I_O)         1.458     1.458 r  clk_IBUF_inst/O
                         net (fo=1, routed)           1.967     3.425    clk_IBUF
    BUFGCTRL_X0Y0        BUFG (Prop_bufg_I_O)         0.096     3.521 r  clk_IBUF_BUFG_inst/O
                         net (fo=35, routed)          1.547     5.068    clk_IBUF_BUFG
    SLICE_X38Y26         FDRE                                         r  refresh_counter_reg[1]/C
  -------------------------------------------------------------------    -------------------
    SLICE_X38Y26         FDRE (Prop_fdre_C_Q)         0.518     5.586 r  refresh_counter_reg[1]/Q
                         net (fo=1, routed)           0.745     6.332    refresh_counter_reg_n_0_[1]
    SLICE_X38Y26         CARRY4 (Prop_carry4_S[1]_CO[3])
                                                      0.657     6.989 r  refresh_counter_reg[0]_i_1/CO[3]
                         net (fo=1, routed)           0.000     6.989    refresh_counter_reg[0]_i_1_n_0
    SLICE_X38Y27         CARRY4 (Prop_carry4_CI_CO[3])
                                                      0.117     7.106 r  refresh_counter_reg[4]_i_1/CO[3]
                         net (fo=1, routed)           0.000     7.106    refresh_counter_reg[4]_i_1_n_0
    SLICE_X38Y28         CARRY4 (Prop_carry4_CI_O[3])
                                                      0.315     7.421 r  refresh_counter_reg[8]_i_1/O[3]
                         net (fo=1, routed)           0.000     7.421    refresh_counter_reg[8]_i_1_n_4
    SLICE_X38Y28         FDRE                                         r  refresh_counter_reg[11]/D
  -------------------------------------------------------------------    -------------------

                         (clock sys_clk_pin rise edge)
                                                     10.000    10.000 r  
    W5                                                0.000    10.000 r  clk (IN)
                         net (fo=0)                   0.000    10.000    clk
    W5                   IBUF (Prop_ibuf_I_O)         1.388    11.388 r  clk_IBUF_inst/O
                         net (fo=1, routed)           1.862    13.250    clk_IBUF
    BUFGCTRL_X0Y0        BUFG (Prop_bufg_I_O)         0.091    13.341 r  clk_IBUF_BUFG_inst/O
                         net (fo=35, routed)          1.433    14.774    clk_IBUF_BUFG
    SLICE_X38Y28         FDRE                                         r  refresh_counter_reg[11]/C
                         clock pessimism              0.275    15.049    
                         clock uncertainty           -0.035    15.014    
    SLICE_X38Y28         FDRE (Setup_fdre_C_D)        0.109    15.123    refresh_counter_reg[11]
  -------------------------------------------------------------------
                         required time                         15.123    
                         arrival time                          -7.421    
  -------------------------------------------------------------------
                         slack                                  7.702    

Slack (MET) :             7.778ns  (required time - arrival time)
  Source:                 refresh_counter_reg[1]/C
                            (rising edge-triggered cell FDRE clocked by sys_clk_pin  {rise@0.000ns fall@5.000ns period=10.000ns})
  Destination:            refresh_counter_reg[10]/D
                            (rising edge-triggered cell FDRE clocked by sys_clk_pin  {rise@0.000ns fall@5.000ns period=10.000ns})
  Path Group:             sys_clk_pin
  Path Type:              Setup (Max at Slow Process Corner)
  Requirement:            10.000ns  (sys_clk_pin rise@10.000ns - sys_clk_pin rise@0.000ns)
  Data Path Delay:        2.276ns  (logic 1.531ns (67.253%)  route 0.745ns (32.747%))
  Logic Levels:           3  (CARRY4=3)
  Clock Path Skew:        -0.019ns (DCD - SCD + CPR)
    Destination Clock Delay (DCD):    4.774ns = ( 14.774 - 10.000 ) 
    Source Clock Delay      (SCD):    5.068ns
    Clock Pessimism Removal (CPR):    0.275ns
  Clock Uncertainty:      0.035ns  ((TSJ^2 + TIJ^2)^1/2 + DJ) / 2 + PE
    Total System Jitter     (TSJ):    0.071ns
    Total Input Jitter      (TIJ):    0.000ns
    Discrete Jitter          (DJ):    0.000ns
    Phase Error              (PE):    0.000ns

    Location             Delay type                Incr(ns)  Path(ns)    Netlist Resource(s)
  -------------------------------------------------------------------    -------------------
                         (clock sys_clk_pin rise edge)
                                                      0.000     0.000 r  
    W5                                                0.000     0.000 r  clk (IN)
                         net (fo=0)                   0.000     0.000    clk
    W5                   IBUF (Prop_ibuf_I_O)         1.458     1.458 r  clk_IBUF_inst/O
                         net (fo=1, routed)           1.967     3.425    clk_IBUF
    BUFGCTRL_X0Y0        BUFG (Prop_bufg_I_O)         0.096     3.521 r  clk_IBUF_BUFG_inst/O
                         net (fo=35, routed)          1.547     5.068    clk_IBUF_BUFG
    SLICE_X38Y26         FDRE                                         r  refresh_counter_reg[1]/C
  -------------------------------------------------------------------    -------------------
    SLICE_X38Y26         FDRE (Prop_fdre_C_Q)         0.518     5.586 r  refresh_counter_reg[1]/Q
                         net (fo=1, routed)           0.745     6.332    refresh_counter_reg_n_0_[1]
    SLICE_X38Y26         CARRY4 (Prop_carry4_S[1]_CO[3])
                                                      0.657     6.989 r  refresh_counter_reg[0]_i_1/CO[3]
                         net (fo=1, routed)           0.000     6.989    refresh_counter_reg[0]_i_1_n_0
    SLICE_X38Y27         CARRY4 (Prop_carry4_CI_CO[3])
                                                      0.117     7.106 r  refresh_counter_reg[4]_i_1/CO[3]
                         net (fo=1, routed)           0.000     7.106    refresh_counter_reg[4]_i_1_n_0
    SLICE_X38Y28         CARRY4 (Prop_carry4_CI_O[2])
                                                      0.239     7.345 r  refresh_counter_reg[8]_i_1/O[2]
                         net (fo=1, routed)           0.000     7.345    refresh_counter_reg[8]_i_1_n_5
    SLICE_X38Y28         FDRE                                         r  refresh_counter_reg[10]/D
  -------------------------------------------------------------------    -------------------

                         (clock sys_clk_pin rise edge)
                                                     10.000    10.000 r  
    W5                                                0.000    10.000 r  clk (IN)
                         net (fo=0)                   0.000    10.000    clk
    W5                   IBUF (Prop_ibuf_I_O)         1.388    11.388 r  clk_IBUF_inst/O
                         net (fo=1, routed)           1.862    13.250    clk_IBUF
    BUFGCTRL_X0Y0        BUFG (Prop_bufg_I_O)         0.091    13.341 r  clk_IBUF_BUFG_inst/O
                         net (fo=35, routed)          1.433    14.774    clk_IBUF_BUFG
    SLICE_X38Y28         FDRE                                         r  refresh_counter_reg[10]/C
                         clock pessimism              0.275    15.049    
                         clock uncertainty           -0.035    15.014    
    SLICE_X38Y28         FDRE (Setup_fdre_C_D)        0.109    15.123    refresh_counter_reg[10]
  -------------------------------------------------------------------
                         required time                         15.123    
                         arrival time                          -7.345    
  -------------------------------------------------------------------
                         slack                                  7.778    

Slack (MET) :             7.798ns  (required time - arrival time)
  Source:                 refresh_counter_reg[1]/C
                            (rising edge-triggered cell FDRE clocked by sys_clk_pin  {rise@0.000ns fall@5.000ns period=10.000ns})
  Destination:            refresh_counter_reg[8]/D
                            (rising edge-triggered cell FDRE clocked by sys_clk_pin  {rise@0.000ns fall@5.000ns period=10.000ns})
  Path Group:             sys_clk_pin
  Path Type:              Setup (Max at Slow Process Corner)
  Requirement:            10.000ns  (sys_clk_pin rise@10.000ns - sys_clk_pin rise@0.000ns)
  Data Path Delay:        2.256ns  (logic 1.511ns (66.963%)  route 0.745ns (33.037%))
  Logic Levels:           3  (CARRY4=3)
  Clock Path Skew:        -0.019ns (DCD - SCD + CPR)
    Destination Clock Delay (DCD):    4.774ns = ( 14.774 - 10.000 ) 
    Source Clock Delay      (SCD):    5.068ns
    Clock Pessimism Removal (CPR):    0.275ns
  Clock Uncertainty:      0.035ns  ((TSJ^2 + TIJ^2)^1/2 + DJ) / 2 + PE
    Total System Jitter     (TSJ):    0.071ns
    Total Input Jitter      (TIJ):    0.000ns
    Discrete Jitter          (DJ):    0.000ns
    Phase Error              (PE):    0.000ns

    Location             Delay type                Incr(ns)  Path(ns)    Netlist Resource(s)
  -------------------------------------------------------------------    -------------------
                         (clock sys_clk_pin rise edge)
                                                      0.000     0.000 r  
    W5                                                0.000     0.000 r  clk (IN)
                         net (fo=0)                   0.000     0.000    clk
    W5                   IBUF (Prop_ibuf_I_O)         1.458     1.458 r  clk_IBUF_inst/O
                         net (fo=1, routed)           1.967     3.425    clk_IBUF
    BUFGCTRL_X0Y0        BUFG (Prop_bufg_I_O)         0.096     3.521 r  clk_IBUF_BUFG_inst/O
                         net (fo=35, routed)          1.547     5.068    clk_IBUF_BUFG
    SLICE_X38Y26         FDRE                                         r  refresh_counter_reg[1]/C
  -------------------------------------------------------------------    -------------------
    SLICE_X38Y26         FDRE (Prop_fdre_C_Q)         0.518     5.586 r  refresh_counter_reg[1]/Q
                         net (fo=1, routed)           0.745     6.332    refresh_counter_reg_n_0_[1]
    SLICE_X38Y26         CARRY4 (Prop_carry4_S[1]_CO[3])
                                                      0.657     6.989 r  refresh_counter_reg[0]_i_1/CO[3]
                         net (fo=1, routed)           0.000     6.989    refresh_counter_reg[0]_i_1_n_0
    SLICE_X38Y27         CARRY4 (Prop_carry4_CI_CO[3])
                                                      0.117     7.106 r  refresh_counter_reg[4]_i_1/CO[3]
                         net (fo=1, routed)           0.000     7.106    refresh_counter_reg[4]_i_1_n_0
    SLICE_X38Y28         CARRY4 (Prop_carry4_CI_O[0])
                                                      0.219     7.325 r  refresh_counter_reg[8]_i_1/O[0]
                         net (fo=1, routed)           0.000     7.325    refresh_counter_reg[8]_i_1_n_7
    SLICE_X38Y28         FDRE                                         r  refresh_counter_reg[8]/D
  -------------------------------------------------------------------    -------------------

                         (clock sys_clk_pin rise edge)
                                                     10.000    10.000 r  
    W5                                                0.000    10.000 r  clk (IN)
                         net (fo=0)                   0.000    10.000    clk
    W5                   IBUF (Prop_ibuf_I_O)         1.388    11.388 r  clk_IBUF_inst/O
                         net (fo=1, routed)           1.862    13.250    clk_IBUF
    BUFGCTRL_X0Y0        BUFG (Prop_bufg_I_O)         0.091    13.341 r  clk_IBUF_BUFG_inst/O
                         net (fo=35, routed)          1.433    14.774    clk_IBUF_BUFG
    SLICE_X38Y28         FDRE                                         r  refresh_counter_reg[8]/C
                         clock pessimism              0.275    15.049    
                         clock uncertainty           -0.035    15.014    
    SLICE_X38Y28         FDRE (Setup_fdre_C_D)        0.109    15.123    refresh_counter_reg[8]
  -------------------------------------------------------------------
                         required time                         15.123    
                         arrival time                          -7.325    
  -------------------------------------------------------------------
                         slack                                  7.798    

Slack (MET) :             7.809ns  (required time - arrival time)
  Source:                 refresh_counter_reg[1]/C
                            (rising edge-triggered cell FDRE clocked by sys_clk_pin  {rise@0.000ns fall@5.000ns period=10.000ns})
  Destination:            refresh_counter_reg[5]/D
                            (rising edge-triggered cell FDRE clocked by sys_clk_pin  {rise@0.000ns fall@5.000ns period=10.000ns})
  Path Group:             sys_clk_pin
  Path Type:              Setup (Max at Slow Process Corner)
  Requirement:            10.000ns  (sys_clk_pin rise@10.000ns - sys_clk_pin rise@0.000ns)
  Data Path Delay:        2.243ns  (logic 1.498ns (66.771%)  route 0.745ns (33.229%))
  Logic Levels:           2  (CARRY4=2)
  Clock Path Skew:        -0.021ns (DCD - SCD + CPR)
    Destination Clock Delay (DCD):    4.772ns = ( 14.772 - 10.000 ) 
    Source Clock Delay      (SCD):    5.068ns
    Clock Pessimism Removal (CPR):    0.275ns
  Clock Uncertainty:      0.035ns  ((TSJ^2 + TIJ^2)^1/2 + DJ) / 2 + PE
    Total System Jitter     (TSJ):    0.071ns
    Total Input Jitter      (TIJ):    0.000ns
    Discrete Jitter          (DJ):    0.000ns
    Phase Error              (PE):    0.000ns

    Location             Delay type                Incr(ns)  Path(ns)    Netlist Resource(s)
  -------------------------------------------------------------------    -------------------
                         (clock sys_clk_pin rise edge)
                                                      0.000     0.000 r  
    W5                                                0.000     0.000 r  clk (IN)
                         net (fo=0)                   0.000     0.000    clk
    W5                   IBUF (Prop_ibuf_I_O)         1.458     1.458 r  clk_IBUF_inst/O
                         net (fo=1, routed)           1.967     3.425    clk_IBUF
    BUFGCTRL_X0Y0        BUFG (Prop_bufg_I_O)         0.096     3.521 r  clk_IBUF_BUFG_inst/O
                         net (fo=35, routed)          1.547     5.068    clk_IBUF_BUFG
    SLICE_X38Y26         FDRE                                         r  refresh_counter_reg[1]/C
  -------------------------------------------------------------------    -------------------
    SLICE_X38Y26         FDRE (Prop_fdre_C_Q)         0.518     5.586 r  refresh_counter_reg[1]/Q
                         net (fo=1, routed)           0.745     6.332    refresh_counter_reg_n_0_[1]
    SLICE_X38Y26         CARRY4 (Prop_carry4_S[1]_CO[3])
                                                      0.657     6.989 r  refresh_counter_reg[0]_i_1/CO[3]
                         net (fo=1, routed)           0.000     6.989    refresh_counter_reg[0]_i_1_n_0
    SLICE_X38Y27         CARRY4 (Prop_carry4_CI_O[1])
                                                      0.323     7.312 r  refresh_counter_reg[4]_i_1/O[1]
                         net (fo=1, routed)           0.000     7.312    refresh_counter_reg[4]_i_1_n_6
    SLICE_X38Y27         FDRE                                         r  refresh_counter_reg[5]/D
  -------------------------------------------------------------------    -------------------

                         (clock sys_clk_pin rise edge)
                                                     10.000    10.000 r  
    W5                                                0.000    10.000 r  clk (IN)
                         net (fo=0)                   0.000    10.000    clk
    W5                   IBUF (Prop_ibuf_I_O)         1.388    11.388 r  clk_IBUF_inst/O
                         net (fo=1, routed)           1.862    13.250    clk_IBUF
    BUFGCTRL_X0Y0        BUFG (Prop_bufg_I_O)         0.091    13.341 r  clk_IBUF_BUFG_inst/O
                         net (fo=35, routed)          1.431    14.772    clk_IBUF_BUFG
    SLICE_X38Y27         FDRE                                         r  refresh_counter_reg[5]/C
                         clock pessimism              0.275    15.047    
                         clock uncertainty           -0.035    15.012    
    SLICE_X38Y27         FDRE (Setup_fdre_C_D)        0.109    15.121    refresh_counter_reg[5]
  -------------------------------------------------------------------
                         required time                         15.121    
                         arrival time                          -7.312    
  -------------------------------------------------------------------
                         slack                                  7.809    





Min Delay Paths
--------------------------------------------------------------------------------------
Slack (MET) :             0.308ns  (arrival time - required time)
  Source:                 refresh_counter_reg[0]/C
                            (rising edge-triggered cell FDRE clocked by sys_clk_pin  {rise@0.000ns fall@5.000ns period=10.000ns})
  Destination:            refresh_counter_reg[0]/D
                            (rising edge-triggered cell FDRE clocked by sys_clk_pin  {rise@0.000ns fall@5.000ns period=10.000ns})
  Path Group:             sys_clk_pin
  Path Type:              Hold (Min at Fast Process Corner)
  Requirement:            0.000ns  (sys_clk_pin rise@0.000ns - sys_clk_pin rise@0.000ns)
  Data Path Delay:        0.442ns  (logic 0.279ns (63.107%)  route 0.163ns (36.893%))
  Logic Levels:           2  (CARRY4=1 LUT1=1)
  Clock Path Skew:        0.000ns (DCD - SCD - CPR)
    Destination Clock Delay (DCD):    1.944ns
    Source Clock Delay      (SCD):    1.434ns
    Clock Pessimism Removal (CPR):    0.510ns

    Location             Delay type                Incr(ns)  Path(ns)    Netlist Resource(s)
  -------------------------------------------------------------------    -------------------
                         (clock sys_clk_pin rise edge)
                                                      0.000     0.000 r  
    W5                                                0.000     0.000 r  clk (IN)
                         net (fo=0)                   0.000     0.000    clk
    W5                   IBUF (Prop_ibuf_I_O)         0.226     0.226 r  clk_IBUF_inst/O
                         net (fo=1, routed)           0.631     0.858    clk_IBUF
    BUFGCTRL_X0Y0        BUFG (Prop_bufg_I_O)         0.026     0.884 r  clk_IBUF_BUFG_inst/O
                         net (fo=35, routed)          0.551     1.434    clk_IBUF_BUFG
    SLICE_X38Y26         FDRE                                         r  refresh_counter_reg[0]/C
  -------------------------------------------------------------------    -------------------
    SLICE_X38Y26         FDRE (Prop_fdre_C_Q)         0.164     1.598 f  refresh_counter_reg[0]/Q
                         net (fo=1, routed)           0.163     1.761    refresh_counter_reg_n_0_[0]
    SLICE_X38Y26         LUT1 (Prop_lut1_I0_O)        0.045     1.806 r  refresh_counter[0]_i_2/O
                         net (fo=1, routed)           0.000     1.806    refresh_counter[0]_i_2_n_0
    SLICE_X38Y26         CARRY4 (Prop_carry4_S[0]_O[0])
                                                      0.070     1.876 r  refresh_counter_reg[0]_i_1/O[0]
                         net (fo=1, routed)           0.000     1.876    refresh_counter_reg[0]_i_1_n_7
    SLICE_X38Y26         FDRE                                         r  refresh_counter_reg[0]/D
  -------------------------------------------------------------------    -------------------

                         (clock sys_clk_pin rise edge)
                                                      0.000     0.000 r  
    W5                                                0.000     0.000 r  clk (IN)
                         net (fo=0)                   0.000     0.000    clk
    W5                   IBUF (Prop_ibuf_I_O)         0.414     0.414 r  clk_IBUF_inst/O
                         net (fo=1, routed)           0.685     1.099    clk_IBUF
    BUFGCTRL_X0Y0        BUFG (Prop_bufg_I_O)         0.029     1.128 r  clk_IBUF_BUFG_inst/O
                         net (fo=35, routed)          0.817     1.944    clk_IBUF_BUFG
    SLICE_X38Y26         FDRE                                         r  refresh_counter_reg[0]/C
                         clock pessimism             -0.510     1.434    
    SLICE_X38Y26         FDRE (Hold_fdre_C_D)         0.134     1.568    refresh_counter_reg[0]
  -------------------------------------------------------------------
                         required time                         -1.568    
                         arrival time                           1.876    
  -------------------------------------------------------------------
                         slack                                  0.308    

Slack (MET) :             0.312ns  (arrival time - required time)
  Source:                 refresh_counter_reg[3]/C
                            (rising edge-triggered cell FDRE clocked by sys_clk_pin  {rise@0.000ns fall@5.000ns period=10.000ns})
  Destination:            refresh_counter_reg[3]/D
                            (rising edge-triggered cell FDRE clocked by sys_clk_pin  {rise@0.000ns fall@5.000ns period=10.000ns})
  Path Group:             sys_clk_pin
  Path Type:              Hold (Min at Fast Process Corner)
  Requirement:            0.000ns  (sys_clk_pin rise@0.000ns - sys_clk_pin rise@0.000ns)
  Data Path Delay:        0.446ns  (logic 0.273ns (61.259%)  route 0.173ns (38.741%))
  Logic Levels:           1  (CARRY4=1)
  Clock Path Skew:        0.000ns (DCD - SCD - CPR)
    Destination Clock Delay (DCD):    1.944ns
    Source Clock Delay      (SCD):    1.434ns
    Clock Pessimism Removal (CPR):    0.510ns

    Location             Delay type                Incr(ns)  Path(ns)    Netlist Resource(s)
  -------------------------------------------------------------------    -------------------
                         (clock sys_clk_pin rise edge)
                                                      0.000     0.000 r  
    W5                                                0.000     0.000 r  clk (IN)
                         net (fo=0)                   0.000     0.000    clk
    W5                   IBUF (Prop_ibuf_I_O)         0.226     0.226 r  clk_IBUF_inst/O
                         net (fo=1, routed)           0.631     0.858    clk_IBUF
    BUFGCTRL_X0Y0        BUFG (Prop_bufg_I_O)         0.026     0.884 r  clk_IBUF_BUFG_inst/O
                         net (fo=35, routed)          0.551     1.434    clk_IBUF_BUFG
    SLICE_X38Y26         FDRE                                         r  refresh_counter_reg[3]/C
  -------------------------------------------------------------------    -------------------
    SLICE_X38Y26         FDRE (Prop_fdre_C_Q)         0.164     1.598 r  refresh_counter_reg[3]/Q
                         net (fo=1, routed)           0.173     1.771    refresh_counter_reg_n_0_[3]
    SLICE_X38Y26         CARRY4 (Prop_carry4_S[3]_O[3])
                                                      0.109     1.880 r  refresh_counter_reg[0]_i_1/O[3]
                         net (fo=1, routed)           0.000     1.880    refresh_counter_reg[0]_i_1_n_4
    SLICE_X38Y26         FDRE                                         r  refresh_counter_reg[3]/D
  -------------------------------------------------------------------    -------------------

                         (clock sys_clk_pin rise edge)
                                                      0.000     0.000 r  
    W5                                                0.000     0.000 r  clk (IN)
                         net (fo=0)                   0.000     0.000    clk
    W5                   IBUF (Prop_ibuf_I_O)         0.414     0.414 r  clk_IBUF_inst/O
                         net (fo=1, routed)           0.685     1.099    clk_IBUF
    BUFGCTRL_X0Y0        BUFG (Prop_bufg_I_O)         0.029     1.128 r  clk_IBUF_BUFG_inst/O
                         net (fo=35, routed)          0.817     1.944    clk_IBUF_BUFG
    SLICE_X38Y26         FDRE                                         r  refresh_counter_reg[3]/C
                         clock pessimism             -0.510     1.434    
    SLICE_X38Y26         FDRE (Hold_fdre_C_D)         0.134     1.568    refresh_counter_reg[3]
  -------------------------------------------------------------------
                         required time                         -1.568    
                         arrival time                           1.880    
  -------------------------------------------------------------------
                         slack                                  0.312    

Slack (MET) :             0.312ns  (arrival time - required time)
  Source:                 refresh_counter_reg[11]/C
                            (rising edge-triggered cell FDRE clocked by sys_clk_pin  {rise@0.000ns fall@5.000ns period=10.000ns})
  Destination:            refresh_counter_reg[11]/D
                            (rising edge-triggered cell FDRE clocked by sys_clk_pin  {rise@0.000ns fall@5.000ns period=10.000ns})
  Path Group:             sys_clk_pin
  Path Type:              Hold (Min at Fast Process Corner)
  Requirement:            0.000ns  (sys_clk_pin rise@0.000ns - sys_clk_pin rise@0.000ns)
  Data Path Delay:        0.446ns  (logic 0.273ns (61.259%)  route 0.173ns (38.741%))
  Logic Levels:           1  (CARRY4=1)
  Clock Path Skew:        0.000ns (DCD - SCD - CPR)
    Destination Clock Delay (DCD):    1.947ns
    Source Clock Delay      (SCD):    1.436ns
    Clock Pessimism Removal (CPR):    0.511ns

    Location             Delay type                Incr(ns)  Path(ns)    Netlist Resource(s)
  -------------------------------------------------------------------    -------------------
                         (clock sys_clk_pin rise edge)
                                                      0.000     0.000 r  
    W5                                                0.000     0.000 r  clk (IN)
                         net (fo=0)                   0.000     0.000    clk
    W5                   IBUF (Prop_ibuf_I_O)         0.226     0.226 r  clk_IBUF_inst/O
                         net (fo=1, routed)           0.631     0.858    clk_IBUF
    BUFGCTRL_X0Y0        BUFG (Prop_bufg_I_O)         0.026     0.884 r  clk_IBUF_BUFG_inst/O
                         net (fo=35, routed)          0.553     1.436    clk_IBUF_BUFG
    SLICE_X38Y28         FDRE                                         r  refresh_counter_reg[11]/C
  -------------------------------------------------------------------    -------------------
    SLICE_X38Y28         FDRE (Prop_fdre_C_Q)         0.164     1.600 r  refresh_counter_reg[11]/Q
                         net (fo=1, routed)           0.173     1.773    refresh_counter_reg_n_0_[11]
    SLICE_X38Y28         CARRY4 (Prop_carry4_S[3]_O[3])
                                                      0.109     1.882 r  refresh_counter_reg[8]_i_1/O[3]
                         net (fo=1, routed)           0.000     1.882    refresh_counter_reg[8]_i_1_n_4
    SLICE_X38Y28         FDRE                                         r  refresh_counter_reg[11]/D
  -------------------------------------------------------------------    -------------------

                         (clock sys_clk_pin rise edge)
                                                      0.000     0.000 r  
    W5                                                0.000     0.000 r  clk (IN)
                         net (fo=0)                   0.000     0.000    clk
    W5                   IBUF (Prop_ibuf_I_O)         0.414     0.414 r  clk_IBUF_inst/O
                         net (fo=1, routed)           0.685     1.099    clk_IBUF
    BUFGCTRL_X0Y0        BUFG (Prop_bufg_I_O)         0.029     1.128 r  clk_IBUF_BUFG_inst/O
                         net (fo=35, routed)          0.820     1.947    clk_IBUF_BUFG
    SLICE_X38Y28         FDRE                                         r  refresh_counter_reg[11]/C
                         clock pessimism             -0.511     1.436    
    SLICE_X38Y28         FDRE (Hold_fdre_C_D)         0.134     1.570    refresh_counter_reg[11]
  -------------------------------------------------------------------
                         required time                         -1.570    
                         arrival time                           1.882    
  -------------------------------------------------------------------
                         slack                                  0.312    

Slack (MET) :             0.315ns  (arrival time - required time)
  Source:                 refresh_counter_reg[12]/C
                            (rising edge-triggered cell FDRE clocked by sys_clk_pin  {rise@0.000ns fall@5.000ns period=10.000ns})
  Destination:            refresh_counter_reg[12]/D
                            (rising edge-triggered cell FDRE clocked by sys_clk_pin  {rise@0.000ns fall@5.000ns period=10.000ns})
  Path Group:             sys_clk_pin
  Path Type:              Hold (Min at Fast Process Corner)
  Requirement:            0.000ns  (sys_clk_pin rise@0.000ns - sys_clk_pin rise@0.000ns)
  Data Path Delay:        0.449ns  (logic 0.279ns (62.071%)  route 0.170ns (37.929%))
  Logic Levels:           1  (CARRY4=1)
  Clock Path Skew:        0.000ns (DCD - SCD - CPR)
    Destination Clock Delay (DCD):    1.948ns
    Source Clock Delay      (SCD):    1.437ns
    Clock Pessimism Removal (CPR):    0.511ns

    Location             Delay type                Incr(ns)  Path(ns)    Netlist Resource(s)
  -------------------------------------------------------------------    -------------------
                         (clock sys_clk_pin rise edge)
                                                      0.000     0.000 r  
    W5                                                0.000     0.000 r  clk (IN)
                         net (fo=0)                   0.000     0.000    clk
    W5                   IBUF (Prop_ibuf_I_O)         0.226     0.226 r  clk_IBUF_inst/O
                         net (fo=1, routed)           0.631     0.858    clk_IBUF
    BUFGCTRL_X0Y0        BUFG (Prop_bufg_I_O)         0.026     0.884 r  clk_IBUF_BUFG_inst/O
                         net (fo=35, routed)          0.554     1.437    clk_IBUF_BUFG
    SLICE_X38Y29         FDRE                                         r  refresh_counter_reg[12]/C
  -------------------------------------------------------------------    -------------------
    SLICE_X38Y29         FDRE (Prop_fdre_C_Q)         0.164     1.601 r  refresh_counter_reg[12]/Q
                         net (fo=1, routed)           0.170     1.772    refresh_counter_reg_n_0_[12]
    SLICE_X38Y29         CARRY4 (Prop_carry4_S[0]_O[0])
                                                      0.115     1.887 r  refresh_counter_reg[12]_i_1/O[0]
                         net (fo=1, routed)           0.000     1.887    refresh_counter_reg[12]_i_1_n_7
    SLICE_X38Y29         FDRE                                         r  refresh_counter_reg[12]/D
  -------------------------------------------------------------------    -------------------

                         (clock sys_clk_pin rise edge)
                                                      0.000     0.000 r  
    W5                                                0.000     0.000 r  clk (IN)
                         net (fo=0)                   0.000     0.000    clk
    W5                   IBUF (Prop_ibuf_I_O)         0.414     0.414 r  clk_IBUF_inst/O
                         net (fo=1, routed)           0.685     1.099    clk_IBUF
    BUFGCTRL_X0Y0        BUFG (Prop_bufg_I_O)         0.029     1.128 r  clk_IBUF_BUFG_inst/O
                         net (fo=35, routed)          0.821     1.948    clk_IBUF_BUFG
    SLICE_X38Y29         FDRE                                         r  refresh_counter_reg[12]/C
                         clock pessimism             -0.511     1.437    
    SLICE_X38Y29         FDRE (Hold_fdre_C_D)         0.134     1.571    refresh_counter_reg[12]
  -------------------------------------------------------------------
                         required time                         -1.571    
                         arrival time                           1.887    
  -------------------------------------------------------------------
                         slack                                  0.315    

Slack (MET) :             0.315ns  (arrival time - required time)
  Source:                 refresh_counter_reg[4]/C
                            (rising edge-triggered cell FDRE clocked by sys_clk_pin  {rise@0.000ns fall@5.000ns period=10.000ns})
  Destination:            refresh_counter_reg[4]/D
                            (rising edge-triggered cell FDRE clocked by sys_clk_pin  {rise@0.000ns fall@5.000ns period=10.000ns})
  Path Group:             sys_clk_pin
  Path Type:              Hold (Min at Fast Process Corner)
  Requirement:            0.000ns  (sys_clk_pin rise@0.000ns - sys_clk_pin rise@0.000ns)
  Data Path Delay:        0.449ns  (logic 0.279ns (62.071%)  route 0.170ns (37.929%))
  Logic Levels:           1  (CARRY4=1)
  Clock Path Skew:        0.000ns (DCD - SCD - CPR)
    Destination Clock Delay (DCD):    1.946ns
    Source Clock Delay      (SCD):    1.436ns
    Clock Pessimism Removal (CPR):    0.510ns

    Location             Delay type                Incr(ns)  Path(ns)    Netlist Resource(s)
  -------------------------------------------------------------------    -------------------
                         (clock sys_clk_pin rise edge)
                                                      0.000     0.000 r  
    W5                                                0.000     0.000 r  clk (IN)
                         net (fo=0)                   0.000     0.000    clk
    W5                   IBUF (Prop_ibuf_I_O)         0.226     0.226 r  clk_IBUF_inst/O
                         net (fo=1, routed)           0.631     0.858    clk_IBUF
    BUFGCTRL_X0Y0        BUFG (Prop_bufg_I_O)         0.026     0.884 r  clk_IBUF_BUFG_inst/O
                         net (fo=35, routed)          0.553     1.436    clk_IBUF_BUFG
    SLICE_X38Y27         FDRE                                         r  refresh_counter_reg[4]/C
  -------------------------------------------------------------------    -------------------
    SLICE_X38Y27         FDRE (Prop_fdre_C_Q)         0.164     1.600 r  refresh_counter_reg[4]/Q
                         net (fo=1, routed)           0.170     1.771    refresh_counter_reg_n_0_[4]
    SLICE_X38Y27         CARRY4 (Prop_carry4_S[0]_O[0])
                                                      0.115     1.886 r  refresh_counter_reg[4]_i_1/O[0]
                         net (fo=1, routed)           0.000     1.886    refresh_counter_reg[4]_i_1_n_7
    SLICE_X38Y27         FDRE                                         r  refresh_counter_reg[4]/D
  -------------------------------------------------------------------    -------------------

                         (clock sys_clk_pin rise edge)
                                                      0.000     0.000 r  
    W5                                                0.000     0.000 r  clk (IN)
                         net (fo=0)                   0.000     0.000    clk
    W5                   IBUF (Prop_ibuf_I_O)         0.414     0.414 r  clk_IBUF_inst/O
                         net (fo=1, routed)           0.685     1.099    clk_IBUF
    BUFGCTRL_X0Y0        BUFG (Prop_bufg_I_O)         0.029     1.128 r  clk_IBUF_BUFG_inst/O
                         net (fo=35, routed)          0.819     1.946    clk_IBUF_BUFG
    SLICE_X38Y27         FDRE                                         r  refresh_counter_reg[4]/C
                         clock pessimism             -0.510     1.436    
    SLICE_X38Y27         FDRE (Hold_fdre_C_D)         0.134     1.570    refresh_counter_reg[4]
  -------------------------------------------------------------------
                         required time                         -1.570    
                         arrival time                           1.886    
  -------------------------------------------------------------------
                         slack                                  0.315    

Slack (MET) :             0.320ns  (arrival time - required time)
  Source:                 refresh_counter_reg[16]/C
                            (rising edge-triggered cell FDRE clocked by sys_clk_pin  {rise@0.000ns fall@5.000ns period=10.000ns})
  Destination:            active_digit_reg[1]/D
                            (rising edge-triggered cell FDRE clocked by sys_clk_pin  {rise@0.000ns fall@5.000ns period=10.000ns})
  Path Group:             sys_clk_pin
  Path Type:              Hold (Min at Fast Process Corner)
  Requirement:            0.000ns  (sys_clk_pin rise@0.000ns - sys_clk_pin rise@0.000ns)
  Data Path Delay:        0.403ns  (logic 0.164ns (40.653%)  route 0.239ns (59.347%))
  Logic Levels:           0  
  Clock Path Skew:        0.013ns (DCD - SCD - CPR)
    Destination Clock Delay (DCD):    1.949ns
    Source Clock Delay      (SCD):    1.438ns
    Clock Pessimism Removal (CPR):    0.498ns

    Location             Delay type                Incr(ns)  Path(ns)    Netlist Resource(s)
  -------------------------------------------------------------------    -------------------
                         (clock sys_clk_pin rise edge)
                                                      0.000     0.000 r  
    W5                                                0.000     0.000 r  clk (IN)
                         net (fo=0)                   0.000     0.000    clk
    W5                   IBUF (Prop_ibuf_I_O)         0.226     0.226 r  clk_IBUF_inst/O
                         net (fo=1, routed)           0.631     0.858    clk_IBUF
    BUFGCTRL_X0Y0        BUFG (Prop_bufg_I_O)         0.026     0.884 r  clk_IBUF_BUFG_inst/O
                         net (fo=35, routed)          0.555     1.438    clk_IBUF_BUFG
    SLICE_X38Y30         FDRE                                         r  refresh_counter_reg[16]/C
  -------------------------------------------------------------------    -------------------
    SLICE_X38Y30         FDRE (Prop_fdre_C_Q)         0.164     1.602 r  refresh_counter_reg[16]/Q
                         net (fo=2, routed)           0.239     1.842    refresh_counter_reg[16]
    SLICE_X39Y30         FDRE                                         r  active_digit_reg[1]/D
  -------------------------------------------------------------------    -------------------

                         (clock sys_clk_pin rise edge)
                                                      0.000     0.000 r  
    W5                                                0.000     0.000 r  clk (IN)
                         net (fo=0)                   0.000     0.000    clk
    W5                   IBUF (Prop_ibuf_I_O)         0.414     0.414 r  clk_IBUF_inst/O
                         net (fo=1, routed)           0.685     1.099    clk_IBUF
    BUFGCTRL_X0Y0        BUFG (Prop_bufg_I_O)         0.029     1.128 r  clk_IBUF_BUFG_inst/O
                         net (fo=35, routed)          0.822     1.949    clk_IBUF_BUFG
    SLICE_X39Y30         FDRE                                         r  active_digit_reg[1]/C
                         clock pessimism             -0.498     1.451    
    SLICE_X39Y30         FDRE (Hold_fdre_C_D)         0.070     1.521    active_digit_reg[1]
  -------------------------------------------------------------------
                         required time                         -1.521    
                         arrival time                           1.842    
  -------------------------------------------------------------------
                         slack                                  0.320    

Slack (MET) :             0.324ns  (arrival time - required time)
  Source:                 refresh_counter_reg[16]/C
                            (rising edge-triggered cell FDRE clocked by sys_clk_pin  {rise@0.000ns fall@5.000ns period=10.000ns})
  Destination:            refresh_counter_reg[16]/D
                            (rising edge-triggered cell FDRE clocked by sys_clk_pin  {rise@0.000ns fall@5.000ns period=10.000ns})
  Path Group:             sys_clk_pin
  Path Type:              Hold (Min at Fast Process Corner)
  Requirement:            0.000ns  (sys_clk_pin rise@0.000ns - sys_clk_pin rise@0.000ns)
  Data Path Delay:        0.458ns  (logic 0.279ns (60.870%)  route 0.179ns (39.130%))
  Logic Levels:           1  (CARRY4=1)
  Clock Path Skew:        0.000ns (DCD - SCD - CPR)
    Destination Clock Delay (DCD):    1.949ns
    Source Clock Delay      (SCD):    1.438ns
    Clock Pessimism Removal (CPR):    0.511ns

    Location             Delay type                Incr(ns)  Path(ns)    Netlist Resource(s)
  -------------------------------------------------------------------    -------------------
                         (clock sys_clk_pin rise edge)
                                                      0.000     0.000 r  
    W5                                                0.000     0.000 r  clk (IN)
                         net (fo=0)                   0.000     0.000    clk
    W5                   IBUF (Prop_ibuf_I_O)         0.226     0.226 r  clk_IBUF_inst/O
                         net (fo=1, routed)           0.631     0.858    clk_IBUF
    BUFGCTRL_X0Y0        BUFG (Prop_bufg_I_O)         0.026     0.884 r  clk_IBUF_BUFG_inst/O
                         net (fo=35, routed)          0.555     1.438    clk_IBUF_BUFG
    SLICE_X38Y30         FDRE                                         r  refresh_counter_reg[16]/C
  -------------------------------------------------------------------    -------------------
    SLICE_X38Y30         FDRE (Prop_fdre_C_Q)         0.164     1.602 r  refresh_counter_reg[16]/Q
                         net (fo=2, routed)           0.179     1.781    refresh_counter_reg[16]
    SLICE_X38Y30         CARRY4 (Prop_carry4_S[0]_O[0])
                                                      0.115     1.896 r  refresh_counter_reg[16]_i_1/O[0]
                         net (fo=1, routed)           0.000     1.896    refresh_counter_reg[16]_i_1_n_7
    SLICE_X38Y30         FDRE                                         r  refresh_counter_reg[16]/D
  -------------------------------------------------------------------    -------------------

                         (clock sys_clk_pin rise edge)
                                                      0.000     0.000 r  
    W5                                                0.000     0.000 r  clk (IN)
                         net (fo=0)                   0.000     0.000    clk
    W5                   IBUF (Prop_ibuf_I_O)         0.414     0.414 r  clk_IBUF_inst/O
                         net (fo=1, routed)           0.685     1.099    clk_IBUF
    BUFGCTRL_X0Y0        BUFG (Prop_bufg_I_O)         0.029     1.128 r  clk_IBUF_BUFG_inst/O
                         net (fo=35, routed)          0.822     1.949    clk_IBUF_BUFG
    SLICE_X38Y30         FDRE                                         r  refresh_counter_reg[16]/C
                         clock pessimism             -0.511     1.438    
    SLICE_X38Y30         FDRE (Hold_fdre_C_D)         0.134     1.572    refresh_counter_reg[16]
  -------------------------------------------------------------------
                         required time                         -1.572    
                         arrival time                           1.896    
  -------------------------------------------------------------------
                         slack                                  0.324    

Slack (MET) :             0.338ns  (arrival time - required time)
  Source:                 refresh_counter_reg[7]/C
                            (rising edge-triggered cell FDRE clocked by sys_clk_pin  {rise@0.000ns fall@5.000ns period=10.000ns})
  Destination:            refresh_counter_reg[7]/D
                            (rising edge-triggered cell FDRE clocked by sys_clk_pin  {rise@0.000ns fall@5.000ns period=10.000ns})
  Path Group:             sys_clk_pin
  Path Type:              Hold (Min at Fast Process Corner)
  Requirement:            0.000ns  (sys_clk_pin rise@0.000ns - sys_clk_pin rise@0.000ns)
  Data Path Delay:        0.472ns  (logic 0.273ns (57.848%)  route 0.199ns (42.152%))
  Logic Levels:           1  (CARRY4=1)
  Clock Path Skew:        0.000ns (DCD - SCD - CPR)
    Destination Clock Delay (DCD):    1.946ns
    Source Clock Delay      (SCD):    1.436ns
    Clock Pessimism Removal (CPR):    0.510ns

    Location             Delay type                Incr(ns)  Path(ns)    Netlist Resource(s)
  -------------------------------------------------------------------    -------------------
                         (clock sys_clk_pin rise edge)
                                                      0.000     0.000 r  
    W5                                                0.000     0.000 r  clk (IN)
                         net (fo=0)                   0.000     0.000    clk
    W5                   IBUF (Prop_ibuf_I_O)         0.226     0.226 r  clk_IBUF_inst/O
                         net (fo=1, routed)           0.631     0.858    clk_IBUF
    BUFGCTRL_X0Y0        BUFG (Prop_bufg_I_O)         0.026     0.884 r  clk_IBUF_BUFG_inst/O
                         net (fo=35, routed)          0.553     1.436    clk_IBUF_BUFG
    SLICE_X38Y27         FDRE                                         r  refresh_counter_reg[7]/C
  -------------------------------------------------------------------    -------------------
    SLICE_X38Y27         FDRE (Prop_fdre_C_Q)         0.164     1.600 r  refresh_counter_reg[7]/Q
                         net (fo=1, routed)           0.199     1.799    refresh_counter_reg_n_0_[7]
    SLICE_X38Y27         CARRY4 (Prop_carry4_S[3]_O[3])
                                                      0.109     1.908 r  refresh_counter_reg[4]_i_1/O[3]
                         net (fo=1, routed)           0.000     1.908    refresh_counter_reg[4]_i_1_n_4
    SLICE_X38Y27         FDRE                                         r  refresh_counter_reg[7]/D
  -------------------------------------------------------------------    -------------------

                         (clock sys_clk_pin rise edge)
                                                      0.000     0.000 r  
    W5                                                0.000     0.000 r  clk (IN)
                         net (fo=0)                   0.000     0.000    clk
    W5                   IBUF (Prop_ibuf_I_O)         0.414     0.414 r  clk_IBUF_inst/O
                         net (fo=1, routed)           0.685     1.099    clk_IBUF
    BUFGCTRL_X0Y0        BUFG (Prop_bufg_I_O)         0.029     1.128 r  clk_IBUF_BUFG_inst/O
                         net (fo=35, routed)          0.819     1.946    clk_IBUF_BUFG
    SLICE_X38Y27         FDRE                                         r  refresh_counter_reg[7]/C
                         clock pessimism             -0.510     1.436    
    SLICE_X38Y27         FDRE (Hold_fdre_C_D)         0.134     1.570    refresh_counter_reg[7]
  -------------------------------------------------------------------
                         required time                         -1.570    
                         arrival time                           1.908    
  -------------------------------------------------------------------
                         slack                                  0.338    

Slack (MET) :             0.343ns  (arrival time - required time)
  Source:                 refresh_counter_reg[0]/C
                            (rising edge-triggered cell FDRE clocked by sys_clk_pin  {rise@0.000ns fall@5.000ns period=10.000ns})
  Destination:            refresh_counter_reg[1]/D
                            (rising edge-triggered cell FDRE clocked by sys_clk_pin  {rise@0.000ns fall@5.000ns period=10.000ns})
  Path Group:             sys_clk_pin
  Path Type:              Hold (Min at Fast Process Corner)
  Requirement:            0.000ns  (sys_clk_pin rise@0.000ns - sys_clk_pin rise@0.000ns)
  Data Path Delay:        0.477ns  (logic 0.314ns (65.814%)  route 0.163ns (34.186%))
  Logic Levels:           2  (CARRY4=1 LUT1=1)
  Clock Path Skew:        0.000ns (DCD - SCD - CPR)
    Destination Clock Delay (DCD):    1.944ns
    Source Clock Delay      (SCD):    1.434ns
    Clock Pessimism Removal (CPR):    0.510ns

    Location             Delay type                Incr(ns)  Path(ns)    Netlist Resource(s)
  -------------------------------------------------------------------    -------------------
                         (clock sys_clk_pin rise edge)
                                                      0.000     0.000 r  
    W5                                                0.000     0.000 r  clk (IN)
                         net (fo=0)                   0.000     0.000    clk
    W5                   IBUF (Prop_ibuf_I_O)         0.226     0.226 r  clk_IBUF_inst/O
                         net (fo=1, routed)           0.631     0.858    clk_IBUF
    BUFGCTRL_X0Y0        BUFG (Prop_bufg_I_O)         0.026     0.884 r  clk_IBUF_BUFG_inst/O
                         net (fo=35, routed)          0.551     1.434    clk_IBUF_BUFG
    SLICE_X38Y26         FDRE                                         r  refresh_counter_reg[0]/C
  -------------------------------------------------------------------    -------------------
    SLICE_X38Y26         FDRE (Prop_fdre_C_Q)         0.164     1.598 f  refresh_counter_reg[0]/Q
                         net (fo=1, routed)           0.163     1.761    refresh_counter_reg_n_0_[0]
    SLICE_X38Y26         LUT1 (Prop_lut1_I0_O)        0.045     1.806 r  refresh_counter[0]_i_2/O
                         net (fo=1, routed)           0.000     1.806    refresh_counter[0]_i_2_n_0
    SLICE_X38Y26         CARRY4 (Prop_carry4_S[0]_O[1])
                                                      0.105     1.911 r  refresh_counter_reg[0]_i_1/O[1]
                         net (fo=1, routed)           0.000     1.911    refresh_counter_reg[0]_i_1_n_6
    SLICE_X38Y26         FDRE                                         r  refresh_counter_reg[1]/D
  -------------------------------------------------------------------    -------------------

                         (clock sys_clk_pin rise edge)
                                                      0.000     0.000 r  
    W5                                                0.000     0.000 r  clk (IN)
                         net (fo=0)                   0.000     0.000    clk
    W5                   IBUF (Prop_ibuf_I_O)         0.414     0.414 r  clk_IBUF_inst/O
                         net (fo=1, routed)           0.685     1.099    clk_IBUF
    BUFGCTRL_X0Y0        BUFG (Prop_bufg_I_O)         0.029     1.128 r  clk_IBUF_BUFG_inst/O
                         net (fo=35, routed)          0.817     1.944    clk_IBUF_BUFG
    SLICE_X38Y26         FDRE                                         r  refresh_counter_reg[1]/C
                         clock pessimism             -0.510     1.434    
    SLICE_X38Y26         FDRE (Hold_fdre_C_D)         0.134     1.568    refresh_counter_reg[1]
  -------------------------------------------------------------------
                         required time                         -1.568    
                         arrival time                           1.911    
  -------------------------------------------------------------------
                         slack                                  0.343    

Slack (MET) :             0.344ns  (arrival time - required time)
  Source:                 refresh_counter_reg[8]/C
                            (rising edge-triggered cell FDRE clocked by sys_clk_pin  {rise@0.000ns fall@5.000ns period=10.000ns})
  Destination:            refresh_counter_reg[8]/D
                            (rising edge-triggered cell FDRE clocked by sys_clk_pin  {rise@0.000ns fall@5.000ns period=10.000ns})
  Path Group:             sys_clk_pin
  Path Type:              Hold (Min at Fast Process Corner)
  Requirement:            0.000ns  (sys_clk_pin rise@0.000ns - sys_clk_pin rise@0.000ns)
  Data Path Delay:        0.478ns  (logic 0.279ns (58.377%)  route 0.199ns (41.623%))
  Logic Levels:           1  (CARRY4=1)
  Clock Path Skew:        0.000ns (DCD - SCD - CPR)
    Destination Clock Delay (DCD):    1.947ns
    Source Clock Delay      (SCD):    1.436ns
    Clock Pessimism Removal (CPR):    0.511ns

    Location             Delay type                Incr(ns)  Path(ns)    Netlist Resource(s)
  -------------------------------------------------------------------    -------------------
                         (clock sys_clk_pin rise edge)
                                                      0.000     0.000 r  
    W5                                                0.000     0.000 r  clk (IN)
                         net (fo=0)                   0.000     0.000    clk
    W5                   IBUF (Prop_ibuf_I_O)         0.226     0.226 r  clk_IBUF_inst/O
                         net (fo=1, routed)           0.631     0.858    clk_IBUF
    BUFGCTRL_X0Y0        BUFG (Prop_bufg_I_O)         0.026     0.884 r  clk_IBUF_BUFG_inst/O
                         net (fo=35, routed)          0.553     1.436    clk_IBUF_BUFG
    SLICE_X38Y28         FDRE                                         r  refresh_counter_reg[8]/C
  -------------------------------------------------------------------    -------------------
    SLICE_X38Y28         FDRE (Prop_fdre_C_Q)         0.164     1.600 r  refresh_counter_reg[8]/Q
                         net (fo=1, routed)           0.199     1.799    refresh_counter_reg_n_0_[8]
    SLICE_X38Y28         CARRY4 (Prop_carry4_S[0]_O[0])
                                                      0.115     1.914 r  refresh_counter_reg[8]_i_1/O[0]
                         net (fo=1, routed)           0.000     1.914    refresh_counter_reg[8]_i_1_n_7
    SLICE_X38Y28         FDRE                                         r  refresh_counter_reg[8]/D
  -------------------------------------------------------------------    -------------------

                         (clock sys_clk_pin rise edge)
                                                      0.000     0.000 r  
    W5                                                0.000     0.000 r  clk (IN)
                         net (fo=0)                   0.000     0.000    clk
    W5                   IBUF (Prop_ibuf_I_O)         0.414     0.414 r  clk_IBUF_inst/O
                         net (fo=1, routed)           0.685     1.099    clk_IBUF
    BUFGCTRL_X0Y0        BUFG (Prop_bufg_I_O)         0.029     1.128 r  clk_IBUF_BUFG_inst/O
                         net (fo=35, routed)          0.820     1.947    clk_IBUF_BUFG
    SLICE_X38Y28         FDRE                                         r  refresh_counter_reg[8]/C
                         clock pessimism             -0.511     1.436    
    SLICE_X38Y28         FDRE (Hold_fdre_C_D)         0.134     1.570    refresh_counter_reg[8]
  -------------------------------------------------------------------
                         required time                         -1.570    
                         arrival time                           1.914    
  -------------------------------------------------------------------
                         slack                                  0.344    





Pulse Width Checks
--------------------------------------------------------------------------------------
Clock Name:         sys_clk_pin
Waveform(ns):       { 0.000 5.000 }
Period(ns):         10.000
Sources:            { clk }

Check Type        Corner  Lib Pin  Reference Pin  Required(ns)  Actual(ns)  Slack(ns)  Location       Pin
Min Period        n/a     BUFG/I   n/a            2.155         10.000      7.845      BUFGCTRL_X0Y0  clk_IBUF_BUFG_inst/I
Min Period        n/a     FDRE/C   n/a            1.000         10.000      9.000      SLICE_X28Y26   A_reg[0]/C
Min Period        n/a     FDRE/C   n/a            1.000         10.000      9.000      SLICE_X28Y26   A_reg[1]/C
Min Period        n/a     FDRE/C   n/a            1.000         10.000      9.000      SLICE_X28Y26   A_reg[2]/C
Min Period        n/a     FDRE/C   n/a            1.000         10.000      9.000      SLICE_X28Y26   A_reg[3]/C
Min Period        n/a     FDRE/C   n/a            1.000         10.000      9.000      SLICE_X28Y26   A_reg[4]/C
Min Period        n/a     FDRE/C   n/a            1.000         10.000      9.000      SLICE_X28Y26   A_reg[5]/C
Min Period        n/a     FDRE/C   n/a            1.000         10.000      9.000      SLICE_X28Y26   A_reg[6]/C
Min Period        n/a     FDRE/C   n/a            1.000         10.000      9.000      SLICE_X28Y26   A_reg[7]/C
Min Period        n/a     FDRE/C   n/a            1.000         10.000      9.000      SLICE_X29Y26   B_reg[0]/C
Low Pulse Width   Slow    FDRE/C   n/a            0.500         5.000       4.500      SLICE_X28Y26   A_reg[0]/C
Low Pulse Width   Fast    FDRE/C   n/a            0.500         5.000       4.500      SLICE_X28Y26   A_reg[0]/C
Low Pulse Width   Slow    FDRE/C   n/a            0.500         5.000       4.500      SLICE_X28Y26   A_reg[1]/C
Low Pulse Width   Fast    FDRE/C   n/a            0.500         5.000       4.500      SLICE_X28Y26   A_reg[1]/C
Low Pulse Width   Slow    FDRE/C   n/a            0.500         5.000       4.500      SLICE_X28Y26   A_reg[2]/C
Low Pulse Width   Fast    FDRE/C   n/a            0.500         5.000       4.500      SLICE_X28Y26   A_reg[2]/C
Low Pulse Width   Slow    FDRE/C   n/a            0.500         5.000       4.500      SLICE_X28Y26   A_reg[3]/C
Low Pulse Width   Fast    FDRE/C   n/a            0.500         5.000       4.500      SLICE_X28Y26   A_reg[3]/C
Low Pulse Width   Slow    FDRE/C   n/a            0.500         5.000       4.500      SLICE_X28Y26   A_reg[4]/C
Low Pulse Width   Fast    FDRE/C   n/a            0.500         5.000       4.500      SLICE_X28Y26   A_reg[4]/C
High Pulse Width  Slow    FDRE/C   n/a            0.500         5.000       4.500      SLICE_X28Y26   A_reg[0]/C
High Pulse Width  Fast    FDRE/C   n/a            0.500         5.000       4.500      SLICE_X28Y26   A_reg[0]/C
High Pulse Width  Slow    FDRE/C   n/a            0.500         5.000       4.500      SLICE_X28Y26   A_reg[1]/C
High Pulse Width  Fast    FDRE/C   n/a            0.500         5.000       4.500      SLICE_X28Y26   A_reg[1]/C
High Pulse Width  Slow    FDRE/C   n/a            0.500         5.000       4.500      SLICE_X28Y26   A_reg[2]/C
High Pulse Width  Fast    FDRE/C   n/a            0.500         5.000       4.500      SLICE_X28Y26   A_reg[2]/C
High Pulse Width  Slow    FDRE/C   n/a            0.500         5.000       4.500      SLICE_X28Y26   A_reg[3]/C
High Pulse Width  Fast    FDRE/C   n/a            0.500         5.000       4.500      SLICE_X28Y26   A_reg[3]/C
High Pulse Width  Slow    FDRE/C   n/a            0.500         5.000       4.500      SLICE_X28Y26   A_reg[4]/C
High Pulse Width  Fast    FDRE/C   n/a            0.500         5.000       4.500      SLICE_X28Y26   A_reg[4]/C



--------------------------------------------------------------------------------------
Path Group:  (none)
From Clock:  sys_clk_pin
  To Clock:  

Max Delay            11 Endpoints
Min Delay            11 Endpoints
--------------------------------------------------------------------------------------


Max Delay Paths
--------------------------------------------------------------------------------------
Slack:                    inf
  Source:                 A_reg[3]/C
                            (rising edge-triggered cell FDRE clocked by sys_clk_pin  {rise@0.000ns fall@5.000ns period=10.000ns})
  Destination:            seg[6]
                            (output port)
  Path Group:             (none)
  Path Type:              Max at Slow Process Corner
  Data Path Delay:        24.622ns  (logic 8.418ns (34.191%)  route 16.203ns (65.809%))
  Logic Levels:           18  (CARRY4=4 LUT2=1 LUT4=3 LUT5=3 LUT6=6 OBUF=1)
  Clock Uncertainty:      0.025ns  ((TSJ^2 + TIJ^2)^1/2 + DJ) / 2 + PE
    Total System Jitter     (TSJ):    0.050ns
    Total Input Jitter      (TIJ):    0.000ns
    Discrete Jitter          (DJ):    0.000ns
    Phase Error              (PE):    0.000ns

    Location             Delay type                Incr(ns)  Path(ns)    Netlist Resource(s)
  -------------------------------------------------------------------    -------------------
                         (clock sys_clk_pin rise edge)
                                                      0.000     0.000 r  
    W5                                                0.000     0.000 r  clk (IN)
                         net (fo=0)                   0.000     0.000    clk
    W5                   IBUF (Prop_ibuf_I_O)         1.458     1.458 r  clk_IBUF_inst/O
                         net (fo=1, routed)           1.967     3.425    clk_IBUF
    BUFGCTRL_X0Y0        BUFG (Prop_bufg_I_O)         0.096     3.521 r  clk_IBUF_BUFG_inst/O
                         net (fo=35, routed)          1.548     5.069    clk_IBUF_BUFG
    SLICE_X28Y26         FDRE                                         r  A_reg[3]/C
  -------------------------------------------------------------------    -------------------
    SLICE_X28Y26         FDRE (Prop_fdre_C_Q)         0.456     5.525 f  A_reg[3]/Q
                         net (fo=18, routed)          1.402     6.928    A[3]
    SLICE_X28Y31         LUT2 (Prop_lut2_I0_O)        0.124     7.052 r  seg_OBUF[6]_inst_i_158/O
                         net (fo=1, routed)           0.860     7.912    seg_OBUF[6]_inst_i_158_n_0
    SLICE_X29Y31         LUT6 (Prop_lut6_I1_O)        0.124     8.036 r  seg_OBUF[6]_inst_i_133/O
                         net (fo=1, routed)           0.000     8.036    seg_OBUF[6]_inst_i_133_n_0
    SLICE_X29Y31         CARRY4 (Prop_carry4_S[3]_CO[3])
                                                      0.401     8.437 r  seg_OBUF[6]_inst_i_108/CO[3]
                         net (fo=1, routed)           0.000     8.437    seg_OBUF[6]_inst_i_108_n_0
    SLICE_X29Y32         CARRY4 (Prop_carry4_CI_O[1])
                                                      0.334     8.771 r  seg_OBUF[6]_inst_i_153/O[1]
                         net (fo=2, routed)           0.950     9.721    seg_OBUF[6]_inst_i_153_n_6
    SLICE_X30Y31         LUT4 (Prop_lut4_I2_O)        0.331    10.052 r  seg_OBUF[6]_inst_i_152/O
                         net (fo=3, routed)           0.814    10.866    seg_OBUF[6]_inst_i_152_n_0
    SLICE_X33Y31         LUT6 (Prop_lut6_I5_O)        0.348    11.214 r  seg_OBUF[6]_inst_i_156/O
                         net (fo=1, routed)           0.873    12.087    seg_OBUF[6]_inst_i_156_n_0
    SLICE_X32Y31         LUT5 (Prop_lut5_I0_O)        0.124    12.211 r  seg_OBUF[6]_inst_i_128/O
                         net (fo=1, routed)           0.000    12.211    seg_OBUF[6]_inst_i_128_n_0
    SLICE_X32Y31         CARRY4 (Prop_carry4_S[1]_CO[3])
                                                      0.550    12.761 r  seg_OBUF[6]_inst_i_94/CO[3]
                         net (fo=1, routed)           0.000    12.761    seg_OBUF[6]_inst_i_94_n_0
    SLICE_X32Y32         CARRY4 (Prop_carry4_CI_O[2])
                                                      0.239    13.000 r  seg_OBUF[6]_inst_i_117/O[2]
                         net (fo=11, routed)          1.166    14.166    result[13]
    SLICE_X34Y34         LUT6 (Prop_lut6_I2_O)        0.302    14.468 r  seg_OBUF[6]_inst_i_120/O
                         net (fo=7, routed)           0.863    15.331    seg_OBUF[6]_inst_i_120_n_0
    SLICE_X35Y33         LUT5 (Prop_lut5_I2_O)        0.152    15.483 r  seg_OBUF[6]_inst_i_101/O
                         net (fo=9, routed)           1.131    16.614    seg_OBUF[6]_inst_i_101_n_0
    SLICE_X38Y34         LUT4 (Prop_lut4_I2_O)        0.348    16.962 r  seg_OBUF[6]_inst_i_83/O
                         net (fo=7, routed)           0.966    17.929    seg_OBUF[6]_inst_i_83_n_0
    SLICE_X36Y35         LUT5 (Prop_lut5_I1_O)        0.356    18.285 r  seg_OBUF[6]_inst_i_54/O
                         net (fo=5, routed)           0.981    19.266    seg_OBUF[6]_inst_i_54_n_0
    SLICE_X34Y35         LUT6 (Prop_lut6_I2_O)        0.326    19.592 f  seg_OBUF[6]_inst_i_39/O
                         net (fo=4, routed)           1.194    20.786    seg_OBUF[6]_inst_i_39_n_0
    SLICE_X37Y33         LUT6 (Prop_lut6_I0_O)        0.124    20.910 r  seg_OBUF[6]_inst_i_19/O
                         net (fo=1, routed)           0.806    21.716    seg_OBUF[6]_inst_i_19_n_0
    SLICE_X37Y34         LUT6 (Prop_lut6_I5_O)        0.124    21.840 r  seg_OBUF[6]_inst_i_4/O
                         net (fo=7, routed)           0.983    22.824    digit[2]
    SLICE_X36Y31         LUT4 (Prop_lut4_I2_O)        0.124    22.948 r  seg_OBUF[6]_inst_i_1/O
                         net (fo=1, routed)           3.212    26.160    seg_OBUF[6]
    U7                   OBUF (Prop_obuf_I_O)         3.531    29.691 r  seg_OBUF[6]_inst/O
                         net (fo=0)                   0.000    29.691    seg[6]
    U7                                                                r  seg[6] (OUT)
  -------------------------------------------------------------------    -------------------

Slack:                    inf
  Source:                 A_reg[3]/C
                            (rising edge-triggered cell FDRE clocked by sys_clk_pin  {rise@0.000ns fall@5.000ns period=10.000ns})
  Destination:            seg[5]
                            (output port)
  Path Group:             (none)
  Path Type:              Max at Slow Process Corner
  Data Path Delay:        24.621ns  (logic 8.624ns (35.028%)  route 15.997ns (64.972%))
  Logic Levels:           18  (CARRY4=4 LUT2=1 LUT4=3 LUT5=3 LUT6=6 OBUF=1)
  Clock Uncertainty:      0.025ns  ((TSJ^2 + TIJ^2)^1/2 + DJ) / 2 + PE
    Total System Jitter     (TSJ):    0.050ns
    Total Input Jitter      (TIJ):    0.000ns
    Discrete Jitter          (DJ):    0.000ns
    Phase Error              (PE):    0.000ns

    Location             Delay type                Incr(ns)  Path(ns)    Netlist Resource(s)
  -------------------------------------------------------------------    -------------------
                         (clock sys_clk_pin rise edge)
                                                      0.000     0.000 r  
    W5                                                0.000     0.000 r  clk (IN)
                         net (fo=0)                   0.000     0.000    clk
    W5                   IBUF (Prop_ibuf_I_O)         1.458     1.458 r  clk_IBUF_inst/O
                         net (fo=1, routed)           1.967     3.425    clk_IBUF
    BUFGCTRL_X0Y0        BUFG (Prop_bufg_I_O)         0.096     3.521 r  clk_IBUF_BUFG_inst/O
                         net (fo=35, routed)          1.548     5.069    clk_IBUF_BUFG
    SLICE_X28Y26         FDRE                                         r  A_reg[3]/C
  -------------------------------------------------------------------    -------------------
    SLICE_X28Y26         FDRE (Prop_fdre_C_Q)         0.456     5.525 f  A_reg[3]/Q
                         net (fo=18, routed)          1.402     6.928    A[3]
    SLICE_X28Y31         LUT2 (Prop_lut2_I0_O)        0.124     7.052 r  seg_OBUF[6]_inst_i_158/O
                         net (fo=1, routed)           0.860     7.912    seg_OBUF[6]_inst_i_158_n_0
    SLICE_X29Y31         LUT6 (Prop_lut6_I1_O)        0.124     8.036 r  seg_OBUF[6]_inst_i_133/O
                         net (fo=1, routed)           0.000     8.036    seg_OBUF[6]_inst_i_133_n_0
    SLICE_X29Y31         CARRY4 (Prop_carry4_S[3]_CO[3])
                                                      0.401     8.437 r  seg_OBUF[6]_inst_i_108/CO[3]
                         net (fo=1, routed)           0.000     8.437    seg_OBUF[6]_inst_i_108_n_0
    SLICE_X29Y32         CARRY4 (Prop_carry4_CI_O[1])
                                                      0.334     8.771 r  seg_OBUF[6]_inst_i_153/O[1]
                         net (fo=2, routed)           0.950     9.721    seg_OBUF[6]_inst_i_153_n_6
    SLICE_X30Y31         LUT4 (Prop_lut4_I2_O)        0.331    10.052 r  seg_OBUF[6]_inst_i_152/O
                         net (fo=3, routed)           0.814    10.866    seg_OBUF[6]_inst_i_152_n_0
    SLICE_X33Y31         LUT6 (Prop_lut6_I5_O)        0.348    11.214 r  seg_OBUF[6]_inst_i_156/O
                         net (fo=1, routed)           0.873    12.087    seg_OBUF[6]_inst_i_156_n_0
    SLICE_X32Y31         LUT5 (Prop_lut5_I0_O)        0.124    12.211 r  seg_OBUF[6]_inst_i_128/O
                         net (fo=1, routed)           0.000    12.211    seg_OBUF[6]_inst_i_128_n_0
    SLICE_X32Y31         CARRY4 (Prop_carry4_S[1]_CO[3])
                                                      0.550    12.761 r  seg_OBUF[6]_inst_i_94/CO[3]
                         net (fo=1, routed)           0.000    12.761    seg_OBUF[6]_inst_i_94_n_0
    SLICE_X32Y32         CARRY4 (Prop_carry4_CI_O[2])
                                                      0.239    13.000 r  seg_OBUF[6]_inst_i_117/O[2]
                         net (fo=11, routed)          1.166    14.166    result[13]
    SLICE_X34Y34         LUT6 (Prop_lut6_I2_O)        0.302    14.468 r  seg_OBUF[6]_inst_i_120/O
                         net (fo=7, routed)           0.863    15.331    seg_OBUF[6]_inst_i_120_n_0
    SLICE_X35Y33         LUT5 (Prop_lut5_I2_O)        0.152    15.483 r  seg_OBUF[6]_inst_i_101/O
                         net (fo=9, routed)           1.131    16.614    seg_OBUF[6]_inst_i_101_n_0
    SLICE_X38Y34         LUT4 (Prop_lut4_I2_O)        0.348    16.962 r  seg_OBUF[6]_inst_i_83/O
                         net (fo=7, routed)           0.966    17.929    seg_OBUF[6]_inst_i_83_n_0
    SLICE_X36Y35         LUT5 (Prop_lut5_I1_O)        0.356    18.285 r  seg_OBUF[6]_inst_i_54/O
                         net (fo=5, routed)           0.981    19.266    seg_OBUF[6]_inst_i_54_n_0
    SLICE_X34Y35         LUT6 (Prop_lut6_I2_O)        0.326    19.592 f  seg_OBUF[6]_inst_i_39/O
                         net (fo=4, routed)           1.194    20.786    seg_OBUF[6]_inst_i_39_n_0
    SLICE_X37Y33         LUT6 (Prop_lut6_I0_O)        0.124    20.910 r  seg_OBUF[6]_inst_i_19/O
                         net (fo=1, routed)           0.806    21.716    seg_OBUF[6]_inst_i_19_n_0
    SLICE_X37Y34         LUT6 (Prop_lut6_I5_O)        0.124    21.840 r  seg_OBUF[6]_inst_i_4/O
                         net (fo=7, routed)           0.982    22.822    digit[2]
    SLICE_X36Y31         LUT4 (Prop_lut4_I1_O)        0.154    22.976 r  seg_OBUF[5]_inst_i_1/O
                         net (fo=1, routed)           3.007    25.983    seg_OBUF[5]
    V5                   OBUF (Prop_obuf_I_O)         3.707    29.691 r  seg_OBUF[5]_inst/O
                         net (fo=0)                   0.000    29.691    seg[5]
    V5                                                                r  seg[5] (OUT)
  -------------------------------------------------------------------    -------------------

Slack:                    inf
  Source:                 A_reg[3]/C
                            (rising edge-triggered cell FDRE clocked by sys_clk_pin  {rise@0.000ns fall@5.000ns period=10.000ns})
  Destination:            seg[4]
                            (output port)
  Path Group:             (none)
  Path Type:              Max at Slow Process Corner
  Data Path Delay:        24.393ns  (logic 8.407ns (34.464%)  route 15.986ns (65.536%))
  Logic Levels:           18  (CARRY4=4 LUT2=1 LUT4=3 LUT5=3 LUT6=6 OBUF=1)
  Clock Uncertainty:      0.025ns  ((TSJ^2 + TIJ^2)^1/2 + DJ) / 2 + PE
    Total System Jitter     (TSJ):    0.050ns
    Total Input Jitter      (TIJ):    0.000ns
    Discrete Jitter          (DJ):    0.000ns
    Phase Error              (PE):    0.000ns

    Location             Delay type                Incr(ns)  Path(ns)    Netlist Resource(s)
  -------------------------------------------------------------------    -------------------
                         (clock sys_clk_pin rise edge)
                                                      0.000     0.000 r  
    W5                                                0.000     0.000 r  clk (IN)
                         net (fo=0)                   0.000     0.000    clk
    W5                   IBUF (Prop_ibuf_I_O)         1.458     1.458 r  clk_IBUF_inst/O
                         net (fo=1, routed)           1.967     3.425    clk_IBUF
    BUFGCTRL_X0Y0        BUFG (Prop_bufg_I_O)         0.096     3.521 r  clk_IBUF_BUFG_inst/O
                         net (fo=35, routed)          1.548     5.069    clk_IBUF_BUFG
    SLICE_X28Y26         FDRE                                         r  A_reg[3]/C
  -------------------------------------------------------------------    -------------------
    SLICE_X28Y26         FDRE (Prop_fdre_C_Q)         0.456     5.525 f  A_reg[3]/Q
                         net (fo=18, routed)          1.402     6.928    A[3]
    SLICE_X28Y31         LUT2 (Prop_lut2_I0_O)        0.124     7.052 r  seg_OBUF[6]_inst_i_158/O
                         net (fo=1, routed)           0.860     7.912    seg_OBUF[6]_inst_i_158_n_0
    SLICE_X29Y31         LUT6 (Prop_lut6_I1_O)        0.124     8.036 r  seg_OBUF[6]_inst_i_133/O
                         net (fo=1, routed)           0.000     8.036    seg_OBUF[6]_inst_i_133_n_0
    SLICE_X29Y31         CARRY4 (Prop_carry4_S[3]_CO[3])
                                                      0.401     8.437 r  seg_OBUF[6]_inst_i_108/CO[3]
                         net (fo=1, routed)           0.000     8.437    seg_OBUF[6]_inst_i_108_n_0
    SLICE_X29Y32         CARRY4 (Prop_carry4_CI_O[1])
                                                      0.334     8.771 r  seg_OBUF[6]_inst_i_153/O[1]
                         net (fo=2, routed)           0.950     9.721    seg_OBUF[6]_inst_i_153_n_6
    SLICE_X30Y31         LUT4 (Prop_lut4_I2_O)        0.331    10.052 r  seg_OBUF[6]_inst_i_152/O
                         net (fo=3, routed)           0.814    10.866    seg_OBUF[6]_inst_i_152_n_0
    SLICE_X33Y31         LUT6 (Prop_lut6_I5_O)        0.348    11.214 r  seg_OBUF[6]_inst_i_156/O
                         net (fo=1, routed)           0.873    12.087    seg_OBUF[6]_inst_i_156_n_0
    SLICE_X32Y31         LUT5 (Prop_lut5_I0_O)        0.124    12.211 r  seg_OBUF[6]_inst_i_128/O
                         net (fo=1, routed)           0.000    12.211    seg_OBUF[6]_inst_i_128_n_0
    SLICE_X32Y31         CARRY4 (Prop_carry4_S[1]_CO[3])
                                                      0.550    12.761 r  seg_OBUF[6]_inst_i_94/CO[3]
                         net (fo=1, routed)           0.000    12.761    seg_OBUF[6]_inst_i_94_n_0
    SLICE_X32Y32         CARRY4 (Prop_carry4_CI_O[2])
                                                      0.239    13.000 r  seg_OBUF[6]_inst_i_117/O[2]
                         net (fo=11, routed)          1.166    14.166    result[13]
    SLICE_X34Y34         LUT6 (Prop_lut6_I2_O)        0.302    14.468 r  seg_OBUF[6]_inst_i_120/O
                         net (fo=7, routed)           0.863    15.331    seg_OBUF[6]_inst_i_120_n_0
    SLICE_X35Y33         LUT5 (Prop_lut5_I2_O)        0.152    15.483 r  seg_OBUF[6]_inst_i_101/O
                         net (fo=9, routed)           1.131    16.614    seg_OBUF[6]_inst_i_101_n_0
    SLICE_X38Y34         LUT4 (Prop_lut4_I2_O)        0.348    16.962 r  seg_OBUF[6]_inst_i_83/O
                         net (fo=7, routed)           0.966    17.929    seg_OBUF[6]_inst_i_83_n_0
    SLICE_X36Y35         LUT5 (Prop_lut5_I1_O)        0.356    18.285 r  seg_OBUF[6]_inst_i_54/O
                         net (fo=5, routed)           0.981    19.266    seg_OBUF[6]_inst_i_54_n_0
    SLICE_X34Y35         LUT6 (Prop_lut6_I2_O)        0.326    19.592 f  seg_OBUF[6]_inst_i_39/O
                         net (fo=4, routed)           1.194    20.786    seg_OBUF[6]_inst_i_39_n_0
    SLICE_X37Y33         LUT6 (Prop_lut6_I0_O)        0.124    20.910 r  seg_OBUF[6]_inst_i_19/O
                         net (fo=1, routed)           0.806    21.716    seg_OBUF[6]_inst_i_19_n_0
    SLICE_X37Y34         LUT6 (Prop_lut6_I5_O)        0.124    21.840 r  seg_OBUF[6]_inst_i_4/O
                         net (fo=7, routed)           0.982    22.822    digit[2]
    SLICE_X36Y31         LUT4 (Prop_lut4_I2_O)        0.124    22.946 r  seg_OBUF[4]_inst_i_1/O
                         net (fo=1, routed)           2.996    25.943    seg_OBUF[4]
    U5                   OBUF (Prop_obuf_I_O)         3.520    29.462 r  seg_OBUF[4]_inst/O
                         net (fo=0)                   0.000    29.462    seg[4]
    U5                                                                r  seg[4] (OUT)
  -------------------------------------------------------------------    -------------------

Slack:                    inf
  Source:                 A_reg[3]/C
                            (rising edge-triggered cell FDRE clocked by sys_clk_pin  {rise@0.000ns fall@5.000ns period=10.000ns})
  Destination:            seg[0]
                            (output port)
  Path Group:             (none)
  Path Type:              Max at Slow Process Corner
  Data Path Delay:        24.382ns  (logic 8.626ns (35.377%)  route 15.756ns (64.623%))
  Logic Levels:           18  (CARRY4=4 LUT2=1 LUT4=3 LUT5=3 LUT6=6 OBUF=1)
  Clock Uncertainty:      0.025ns  ((TSJ^2 + TIJ^2)^1/2 + DJ) / 2 + PE
    Total System Jitter     (TSJ):    0.050ns
    Total Input Jitter      (TIJ):    0.000ns
    Discrete Jitter          (DJ):    0.000ns
    Phase Error              (PE):    0.000ns

    Location             Delay type                Incr(ns)  Path(ns)    Netlist Resource(s)
  -------------------------------------------------------------------    -------------------
                         (clock sys_clk_pin rise edge)
                                                      0.000     0.000 r  
    W5                                                0.000     0.000 r  clk (IN)
                         net (fo=0)                   0.000     0.000    clk
    W5                   IBUF (Prop_ibuf_I_O)         1.458     1.458 r  clk_IBUF_inst/O
                         net (fo=1, routed)           1.967     3.425    clk_IBUF
    BUFGCTRL_X0Y0        BUFG (Prop_bufg_I_O)         0.096     3.521 r  clk_IBUF_BUFG_inst/O
                         net (fo=35, routed)          1.548     5.069    clk_IBUF_BUFG
    SLICE_X28Y26         FDRE                                         r  A_reg[3]/C
  -------------------------------------------------------------------    -------------------
    SLICE_X28Y26         FDRE (Prop_fdre_C_Q)         0.456     5.525 f  A_reg[3]/Q
                         net (fo=18, routed)          1.402     6.928    A[3]
    SLICE_X28Y31         LUT2 (Prop_lut2_I0_O)        0.124     7.052 r  seg_OBUF[6]_inst_i_158/O
                         net (fo=1, routed)           0.860     7.912    seg_OBUF[6]_inst_i_158_n_0
    SLICE_X29Y31         LUT6 (Prop_lut6_I1_O)        0.124     8.036 r  seg_OBUF[6]_inst_i_133/O
                         net (fo=1, routed)           0.000     8.036    seg_OBUF[6]_inst_i_133_n_0
    SLICE_X29Y31         CARRY4 (Prop_carry4_S[3]_CO[3])
                                                      0.401     8.437 r  seg_OBUF[6]_inst_i_108/CO[3]
                         net (fo=1, routed)           0.000     8.437    seg_OBUF[6]_inst_i_108_n_0
    SLICE_X29Y32         CARRY4 (Prop_carry4_CI_O[1])
                                                      0.334     8.771 r  seg_OBUF[6]_inst_i_153/O[1]
                         net (fo=2, routed)           0.950     9.721    seg_OBUF[6]_inst_i_153_n_6
    SLICE_X30Y31         LUT4 (Prop_lut4_I2_O)        0.331    10.052 r  seg_OBUF[6]_inst_i_152/O
                         net (fo=3, routed)           0.814    10.866    seg_OBUF[6]_inst_i_152_n_0
    SLICE_X33Y31         LUT6 (Prop_lut6_I5_O)        0.348    11.214 r  seg_OBUF[6]_inst_i_156/O
                         net (fo=1, routed)           0.873    12.087    seg_OBUF[6]_inst_i_156_n_0
    SLICE_X32Y31         LUT5 (Prop_lut5_I0_O)        0.124    12.211 r  seg_OBUF[6]_inst_i_128/O
                         net (fo=1, routed)           0.000    12.211    seg_OBUF[6]_inst_i_128_n_0
    SLICE_X32Y31         CARRY4 (Prop_carry4_S[1]_CO[3])
                                                      0.550    12.761 r  seg_OBUF[6]_inst_i_94/CO[3]
                         net (fo=1, routed)           0.000    12.761    seg_OBUF[6]_inst_i_94_n_0
    SLICE_X32Y32         CARRY4 (Prop_carry4_CI_O[2])
                                                      0.239    13.000 r  seg_OBUF[6]_inst_i_117/O[2]
                         net (fo=11, routed)          1.166    14.166    result[13]
    SLICE_X34Y34         LUT6 (Prop_lut6_I2_O)        0.302    14.468 r  seg_OBUF[6]_inst_i_120/O
                         net (fo=7, routed)           0.863    15.331    seg_OBUF[6]_inst_i_120_n_0
    SLICE_X35Y33         LUT5 (Prop_lut5_I2_O)        0.152    15.483 r  seg_OBUF[6]_inst_i_101/O
                         net (fo=9, routed)           1.131    16.614    seg_OBUF[6]_inst_i_101_n_0
    SLICE_X38Y34         LUT4 (Prop_lut4_I2_O)        0.348    16.962 r  seg_OBUF[6]_inst_i_83/O
                         net (fo=7, routed)           0.966    17.929    seg_OBUF[6]_inst_i_83_n_0
    SLICE_X36Y35         LUT5 (Prop_lut5_I1_O)        0.356    18.285 r  seg_OBUF[6]_inst_i_54/O
                         net (fo=5, routed)           0.981    19.266    seg_OBUF[6]_inst_i_54_n_0
    SLICE_X34Y35         LUT6 (Prop_lut6_I2_O)        0.326    19.592 f  seg_OBUF[6]_inst_i_39/O
                         net (fo=4, routed)           1.194    20.786    seg_OBUF[6]_inst_i_39_n_0
    SLICE_X37Y33         LUT6 (Prop_lut6_I0_O)        0.124    20.910 r  seg_OBUF[6]_inst_i_19/O
                         net (fo=1, routed)           0.806    21.716    seg_OBUF[6]_inst_i_19_n_0
    SLICE_X37Y34         LUT6 (Prop_lut6_I5_O)        0.124    21.840 r  seg_OBUF[6]_inst_i_4/O
                         net (fo=7, routed)           0.818    22.658    digit[2]
    SLICE_X36Y31         LUT4 (Prop_lut4_I1_O)        0.150    22.808 r  seg_OBUF[0]_inst_i_1/O
                         net (fo=1, routed)           2.930    25.739    seg_OBUF[0]
    W7                   OBUF (Prop_obuf_I_O)         3.713    29.451 r  seg_OBUF[0]_inst/O
                         net (fo=0)                   0.000    29.451    seg[0]
    W7                                                                r  seg[0] (OUT)
  -------------------------------------------------------------------    -------------------

Slack:                    inf
  Source:                 A_reg[3]/C
                            (rising edge-triggered cell FDRE clocked by sys_clk_pin  {rise@0.000ns fall@5.000ns period=10.000ns})
  Destination:            seg[3]
                            (output port)
  Path Group:             (none)
  Path Type:              Max at Slow Process Corner
  Data Path Delay:        24.078ns  (logic 8.659ns (35.960%)  route 15.420ns (64.040%))
  Logic Levels:           18  (CARRY4=4 LUT2=1 LUT4=3 LUT5=3 LUT6=6 OBUF=1)
  Clock Uncertainty:      0.025ns  ((TSJ^2 + TIJ^2)^1/2 + DJ) / 2 + PE
    Total System Jitter     (TSJ):    0.050ns
    Total Input Jitter      (TIJ):    0.000ns
    Discrete Jitter          (DJ):    0.000ns
    Phase Error              (PE):    0.000ns

    Location             Delay type                Incr(ns)  Path(ns)    Netlist Resource(s)
  -------------------------------------------------------------------    -------------------
                         (clock sys_clk_pin rise edge)
                                                      0.000     0.000 r  
    W5                                                0.000     0.000 r  clk (IN)
                         net (fo=0)                   0.000     0.000    clk
    W5                   IBUF (Prop_ibuf_I_O)         1.458     1.458 r  clk_IBUF_inst/O
                         net (fo=1, routed)           1.967     3.425    clk_IBUF
    BUFGCTRL_X0Y0        BUFG (Prop_bufg_I_O)         0.096     3.521 r  clk_IBUF_BUFG_inst/O
                         net (fo=35, routed)          1.548     5.069    clk_IBUF_BUFG
    SLICE_X28Y26         FDRE                                         r  A_reg[3]/C
  -------------------------------------------------------------------    -------------------
    SLICE_X28Y26         FDRE (Prop_fdre_C_Q)         0.456     5.525 f  A_reg[3]/Q
                         net (fo=18, routed)          1.402     6.928    A[3]
    SLICE_X28Y31         LUT2 (Prop_lut2_I0_O)        0.124     7.052 r  seg_OBUF[6]_inst_i_158/O
                         net (fo=1, routed)           0.860     7.912    seg_OBUF[6]_inst_i_158_n_0
    SLICE_X29Y31         LUT6 (Prop_lut6_I1_O)        0.124     8.036 r  seg_OBUF[6]_inst_i_133/O
                         net (fo=1, routed)           0.000     8.036    seg_OBUF[6]_inst_i_133_n_0
    SLICE_X29Y31         CARRY4 (Prop_carry4_S[3]_CO[3])
                                                      0.401     8.437 r  seg_OBUF[6]_inst_i_108/CO[3]
                         net (fo=1, routed)           0.000     8.437    seg_OBUF[6]_inst_i_108_n_0
    SLICE_X29Y32         CARRY4 (Prop_carry4_CI_O[1])
                                                      0.334     8.771 r  seg_OBUF[6]_inst_i_153/O[1]
                         net (fo=2, routed)           0.950     9.721    seg_OBUF[6]_inst_i_153_n_6
    SLICE_X30Y31         LUT4 (Prop_lut4_I2_O)        0.331    10.052 r  seg_OBUF[6]_inst_i_152/O
                         net (fo=3, routed)           0.814    10.866    seg_OBUF[6]_inst_i_152_n_0
    SLICE_X33Y31         LUT6 (Prop_lut6_I5_O)        0.348    11.214 r  seg_OBUF[6]_inst_i_156/O
                         net (fo=1, routed)           0.873    12.087    seg_OBUF[6]_inst_i_156_n_0
    SLICE_X32Y31         LUT5 (Prop_lut5_I0_O)        0.124    12.211 r  seg_OBUF[6]_inst_i_128/O
                         net (fo=1, routed)           0.000    12.211    seg_OBUF[6]_inst_i_128_n_0
    SLICE_X32Y31         CARRY4 (Prop_carry4_S[1]_CO[3])
                                                      0.550    12.761 r  seg_OBUF[6]_inst_i_94/CO[3]
                         net (fo=1, routed)           0.000    12.761    seg_OBUF[6]_inst_i_94_n_0
    SLICE_X32Y32         CARRY4 (Prop_carry4_CI_O[2])
                                                      0.239    13.000 r  seg_OBUF[6]_inst_i_117/O[2]
                         net (fo=11, routed)          1.166    14.166    result[13]
    SLICE_X34Y34         LUT6 (Prop_lut6_I2_O)        0.302    14.468 r  seg_OBUF[6]_inst_i_120/O
                         net (fo=7, routed)           0.863    15.331    seg_OBUF[6]_inst_i_120_n_0
    SLICE_X35Y33         LUT5 (Prop_lut5_I2_O)        0.152    15.483 r  seg_OBUF[6]_inst_i_101/O
                         net (fo=9, routed)           1.131    16.614    seg_OBUF[6]_inst_i_101_n_0
    SLICE_X38Y34         LUT4 (Prop_lut4_I2_O)        0.348    16.962 r  seg_OBUF[6]_inst_i_83/O
                         net (fo=7, routed)           0.966    17.929    seg_OBUF[6]_inst_i_83_n_0
    SLICE_X36Y35         LUT5 (Prop_lut5_I1_O)        0.356    18.285 r  seg_OBUF[6]_inst_i_54/O
                         net (fo=5, routed)           0.991    19.276    seg_OBUF[6]_inst_i_54_n_0
    SLICE_X34Y35         LUT6 (Prop_lut6_I2_O)        0.326    19.602 r  seg_OBUF[6]_inst_i_17/O
                         net (fo=4, routed)           0.846    20.448    seg_OBUF[6]_inst_i_17_n_0
    SLICE_X37Y35         LUT6 (Prop_lut6_I5_O)        0.124    20.572 r  seg_OBUF[6]_inst_i_8/O
                         net (fo=1, routed)           1.095    21.667    shift[31]
    SLICE_X36Y32         LUT6 (Prop_lut6_I2_O)        0.124    21.791 r  seg_OBUF[6]_inst_i_2/O
                         net (fo=7, routed)           0.821    22.612    digit[3]
    SLICE_X36Y31         LUT4 (Prop_lut4_I0_O)        0.152    22.764 r  seg_OBUF[3]_inst_i_1/O
                         net (fo=1, routed)           2.640    25.404    seg_OBUF[3]
    V8                   OBUF (Prop_obuf_I_O)         3.744    29.148 r  seg_OBUF[3]_inst/O
                         net (fo=0)                   0.000    29.148    seg[3]
    V8                                                                r  seg[3] (OUT)
  -------------------------------------------------------------------    -------------------

Slack:                    inf
  Source:                 A_reg[3]/C
                            (rising edge-triggered cell FDRE clocked by sys_clk_pin  {rise@0.000ns fall@5.000ns period=10.000ns})
  Destination:            seg[1]
                            (output port)
  Path Group:             (none)
  Path Type:              Max at Slow Process Corner
  Data Path Delay:        24.033ns  (logic 8.416ns (35.020%)  route 15.617ns (64.980%))
  Logic Levels:           18  (CARRY4=4 LUT2=1 LUT4=3 LUT5=3 LUT6=6 OBUF=1)
  Clock Uncertainty:      0.025ns  ((TSJ^2 + TIJ^2)^1/2 + DJ) / 2 + PE
    Total System Jitter     (TSJ):    0.050ns
    Total Input Jitter      (TIJ):    0.000ns
    Discrete Jitter          (DJ):    0.000ns
    Phase Error              (PE):    0.000ns

    Location             Delay type                Incr(ns)  Path(ns)    Netlist Resource(s)
  -------------------------------------------------------------------    -------------------
                         (clock sys_clk_pin rise edge)
                                                      0.000     0.000 r  
    W5                                                0.000     0.000 r  clk (IN)
                         net (fo=0)                   0.000     0.000    clk
    W5                   IBUF (Prop_ibuf_I_O)         1.458     1.458 r  clk_IBUF_inst/O
                         net (fo=1, routed)           1.967     3.425    clk_IBUF
    BUFGCTRL_X0Y0        BUFG (Prop_bufg_I_O)         0.096     3.521 r  clk_IBUF_BUFG_inst/O
                         net (fo=35, routed)          1.548     5.069    clk_IBUF_BUFG
    SLICE_X28Y26         FDRE                                         r  A_reg[3]/C
  -------------------------------------------------------------------    -------------------
    SLICE_X28Y26         FDRE (Prop_fdre_C_Q)         0.456     5.525 f  A_reg[3]/Q
                         net (fo=18, routed)          1.402     6.928    A[3]
    SLICE_X28Y31         LUT2 (Prop_lut2_I0_O)        0.124     7.052 r  seg_OBUF[6]_inst_i_158/O
                         net (fo=1, routed)           0.860     7.912    seg_OBUF[6]_inst_i_158_n_0
    SLICE_X29Y31         LUT6 (Prop_lut6_I1_O)        0.124     8.036 r  seg_OBUF[6]_inst_i_133/O
                         net (fo=1, routed)           0.000     8.036    seg_OBUF[6]_inst_i_133_n_0
    SLICE_X29Y31         CARRY4 (Prop_carry4_S[3]_CO[3])
                                                      0.401     8.437 r  seg_OBUF[6]_inst_i_108/CO[3]
                         net (fo=1, routed)           0.000     8.437    seg_OBUF[6]_inst_i_108_n_0
    SLICE_X29Y32         CARRY4 (Prop_carry4_CI_O[1])
                                                      0.334     8.771 r  seg_OBUF[6]_inst_i_153/O[1]
                         net (fo=2, routed)           0.950     9.721    seg_OBUF[6]_inst_i_153_n_6
    SLICE_X30Y31         LUT4 (Prop_lut4_I2_O)        0.331    10.052 r  seg_OBUF[6]_inst_i_152/O
                         net (fo=3, routed)           0.814    10.866    seg_OBUF[6]_inst_i_152_n_0
    SLICE_X33Y31         LUT6 (Prop_lut6_I5_O)        0.348    11.214 r  seg_OBUF[6]_inst_i_156/O
                         net (fo=1, routed)           0.873    12.087    seg_OBUF[6]_inst_i_156_n_0
    SLICE_X32Y31         LUT5 (Prop_lut5_I0_O)        0.124    12.211 r  seg_OBUF[6]_inst_i_128/O
                         net (fo=1, routed)           0.000    12.211    seg_OBUF[6]_inst_i_128_n_0
    SLICE_X32Y31         CARRY4 (Prop_carry4_S[1]_CO[3])
                                                      0.550    12.761 r  seg_OBUF[6]_inst_i_94/CO[3]
                         net (fo=1, routed)           0.000    12.761    seg_OBUF[6]_inst_i_94_n_0
    SLICE_X32Y32         CARRY4 (Prop_carry4_CI_O[2])
                                                      0.239    13.000 r  seg_OBUF[6]_inst_i_117/O[2]
                         net (fo=11, routed)          1.166    14.166    result[13]
    SLICE_X34Y34         LUT6 (Prop_lut6_I2_O)        0.302    14.468 r  seg_OBUF[6]_inst_i_120/O
                         net (fo=7, routed)           0.863    15.331    seg_OBUF[6]_inst_i_120_n_0
    SLICE_X35Y33         LUT5 (Prop_lut5_I2_O)        0.152    15.483 r  seg_OBUF[6]_inst_i_101/O
                         net (fo=9, routed)           1.131    16.614    seg_OBUF[6]_inst_i_101_n_0
    SLICE_X38Y34         LUT4 (Prop_lut4_I2_O)        0.348    16.962 r  seg_OBUF[6]_inst_i_83/O
                         net (fo=7, routed)           0.966    17.929    seg_OBUF[6]_inst_i_83_n_0
    SLICE_X36Y35         LUT5 (Prop_lut5_I1_O)        0.356    18.285 r  seg_OBUF[6]_inst_i_54/O
                         net (fo=5, routed)           0.981    19.266    seg_OBUF[6]_inst_i_54_n_0
    SLICE_X34Y35         LUT6 (Prop_lut6_I2_O)        0.326    19.592 f  seg_OBUF[6]_inst_i_39/O
                         net (fo=4, routed)           1.194    20.786    seg_OBUF[6]_inst_i_39_n_0
    SLICE_X37Y33         LUT6 (Prop_lut6_I0_O)        0.124    20.910 r  seg_OBUF[6]_inst_i_19/O
                         net (fo=1, routed)           0.806    21.716    seg_OBUF[6]_inst_i_19_n_0
    SLICE_X37Y34         LUT6 (Prop_lut6_I5_O)        0.124    21.840 r  seg_OBUF[6]_inst_i_4/O
                         net (fo=7, routed)           0.818    22.658    digit[2]
    SLICE_X36Y31         LUT4 (Prop_lut4_I1_O)        0.124    22.782 r  seg_OBUF[1]_inst_i_1/O
                         net (fo=1, routed)           2.790    25.573    seg_OBUF[1]
    W6                   OBUF (Prop_obuf_I_O)         3.529    29.102 r  seg_OBUF[1]_inst/O
                         net (fo=0)                   0.000    29.102    seg[1]
    W6                                                                r  seg[1] (OUT)
  -------------------------------------------------------------------    -------------------

Slack:                    inf
  Source:                 A_reg[3]/C
                            (rising edge-triggered cell FDRE clocked by sys_clk_pin  {rise@0.000ns fall@5.000ns period=10.000ns})
  Destination:            seg[2]
                            (output port)
  Path Group:             (none)
  Path Type:              Max at Slow Process Corner
  Data Path Delay:        24.007ns  (logic 8.422ns (35.082%)  route 15.585ns (64.918%))
  Logic Levels:           18  (CARRY4=4 LUT2=1 LUT4=3 LUT5=3 LUT6=6 OBUF=1)
  Clock Uncertainty:      0.025ns  ((TSJ^2 + TIJ^2)^1/2 + DJ) / 2 + PE
    Total System Jitter     (TSJ):    0.050ns
    Total Input Jitter      (TIJ):    0.000ns
    Discrete Jitter          (DJ):    0.000ns
    Phase Error              (PE):    0.000ns

    Location             Delay type                Incr(ns)  Path(ns)    Netlist Resource(s)
  -------------------------------------------------------------------    -------------------
                         (clock sys_clk_pin rise edge)
                                                      0.000     0.000 r  
    W5                                                0.000     0.000 r  clk (IN)
                         net (fo=0)                   0.000     0.000    clk
    W5                   IBUF (Prop_ibuf_I_O)         1.458     1.458 r  clk_IBUF_inst/O
                         net (fo=1, routed)           1.967     3.425    clk_IBUF
    BUFGCTRL_X0Y0        BUFG (Prop_bufg_I_O)         0.096     3.521 r  clk_IBUF_BUFG_inst/O
                         net (fo=35, routed)          1.548     5.069    clk_IBUF_BUFG
    SLICE_X28Y26         FDRE                                         r  A_reg[3]/C
  -------------------------------------------------------------------    -------------------
    SLICE_X28Y26         FDRE (Prop_fdre_C_Q)         0.456     5.525 f  A_reg[3]/Q
                         net (fo=18, routed)          1.402     6.928    A[3]
    SLICE_X28Y31         LUT2 (Prop_lut2_I0_O)        0.124     7.052 r  seg_OBUF[6]_inst_i_158/O
                         net (fo=1, routed)           0.860     7.912    seg_OBUF[6]_inst_i_158_n_0
    SLICE_X29Y31         LUT6 (Prop_lut6_I1_O)        0.124     8.036 r  seg_OBUF[6]_inst_i_133/O
                         net (fo=1, routed)           0.000     8.036    seg_OBUF[6]_inst_i_133_n_0
    SLICE_X29Y31         CARRY4 (Prop_carry4_S[3]_CO[3])
                                                      0.401     8.437 r  seg_OBUF[6]_inst_i_108/CO[3]
                         net (fo=1, routed)           0.000     8.437    seg_OBUF[6]_inst_i_108_n_0
    SLICE_X29Y32         CARRY4 (Prop_carry4_CI_O[1])
                                                      0.334     8.771 r  seg_OBUF[6]_inst_i_153/O[1]
                         net (fo=2, routed)           0.950     9.721    seg_OBUF[6]_inst_i_153_n_6
    SLICE_X30Y31         LUT4 (Prop_lut4_I2_O)        0.331    10.052 r  seg_OBUF[6]_inst_i_152/O
                         net (fo=3, routed)           0.814    10.866    seg_OBUF[6]_inst_i_152_n_0
    SLICE_X33Y31         LUT6 (Prop_lut6_I5_O)        0.348    11.214 r  seg_OBUF[6]_inst_i_156/O
                         net (fo=1, routed)           0.873    12.087    seg_OBUF[6]_inst_i_156_n_0
    SLICE_X32Y31         LUT5 (Prop_lut5_I0_O)        0.124    12.211 r  seg_OBUF[6]_inst_i_128/O
                         net (fo=1, routed)           0.000    12.211    seg_OBUF[6]_inst_i_128_n_0
    SLICE_X32Y31         CARRY4 (Prop_carry4_S[1]_CO[3])
                                                      0.550    12.761 r  seg_OBUF[6]_inst_i_94/CO[3]
                         net (fo=1, routed)           0.000    12.761    seg_OBUF[6]_inst_i_94_n_0
    SLICE_X32Y32         CARRY4 (Prop_carry4_CI_O[2])
                                                      0.239    13.000 r  seg_OBUF[6]_inst_i_117/O[2]
                         net (fo=11, routed)          1.166    14.166    result[13]
    SLICE_X34Y34         LUT6 (Prop_lut6_I2_O)        0.302    14.468 r  seg_OBUF[6]_inst_i_120/O
                         net (fo=7, routed)           0.863    15.331    seg_OBUF[6]_inst_i_120_n_0
    SLICE_X35Y33         LUT5 (Prop_lut5_I2_O)        0.152    15.483 r  seg_OBUF[6]_inst_i_101/O
                         net (fo=9, routed)           1.131    16.614    seg_OBUF[6]_inst_i_101_n_0
    SLICE_X38Y34         LUT4 (Prop_lut4_I2_O)        0.348    16.962 r  seg_OBUF[6]_inst_i_83/O
                         net (fo=7, routed)           0.966    17.929    seg_OBUF[6]_inst_i_83_n_0
    SLICE_X36Y35         LUT5 (Prop_lut5_I1_O)        0.356    18.285 r  seg_OBUF[6]_inst_i_54/O
                         net (fo=5, routed)           0.991    19.276    seg_OBUF[6]_inst_i_54_n_0
    SLICE_X34Y35         LUT6 (Prop_lut6_I2_O)        0.326    19.602 r  seg_OBUF[6]_inst_i_17/O
                         net (fo=4, routed)           0.846    20.448    seg_OBUF[6]_inst_i_17_n_0
    SLICE_X37Y35         LUT6 (Prop_lut6_I5_O)        0.124    20.572 r  seg_OBUF[6]_inst_i_8/O
                         net (fo=1, routed)           1.095    21.667    shift[31]
    SLICE_X36Y32         LUT6 (Prop_lut6_I2_O)        0.124    21.791 r  seg_OBUF[6]_inst_i_2/O
                         net (fo=7, routed)           0.821    22.612    digit[3]
    SLICE_X36Y31         LUT4 (Prop_lut4_I0_O)        0.124    22.736 r  seg_OBUF[2]_inst_i_1/O
                         net (fo=1, routed)           2.805    25.541    seg_OBUF[2]
    U8                   OBUF (Prop_obuf_I_O)         3.535    29.076 r  seg_OBUF[2]_inst/O
                         net (fo=0)                   0.000    29.076    seg[2]
    U8                                                                r  seg[2] (OUT)
  -------------------------------------------------------------------    -------------------

Slack:                    inf
  Source:                 active_digit_reg[0]/C
                            (rising edge-triggered cell FDRE clocked by sys_clk_pin  {rise@0.000ns fall@5.000ns period=10.000ns})
  Destination:            an[0]
                            (output port)
  Path Group:             (none)
  Path Type:              Max at Slow Process Corner
  Data Path Delay:        8.307ns  (logic 4.313ns (51.917%)  route 3.994ns (48.083%))
  Logic Levels:           2  (LUT2=1 OBUF=1)
  Clock Uncertainty:      0.025ns  ((TSJ^2 + TIJ^2)^1/2 + DJ) / 2 + PE
    Total System Jitter     (TSJ):    0.050ns
    Total Input Jitter      (TIJ):    0.000ns
    Discrete Jitter          (DJ):    0.000ns
    Phase Error              (PE):    0.000ns

    Location             Delay type                Incr(ns)  Path(ns)    Netlist Resource(s)
  -------------------------------------------------------------------    -------------------
                         (clock sys_clk_pin rise edge)
                                                      0.000     0.000 r  
    W5                                                0.000     0.000 r  clk (IN)
                         net (fo=0)                   0.000     0.000    clk
    W5                   IBUF (Prop_ibuf_I_O)         1.458     1.458 r  clk_IBUF_inst/O
                         net (fo=1, routed)           1.967     3.425    clk_IBUF
    BUFGCTRL_X0Y0        BUFG (Prop_bufg_I_O)         0.096     3.521 r  clk_IBUF_BUFG_inst/O
                         net (fo=35, routed)          1.552     5.073    clk_IBUF_BUFG
    SLICE_X39Y29         FDRE                                         r  active_digit_reg[0]/C
  -------------------------------------------------------------------    -------------------
    SLICE_X39Y29         FDRE (Prop_fdre_C_Q)         0.456     5.529 r  active_digit_reg[0]/Q
                         net (fo=14, routed)          1.312     6.841    active_digit[0]
    SLICE_X37Y33         LUT2 (Prop_lut2_I1_O)        0.152     6.993 r  an_OBUF[0]_inst_i_1/O
                         net (fo=1, routed)           2.683     9.676    an_OBUF[0]
    U2                   OBUF (Prop_obuf_I_O)         3.705    13.380 r  an_OBUF[0]_inst/O
                         net (fo=0)                   0.000    13.380    an[0]
    U2                                                                r  an[0] (OUT)
  -------------------------------------------------------------------    -------------------

Slack:                    inf
  Source:                 active_digit_reg[1]/C
                            (rising edge-triggered cell FDRE clocked by sys_clk_pin  {rise@0.000ns fall@5.000ns period=10.000ns})
  Destination:            an[3]
                            (output port)
  Path Group:             (none)
  Path Type:              Max at Slow Process Corner
  Data Path Delay:        7.970ns  (logic 4.318ns (54.183%)  route 3.652ns (45.817%))
  Logic Levels:           2  (LUT2=1 OBUF=1)
  Clock Uncertainty:      0.025ns  ((TSJ^2 + TIJ^2)^1/2 + DJ) / 2 + PE
    Total System Jitter     (TSJ):    0.050ns
    Total Input Jitter      (TIJ):    0.000ns
    Discrete Jitter          (DJ):    0.000ns
    Phase Error              (PE):    0.000ns

    Location             Delay type                Incr(ns)  Path(ns)    Netlist Resource(s)
  -------------------------------------------------------------------    -------------------
                         (clock sys_clk_pin rise edge)
                                                      0.000     0.000 r  
    W5                                                0.000     0.000 r  clk (IN)
                         net (fo=0)                   0.000     0.000    clk
    W5                   IBUF (Prop_ibuf_I_O)         1.458     1.458 r  clk_IBUF_inst/O
                         net (fo=1, routed)           1.967     3.425    clk_IBUF
    BUFGCTRL_X0Y0        BUFG (Prop_bufg_I_O)         0.096     3.521 r  clk_IBUF_BUFG_inst/O
                         net (fo=35, routed)          1.553     5.074    clk_IBUF_BUFG
    SLICE_X39Y30         FDRE                                         r  active_digit_reg[1]/C
  -------------------------------------------------------------------    -------------------
    SLICE_X39Y30         FDRE (Prop_fdre_C_Q)         0.456     5.530 f  active_digit_reg[1]/Q
                         net (fo=14, routed)          0.751     6.282    active_digit[1]
    SLICE_X36Y32         LUT2 (Prop_lut2_I0_O)        0.150     6.432 r  an_OBUF[3]_inst_i_1/O
                         net (fo=1, routed)           2.900     9.332    an_OBUF[3]
    W4                   OBUF (Prop_obuf_I_O)         3.712    13.044 r  an_OBUF[3]_inst/O
                         net (fo=0)                   0.000    13.044    an[3]
    W4                                                                r  an[3] (OUT)
  -------------------------------------------------------------------    -------------------

Slack:                    inf
  Source:                 active_digit_reg[0]/C
                            (rising edge-triggered cell FDRE clocked by sys_clk_pin  {rise@0.000ns fall@5.000ns period=10.000ns})
  Destination:            an[2]
                            (output port)
  Path Group:             (none)
  Path Type:              Max at Slow Process Corner
  Data Path Delay:        7.524ns  (logic 4.331ns (57.561%)  route 3.193ns (42.439%))
  Logic Levels:           2  (LUT2=1 OBUF=1)
  Clock Uncertainty:      0.025ns  ((TSJ^2 + TIJ^2)^1/2 + DJ) / 2 + PE
    Total System Jitter     (TSJ):    0.050ns
    Total Input Jitter      (TIJ):    0.000ns
    Discrete Jitter          (DJ):    0.000ns
    Phase Error              (PE):    0.000ns

    Location             Delay type                Incr(ns)  Path(ns)    Netlist Resource(s)
  -------------------------------------------------------------------    -------------------
                         (clock sys_clk_pin rise edge)
                                                      0.000     0.000 r  
    W5                                                0.000     0.000 r  clk (IN)
                         net (fo=0)                   0.000     0.000    clk
    W5                   IBUF (Prop_ibuf_I_O)         1.458     1.458 r  clk_IBUF_inst/O
                         net (fo=1, routed)           1.967     3.425    clk_IBUF
    BUFGCTRL_X0Y0        BUFG (Prop_bufg_I_O)         0.096     3.521 r  clk_IBUF_BUFG_inst/O
                         net (fo=35, routed)          1.552     5.073    clk_IBUF_BUFG
    SLICE_X39Y29         FDRE                                         r  active_digit_reg[0]/C
  -------------------------------------------------------------------    -------------------
    SLICE_X39Y29         FDRE (Prop_fdre_C_Q)         0.456     5.529 r  active_digit_reg[0]/Q
                         net (fo=14, routed)          0.505     6.035    active_digit[0]
    SLICE_X39Y29         LUT2 (Prop_lut2_I0_O)        0.150     6.185 r  an_OBUF[2]_inst_i_1/O
                         net (fo=1, routed)           2.688     8.872    an_OBUF[2]
    V4                   OBUF (Prop_obuf_I_O)         3.725    12.597 r  an_OBUF[2]_inst/O
                         net (fo=0)                   0.000    12.597    an[2]
    V4                                                                r  an[2] (OUT)
  -------------------------------------------------------------------    -------------------





Min Delay Paths
--------------------------------------------------------------------------------------
Slack:                    inf
  Source:                 active_digit_reg[1]/C
                            (rising edge-triggered cell FDRE clocked by sys_clk_pin  {rise@0.000ns fall@5.000ns period=10.000ns})
  Destination:            an[1]
                            (output port)
  Path Group:             (none)
  Path Type:              Min at Fast Process Corner
  Data Path Delay:        2.363ns  (logic 1.386ns (58.665%)  route 0.977ns (41.335%))
  Logic Levels:           2  (LUT2=1 OBUF=1)
  Clock Uncertainty:      0.025ns  ((TSJ^2 + TIJ^2)^1/2 + DJ) / 2 + PE
    Total System Jitter     (TSJ):    0.050ns
    Total Input Jitter      (TIJ):    0.000ns
    Discrete Jitter          (DJ):    0.000ns
    Phase Error              (PE):    0.000ns

    Location             Delay type                Incr(ns)  Path(ns)    Netlist Resource(s)
  -------------------------------------------------------------------    -------------------
                         (clock sys_clk_pin rise edge)
                                                      0.000     0.000 r  
    W5                                                0.000     0.000 r  clk (IN)
                         net (fo=0)                   0.000     0.000    clk
    W5                   IBUF (Prop_ibuf_I_O)         0.226     0.226 r  clk_IBUF_inst/O
                         net (fo=1, routed)           0.631     0.858    clk_IBUF
    BUFGCTRL_X0Y0        BUFG (Prop_bufg_I_O)         0.026     0.884 r  clk_IBUF_BUFG_inst/O
                         net (fo=35, routed)          0.555     1.438    clk_IBUF_BUFG
    SLICE_X39Y30         FDRE                                         r  active_digit_reg[1]/C
  -------------------------------------------------------------------    -------------------
    SLICE_X39Y30         FDRE (Prop_fdre_C_Q)         0.141     1.579 r  active_digit_reg[1]/Q
                         net (fo=14, routed)          0.148     1.727    active_digit[1]
    SLICE_X39Y29         LUT2 (Prop_lut2_I0_O)        0.045     1.772 r  an_OBUF[1]_inst_i_1/O
                         net (fo=1, routed)           0.828     2.601    an_OBUF[1]
    U4                   OBUF (Prop_obuf_I_O)         1.200     3.801 r  an_OBUF[1]_inst/O
                         net (fo=0)                   0.000     3.801    an[1]
    U4                                                                r  an[1] (OUT)
  -------------------------------------------------------------------    -------------------

Slack:                    inf
  Source:                 active_digit_reg[1]/C
                            (rising edge-triggered cell FDRE clocked by sys_clk_pin  {rise@0.000ns fall@5.000ns period=10.000ns})
  Destination:            an[2]
                            (output port)
  Path Group:             (none)
  Path Type:              Min at Fast Process Corner
  Data Path Delay:        2.468ns  (logic 1.475ns (59.757%)  route 0.993ns (40.243%))
  Logic Levels:           2  (LUT2=1 OBUF=1)
  Clock Uncertainty:      0.025ns  ((TSJ^2 + TIJ^2)^1/2 + DJ) / 2 + PE
    Total System Jitter     (TSJ):    0.050ns
    Total Input Jitter      (TIJ):    0.000ns
    Discrete Jitter          (DJ):    0.000ns
    Phase Error              (PE):    0.000ns

    Location             Delay type                Incr(ns)  Path(ns)    Netlist Resource(s)
  -------------------------------------------------------------------    -------------------
                         (clock sys_clk_pin rise edge)
                                                      0.000     0.000 r  
    W5                                                0.000     0.000 r  clk (IN)
                         net (fo=0)                   0.000     0.000    clk
    W5                   IBUF (Prop_ibuf_I_O)         0.226     0.226 r  clk_IBUF_inst/O
                         net (fo=1, routed)           0.631     0.858    clk_IBUF
    BUFGCTRL_X0Y0        BUFG (Prop_bufg_I_O)         0.026     0.884 r  clk_IBUF_BUFG_inst/O
                         net (fo=35, routed)          0.555     1.438    clk_IBUF_BUFG
    SLICE_X39Y30         FDRE                                         r  active_digit_reg[1]/C
  -------------------------------------------------------------------    -------------------
    SLICE_X39Y30         FDRE (Prop_fdre_C_Q)         0.141     1.579 f  active_digit_reg[1]/Q
                         net (fo=14, routed)          0.148     1.727    active_digit[1]
    SLICE_X39Y29         LUT2 (Prop_lut2_I1_O)        0.048     1.775 r  an_OBUF[2]_inst_i_1/O
                         net (fo=1, routed)           0.845     2.620    an_OBUF[2]
    V4                   OBUF (Prop_obuf_I_O)         1.286     3.906 r  an_OBUF[2]_inst/O
                         net (fo=0)                   0.000     3.906    an[2]
    V4                                                                r  an[2] (OUT)
  -------------------------------------------------------------------    -------------------

Slack:                    inf
  Source:                 active_digit_reg[0]/C
                            (rising edge-triggered cell FDRE clocked by sys_clk_pin  {rise@0.000ns fall@5.000ns period=10.000ns})
  Destination:            an[3]
                            (output port)
  Path Group:             (none)
  Path Type:              Min at Fast Process Corner
  Data Path Delay:        2.610ns  (logic 1.462ns (56.023%)  route 1.148ns (43.977%))
  Logic Levels:           2  (LUT2=1 OBUF=1)
  Clock Uncertainty:      0.025ns  ((TSJ^2 + TIJ^2)^1/2 + DJ) / 2 + PE
    Total System Jitter     (TSJ):    0.050ns
    Total Input Jitter      (TIJ):    0.000ns
    Discrete Jitter          (DJ):    0.000ns
    Phase Error              (PE):    0.000ns

    Location             Delay type                Incr(ns)  Path(ns)    Netlist Resource(s)
  -------------------------------------------------------------------    -------------------
                         (clock sys_clk_pin rise edge)
                                                      0.000     0.000 r  
    W5                                                0.000     0.000 r  clk (IN)
                         net (fo=0)                   0.000     0.000    clk
    W5                   IBUF (Prop_ibuf_I_O)         0.226     0.226 r  clk_IBUF_inst/O
                         net (fo=1, routed)           0.631     0.858    clk_IBUF
    BUFGCTRL_X0Y0        BUFG (Prop_bufg_I_O)         0.026     0.884 r  clk_IBUF_BUFG_inst/O
                         net (fo=35, routed)          0.554     1.437    clk_IBUF_BUFG
    SLICE_X39Y29         FDRE                                         r  active_digit_reg[0]/C
  -------------------------------------------------------------------    -------------------
    SLICE_X39Y29         FDRE (Prop_fdre_C_Q)         0.141     1.578 f  active_digit_reg[0]/Q
                         net (fo=14, routed)          0.231     1.809    active_digit[0]
    SLICE_X36Y32         LUT2 (Prop_lut2_I1_O)        0.048     1.857 r  an_OBUF[3]_inst_i_1/O
                         net (fo=1, routed)           0.917     2.774    an_OBUF[3]
    W4                   OBUF (Prop_obuf_I_O)         1.273     4.047 r  an_OBUF[3]_inst/O
                         net (fo=0)                   0.000     4.047    an[3]
    W4                                                                r  an[3] (OUT)
  -------------------------------------------------------------------    -------------------

Slack:                    inf
  Source:                 active_digit_reg[1]/C
                            (rising edge-triggered cell FDRE clocked by sys_clk_pin  {rise@0.000ns fall@5.000ns period=10.000ns})
  Destination:            an[0]
                            (output port)
  Path Group:             (none)
  Path Type:              Min at Fast Process Corner
  Data Path Delay:        2.664ns  (logic 1.449ns (54.397%)  route 1.215ns (45.603%))
  Logic Levels:           2  (LUT2=1 OBUF=1)
  Clock Uncertainty:      0.025ns  ((TSJ^2 + TIJ^2)^1/2 + DJ) / 2 + PE
    Total System Jitter     (TSJ):    0.050ns
    Total Input Jitter      (TIJ):    0.000ns
    Discrete Jitter          (DJ):    0.000ns
    Phase Error              (PE):    0.000ns

    Location             Delay type                Incr(ns)  Path(ns)    Netlist Resource(s)
  -------------------------------------------------------------------    -------------------
                         (clock sys_clk_pin rise edge)
                                                      0.000     0.000 r  
    W5                                                0.000     0.000 r  clk (IN)
                         net (fo=0)                   0.000     0.000    clk
    W5                   IBUF (Prop_ibuf_I_O)         0.226     0.226 r  clk_IBUF_inst/O
                         net (fo=1, routed)           0.631     0.858    clk_IBUF
    BUFGCTRL_X0Y0        BUFG (Prop_bufg_I_O)         0.026     0.884 r  clk_IBUF_BUFG_inst/O
                         net (fo=35, routed)          0.555     1.438    clk_IBUF_BUFG
    SLICE_X39Y30         FDRE                                         r  active_digit_reg[1]/C
  -------------------------------------------------------------------    -------------------
    SLICE_X39Y30         FDRE (Prop_fdre_C_Q)         0.141     1.579 r  active_digit_reg[1]/Q
                         net (fo=14, routed)          0.382     1.961    active_digit[1]
    SLICE_X37Y33         LUT2 (Prop_lut2_I0_O)        0.042     2.003 r  an_OBUF[0]_inst_i_1/O
                         net (fo=1, routed)           0.833     2.836    an_OBUF[0]
    U2                   OBUF (Prop_obuf_I_O)         1.266     4.102 r  an_OBUF[0]_inst/O
                         net (fo=0)                   0.000     4.102    an[0]
    U2                                                                r  an[0] (OUT)
  -------------------------------------------------------------------    -------------------

Slack:                    inf
  Source:                 active_digit_reg[0]/C
                            (rising edge-triggered cell FDRE clocked by sys_clk_pin  {rise@0.000ns fall@5.000ns period=10.000ns})
  Destination:            seg[3]
                            (output port)
  Path Group:             (none)
  Path Type:              Min at Fast Process Corner
  Data Path Delay:        2.835ns  (logic 1.532ns (54.058%)  route 1.302ns (45.942%))
  Logic Levels:           3  (LUT4=1 LUT6=1 OBUF=1)
  Clock Uncertainty:      0.025ns  ((TSJ^2 + TIJ^2)^1/2 + DJ) / 2 + PE
    Total System Jitter     (TSJ):    0.050ns
    Total Input Jitter      (TIJ):    0.000ns
    Discrete Jitter          (DJ):    0.000ns
    Phase Error              (PE):    0.000ns

    Location             Delay type                Incr(ns)  Path(ns)    Netlist Resource(s)
  -------------------------------------------------------------------    -------------------
                         (clock sys_clk_pin rise edge)
                                                      0.000     0.000 r  
    W5                                                0.000     0.000 r  clk (IN)
                         net (fo=0)                   0.000     0.000    clk
    W5                   IBUF (Prop_ibuf_I_O)         0.226     0.226 r  clk_IBUF_inst/O
                         net (fo=1, routed)           0.631     0.858    clk_IBUF
    BUFGCTRL_X0Y0        BUFG (Prop_bufg_I_O)         0.026     0.884 r  clk_IBUF_BUFG_inst/O
                         net (fo=35, routed)          0.554     1.437    clk_IBUF_BUFG
    SLICE_X39Y29         FDRE                                         r  active_digit_reg[0]/C
  -------------------------------------------------------------------    -------------------
    SLICE_X39Y29         FDRE (Prop_fdre_C_Q)         0.141     1.578 r  active_digit_reg[0]/Q
                         net (fo=14, routed)          0.232     1.810    active_digit[0]
    SLICE_X36Y32         LUT6 (Prop_lut6_I4_O)        0.045     1.855 r  seg_OBUF[6]_inst_i_2/O
                         net (fo=7, routed)           0.298     2.152    digit[3]
    SLICE_X36Y31         LUT4 (Prop_lut4_I0_O)        0.043     2.195 r  seg_OBUF[3]_inst_i_1/O
                         net (fo=1, routed)           0.773     2.968    seg_OBUF[3]
    V8                   OBUF (Prop_obuf_I_O)         1.303     4.272 r  seg_OBUF[3]_inst/O
                         net (fo=0)                   0.000     4.272    seg[3]
    V8                                                                r  seg[3] (OUT)
  -------------------------------------------------------------------    -------------------

Slack:                    inf
  Source:                 active_digit_reg[0]/C
                            (rising edge-triggered cell FDRE clocked by sys_clk_pin  {rise@0.000ns fall@5.000ns period=10.000ns})
  Destination:            seg[1]
                            (output port)
  Path Group:             (none)
  Path Type:              Min at Fast Process Corner
  Data Path Delay:        2.892ns  (logic 1.461ns (50.520%)  route 1.431ns (49.480%))
  Logic Levels:           3  (LUT4=1 LUT6=1 OBUF=1)
  Clock Uncertainty:      0.025ns  ((TSJ^2 + TIJ^2)^1/2 + DJ) / 2 + PE
    Total System Jitter     (TSJ):    0.050ns
    Total Input Jitter      (TIJ):    0.000ns
    Discrete Jitter          (DJ):    0.000ns
    Phase Error              (PE):    0.000ns

    Location             Delay type                Incr(ns)  Path(ns)    Netlist Resource(s)
  -------------------------------------------------------------------    -------------------
                         (clock sys_clk_pin rise edge)
                                                      0.000     0.000 r  
    W5                                                0.000     0.000 r  clk (IN)
                         net (fo=0)                   0.000     0.000    clk
    W5                   IBUF (Prop_ibuf_I_O)         0.226     0.226 r  clk_IBUF_inst/O
                         net (fo=1, routed)           0.631     0.858    clk_IBUF
    BUFGCTRL_X0Y0        BUFG (Prop_bufg_I_O)         0.026     0.884 r  clk_IBUF_BUFG_inst/O
                         net (fo=35, routed)          0.554     1.437    clk_IBUF_BUFG
    SLICE_X39Y29         FDRE                                         r  active_digit_reg[0]/C
  -------------------------------------------------------------------    -------------------
    SLICE_X39Y29         FDRE (Prop_fdre_C_Q)         0.141     1.578 r  active_digit_reg[0]/Q
                         net (fo=14, routed)          0.232     1.810    active_digit[0]
    SLICE_X36Y32         LUT6 (Prop_lut6_I4_O)        0.045     1.855 r  seg_OBUF[6]_inst_i_2/O
                         net (fo=7, routed)           0.294     2.149    digit[3]
    SLICE_X36Y31         LUT4 (Prop_lut4_I0_O)        0.045     2.194 r  seg_OBUF[1]_inst_i_1/O
                         net (fo=1, routed)           0.905     3.099    seg_OBUF[1]
    W6                   OBUF (Prop_obuf_I_O)         1.230     4.329 r  seg_OBUF[1]_inst/O
                         net (fo=0)                   0.000     4.329    seg[1]
    W6                                                                r  seg[1] (OUT)
  -------------------------------------------------------------------    -------------------

Slack:                    inf
  Source:                 active_digit_reg[0]/C
                            (rising edge-triggered cell FDRE clocked by sys_clk_pin  {rise@0.000ns fall@5.000ns period=10.000ns})
  Destination:            seg[2]
                            (output port)
  Path Group:             (none)
  Path Type:              Min at Fast Process Corner
  Data Path Delay:        2.899ns  (logic 1.467ns (50.601%)  route 1.432ns (49.399%))
  Logic Levels:           3  (LUT4=1 LUT6=1 OBUF=1)
  Clock Uncertainty:      0.025ns  ((TSJ^2 + TIJ^2)^1/2 + DJ) / 2 + PE
    Total System Jitter     (TSJ):    0.050ns
    Total Input Jitter      (TIJ):    0.000ns
    Discrete Jitter          (DJ):    0.000ns
    Phase Error              (PE):    0.000ns

    Location             Delay type                Incr(ns)  Path(ns)    Netlist Resource(s)
  -------------------------------------------------------------------    -------------------
                         (clock sys_clk_pin rise edge)
                                                      0.000     0.000 r  
    W5                                                0.000     0.000 r  clk (IN)
                         net (fo=0)                   0.000     0.000    clk
    W5                   IBUF (Prop_ibuf_I_O)         0.226     0.226 r  clk_IBUF_inst/O
                         net (fo=1, routed)           0.631     0.858    clk_IBUF
    BUFGCTRL_X0Y0        BUFG (Prop_bufg_I_O)         0.026     0.884 r  clk_IBUF_BUFG_inst/O
                         net (fo=35, routed)          0.554     1.437    clk_IBUF_BUFG
    SLICE_X39Y29         FDRE                                         r  active_digit_reg[0]/C
  -------------------------------------------------------------------    -------------------
    SLICE_X39Y29         FDRE (Prop_fdre_C_Q)         0.141     1.578 r  active_digit_reg[0]/Q
                         net (fo=14, routed)          0.232     1.810    active_digit[0]
    SLICE_X36Y32         LUT6 (Prop_lut6_I4_O)        0.045     1.855 r  seg_OBUF[6]_inst_i_2/O
                         net (fo=7, routed)           0.298     2.152    digit[3]
    SLICE_X36Y31         LUT4 (Prop_lut4_I0_O)        0.045     2.197 r  seg_OBUF[2]_inst_i_1/O
                         net (fo=1, routed)           0.903     3.100    seg_OBUF[2]
    U8                   OBUF (Prop_obuf_I_O)         1.236     4.336 r  seg_OBUF[2]_inst/O
                         net (fo=0)                   0.000     4.336    seg[2]
    U8                                                                r  seg[2] (OUT)
  -------------------------------------------------------------------    -------------------

Slack:                    inf
  Source:                 active_digit_reg[1]/C
                            (rising edge-triggered cell FDRE clocked by sys_clk_pin  {rise@0.000ns fall@5.000ns period=10.000ns})
  Destination:            seg[4]
                            (output port)
  Path Group:             (none)
  Path Type:              Min at Fast Process Corner
  Data Path Delay:        2.931ns  (logic 1.452ns (49.534%)  route 1.479ns (50.466%))
  Logic Levels:           3  (LUT4=1 LUT6=1 OBUF=1)
  Clock Uncertainty:      0.025ns  ((TSJ^2 + TIJ^2)^1/2 + DJ) / 2 + PE
    Total System Jitter     (TSJ):    0.050ns
    Total Input Jitter      (TIJ):    0.000ns
    Discrete Jitter          (DJ):    0.000ns
    Phase Error              (PE):    0.000ns

    Location             Delay type                Incr(ns)  Path(ns)    Netlist Resource(s)
  -------------------------------------------------------------------    -------------------
                         (clock sys_clk_pin rise edge)
                                                      0.000     0.000 r  
    W5                                                0.000     0.000 r  clk (IN)
                         net (fo=0)                   0.000     0.000    clk
    W5                   IBUF (Prop_ibuf_I_O)         0.226     0.226 r  clk_IBUF_inst/O
                         net (fo=1, routed)           0.631     0.858    clk_IBUF
    BUFGCTRL_X0Y0        BUFG (Prop_bufg_I_O)         0.026     0.884 r  clk_IBUF_BUFG_inst/O
                         net (fo=35, routed)          0.555     1.438    clk_IBUF_BUFG
    SLICE_X39Y30         FDRE                                         r  active_digit_reg[1]/C
  -------------------------------------------------------------------    -------------------
    SLICE_X39Y30         FDRE (Prop_fdre_C_Q)         0.141     1.579 r  active_digit_reg[1]/Q
                         net (fo=14, routed)          0.321     1.900    active_digit[1]
    SLICE_X36Y32         LUT6 (Prop_lut6_I5_O)        0.045     1.945 r  seg_OBUF[6]_inst_i_3/O
                         net (fo=7, routed)           0.180     2.125    digit[0]
    SLICE_X36Y31         LUT4 (Prop_lut4_I3_O)        0.045     2.170 r  seg_OBUF[4]_inst_i_1/O
                         net (fo=1, routed)           0.978     3.148    seg_OBUF[4]
    U5                   OBUF (Prop_obuf_I_O)         1.221     4.369 r  seg_OBUF[4]_inst/O
                         net (fo=0)                   0.000     4.369    seg[4]
    U5                                                                r  seg[4] (OUT)
  -------------------------------------------------------------------    -------------------

Slack:                    inf
  Source:                 active_digit_reg[0]/C
                            (rising edge-triggered cell FDRE clocked by sys_clk_pin  {rise@0.000ns fall@5.000ns period=10.000ns})
  Destination:            seg[0]
                            (output port)
  Path Group:             (none)
  Path Type:              Min at Fast Process Corner
  Data Path Delay:        2.977ns  (logic 1.504ns (50.522%)  route 1.473ns (49.478%))
  Logic Levels:           3  (LUT4=1 LUT6=1 OBUF=1)
  Clock Uncertainty:      0.025ns  ((TSJ^2 + TIJ^2)^1/2 + DJ) / 2 + PE
    Total System Jitter     (TSJ):    0.050ns
    Total Input Jitter      (TIJ):    0.000ns
    Discrete Jitter          (DJ):    0.000ns
    Phase Error              (PE):    0.000ns

    Location             Delay type                Incr(ns)  Path(ns)    Netlist Resource(s)
  -------------------------------------------------------------------    -------------------
                         (clock sys_clk_pin rise edge)
                                                      0.000     0.000 r  
    W5                                                0.000     0.000 r  clk (IN)
                         net (fo=0)                   0.000     0.000    clk
    W5                   IBUF (Prop_ibuf_I_O)         0.226     0.226 r  clk_IBUF_inst/O
                         net (fo=1, routed)           0.631     0.858    clk_IBUF
    BUFGCTRL_X0Y0        BUFG (Prop_bufg_I_O)         0.026     0.884 r  clk_IBUF_BUFG_inst/O
                         net (fo=35, routed)          0.554     1.437    clk_IBUF_BUFG
    SLICE_X39Y29         FDRE                                         r  active_digit_reg[0]/C
  -------------------------------------------------------------------    -------------------
    SLICE_X39Y29         FDRE (Prop_fdre_C_Q)         0.141     1.578 r  active_digit_reg[0]/Q
                         net (fo=14, routed)          0.232     1.810    active_digit[0]
    SLICE_X36Y32         LUT6 (Prop_lut6_I4_O)        0.045     1.855 r  seg_OBUF[6]_inst_i_2/O
                         net (fo=7, routed)           0.294     2.149    digit[3]
    SLICE_X36Y31         LUT4 (Prop_lut4_I0_O)        0.044     2.193 r  seg_OBUF[0]_inst_i_1/O
                         net (fo=1, routed)           0.947     3.140    seg_OBUF[0]
    W7                   OBUF (Prop_obuf_I_O)         1.274     4.414 r  seg_OBUF[0]_inst/O
                         net (fo=0)                   0.000     4.414    seg[0]
    W7                                                                r  seg[0] (OUT)
  -------------------------------------------------------------------    -------------------

Slack:                    inf
  Source:                 active_digit_reg[1]/C
                            (rising edge-triggered cell FDRE clocked by sys_clk_pin  {rise@0.000ns fall@5.000ns period=10.000ns})
  Destination:            seg[5]
                            (output port)
  Path Group:             (none)
  Path Type:              Min at Fast Process Corner
  Data Path Delay:        3.011ns  (logic 1.508ns (50.060%)  route 1.504ns (49.939%))
  Logic Levels:           3  (LUT4=1 LUT6=1 OBUF=1)
  Clock Uncertainty:      0.025ns  ((TSJ^2 + TIJ^2)^1/2 + DJ) / 2 + PE
    Total System Jitter     (TSJ):    0.050ns
    Total Input Jitter      (TIJ):    0.000ns
    Discrete Jitter          (DJ):    0.000ns
    Phase Error              (PE):    0.000ns

    Location             Delay type                Incr(ns)  Path(ns)    Netlist Resource(s)
  -------------------------------------------------------------------    -------------------
                         (clock sys_clk_pin rise edge)
                                                      0.000     0.000 r  
    W5                                                0.000     0.000 r  clk (IN)
                         net (fo=0)                   0.000     0.000    clk
    W5                   IBUF (Prop_ibuf_I_O)         0.226     0.226 r  clk_IBUF_inst/O
                         net (fo=1, routed)           0.631     0.858    clk_IBUF
    BUFGCTRL_X0Y0        BUFG (Prop_bufg_I_O)         0.026     0.884 r  clk_IBUF_BUFG_inst/O
                         net (fo=35, routed)          0.555     1.438    clk_IBUF_BUFG
    SLICE_X39Y30         FDRE                                         r  active_digit_reg[1]/C
  -------------------------------------------------------------------    -------------------
    SLICE_X39Y30         FDRE (Prop_fdre_C_Q)         0.141     1.579 r  active_digit_reg[1]/Q
                         net (fo=14, routed)          0.321     1.900    active_digit[1]
    SLICE_X36Y32         LUT6 (Prop_lut6_I5_O)        0.045     1.945 r  seg_OBUF[6]_inst_i_3/O
                         net (fo=7, routed)           0.180     2.125    digit[0]
    SLICE_X36Y31         LUT4 (Prop_lut4_I3_O)        0.051     2.176 r  seg_OBUF[5]_inst_i_1/O
                         net (fo=1, routed)           1.003     3.179    seg_OBUF[5]
    V5                   OBUF (Prop_obuf_I_O)         1.271     4.450 r  seg_OBUF[5]_inst/O
                         net (fo=0)                   0.000     4.450    seg[5]
    V5                                                                r  seg[5] (OUT)
  -------------------------------------------------------------------    -------------------





--------------------------------------------------------------------------------------
Path Group:  (none)
From Clock:  
  To Clock:  sys_clk_pin

Max Delay            48 Endpoints
Min Delay            48 Endpoints
--------------------------------------------------------------------------------------


Max Delay Paths
--------------------------------------------------------------------------------------
Slack:                    inf
  Source:                 sw[0]
                            (input port)
  Destination:            A_reg[0]/D
                            (rising edge-triggered cell FDRE clocked by sys_clk_pin  {rise@0.000ns fall@5.000ns period=10.000ns})
  Path Group:             (none)
  Path Type:              Setup (Max at Slow Process Corner)
  Data Path Delay:        4.115ns  (logic 1.453ns (35.302%)  route 2.663ns (64.698%))
  Logic Levels:           1  (IBUF=1)
  Clock Path Skew:        4.773ns (DCD - SCD + CPR)
    Destination Clock Delay (DCD):    4.773ns
    Source Clock Delay      (SCD):    0.000ns
    Clock Pessimism Removal (CPR):    0.000ns
  Clock Uncertainty:      0.025ns  ((TSJ^2 + TIJ^2)^1/2 + DJ) / 2 + PE
    Total System Jitter     (TSJ):    0.050ns
    Total Input Jitter      (TIJ):    0.000ns
    Discrete Jitter          (DJ):    0.000ns
    Phase Error              (PE):    0.000ns

    Location             Delay type                Incr(ns)  Path(ns)    Netlist Resource(s)
  -------------------------------------------------------------------    -------------------
    V17                                               0.000     0.000 r  sw[0] (IN)
                         net (fo=0)                   0.000     0.000    sw[0]
    V17                  IBUF (Prop_ibuf_I_O)         1.453     1.453 r  sw_IBUF[0]_inst/O
                         net (fo=2, routed)           2.663     4.115    sw_IBUF[0]
    SLICE_X28Y26         FDRE                                         r  A_reg[0]/D
  -------------------------------------------------------------------    -------------------

                         (clock sys_clk_pin rise edge)
                                                      0.000     0.000 r  
    W5                                                0.000     0.000 r  clk (IN)
                         net (fo=0)                   0.000     0.000    clk
    W5                   IBUF (Prop_ibuf_I_O)         1.388     1.388 r  clk_IBUF_inst/O
                         net (fo=1, routed)           1.862     3.250    clk_IBUF
    BUFGCTRL_X0Y0        BUFG (Prop_bufg_I_O)         0.091     3.341 r  clk_IBUF_BUFG_inst/O
                         net (fo=35, routed)          1.432     4.773    clk_IBUF_BUFG
    SLICE_X28Y26         FDRE                                         r  A_reg[0]/C

Slack:                    inf
  Source:                 sw[5]
                            (input port)
  Destination:            B_reg[5]/D
                            (rising edge-triggered cell FDRE clocked by sys_clk_pin  {rise@0.000ns fall@5.000ns period=10.000ns})
  Path Group:             (none)
  Path Type:              Setup (Max at Slow Process Corner)
  Data Path Delay:        4.097ns  (logic 1.466ns (35.788%)  route 2.630ns (64.212%))
  Logic Levels:           1  (IBUF=1)
  Clock Path Skew:        4.773ns (DCD - SCD + CPR)
    Destination Clock Delay (DCD):    4.773ns
    Source Clock Delay      (SCD):    0.000ns
    Clock Pessimism Removal (CPR):    0.000ns
  Clock Uncertainty:      0.025ns  ((TSJ^2 + TIJ^2)^1/2 + DJ) / 2 + PE
    Total System Jitter     (TSJ):    0.050ns
    Total Input Jitter      (TIJ):    0.000ns
    Discrete Jitter          (DJ):    0.000ns
    Phase Error              (PE):    0.000ns

    Location             Delay type                Incr(ns)  Path(ns)    Netlist Resource(s)
  -------------------------------------------------------------------    -------------------
    V15                                               0.000     0.000 r  sw[5] (IN)
                         net (fo=0)                   0.000     0.000    sw[5]
    V15                  IBUF (Prop_ibuf_I_O)         1.466     1.466 r  sw_IBUF[5]_inst/O
                         net (fo=2, routed)           2.630     4.097    sw_IBUF[5]
    SLICE_X29Y26         FDRE                                         r  B_reg[5]/D
  -------------------------------------------------------------------    -------------------

                         (clock sys_clk_pin rise edge)
                                                      0.000     0.000 r  
    W5                                                0.000     0.000 r  clk (IN)
                         net (fo=0)                   0.000     0.000    clk
    W5                   IBUF (Prop_ibuf_I_O)         1.388     1.388 r  clk_IBUF_inst/O
                         net (fo=1, routed)           1.862     3.250    clk_IBUF
    BUFGCTRL_X0Y0        BUFG (Prop_bufg_I_O)         0.091     3.341 r  clk_IBUF_BUFG_inst/O
                         net (fo=35, routed)          1.432     4.773    clk_IBUF_BUFG
    SLICE_X29Y26         FDRE                                         r  B_reg[5]/C

Slack:                    inf
  Source:                 sw[2]
                            (input port)
  Destination:            A_reg[2]/D
                            (rising edge-triggered cell FDRE clocked by sys_clk_pin  {rise@0.000ns fall@5.000ns period=10.000ns})
  Path Group:             (none)
  Path Type:              Setup (Max at Slow Process Corner)
  Data Path Delay:        4.095ns  (logic 1.464ns (35.747%)  route 2.631ns (64.253%))
  Logic Levels:           1  (IBUF=1)
  Clock Path Skew:        4.773ns (DCD - SCD + CPR)
    Destination Clock Delay (DCD):    4.773ns
    Source Clock Delay      (SCD):    0.000ns
    Clock Pessimism Removal (CPR):    0.000ns
  Clock Uncertainty:      0.025ns  ((TSJ^2 + TIJ^2)^1/2 + DJ) / 2 + PE
    Total System Jitter     (TSJ):    0.050ns
    Total Input Jitter      (TIJ):    0.000ns
    Discrete Jitter          (DJ):    0.000ns
    Phase Error              (PE):    0.000ns

    Location             Delay type                Incr(ns)  Path(ns)    Netlist Resource(s)
  -------------------------------------------------------------------    -------------------
    W16                                               0.000     0.000 r  sw[2] (IN)
                         net (fo=0)                   0.000     0.000    sw[2]
    W16                  IBUF (Prop_ibuf_I_O)         1.464     1.464 r  sw_IBUF[2]_inst/O
                         net (fo=2, routed)           2.631     4.095    sw_IBUF[2]
    SLICE_X28Y26         FDRE                                         r  A_reg[2]/D
  -------------------------------------------------------------------    -------------------

                         (clock sys_clk_pin rise edge)
                                                      0.000     0.000 r  
    W5                                                0.000     0.000 r  clk (IN)
                         net (fo=0)                   0.000     0.000    clk
    W5                   IBUF (Prop_ibuf_I_O)         1.388     1.388 r  clk_IBUF_inst/O
                         net (fo=1, routed)           1.862     3.250    clk_IBUF
    BUFGCTRL_X0Y0        BUFG (Prop_bufg_I_O)         0.091     3.341 r  clk_IBUF_BUFG_inst/O
                         net (fo=35, routed)          1.432     4.773    clk_IBUF_BUFG
    SLICE_X28Y26         FDRE                                         r  A_reg[2]/C

Slack:                    inf
  Source:                 sw[6]
                            (input port)
  Destination:            B_reg[6]/D
                            (rising edge-triggered cell FDRE clocked by sys_clk_pin  {rise@0.000ns fall@5.000ns period=10.000ns})
  Path Group:             (none)
  Path Type:              Setup (Max at Slow Process Corner)
  Data Path Delay:        3.997ns  (logic 1.450ns (36.268%)  route 2.548ns (63.732%))
  Logic Levels:           1  (IBUF=1)
  Clock Path Skew:        4.773ns (DCD - SCD + CPR)
    Destination Clock Delay (DCD):    4.773ns
    Source Clock Delay      (SCD):    0.000ns
    Clock Pessimism Removal (CPR):    0.000ns
  Clock Uncertainty:      0.025ns  ((TSJ^2 + TIJ^2)^1/2 + DJ) / 2 + PE
    Total System Jitter     (TSJ):    0.050ns
    Total Input Jitter      (TIJ):    0.000ns
    Discrete Jitter          (DJ):    0.000ns
    Phase Error              (PE):    0.000ns

    Location             Delay type                Incr(ns)  Path(ns)    Netlist Resource(s)
  -------------------------------------------------------------------    -------------------
    W14                                               0.000     0.000 r  sw[6] (IN)
                         net (fo=0)                   0.000     0.000    sw[6]
    W14                  IBUF (Prop_ibuf_I_O)         1.450     1.450 r  sw_IBUF[6]_inst/O
                         net (fo=2, routed)           2.548     3.997    sw_IBUF[6]
    SLICE_X29Y26         FDRE                                         r  B_reg[6]/D
  -------------------------------------------------------------------    -------------------

                         (clock sys_clk_pin rise edge)
                                                      0.000     0.000 r  
    W5                                                0.000     0.000 r  clk (IN)
                         net (fo=0)                   0.000     0.000    clk
    W5                   IBUF (Prop_ibuf_I_O)         1.388     1.388 r  clk_IBUF_inst/O
                         net (fo=1, routed)           1.862     3.250    clk_IBUF
    BUFGCTRL_X0Y0        BUFG (Prop_bufg_I_O)         0.091     3.341 r  clk_IBUF_BUFG_inst/O
                         net (fo=35, routed)          1.432     4.773    clk_IBUF_BUFG
    SLICE_X29Y26         FDRE                                         r  B_reg[6]/C

Slack:                    inf
  Source:                 sw[5]
                            (input port)
  Destination:            A_reg[5]/D
                            (rising edge-triggered cell FDRE clocked by sys_clk_pin  {rise@0.000ns fall@5.000ns period=10.000ns})
  Path Group:             (none)
  Path Type:              Setup (Max at Slow Process Corner)
  Data Path Delay:        3.907ns  (logic 1.466ns (37.521%)  route 2.441ns (62.479%))
  Logic Levels:           1  (IBUF=1)
  Clock Path Skew:        4.773ns (DCD - SCD + CPR)
    Destination Clock Delay (DCD):    4.773ns
    Source Clock Delay      (SCD):    0.000ns
    Clock Pessimism Removal (CPR):    0.000ns
  Clock Uncertainty:      0.025ns  ((TSJ^2 + TIJ^2)^1/2 + DJ) / 2 + PE
    Total System Jitter     (TSJ):    0.050ns
    Total Input Jitter      (TIJ):    0.000ns
    Discrete Jitter          (DJ):    0.000ns
    Phase Error              (PE):    0.000ns

    Location             Delay type                Incr(ns)  Path(ns)    Netlist Resource(s)
  -------------------------------------------------------------------    -------------------
    V15                                               0.000     0.000 r  sw[5] (IN)
                         net (fo=0)                   0.000     0.000    sw[5]
    V15                  IBUF (Prop_ibuf_I_O)         1.466     1.466 r  sw_IBUF[5]_inst/O
                         net (fo=2, routed)           2.441     3.907    sw_IBUF[5]
    SLICE_X28Y26         FDRE                                         r  A_reg[5]/D
  -------------------------------------------------------------------    -------------------

                         (clock sys_clk_pin rise edge)
                                                      0.000     0.000 r  
    W5                                                0.000     0.000 r  clk (IN)
                         net (fo=0)                   0.000     0.000    clk
    W5                   IBUF (Prop_ibuf_I_O)         1.388     1.388 r  clk_IBUF_inst/O
                         net (fo=1, routed)           1.862     3.250    clk_IBUF
    BUFGCTRL_X0Y0        BUFG (Prop_bufg_I_O)         0.091     3.341 r  clk_IBUF_BUFG_inst/O
                         net (fo=35, routed)          1.432     4.773    clk_IBUF_BUFG
    SLICE_X28Y26         FDRE                                         r  A_reg[5]/C

Slack:                    inf
  Source:                 sw[7]
                            (input port)
  Destination:            A_reg[7]/D
                            (rising edge-triggered cell FDRE clocked by sys_clk_pin  {rise@0.000ns fall@5.000ns period=10.000ns})
  Path Group:             (none)
  Path Type:              Setup (Max at Slow Process Corner)
  Data Path Delay:        3.905ns  (logic 1.459ns (37.357%)  route 2.446ns (62.643%))
  Logic Levels:           1  (IBUF=1)
  Clock Path Skew:        4.773ns (DCD - SCD + CPR)
    Destination Clock Delay (DCD):    4.773ns
    Source Clock Delay      (SCD):    0.000ns
    Clock Pessimism Removal (CPR):    0.000ns
  Clock Uncertainty:      0.025ns  ((TSJ^2 + TIJ^2)^1/2 + DJ) / 2 + PE
    Total System Jitter     (TSJ):    0.050ns
    Total Input Jitter      (TIJ):    0.000ns
    Discrete Jitter          (DJ):    0.000ns
    Phase Error              (PE):    0.000ns

    Location             Delay type                Incr(ns)  Path(ns)    Netlist Resource(s)
  -------------------------------------------------------------------    -------------------
    W13                                               0.000     0.000 r  sw[7] (IN)
                         net (fo=0)                   0.000     0.000    sw[7]
    W13                  IBUF (Prop_ibuf_I_O)         1.459     1.459 r  sw_IBUF[7]_inst/O
                         net (fo=2, routed)           2.446     3.905    sw_IBUF[7]
    SLICE_X28Y26         FDRE                                         r  A_reg[7]/D
  -------------------------------------------------------------------    -------------------

                         (clock sys_clk_pin rise edge)
                                                      0.000     0.000 r  
    W5                                                0.000     0.000 r  clk (IN)
                         net (fo=0)                   0.000     0.000    clk
    W5                   IBUF (Prop_ibuf_I_O)         1.388     1.388 r  clk_IBUF_inst/O
                         net (fo=1, routed)           1.862     3.250    clk_IBUF
    BUFGCTRL_X0Y0        BUFG (Prop_bufg_I_O)         0.091     3.341 r  clk_IBUF_BUFG_inst/O
                         net (fo=35, routed)          1.432     4.773    clk_IBUF_BUFG
    SLICE_X28Y26         FDRE                                         r  A_reg[7]/C

Slack:                    inf
  Source:                 sw[4]
                            (input port)
  Destination:            A_reg[4]/D
                            (rising edge-triggered cell FDRE clocked by sys_clk_pin  {rise@0.000ns fall@5.000ns period=10.000ns})
  Path Group:             (none)
  Path Type:              Setup (Max at Slow Process Corner)
  Data Path Delay:        3.903ns  (logic 1.451ns (37.166%)  route 2.453ns (62.834%))
  Logic Levels:           1  (IBUF=1)
  Clock Path Skew:        4.773ns (DCD - SCD + CPR)
    Destination Clock Delay (DCD):    4.773ns
    Source Clock Delay      (SCD):    0.000ns
    Clock Pessimism Removal (CPR):    0.000ns
  Clock Uncertainty:      0.025ns  ((TSJ^2 + TIJ^2)^1/2 + DJ) / 2 + PE
    Total System Jitter     (TSJ):    0.050ns
    Total Input Jitter      (TIJ):    0.000ns
    Discrete Jitter          (DJ):    0.000ns
    Phase Error              (PE):    0.000ns

    Location             Delay type                Incr(ns)  Path(ns)    Netlist Resource(s)
  -------------------------------------------------------------------    -------------------
    W15                                               0.000     0.000 r  sw[4] (IN)
                         net (fo=0)                   0.000     0.000    sw[4]
    W15                  IBUF (Prop_ibuf_I_O)         1.451     1.451 r  sw_IBUF[4]_inst/O
                         net (fo=2, routed)           2.453     3.903    sw_IBUF[4]
    SLICE_X28Y26         FDRE                                         r  A_reg[4]/D
  -------------------------------------------------------------------    -------------------

                         (clock sys_clk_pin rise edge)
                                                      0.000     0.000 r  
    W5                                                0.000     0.000 r  clk (IN)
                         net (fo=0)                   0.000     0.000    clk
    W5                   IBUF (Prop_ibuf_I_O)         1.388     1.388 r  clk_IBUF_inst/O
                         net (fo=1, routed)           1.862     3.250    clk_IBUF
    BUFGCTRL_X0Y0        BUFG (Prop_bufg_I_O)         0.091     3.341 r  clk_IBUF_BUFG_inst/O
                         net (fo=35, routed)          1.432     4.773    clk_IBUF_BUFG
    SLICE_X28Y26         FDRE                                         r  A_reg[4]/C

Slack:                    inf
  Source:                 sw[7]
                            (input port)
  Destination:            B_reg[7]/D
                            (rising edge-triggered cell FDRE clocked by sys_clk_pin  {rise@0.000ns fall@5.000ns period=10.000ns})
  Path Group:             (none)
  Path Type:              Setup (Max at Slow Process Corner)
  Data Path Delay:        3.902ns  (logic 1.459ns (37.385%)  route 2.443ns (62.615%))
  Logic Levels:           1  (IBUF=1)
  Clock Path Skew:        4.773ns (DCD - SCD + CPR)
    Destination Clock Delay (DCD):    4.773ns
    Source Clock Delay      (SCD):    0.000ns
    Clock Pessimism Removal (CPR):    0.000ns
  Clock Uncertainty:      0.025ns  ((TSJ^2 + TIJ^2)^1/2 + DJ) / 2 + PE
    Total System Jitter     (TSJ):    0.050ns
    Total Input Jitter      (TIJ):    0.000ns
    Discrete Jitter          (DJ):    0.000ns
    Phase Error              (PE):    0.000ns

    Location             Delay type                Incr(ns)  Path(ns)    Netlist Resource(s)
  -------------------------------------------------------------------    -------------------
    W13                                               0.000     0.000 r  sw[7] (IN)
                         net (fo=0)                   0.000     0.000    sw[7]
    W13                  IBUF (Prop_ibuf_I_O)         1.459     1.459 r  sw_IBUF[7]_inst/O
                         net (fo=2, routed)           2.443     3.902    sw_IBUF[7]
    SLICE_X29Y26         FDRE                                         r  B_reg[7]/D
  -------------------------------------------------------------------    -------------------

                         (clock sys_clk_pin rise edge)
                                                      0.000     0.000 r  
    W5                                                0.000     0.000 r  clk (IN)
                         net (fo=0)                   0.000     0.000    clk
    W5                   IBUF (Prop_ibuf_I_O)         1.388     1.388 r  clk_IBUF_inst/O
                         net (fo=1, routed)           1.862     3.250    clk_IBUF
    BUFGCTRL_X0Y0        BUFG (Prop_bufg_I_O)         0.091     3.341 r  clk_IBUF_BUFG_inst/O
                         net (fo=35, routed)          1.432     4.773    clk_IBUF_BUFG
    SLICE_X29Y26         FDRE                                         r  B_reg[7]/C

Slack:                    inf
  Source:                 sw[3]
                            (input port)
  Destination:            A_reg[3]/D
                            (rising edge-triggered cell FDRE clocked by sys_clk_pin  {rise@0.000ns fall@5.000ns period=10.000ns})
  Path Group:             (none)
  Path Type:              Setup (Max at Slow Process Corner)
  Data Path Delay:        3.818ns  (logic 1.448ns (37.937%)  route 2.370ns (62.063%))
  Logic Levels:           1  (IBUF=1)
  Clock Path Skew:        4.773ns (DCD - SCD + CPR)
    Destination Clock Delay (DCD):    4.773ns
    Source Clock Delay      (SCD):    0.000ns
    Clock Pessimism Removal (CPR):    0.000ns
  Clock Uncertainty:      0.025ns  ((TSJ^2 + TIJ^2)^1/2 + DJ) / 2 + PE
    Total System Jitter     (TSJ):    0.050ns
    Total Input Jitter      (TIJ):    0.000ns
    Discrete Jitter          (DJ):    0.000ns
    Phase Error              (PE):    0.000ns

    Location             Delay type                Incr(ns)  Path(ns)    Netlist Resource(s)
  -------------------------------------------------------------------    -------------------
    W17                                               0.000     0.000 r  sw[3] (IN)
                         net (fo=0)                   0.000     0.000    sw[3]
    W17                  IBUF (Prop_ibuf_I_O)         1.448     1.448 r  sw_IBUF[3]_inst/O
                         net (fo=2, routed)           2.370     3.818    sw_IBUF[3]
    SLICE_X28Y26         FDRE                                         r  A_reg[3]/D
  -------------------------------------------------------------------    -------------------

                         (clock sys_clk_pin rise edge)
                                                      0.000     0.000 r  
    W5                                                0.000     0.000 r  clk (IN)
                         net (fo=0)                   0.000     0.000    clk
    W5                   IBUF (Prop_ibuf_I_O)         1.388     1.388 r  clk_IBUF_inst/O
                         net (fo=1, routed)           1.862     3.250    clk_IBUF
    BUFGCTRL_X0Y0        BUFG (Prop_bufg_I_O)         0.091     3.341 r  clk_IBUF_BUFG_inst/O
                         net (fo=35, routed)          1.432     4.773    clk_IBUF_BUFG
    SLICE_X28Y26         FDRE                                         r  A_reg[3]/C

Slack:                    inf
  Source:                 sw[3]
                            (input port)
  Destination:            B_reg[3]/D
                            (rising edge-triggered cell FDRE clocked by sys_clk_pin  {rise@0.000ns fall@5.000ns period=10.000ns})
  Path Group:             (none)
  Path Type:              Setup (Max at Slow Process Corner)
  Data Path Delay:        3.812ns  (logic 1.448ns (38.001%)  route 2.363ns (61.999%))
  Logic Levels:           1  (IBUF=1)
  Clock Path Skew:        4.773ns (DCD - SCD + CPR)
    Destination Clock Delay (DCD):    4.773ns
    Source Clock Delay      (SCD):    0.000ns
    Clock Pessimism Removal (CPR):    0.000ns
  Clock Uncertainty:      0.025ns  ((TSJ^2 + TIJ^2)^1/2 + DJ) / 2 + PE
    Total System Jitter     (TSJ):    0.050ns
    Total Input Jitter      (TIJ):    0.000ns
    Discrete Jitter          (DJ):    0.000ns
    Phase Error              (PE):    0.000ns

    Location             Delay type                Incr(ns)  Path(ns)    Netlist Resource(s)
  -------------------------------------------------------------------    -------------------
    W17                                               0.000     0.000 r  sw[3] (IN)
                         net (fo=0)                   0.000     0.000    sw[3]
    W17                  IBUF (Prop_ibuf_I_O)         1.448     1.448 r  sw_IBUF[3]_inst/O
                         net (fo=2, routed)           2.363     3.812    sw_IBUF[3]
    SLICE_X29Y26         FDRE                                         r  B_reg[3]/D
  -------------------------------------------------------------------    -------------------

                         (clock sys_clk_pin rise edge)
                                                      0.000     0.000 r  
    W5                                                0.000     0.000 r  clk (IN)
                         net (fo=0)                   0.000     0.000    clk
    W5                   IBUF (Prop_ibuf_I_O)         1.388     1.388 r  clk_IBUF_inst/O
                         net (fo=1, routed)           1.862     3.250    clk_IBUF
    BUFGCTRL_X0Y0        BUFG (Prop_bufg_I_O)         0.091     3.341 r  clk_IBUF_BUFG_inst/O
                         net (fo=35, routed)          1.432     4.773    clk_IBUF_BUFG
    SLICE_X29Y26         FDRE                                         r  B_reg[3]/C





Min Delay Paths
--------------------------------------------------------------------------------------
Slack:                    inf
  Source:                 btn[1]
                            (input port)
  Destination:            B_reg[0]/CE
                            (rising edge-triggered cell FDRE clocked by sys_clk_pin  {rise@0.000ns fall@5.000ns period=10.000ns})
  Path Group:             (none)
  Path Type:              Hold (Min at Fast Process Corner)
  Data Path Delay:        1.204ns  (logic 0.219ns (18.218%)  route 0.984ns (81.782%))
  Logic Levels:           1  (IBUF=1)
  Clock Path Skew:        1.945ns (DCD - SCD - CPR)
    Destination Clock Delay (DCD):    1.945ns
    Source Clock Delay      (SCD):    0.000ns
    Clock Pessimism Removal (CPR):    -0.000ns

    Location             Delay type                Incr(ns)  Path(ns)    Netlist Resource(s)
  -------------------------------------------------------------------    -------------------
    T17                                               0.000     0.000 r  btn[1] (IN)
                         net (fo=0)                   0.000     0.000    btn[1]
    T17                  IBUF (Prop_ibuf_I_O)         0.219     0.219 r  btn_IBUF[1]_inst/O
                         net (fo=8, routed)           0.984     1.204    btn_IBUF[1]
    SLICE_X29Y26         FDRE                                         r  B_reg[0]/CE
  -------------------------------------------------------------------    -------------------

                         (clock sys_clk_pin rise edge)
                                                      0.000     0.000 r  
    W5                                                0.000     0.000 r  clk (IN)
                         net (fo=0)                   0.000     0.000    clk
    W5                   IBUF (Prop_ibuf_I_O)         0.414     0.414 r  clk_IBUF_inst/O
                         net (fo=1, routed)           0.685     1.099    clk_IBUF
    BUFGCTRL_X0Y0        BUFG (Prop_bufg_I_O)         0.029     1.128 r  clk_IBUF_BUFG_inst/O
                         net (fo=35, routed)          0.818     1.945    clk_IBUF_BUFG
    SLICE_X29Y26         FDRE                                         r  B_reg[0]/C

Slack:                    inf
  Source:                 btn[1]
                            (input port)
  Destination:            B_reg[1]/CE
                            (rising edge-triggered cell FDRE clocked by sys_clk_pin  {rise@0.000ns fall@5.000ns period=10.000ns})
  Path Group:             (none)
  Path Type:              Hold (Min at Fast Process Corner)
  Data Path Delay:        1.204ns  (logic 0.219ns (18.218%)  route 0.984ns (81.782%))
  Logic Levels:           1  (IBUF=1)
  Clock Path Skew:        1.945ns (DCD - SCD - CPR)
    Destination Clock Delay (DCD):    1.945ns
    Source Clock Delay      (SCD):    0.000ns
    Clock Pessimism Removal (CPR):    -0.000ns

    Location             Delay type                Incr(ns)  Path(ns)    Netlist Resource(s)
  -------------------------------------------------------------------    -------------------
    T17                                               0.000     0.000 r  btn[1] (IN)
                         net (fo=0)                   0.000     0.000    btn[1]
    T17                  IBUF (Prop_ibuf_I_O)         0.219     0.219 r  btn_IBUF[1]_inst/O
                         net (fo=8, routed)           0.984     1.204    btn_IBUF[1]
    SLICE_X29Y26         FDRE                                         r  B_reg[1]/CE
  -------------------------------------------------------------------    -------------------

                         (clock sys_clk_pin rise edge)
                                                      0.000     0.000 r  
    W5                                                0.000     0.000 r  clk (IN)
                         net (fo=0)                   0.000     0.000    clk
    W5                   IBUF (Prop_ibuf_I_O)         0.414     0.414 r  clk_IBUF_inst/O
                         net (fo=1, routed)           0.685     1.099    clk_IBUF
    BUFGCTRL_X0Y0        BUFG (Prop_bufg_I_O)         0.029     1.128 r  clk_IBUF_BUFG_inst/O
                         net (fo=35, routed)          0.818     1.945    clk_IBUF_BUFG
    SLICE_X29Y26         FDRE                                         r  B_reg[1]/C

Slack:                    inf
  Source:                 btn[1]
                            (input port)
  Destination:            B_reg[2]/CE
                            (rising edge-triggered cell FDRE clocked by sys_clk_pin  {rise@0.000ns fall@5.000ns period=10.000ns})
  Path Group:             (none)
  Path Type:              Hold (Min at Fast Process Corner)
  Data Path Delay:        1.204ns  (logic 0.219ns (18.218%)  route 0.984ns (81.782%))
  Logic Levels:           1  (IBUF=1)
  Clock Path Skew:        1.945ns (DCD - SCD - CPR)
    Destination Clock Delay (DCD):    1.945ns
    Source Clock Delay      (SCD):    0.000ns
    Clock Pessimism Removal (CPR):    -0.000ns

    Location             Delay type                Incr(ns)  Path(ns)    Netlist Resource(s)
  -------------------------------------------------------------------    -------------------
    T17                                               0.000     0.000 r  btn[1] (IN)
                         net (fo=0)                   0.000     0.000    btn[1]
    T17                  IBUF (Prop_ibuf_I_O)         0.219     0.219 r  btn_IBUF[1]_inst/O
                         net (fo=8, routed)           0.984     1.204    btn_IBUF[1]
    SLICE_X29Y26         FDRE                                         r  B_reg[2]/CE
  -------------------------------------------------------------------    -------------------

                         (clock sys_clk_pin rise edge)
                                                      0.000     0.000 r  
    W5                                                0.000     0.000 r  clk (IN)
                         net (fo=0)                   0.000     0.000    clk
    W5                   IBUF (Prop_ibuf_I_O)         0.414     0.414 r  clk_IBUF_inst/O
                         net (fo=1, routed)           0.685     1.099    clk_IBUF
    BUFGCTRL_X0Y0        BUFG (Prop_bufg_I_O)         0.029     1.128 r  clk_IBUF_BUFG_inst/O
                         net (fo=35, routed)          0.818     1.945    clk_IBUF_BUFG
    SLICE_X29Y26         FDRE                                         r  B_reg[2]/C

Slack:                    inf
  Source:                 btn[1]
                            (input port)
  Destination:            B_reg[3]/CE
                            (rising edge-triggered cell FDRE clocked by sys_clk_pin  {rise@0.000ns fall@5.000ns period=10.000ns})
  Path Group:             (none)
  Path Type:              Hold (Min at Fast Process Corner)
  Data Path Delay:        1.204ns  (logic 0.219ns (18.218%)  route 0.984ns (81.782%))
  Logic Levels:           1  (IBUF=1)
  Clock Path Skew:        1.945ns (DCD - SCD - CPR)
    Destination Clock Delay (DCD):    1.945ns
    Source Clock Delay      (SCD):    0.000ns
    Clock Pessimism Removal (CPR):    -0.000ns

    Location             Delay type                Incr(ns)  Path(ns)    Netlist Resource(s)
  -------------------------------------------------------------------    -------------------
    T17                                               0.000     0.000 r  btn[1] (IN)
                         net (fo=0)                   0.000     0.000    btn[1]
    T17                  IBUF (Prop_ibuf_I_O)         0.219     0.219 r  btn_IBUF[1]_inst/O
                         net (fo=8, routed)           0.984     1.204    btn_IBUF[1]
    SLICE_X29Y26         FDRE                                         r  B_reg[3]/CE
  -------------------------------------------------------------------    -------------------

                         (clock sys_clk_pin rise edge)
                                                      0.000     0.000 r  
    W5                                                0.000     0.000 r  clk (IN)
                         net (fo=0)                   0.000     0.000    clk
    W5                   IBUF (Prop_ibuf_I_O)         0.414     0.414 r  clk_IBUF_inst/O
                         net (fo=1, routed)           0.685     1.099    clk_IBUF
    BUFGCTRL_X0Y0        BUFG (Prop_bufg_I_O)         0.029     1.128 r  clk_IBUF_BUFG_inst/O
                         net (fo=35, routed)          0.818     1.945    clk_IBUF_BUFG
    SLICE_X29Y26         FDRE                                         r  B_reg[3]/C

Slack:                    inf
  Source:                 btn[1]
                            (input port)
  Destination:            B_reg[4]/CE
                            (rising edge-triggered cell FDRE clocked by sys_clk_pin  {rise@0.000ns fall@5.000ns period=10.000ns})
  Path Group:             (none)
  Path Type:              Hold (Min at Fast Process Corner)
  Data Path Delay:        1.204ns  (logic 0.219ns (18.218%)  route 0.984ns (81.782%))
  Logic Levels:           1  (IBUF=1)
  Clock Path Skew:        1.945ns (DCD - SCD - CPR)
    Destination Clock Delay (DCD):    1.945ns
    Source Clock Delay      (SCD):    0.000ns
    Clock Pessimism Removal (CPR):    -0.000ns

    Location             Delay type                Incr(ns)  Path(ns)    Netlist Resource(s)
  -------------------------------------------------------------------    -------------------
    T17                                               0.000     0.000 r  btn[1] (IN)
                         net (fo=0)                   0.000     0.000    btn[1]
    T17                  IBUF (Prop_ibuf_I_O)         0.219     0.219 r  btn_IBUF[1]_inst/O
                         net (fo=8, routed)           0.984     1.204    btn_IBUF[1]
    SLICE_X29Y26         FDRE                                         r  B_reg[4]/CE
  -------------------------------------------------------------------    -------------------

                         (clock sys_clk_pin rise edge)
                                                      0.000     0.000 r  
    W5                                                0.000     0.000 r  clk (IN)
                         net (fo=0)                   0.000     0.000    clk
    W5                   IBUF (Prop_ibuf_I_O)         0.414     0.414 r  clk_IBUF_inst/O
                         net (fo=1, routed)           0.685     1.099    clk_IBUF
    BUFGCTRL_X0Y0        BUFG (Prop_bufg_I_O)         0.029     1.128 r  clk_IBUF_BUFG_inst/O
                         net (fo=35, routed)          0.818     1.945    clk_IBUF_BUFG
    SLICE_X29Y26         FDRE                                         r  B_reg[4]/C

Slack:                    inf
  Source:                 btn[1]
                            (input port)
  Destination:            B_reg[5]/CE
                            (rising edge-triggered cell FDRE clocked by sys_clk_pin  {rise@0.000ns fall@5.000ns period=10.000ns})
  Path Group:             (none)
  Path Type:              Hold (Min at Fast Process Corner)
  Data Path Delay:        1.204ns  (logic 0.219ns (18.218%)  route 0.984ns (81.782%))
  Logic Levels:           1  (IBUF=1)
  Clock Path Skew:        1.945ns (DCD - SCD - CPR)
    Destination Clock Delay (DCD):    1.945ns
    Source Clock Delay      (SCD):    0.000ns
    Clock Pessimism Removal (CPR):    -0.000ns

    Location             Delay type                Incr(ns)  Path(ns)    Netlist Resource(s)
  -------------------------------------------------------------------    -------------------
    T17                                               0.000     0.000 r  btn[1] (IN)
                         net (fo=0)                   0.000     0.000    btn[1]
    T17                  IBUF (Prop_ibuf_I_O)         0.219     0.219 r  btn_IBUF[1]_inst/O
                         net (fo=8, routed)           0.984     1.204    btn_IBUF[1]
    SLICE_X29Y26         FDRE                                         r  B_reg[5]/CE
  -------------------------------------------------------------------    -------------------

                         (clock sys_clk_pin rise edge)
                                                      0.000     0.000 r  
    W5                                                0.000     0.000 r  clk (IN)
                         net (fo=0)                   0.000     0.000    clk
    W5                   IBUF (Prop_ibuf_I_O)         0.414     0.414 r  clk_IBUF_inst/O
                         net (fo=1, routed)           0.685     1.099    clk_IBUF
    BUFGCTRL_X0Y0        BUFG (Prop_bufg_I_O)         0.029     1.128 r  clk_IBUF_BUFG_inst/O
                         net (fo=35, routed)          0.818     1.945    clk_IBUF_BUFG
    SLICE_X29Y26         FDRE                                         r  B_reg[5]/C

Slack:                    inf
  Source:                 btn[1]
                            (input port)
  Destination:            B_reg[6]/CE
                            (rising edge-triggered cell FDRE clocked by sys_clk_pin  {rise@0.000ns fall@5.000ns period=10.000ns})
  Path Group:             (none)
  Path Type:              Hold (Min at Fast Process Corner)
  Data Path Delay:        1.204ns  (logic 0.219ns (18.218%)  route 0.984ns (81.782%))
  Logic Levels:           1  (IBUF=1)
  Clock Path Skew:        1.945ns (DCD - SCD - CPR)
    Destination Clock Delay (DCD):    1.945ns
    Source Clock Delay      (SCD):    0.000ns
    Clock Pessimism Removal (CPR):    -0.000ns

    Location             Delay type                Incr(ns)  Path(ns)    Netlist Resource(s)
  -------------------------------------------------------------------    -------------------
    T17                                               0.000     0.000 r  btn[1] (IN)
                         net (fo=0)                   0.000     0.000    btn[1]
    T17                  IBUF (Prop_ibuf_I_O)         0.219     0.219 r  btn_IBUF[1]_inst/O
                         net (fo=8, routed)           0.984     1.204    btn_IBUF[1]
    SLICE_X29Y26         FDRE                                         r  B_reg[6]/CE
  -------------------------------------------------------------------    -------------------

                         (clock sys_clk_pin rise edge)
                                                      0.000     0.000 r  
    W5                                                0.000     0.000 r  clk (IN)
                         net (fo=0)                   0.000     0.000    clk
    W5                   IBUF (Prop_ibuf_I_O)         0.414     0.414 r  clk_IBUF_inst/O
                         net (fo=1, routed)           0.685     1.099    clk_IBUF
    BUFGCTRL_X0Y0        BUFG (Prop_bufg_I_O)         0.029     1.128 r  clk_IBUF_BUFG_inst/O
                         net (fo=35, routed)          0.818     1.945    clk_IBUF_BUFG
    SLICE_X29Y26         FDRE                                         r  B_reg[6]/C

Slack:                    inf
  Source:                 btn[1]
                            (input port)
  Destination:            B_reg[7]/CE
                            (rising edge-triggered cell FDRE clocked by sys_clk_pin  {rise@0.000ns fall@5.000ns period=10.000ns})
  Path Group:             (none)
  Path Type:              Hold (Min at Fast Process Corner)
  Data Path Delay:        1.204ns  (logic 0.219ns (18.218%)  route 0.984ns (81.782%))
  Logic Levels:           1  (IBUF=1)
  Clock Path Skew:        1.945ns (DCD - SCD - CPR)
    Destination Clock Delay (DCD):    1.945ns
    Source Clock Delay      (SCD):    0.000ns
    Clock Pessimism Removal (CPR):    -0.000ns

    Location             Delay type                Incr(ns)  Path(ns)    Netlist Resource(s)
  -------------------------------------------------------------------    -------------------
    T17                                               0.000     0.000 r  btn[1] (IN)
                         net (fo=0)                   0.000     0.000    btn[1]
    T17                  IBUF (Prop_ibuf_I_O)         0.219     0.219 r  btn_IBUF[1]_inst/O
                         net (fo=8, routed)           0.984     1.204    btn_IBUF[1]
    SLICE_X29Y26         FDRE                                         r  B_reg[7]/CE
  -------------------------------------------------------------------    -------------------

                         (clock sys_clk_pin rise edge)
                                                      0.000     0.000 r  
    W5                                                0.000     0.000 r  clk (IN)
                         net (fo=0)                   0.000     0.000    clk
    W5                   IBUF (Prop_ibuf_I_O)         0.414     0.414 r  clk_IBUF_inst/O
                         net (fo=1, routed)           0.685     1.099    clk_IBUF
    BUFGCTRL_X0Y0        BUFG (Prop_bufg_I_O)         0.029     1.128 r  clk_IBUF_BUFG_inst/O
                         net (fo=35, routed)          0.818     1.945    clk_IBUF_BUFG
    SLICE_X29Y26         FDRE                                         r  B_reg[7]/C

Slack:                    inf
  Source:                 btn[3]
                            (input port)
  Destination:            B_reg[0]/R
                            (rising edge-triggered cell FDRE clocked by sys_clk_pin  {rise@0.000ns fall@5.000ns period=10.000ns})
  Path Group:             (none)
  Path Type:              Hold (Min at Fast Process Corner)
  Data Path Delay:        1.218ns  (logic 0.219ns (18.004%)  route 0.999ns (81.996%))
  Logic Levels:           1  (IBUF=1)
  Clock Path Skew:        1.945ns (DCD - SCD - CPR)
    Destination Clock Delay (DCD):    1.945ns
    Source Clock Delay      (SCD):    0.000ns
    Clock Pessimism Removal (CPR):    -0.000ns

    Location             Delay type                Incr(ns)  Path(ns)    Netlist Resource(s)
  -------------------------------------------------------------------    -------------------
    W19                                               0.000     0.000 r  btn[3] (IN)
                         net (fo=0)                   0.000     0.000    btn[3]
    W19                  IBUF (Prop_ibuf_I_O)         0.219     0.219 r  btn_IBUF[3]_inst/O
                         net (fo=16, routed)          0.999     1.218    btn_IBUF[3]
    SLICE_X29Y26         FDRE                                         r  B_reg[0]/R
  -------------------------------------------------------------------    -------------------

                         (clock sys_clk_pin rise edge)
                                                      0.000     0.000 r  
    W5                                                0.000     0.000 r  clk (IN)
                         net (fo=0)                   0.000     0.000    clk
    W5                   IBUF (Prop_ibuf_I_O)         0.414     0.414 r  clk_IBUF_inst/O
                         net (fo=1, routed)           0.685     1.099    clk_IBUF
    BUFGCTRL_X0Y0        BUFG (Prop_bufg_I_O)         0.029     1.128 r  clk_IBUF_BUFG_inst/O
                         net (fo=35, routed)          0.818     1.945    clk_IBUF_BUFG
    SLICE_X29Y26         FDRE                                         r  B_reg[0]/C

Slack:                    inf
  Source:                 btn[3]
                            (input port)
  Destination:            B_reg[1]/R
                            (rising edge-triggered cell FDRE clocked by sys_clk_pin  {rise@0.000ns fall@5.000ns period=10.000ns})
  Path Group:             (none)
  Path Type:              Hold (Min at Fast Process Corner)
  Data Path Delay:        1.218ns  (logic 0.219ns (18.004%)  route 0.999ns (81.996%))
  Logic Levels:           1  (IBUF=1)
  Clock Path Skew:        1.945ns (DCD - SCD - CPR)
    Destination Clock Delay (DCD):    1.945ns
    Source Clock Delay      (SCD):    0.000ns
    Clock Pessimism Removal (CPR):    -0.000ns

    Location             Delay type                Incr(ns)  Path(ns)    Netlist Resource(s)
  -------------------------------------------------------------------    -------------------
    W19                                               0.000     0.000 r  btn[3] (IN)
                         net (fo=0)                   0.000     0.000    btn[3]
    W19                  IBUF (Prop_ibuf_I_O)         0.219     0.219 r  btn_IBUF[3]_inst/O
                         net (fo=16, routed)          0.999     1.218    btn_IBUF[3]
    SLICE_X29Y26         FDRE                                         r  B_reg[1]/R
  -------------------------------------------------------------------    -------------------

                         (clock sys_clk_pin rise edge)
                                                      0.000     0.000 r  
    W5                                                0.000     0.000 r  clk (IN)
                         net (fo=0)                   0.000     0.000    clk
    W5                   IBUF (Prop_ibuf_I_O)         0.414     0.414 r  clk_IBUF_inst/O
                         net (fo=1, routed)           0.685     1.099    clk_IBUF
    BUFGCTRL_X0Y0        BUFG (Prop_bufg_I_O)         0.029     1.128 r  clk_IBUF_BUFG_inst/O
                         net (fo=35, routed)          0.818     1.945    clk_IBUF_BUFG
    SLICE_X29Y26         FDRE                                         r  B_reg[1]/C





