Copyright 1986-2022 Xilinx, Inc. All Rights Reserved.
---------------------------------------------------------------------------------------------------------------------------------------------------------------------------------------------------------------------------------------
| Tool Version : Vivado v.2022.1 (win64) Build 3526262 Mon Apr 18 15:48:16 MDT 2022
| Date         : Thu May 14 14:39:20 2026
| Host         : DESKTOP-TM7VUND running 64-bit major release  (build 9200)
| Command      : report_timing_summary -max_paths 10 -report_unconstrained -file four_digit_bcd_timing_summary_routed.rpt -pb four_digit_bcd_timing_summary_routed.pb -rpx four_digit_bcd_timing_summary_routed.rpx -warn_on_violation
| Design       : four_digit_bcd
| Device       : 7a35t-cpg236
| Speed File   : -1  PRODUCTION 1.23 2018-06-13
---------------------------------------------------------------------------------------------------------------------------------------------------------------------------------------------------------------------------------------

Timing Summary Report

------------------------------------------------------------------------------------------------
| Timer Settings
| --------------
------------------------------------------------------------------------------------------------

  Enable Multi Corner Analysis               :  Yes
  Enable Pessimism Removal                   :  Yes
  Pessimism Removal Resolution               :  Nearest Common Node
  Enable Input Delay Default Clock           :  No
  Enable Preset / Clear Arcs                 :  No
  Disable Flight Delays                      :  No
  Ignore I/O Paths                           :  No
  Timing Early Launch at Borrowing Latches   :  No
  Borrow Time for Max Delay Exceptions       :  Yes
  Merge Timing Exceptions                    :  Yes

  Corner  Analyze    Analyze    
  Name    Max Paths  Min Paths  
  ------  ---------  ---------  
  Slow    Yes        Yes        
  Fast    Yes        Yes        


------------------------------------------------------------------------------------------------
| Report Methodology
| ------------------
------------------------------------------------------------------------------------------------

Rule       Severity  Description                    Violations  
---------  --------  -----------------------------  ----------  
TIMING-18  Warning   Missing input or output delay  11          

Note: This report is based on the most recent report_methodology run and may not be up-to-date. Run report_methodology on the current design for the latest report.



check_timing report

Table of Contents
-----------------
1. checking no_clock (0)
2. checking constant_clock (0)
3. checking pulse_width_clock (0)
4. checking unconstrained_internal_endpoints (0)
5. checking no_input_delay (0)
6. checking no_output_delay (11)
7. checking multiple_clock (0)
8. checking generated_clocks (0)
9. checking loops (0)
10. checking partial_input_delay (0)
11. checking partial_output_delay (0)
12. checking latch_loops (0)

1. checking no_clock (0)
------------------------
 There are 0 register/latch pins with no clock.


2. checking constant_clock (0)
------------------------------
 There are 0 register/latch pins with constant_clock.


3. checking pulse_width_clock (0)
---------------------------------
 There are 0 register/latch pins which need pulse_width check


4. checking unconstrained_internal_endpoints (0)
------------------------------------------------
 There are 0 pins that are not constrained for maximum delay.

 There are 0 pins that are not constrained for maximum delay due to constant clock.


5. checking no_input_delay (0)
------------------------------
 There are 0 input ports with no input delay specified.

 There are 0 input ports with no input delay but user has a false path constraint.


6. checking no_output_delay (11)
--------------------------------
 There are 11 ports with no output delay specified. (HIGH)

 There are 0 ports with no output delay but user has a false path constraint

 There are 0 ports with no output delay but with a timing clock defined on it or propagating through it


7. checking multiple_clock (0)
------------------------------
 There are 0 register/latch pins with multiple clocks.


8. checking generated_clocks (0)
--------------------------------
 There are 0 generated clocks that are not connected to a clock source.


9. checking loops (0)
---------------------
 There are 0 combinational loops in the design.


10. checking partial_input_delay (0)
------------------------------------
 There are 0 input ports with partial input delay specified.


11. checking partial_output_delay (0)
-------------------------------------
 There are 0 ports with partial output delay specified.


12. checking latch_loops (0)
----------------------------
 There are 0 combinational latch loops in the design through latch input



------------------------------------------------------------------------------------------------
| Design Timing Summary
| ---------------------
------------------------------------------------------------------------------------------------

    WNS(ns)      TNS(ns)  TNS Failing Endpoints  TNS Total Endpoints      WHS(ns)      THS(ns)  THS Failing Endpoints  THS Total Endpoints     WPWS(ns)     TPWS(ns)  TPWS Failing Endpoints  TPWS Total Endpoints  
    -------      -------  ---------------------  -------------------      -------      -------  ---------------------  -------------------     --------     --------  ----------------------  --------------------  
      6.127        0.000                      0                  102        0.252        0.000                      0                  102        4.500        0.000                       0                    61  


All user specified timing constraints are met.


------------------------------------------------------------------------------------------------
| Clock Summary
| -------------
------------------------------------------------------------------------------------------------

Clock        Waveform(ns)       Period(ns)      Frequency(MHz)
-----        ------------       ----------      --------------
sys_clk_pin  {0.000 5.000}      10.000          100.000         


------------------------------------------------------------------------------------------------
| Intra Clock Table
| -----------------
------------------------------------------------------------------------------------------------

Clock             WNS(ns)      TNS(ns)  TNS Failing Endpoints  TNS Total Endpoints      WHS(ns)      THS(ns)  THS Failing Endpoints  THS Total Endpoints     WPWS(ns)     TPWS(ns)  TPWS Failing Endpoints  TPWS Total Endpoints  
-----             -------      -------  ---------------------  -------------------      -------      -------  ---------------------  -------------------     --------     --------  ----------------------  --------------------  
sys_clk_pin         6.127        0.000                      0                  102        0.252        0.000                      0                  102        4.500        0.000                       0                    61  


------------------------------------------------------------------------------------------------
| Inter Clock Table
| -----------------
------------------------------------------------------------------------------------------------

From Clock    To Clock          WNS(ns)      TNS(ns)  TNS Failing Endpoints  TNS Total Endpoints      WHS(ns)      THS(ns)  THS Failing Endpoints  THS Total Endpoints  
----------    --------          -------      -------  ---------------------  -------------------      -------      -------  ---------------------  -------------------  


------------------------------------------------------------------------------------------------
| Other Path Groups Table
| -----------------------
------------------------------------------------------------------------------------------------

Path Group    From Clock    To Clock          WNS(ns)      TNS(ns)  TNS Failing Endpoints  TNS Total Endpoints      WHS(ns)      THS(ns)  THS Failing Endpoints  THS Total Endpoints  
----------    ----------    --------          -------      -------  ---------------------  -------------------      -------      -------  ---------------------  -------------------  


------------------------------------------------------------------------------------------------
| User Ignored Path Table
| -----------------------
------------------------------------------------------------------------------------------------

Path Group    From Clock    To Clock    
----------    ----------    --------    


------------------------------------------------------------------------------------------------
| Unconstrained Path Table
| ------------------------
------------------------------------------------------------------------------------------------

Path Group    From Clock    To Clock    
----------    ----------    --------    
(none)        sys_clk_pin                 


------------------------------------------------------------------------------------------------
| Timing Details
| --------------
------------------------------------------------------------------------------------------------


---------------------------------------------------------------------------------------------------
From Clock:  sys_clk_pin
  To Clock:  sys_clk_pin

Setup :            0  Failing Endpoints,  Worst Slack        6.127ns,  Total Violation        0.000ns
Hold  :            0  Failing Endpoints,  Worst Slack        0.252ns,  Total Violation        0.000ns
PW    :            0  Failing Endpoints,  Worst Slack        4.500ns,  Total Violation        0.000ns
---------------------------------------------------------------------------------------------------


Max Delay Paths
--------------------------------------------------------------------------------------
Slack (MET) :             6.127ns  (required time - arrival time)
  Source:                 d0_reg[3]/C
                            (rising edge-triggered cell FDRE clocked by sys_clk_pin  {rise@0.000ns fall@5.000ns period=10.000ns})
  Destination:            d3_reg[0]/CE
                            (rising edge-triggered cell FDRE clocked by sys_clk_pin  {rise@0.000ns fall@5.000ns period=10.000ns})
  Path Group:             sys_clk_pin
  Path Type:              Setup (Max at Slow Process Corner)
  Requirement:            10.000ns  (sys_clk_pin rise@10.000ns - sys_clk_pin rise@0.000ns)
  Data Path Delay:        3.594ns  (logic 0.704ns (19.587%)  route 2.890ns (80.413%))
  Logic Levels:           2  (LUT4=2)
  Clock Path Skew:        -0.038ns (DCD - SCD + CPR)
    Destination Clock Delay (DCD):    4.842ns = ( 14.842 - 10.000 ) 
    Source Clock Delay      (SCD):    5.140ns
    Clock Pessimism Removal (CPR):    0.260ns
  Clock Uncertainty:      0.035ns  ((TSJ^2 + TIJ^2)^1/2 + DJ) / 2 + PE
    Total System Jitter     (TSJ):    0.071ns
    Total Input Jitter      (TIJ):    0.000ns
    Discrete Jitter          (DJ):    0.000ns
    Phase Error              (PE):    0.000ns

    Location             Delay type                Incr(ns)  Path(ns)    Netlist Resource(s)
  -------------------------------------------------------------------    -------------------
                         (clock sys_clk_pin rise edge)
                                                      0.000     0.000 r  
    W5                                                0.000     0.000 r  clk (IN)
                         net (fo=0)                   0.000     0.000    clk
    W5                   IBUF (Prop_ibuf_I_O)         1.458     1.458 r  clk_IBUF_inst/O
                         net (fo=1, routed)           1.967     3.425    clk_IBUF
    BUFGCTRL_X0Y0        BUFG (Prop_bufg_I_O)         0.096     3.521 r  clk_IBUF_BUFG_inst/O
                         net (fo=60, routed)          1.619     5.140    clk_IBUF_BUFG
    SLICE_X59Y26         FDRE                                         r  d0_reg[3]/C
  -------------------------------------------------------------------    -------------------
    SLICE_X59Y26         FDRE (Prop_fdre_C_Q)         0.456     5.596 r  d0_reg[3]/Q
                         net (fo=5, routed)           1.312     6.908    d0[3]
    SLICE_X59Y26         LUT4 (Prop_lut4_I2_O)        0.124     7.032 r  d2[3]_i_3/O
                         net (fo=2, routed)           0.991     8.023    d2[3]_i_3_n_0
    SLICE_X61Y24         LUT4 (Prop_lut4_I3_O)        0.124     8.147 r  d3[3]_i_1/O
                         net (fo=4, routed)           0.587     8.735    d3
    SLICE_X61Y24         FDRE                                         r  d3_reg[0]/CE
  -------------------------------------------------------------------    -------------------

                         (clock sys_clk_pin rise edge)
                                                     10.000    10.000 r  
    W5                                                0.000    10.000 r  clk (IN)
                         net (fo=0)                   0.000    10.000    clk
    W5                   IBUF (Prop_ibuf_I_O)         1.388    11.388 r  clk_IBUF_inst/O
                         net (fo=1, routed)           1.862    13.250    clk_IBUF
    BUFGCTRL_X0Y0        BUFG (Prop_bufg_I_O)         0.091    13.341 r  clk_IBUF_BUFG_inst/O
                         net (fo=60, routed)          1.501    14.842    clk_IBUF_BUFG
    SLICE_X61Y24         FDRE                                         r  d3_reg[0]/C
                         clock pessimism              0.260    15.102    
                         clock uncertainty           -0.035    15.067    
    SLICE_X61Y24         FDRE (Setup_fdre_C_CE)      -0.205    14.862    d3_reg[0]
  -------------------------------------------------------------------
                         required time                         14.862    
                         arrival time                          -8.735    
  -------------------------------------------------------------------
                         slack                                  6.127    

Slack (MET) :             6.127ns  (required time - arrival time)
  Source:                 d0_reg[3]/C
                            (rising edge-triggered cell FDRE clocked by sys_clk_pin  {rise@0.000ns fall@5.000ns period=10.000ns})
  Destination:            d3_reg[1]/CE
                            (rising edge-triggered cell FDRE clocked by sys_clk_pin  {rise@0.000ns fall@5.000ns period=10.000ns})
  Path Group:             sys_clk_pin
  Path Type:              Setup (Max at Slow Process Corner)
  Requirement:            10.000ns  (sys_clk_pin rise@10.000ns - sys_clk_pin rise@0.000ns)
  Data Path Delay:        3.594ns  (logic 0.704ns (19.587%)  route 2.890ns (80.413%))
  Logic Levels:           2  (LUT4=2)
  Clock Path Skew:        -0.038ns (DCD - SCD + CPR)
    Destination Clock Delay (DCD):    4.842ns = ( 14.842 - 10.000 ) 
    Source Clock Delay      (SCD):    5.140ns
    Clock Pessimism Removal (CPR):    0.260ns
  Clock Uncertainty:      0.035ns  ((TSJ^2 + TIJ^2)^1/2 + DJ) / 2 + PE
    Total System Jitter     (TSJ):    0.071ns
    Total Input Jitter      (TIJ):    0.000ns
    Discrete Jitter          (DJ):    0.000ns
    Phase Error              (PE):    0.000ns

    Location             Delay type                Incr(ns)  Path(ns)    Netlist Resource(s)
  -------------------------------------------------------------------    -------------------
                         (clock sys_clk_pin rise edge)
                                                      0.000     0.000 r  
    W5                                                0.000     0.000 r  clk (IN)
                         net (fo=0)                   0.000     0.000    clk
    W5                   IBUF (Prop_ibuf_I_O)         1.458     1.458 r  clk_IBUF_inst/O
                         net (fo=1, routed)           1.967     3.425    clk_IBUF
    BUFGCTRL_X0Y0        BUFG (Prop_bufg_I_O)         0.096     3.521 r  clk_IBUF_BUFG_inst/O
                         net (fo=60, routed)          1.619     5.140    clk_IBUF_BUFG
    SLICE_X59Y26         FDRE                                         r  d0_reg[3]/C
  -------------------------------------------------------------------    -------------------
    SLICE_X59Y26         FDRE (Prop_fdre_C_Q)         0.456     5.596 r  d0_reg[3]/Q
                         net (fo=5, routed)           1.312     6.908    d0[3]
    SLICE_X59Y26         LUT4 (Prop_lut4_I2_O)        0.124     7.032 r  d2[3]_i_3/O
                         net (fo=2, routed)           0.991     8.023    d2[3]_i_3_n_0
    SLICE_X61Y24         LUT4 (Prop_lut4_I3_O)        0.124     8.147 r  d3[3]_i_1/O
                         net (fo=4, routed)           0.587     8.735    d3
    SLICE_X61Y24         FDRE                                         r  d3_reg[1]/CE
  -------------------------------------------------------------------    -------------------

                         (clock sys_clk_pin rise edge)
                                                     10.000    10.000 r  
    W5                                                0.000    10.000 r  clk (IN)
                         net (fo=0)                   0.000    10.000    clk
    W5                   IBUF (Prop_ibuf_I_O)         1.388    11.388 r  clk_IBUF_inst/O
                         net (fo=1, routed)           1.862    13.250    clk_IBUF
    BUFGCTRL_X0Y0        BUFG (Prop_bufg_I_O)         0.091    13.341 r  clk_IBUF_BUFG_inst/O
                         net (fo=60, routed)          1.501    14.842    clk_IBUF_BUFG
    SLICE_X61Y24         FDRE                                         r  d3_reg[1]/C
                         clock pessimism              0.260    15.102    
                         clock uncertainty           -0.035    15.067    
    SLICE_X61Y24         FDRE (Setup_fdre_C_CE)      -0.205    14.862    d3_reg[1]
  -------------------------------------------------------------------
                         required time                         14.862    
                         arrival time                          -8.735    
  -------------------------------------------------------------------
                         slack                                  6.127    

Slack (MET) :             6.127ns  (required time - arrival time)
  Source:                 d0_reg[3]/C
                            (rising edge-triggered cell FDRE clocked by sys_clk_pin  {rise@0.000ns fall@5.000ns period=10.000ns})
  Destination:            d3_reg[2]/CE
                            (rising edge-triggered cell FDRE clocked by sys_clk_pin  {rise@0.000ns fall@5.000ns period=10.000ns})
  Path Group:             sys_clk_pin
  Path Type:              Setup (Max at Slow Process Corner)
  Requirement:            10.000ns  (sys_clk_pin rise@10.000ns - sys_clk_pin rise@0.000ns)
  Data Path Delay:        3.594ns  (logic 0.704ns (19.587%)  route 2.890ns (80.413%))
  Logic Levels:           2  (LUT4=2)
  Clock Path Skew:        -0.038ns (DCD - SCD + CPR)
    Destination Clock Delay (DCD):    4.842ns = ( 14.842 - 10.000 ) 
    Source Clock Delay      (SCD):    5.140ns
    Clock Pessimism Removal (CPR):    0.260ns
  Clock Uncertainty:      0.035ns  ((TSJ^2 + TIJ^2)^1/2 + DJ) / 2 + PE
    Total System Jitter     (TSJ):    0.071ns
    Total Input Jitter      (TIJ):    0.000ns
    Discrete Jitter          (DJ):    0.000ns
    Phase Error              (PE):    0.000ns

    Location             Delay type                Incr(ns)  Path(ns)    Netlist Resource(s)
  -------------------------------------------------------------------    -------------------
                         (clock sys_clk_pin rise edge)
                                                      0.000     0.000 r  
    W5                                                0.000     0.000 r  clk (IN)
                         net (fo=0)                   0.000     0.000    clk
    W5                   IBUF (Prop_ibuf_I_O)         1.458     1.458 r  clk_IBUF_inst/O
                         net (fo=1, routed)           1.967     3.425    clk_IBUF
    BUFGCTRL_X0Y0        BUFG (Prop_bufg_I_O)         0.096     3.521 r  clk_IBUF_BUFG_inst/O
                         net (fo=60, routed)          1.619     5.140    clk_IBUF_BUFG
    SLICE_X59Y26         FDRE                                         r  d0_reg[3]/C
  -------------------------------------------------------------------    -------------------
    SLICE_X59Y26         FDRE (Prop_fdre_C_Q)         0.456     5.596 r  d0_reg[3]/Q
                         net (fo=5, routed)           1.312     6.908    d0[3]
    SLICE_X59Y26         LUT4 (Prop_lut4_I2_O)        0.124     7.032 r  d2[3]_i_3/O
                         net (fo=2, routed)           0.991     8.023    d2[3]_i_3_n_0
    SLICE_X61Y24         LUT4 (Prop_lut4_I3_O)        0.124     8.147 r  d3[3]_i_1/O
                         net (fo=4, routed)           0.587     8.735    d3
    SLICE_X61Y24         FDRE                                         r  d3_reg[2]/CE
  -------------------------------------------------------------------    -------------------

                         (clock sys_clk_pin rise edge)
                                                     10.000    10.000 r  
    W5                                                0.000    10.000 r  clk (IN)
                         net (fo=0)                   0.000    10.000    clk
    W5                   IBUF (Prop_ibuf_I_O)         1.388    11.388 r  clk_IBUF_inst/O
                         net (fo=1, routed)           1.862    13.250    clk_IBUF
    BUFGCTRL_X0Y0        BUFG (Prop_bufg_I_O)         0.091    13.341 r  clk_IBUF_BUFG_inst/O
                         net (fo=60, routed)          1.501    14.842    clk_IBUF_BUFG
    SLICE_X61Y24         FDRE                                         r  d3_reg[2]/C
                         clock pessimism              0.260    15.102    
                         clock uncertainty           -0.035    15.067    
    SLICE_X61Y24         FDRE (Setup_fdre_C_CE)      -0.205    14.862    d3_reg[2]
  -------------------------------------------------------------------
                         required time                         14.862    
                         arrival time                          -8.735    
  -------------------------------------------------------------------
                         slack                                  6.127    

Slack (MET) :             6.127ns  (required time - arrival time)
  Source:                 d0_reg[3]/C
                            (rising edge-triggered cell FDRE clocked by sys_clk_pin  {rise@0.000ns fall@5.000ns period=10.000ns})
  Destination:            d3_reg[3]/CE
                            (rising edge-triggered cell FDRE clocked by sys_clk_pin  {rise@0.000ns fall@5.000ns period=10.000ns})
  Path Group:             sys_clk_pin
  Path Type:              Setup (Max at Slow Process Corner)
  Requirement:            10.000ns  (sys_clk_pin rise@10.000ns - sys_clk_pin rise@0.000ns)
  Data Path Delay:        3.594ns  (logic 0.704ns (19.587%)  route 2.890ns (80.413%))
  Logic Levels:           2  (LUT4=2)
  Clock Path Skew:        -0.038ns (DCD - SCD + CPR)
    Destination Clock Delay (DCD):    4.842ns = ( 14.842 - 10.000 ) 
    Source Clock Delay      (SCD):    5.140ns
    Clock Pessimism Removal (CPR):    0.260ns
  Clock Uncertainty:      0.035ns  ((TSJ^2 + TIJ^2)^1/2 + DJ) / 2 + PE
    Total System Jitter     (TSJ):    0.071ns
    Total Input Jitter      (TIJ):    0.000ns
    Discrete Jitter          (DJ):    0.000ns
    Phase Error              (PE):    0.000ns

    Location             Delay type                Incr(ns)  Path(ns)    Netlist Resource(s)
  -------------------------------------------------------------------    -------------------
                         (clock sys_clk_pin rise edge)
                                                      0.000     0.000 r  
    W5                                                0.000     0.000 r  clk (IN)
                         net (fo=0)                   0.000     0.000    clk
    W5                   IBUF (Prop_ibuf_I_O)         1.458     1.458 r  clk_IBUF_inst/O
                         net (fo=1, routed)           1.967     3.425    clk_IBUF
    BUFGCTRL_X0Y0        BUFG (Prop_bufg_I_O)         0.096     3.521 r  clk_IBUF_BUFG_inst/O
                         net (fo=60, routed)          1.619     5.140    clk_IBUF_BUFG
    SLICE_X59Y26         FDRE                                         r  d0_reg[3]/C
  -------------------------------------------------------------------    -------------------
    SLICE_X59Y26         FDRE (Prop_fdre_C_Q)         0.456     5.596 r  d0_reg[3]/Q
                         net (fo=5, routed)           1.312     6.908    d0[3]
    SLICE_X59Y26         LUT4 (Prop_lut4_I2_O)        0.124     7.032 r  d2[3]_i_3/O
                         net (fo=2, routed)           0.991     8.023    d2[3]_i_3_n_0
    SLICE_X61Y24         LUT4 (Prop_lut4_I3_O)        0.124     8.147 r  d3[3]_i_1/O
                         net (fo=4, routed)           0.587     8.735    d3
    SLICE_X61Y24         FDRE                                         r  d3_reg[3]/CE
  -------------------------------------------------------------------    -------------------

                         (clock sys_clk_pin rise edge)
                                                     10.000    10.000 r  
    W5                                                0.000    10.000 r  clk (IN)
                         net (fo=0)                   0.000    10.000    clk
    W5                   IBUF (Prop_ibuf_I_O)         1.388    11.388 r  clk_IBUF_inst/O
                         net (fo=1, routed)           1.862    13.250    clk_IBUF
    BUFGCTRL_X0Y0        BUFG (Prop_bufg_I_O)         0.091    13.341 r  clk_IBUF_BUFG_inst/O
                         net (fo=60, routed)          1.501    14.842    clk_IBUF_BUFG
    SLICE_X61Y24         FDRE                                         r  d3_reg[3]/C
                         clock pessimism              0.260    15.102    
                         clock uncertainty           -0.035    15.067    
    SLICE_X61Y24         FDRE (Setup_fdre_C_CE)      -0.205    14.862    d3_reg[3]
  -------------------------------------------------------------------
                         required time                         14.862    
                         arrival time                          -8.735    
  -------------------------------------------------------------------
                         slack                                  6.127    

Slack (MET) :             6.226ns  (required time - arrival time)
  Source:                 cnt_1hz_reg[12]/C
                            (rising edge-triggered cell FDRE clocked by sys_clk_pin  {rise@0.000ns fall@5.000ns period=10.000ns})
  Destination:            cnt_1hz_reg[25]/R
                            (rising edge-triggered cell FDRE clocked by sys_clk_pin  {rise@0.000ns fall@5.000ns period=10.000ns})
  Path Group:             sys_clk_pin
  Path Type:              Setup (Max at Slow Process Corner)
  Requirement:            10.000ns  (sys_clk_pin rise@10.000ns - sys_clk_pin rise@0.000ns)
  Data Path Delay:        3.282ns  (logic 0.828ns (25.231%)  route 2.454ns (74.769%))
  Logic Levels:           3  (LUT3=1 LUT4=1 LUT5=1)
  Clock Path Skew:        -0.028ns (DCD - SCD + CPR)
    Destination Clock Delay (DCD):    4.845ns = ( 14.845 - 10.000 ) 
    Source Clock Delay      (SCD):    5.147ns
    Clock Pessimism Removal (CPR):    0.274ns
  Clock Uncertainty:      0.035ns  ((TSJ^2 + TIJ^2)^1/2 + DJ) / 2 + PE
    Total System Jitter     (TSJ):    0.071ns
    Total Input Jitter      (TIJ):    0.000ns
    Discrete Jitter          (DJ):    0.000ns
    Phase Error              (PE):    0.000ns

    Location             Delay type                Incr(ns)  Path(ns)    Netlist Resource(s)
  -------------------------------------------------------------------    -------------------
                         (clock sys_clk_pin rise edge)
                                                      0.000     0.000 r  
    W5                                                0.000     0.000 r  clk (IN)
                         net (fo=0)                   0.000     0.000    clk
    W5                   IBUF (Prop_ibuf_I_O)         1.458     1.458 r  clk_IBUF_inst/O
                         net (fo=1, routed)           1.967     3.425    clk_IBUF
    BUFGCTRL_X0Y0        BUFG (Prop_bufg_I_O)         0.096     3.521 r  clk_IBUF_BUFG_inst/O
                         net (fo=60, routed)          1.626     5.147    clk_IBUF_BUFG
    SLICE_X63Y19         FDRE                                         r  cnt_1hz_reg[12]/C
  -------------------------------------------------------------------    -------------------
    SLICE_X63Y19         FDRE (Prop_fdre_C_Q)         0.456     5.603 f  cnt_1hz_reg[12]/Q
                         net (fo=2, routed)           0.686     6.290    cnt_1hz_reg_n_0_[12]
    SLICE_X62Y19         LUT4 (Prop_lut4_I2_O)        0.124     6.414 f  cnt_1hz[26]_i_7/O
                         net (fo=1, routed)           0.303     6.716    cnt_1hz[26]_i_7_n_0
    SLICE_X62Y18         LUT5 (Prop_lut5_I4_O)        0.124     6.840 f  cnt_1hz[26]_i_4/O
                         net (fo=1, routed)           0.640     7.480    cnt_1hz[26]_i_4_n_0
    SLICE_X62Y20         LUT3 (Prop_lut3_I1_O)        0.124     7.604 r  cnt_1hz[26]_i_1/O
                         net (fo=27, routed)          0.825     8.429    cnt_1hz[26]_i_1_n_0
    SLICE_X63Y23         FDRE                                         r  cnt_1hz_reg[25]/R
  -------------------------------------------------------------------    -------------------

                         (clock sys_clk_pin rise edge)
                                                     10.000    10.000 r  
    W5                                                0.000    10.000 r  clk (IN)
                         net (fo=0)                   0.000    10.000    clk
    W5                   IBUF (Prop_ibuf_I_O)         1.388    11.388 r  clk_IBUF_inst/O
                         net (fo=1, routed)           1.862    13.250    clk_IBUF
    BUFGCTRL_X0Y0        BUFG (Prop_bufg_I_O)         0.091    13.341 r  clk_IBUF_BUFG_inst/O
                         net (fo=60, routed)          1.504    14.845    clk_IBUF_BUFG
    SLICE_X63Y23         FDRE                                         r  cnt_1hz_reg[25]/C
                         clock pessimism              0.274    15.119    
                         clock uncertainty           -0.035    15.084    
    SLICE_X63Y23         FDRE (Setup_fdre_C_R)       -0.429    14.655    cnt_1hz_reg[25]
  -------------------------------------------------------------------
                         required time                         14.655    
                         arrival time                          -8.429    
  -------------------------------------------------------------------
                         slack                                  6.226    

Slack (MET) :             6.226ns  (required time - arrival time)
  Source:                 cnt_1hz_reg[12]/C
                            (rising edge-triggered cell FDRE clocked by sys_clk_pin  {rise@0.000ns fall@5.000ns period=10.000ns})
  Destination:            cnt_1hz_reg[26]/R
                            (rising edge-triggered cell FDRE clocked by sys_clk_pin  {rise@0.000ns fall@5.000ns period=10.000ns})
  Path Group:             sys_clk_pin
  Path Type:              Setup (Max at Slow Process Corner)
  Requirement:            10.000ns  (sys_clk_pin rise@10.000ns - sys_clk_pin rise@0.000ns)
  Data Path Delay:        3.282ns  (logic 0.828ns (25.231%)  route 2.454ns (74.769%))
  Logic Levels:           3  (LUT3=1 LUT4=1 LUT5=1)
  Clock Path Skew:        -0.028ns (DCD - SCD + CPR)
    Destination Clock Delay (DCD):    4.845ns = ( 14.845 - 10.000 ) 
    Source Clock Delay      (SCD):    5.147ns
    Clock Pessimism Removal (CPR):    0.274ns
  Clock Uncertainty:      0.035ns  ((TSJ^2 + TIJ^2)^1/2 + DJ) / 2 + PE
    Total System Jitter     (TSJ):    0.071ns
    Total Input Jitter      (TIJ):    0.000ns
    Discrete Jitter          (DJ):    0.000ns
    Phase Error              (PE):    0.000ns

    Location             Delay type                Incr(ns)  Path(ns)    Netlist Resource(s)
  -------------------------------------------------------------------    -------------------
                         (clock sys_clk_pin rise edge)
                                                      0.000     0.000 r  
    W5                                                0.000     0.000 r  clk (IN)
                         net (fo=0)                   0.000     0.000    clk
    W5                   IBUF (Prop_ibuf_I_O)         1.458     1.458 r  clk_IBUF_inst/O
                         net (fo=1, routed)           1.967     3.425    clk_IBUF
    BUFGCTRL_X0Y0        BUFG (Prop_bufg_I_O)         0.096     3.521 r  clk_IBUF_BUFG_inst/O
                         net (fo=60, routed)          1.626     5.147    clk_IBUF_BUFG
    SLICE_X63Y19         FDRE                                         r  cnt_1hz_reg[12]/C
  -------------------------------------------------------------------    -------------------
    SLICE_X63Y19         FDRE (Prop_fdre_C_Q)         0.456     5.603 f  cnt_1hz_reg[12]/Q
                         net (fo=2, routed)           0.686     6.290    cnt_1hz_reg_n_0_[12]
    SLICE_X62Y19         LUT4 (Prop_lut4_I2_O)        0.124     6.414 f  cnt_1hz[26]_i_7/O
                         net (fo=1, routed)           0.303     6.716    cnt_1hz[26]_i_7_n_0
    SLICE_X62Y18         LUT5 (Prop_lut5_I4_O)        0.124     6.840 f  cnt_1hz[26]_i_4/O
                         net (fo=1, routed)           0.640     7.480    cnt_1hz[26]_i_4_n_0
    SLICE_X62Y20         LUT3 (Prop_lut3_I1_O)        0.124     7.604 r  cnt_1hz[26]_i_1/O
                         net (fo=27, routed)          0.825     8.429    cnt_1hz[26]_i_1_n_0
    SLICE_X63Y23         FDRE                                         r  cnt_1hz_reg[26]/R
  -------------------------------------------------------------------    -------------------

                         (clock sys_clk_pin rise edge)
                                                     10.000    10.000 r  
    W5                                                0.000    10.000 r  clk (IN)
                         net (fo=0)                   0.000    10.000    clk
    W5                   IBUF (Prop_ibuf_I_O)         1.388    11.388 r  clk_IBUF_inst/O
                         net (fo=1, routed)           1.862    13.250    clk_IBUF
    BUFGCTRL_X0Y0        BUFG (Prop_bufg_I_O)         0.091    13.341 r  clk_IBUF_BUFG_inst/O
                         net (fo=60, routed)          1.504    14.845    clk_IBUF_BUFG
    SLICE_X63Y23         FDRE                                         r  cnt_1hz_reg[26]/C
                         clock pessimism              0.274    15.119    
                         clock uncertainty           -0.035    15.084    
    SLICE_X63Y23         FDRE (Setup_fdre_C_R)       -0.429    14.655    cnt_1hz_reg[26]
  -------------------------------------------------------------------
                         required time                         14.655    
                         arrival time                          -8.429    
  -------------------------------------------------------------------
                         slack                                  6.226    

Slack (MET) :             6.315ns  (required time - arrival time)
  Source:                 d0_reg[3]/C
                            (rising edge-triggered cell FDRE clocked by sys_clk_pin  {rise@0.000ns fall@5.000ns period=10.000ns})
  Destination:            d2_reg[0]/CE
                            (rising edge-triggered cell FDRE clocked by sys_clk_pin  {rise@0.000ns fall@5.000ns period=10.000ns})
  Path Group:             sys_clk_pin
  Path Type:              Setup (Max at Slow Process Corner)
  Requirement:            10.000ns  (sys_clk_pin rise@10.000ns - sys_clk_pin rise@0.000ns)
  Data Path Delay:        3.444ns  (logic 0.704ns (20.440%)  route 2.740ns (79.560%))
  Logic Levels:           2  (LUT4=1 LUT6=1)
  Clock Path Skew:        -0.036ns (DCD - SCD + CPR)
    Destination Clock Delay (DCD):    4.844ns = ( 14.844 - 10.000 ) 
    Source Clock Delay      (SCD):    5.140ns
    Clock Pessimism Removal (CPR):    0.260ns
  Clock Uncertainty:      0.035ns  ((TSJ^2 + TIJ^2)^1/2 + DJ) / 2 + PE
    Total System Jitter     (TSJ):    0.071ns
    Total Input Jitter      (TIJ):    0.000ns
    Discrete Jitter          (DJ):    0.000ns
    Phase Error              (PE):    0.000ns

    Location             Delay type                Incr(ns)  Path(ns)    Netlist Resource(s)
  -------------------------------------------------------------------    -------------------
                         (clock sys_clk_pin rise edge)
                                                      0.000     0.000 r  
    W5                                                0.000     0.000 r  clk (IN)
                         net (fo=0)                   0.000     0.000    clk
    W5                   IBUF (Prop_ibuf_I_O)         1.458     1.458 r  clk_IBUF_inst/O
                         net (fo=1, routed)           1.967     3.425    clk_IBUF
    BUFGCTRL_X0Y0        BUFG (Prop_bufg_I_O)         0.096     3.521 r  clk_IBUF_BUFG_inst/O
                         net (fo=60, routed)          1.619     5.140    clk_IBUF_BUFG
    SLICE_X59Y26         FDRE                                         r  d0_reg[3]/C
  -------------------------------------------------------------------    -------------------
    SLICE_X59Y26         FDRE (Prop_fdre_C_Q)         0.456     5.596 r  d0_reg[3]/Q
                         net (fo=5, routed)           1.312     6.908    d0[3]
    SLICE_X59Y26         LUT4 (Prop_lut4_I2_O)        0.124     7.032 r  d2[3]_i_3/O
                         net (fo=2, routed)           0.847     7.879    d2[3]_i_3_n_0
    SLICE_X60Y25         LUT6 (Prop_lut6_I5_O)        0.124     8.003 r  d2[3]_i_1/O
                         net (fo=4, routed)           0.582     8.585    d2
    SLICE_X60Y23         FDRE                                         r  d2_reg[0]/CE
  -------------------------------------------------------------------    -------------------

                         (clock sys_clk_pin rise edge)
                                                     10.000    10.000 r  
    W5                                                0.000    10.000 r  clk (IN)
                         net (fo=0)                   0.000    10.000    clk
    W5                   IBUF (Prop_ibuf_I_O)         1.388    11.388 r  clk_IBUF_inst/O
                         net (fo=1, routed)           1.862    13.250    clk_IBUF
    BUFGCTRL_X0Y0        BUFG (Prop_bufg_I_O)         0.091    13.341 r  clk_IBUF_BUFG_inst/O
                         net (fo=60, routed)          1.503    14.844    clk_IBUF_BUFG
    SLICE_X60Y23         FDRE                                         r  d2_reg[0]/C
                         clock pessimism              0.260    15.104    
                         clock uncertainty           -0.035    15.069    
    SLICE_X60Y23         FDRE (Setup_fdre_C_CE)      -0.169    14.900    d2_reg[0]
  -------------------------------------------------------------------
                         required time                         14.900    
                         arrival time                          -8.585    
  -------------------------------------------------------------------
                         slack                                  6.315    

Slack (MET) :             6.315ns  (required time - arrival time)
  Source:                 d0_reg[3]/C
                            (rising edge-triggered cell FDRE clocked by sys_clk_pin  {rise@0.000ns fall@5.000ns period=10.000ns})
  Destination:            d2_reg[1]/CE
                            (rising edge-triggered cell FDRE clocked by sys_clk_pin  {rise@0.000ns fall@5.000ns period=10.000ns})
  Path Group:             sys_clk_pin
  Path Type:              Setup (Max at Slow Process Corner)
  Requirement:            10.000ns  (sys_clk_pin rise@10.000ns - sys_clk_pin rise@0.000ns)
  Data Path Delay:        3.444ns  (logic 0.704ns (20.440%)  route 2.740ns (79.560%))
  Logic Levels:           2  (LUT4=1 LUT6=1)
  Clock Path Skew:        -0.036ns (DCD - SCD + CPR)
    Destination Clock Delay (DCD):    4.844ns = ( 14.844 - 10.000 ) 
    Source Clock Delay      (SCD):    5.140ns
    Clock Pessimism Removal (CPR):    0.260ns
  Clock Uncertainty:      0.035ns  ((TSJ^2 + TIJ^2)^1/2 + DJ) / 2 + PE
    Total System Jitter     (TSJ):    0.071ns
    Total Input Jitter      (TIJ):    0.000ns
    Discrete Jitter          (DJ):    0.000ns
    Phase Error              (PE):    0.000ns

    Location             Delay type                Incr(ns)  Path(ns)    Netlist Resource(s)
  -------------------------------------------------------------------    -------------------
                         (clock sys_clk_pin rise edge)
                                                      0.000     0.000 r  
    W5                                                0.000     0.000 r  clk (IN)
                         net (fo=0)                   0.000     0.000    clk
    W5                   IBUF (Prop_ibuf_I_O)         1.458     1.458 r  clk_IBUF_inst/O
                         net (fo=1, routed)           1.967     3.425    clk_IBUF
    BUFGCTRL_X0Y0        BUFG (Prop_bufg_I_O)         0.096     3.521 r  clk_IBUF_BUFG_inst/O
                         net (fo=60, routed)          1.619     5.140    clk_IBUF_BUFG
    SLICE_X59Y26         FDRE                                         r  d0_reg[3]/C
  -------------------------------------------------------------------    -------------------
    SLICE_X59Y26         FDRE (Prop_fdre_C_Q)         0.456     5.596 r  d0_reg[3]/Q
                         net (fo=5, routed)           1.312     6.908    d0[3]
    SLICE_X59Y26         LUT4 (Prop_lut4_I2_O)        0.124     7.032 r  d2[3]_i_3/O
                         net (fo=2, routed)           0.847     7.879    d2[3]_i_3_n_0
    SLICE_X60Y25         LUT6 (Prop_lut6_I5_O)        0.124     8.003 r  d2[3]_i_1/O
                         net (fo=4, routed)           0.582     8.585    d2
    SLICE_X60Y23         FDRE                                         r  d2_reg[1]/CE
  -------------------------------------------------------------------    -------------------

                         (clock sys_clk_pin rise edge)
                                                     10.000    10.000 r  
    W5                                                0.000    10.000 r  clk (IN)
                         net (fo=0)                   0.000    10.000    clk
    W5                   IBUF (Prop_ibuf_I_O)         1.388    11.388 r  clk_IBUF_inst/O
                         net (fo=1, routed)           1.862    13.250    clk_IBUF
    BUFGCTRL_X0Y0        BUFG (Prop_bufg_I_O)         0.091    13.341 r  clk_IBUF_BUFG_inst/O
                         net (fo=60, routed)          1.503    14.844    clk_IBUF_BUFG
    SLICE_X60Y23         FDRE                                         r  d2_reg[1]/C
                         clock pessimism              0.260    15.104    
                         clock uncertainty           -0.035    15.069    
    SLICE_X60Y23         FDRE (Setup_fdre_C_CE)      -0.169    14.900    d2_reg[1]
  -------------------------------------------------------------------
                         required time                         14.900    
                         arrival time                          -8.585    
  -------------------------------------------------------------------
                         slack                                  6.315    

Slack (MET) :             6.315ns  (required time - arrival time)
  Source:                 d0_reg[3]/C
                            (rising edge-triggered cell FDRE clocked by sys_clk_pin  {rise@0.000ns fall@5.000ns period=10.000ns})
  Destination:            d2_reg[2]/CE
                            (rising edge-triggered cell FDRE clocked by sys_clk_pin  {rise@0.000ns fall@5.000ns period=10.000ns})
  Path Group:             sys_clk_pin
  Path Type:              Setup (Max at Slow Process Corner)
  Requirement:            10.000ns  (sys_clk_pin rise@10.000ns - sys_clk_pin rise@0.000ns)
  Data Path Delay:        3.444ns  (logic 0.704ns (20.440%)  route 2.740ns (79.560%))
  Logic Levels:           2  (LUT4=1 LUT6=1)
  Clock Path Skew:        -0.036ns (DCD - SCD + CPR)
    Destination Clock Delay (DCD):    4.844ns = ( 14.844 - 10.000 ) 
    Source Clock Delay      (SCD):    5.140ns
    Clock Pessimism Removal (CPR):    0.260ns
  Clock Uncertainty:      0.035ns  ((TSJ^2 + TIJ^2)^1/2 + DJ) / 2 + PE
    Total System Jitter     (TSJ):    0.071ns
    Total Input Jitter      (TIJ):    0.000ns
    Discrete Jitter          (DJ):    0.000ns
    Phase Error              (PE):    0.000ns

    Location             Delay type                Incr(ns)  Path(ns)    Netlist Resource(s)
  -------------------------------------------------------------------    -------------------
                         (clock sys_clk_pin rise edge)
                                                      0.000     0.000 r  
    W5                                                0.000     0.000 r  clk (IN)
                         net (fo=0)                   0.000     0.000    clk
    W5                   IBUF (Prop_ibuf_I_O)         1.458     1.458 r  clk_IBUF_inst/O
                         net (fo=1, routed)           1.967     3.425    clk_IBUF
    BUFGCTRL_X0Y0        BUFG (Prop_bufg_I_O)         0.096     3.521 r  clk_IBUF_BUFG_inst/O
                         net (fo=60, routed)          1.619     5.140    clk_IBUF_BUFG
    SLICE_X59Y26         FDRE                                         r  d0_reg[3]/C
  -------------------------------------------------------------------    -------------------
    SLICE_X59Y26         FDRE (Prop_fdre_C_Q)         0.456     5.596 r  d0_reg[3]/Q
                         net (fo=5, routed)           1.312     6.908    d0[3]
    SLICE_X59Y26         LUT4 (Prop_lut4_I2_O)        0.124     7.032 r  d2[3]_i_3/O
                         net (fo=2, routed)           0.847     7.879    d2[3]_i_3_n_0
    SLICE_X60Y25         LUT6 (Prop_lut6_I5_O)        0.124     8.003 r  d2[3]_i_1/O
                         net (fo=4, routed)           0.582     8.585    d2
    SLICE_X60Y23         FDRE                                         r  d2_reg[2]/CE
  -------------------------------------------------------------------    -------------------

                         (clock sys_clk_pin rise edge)
                                                     10.000    10.000 r  
    W5                                                0.000    10.000 r  clk (IN)
                         net (fo=0)                   0.000    10.000    clk
    W5                   IBUF (Prop_ibuf_I_O)         1.388    11.388 r  clk_IBUF_inst/O
                         net (fo=1, routed)           1.862    13.250    clk_IBUF
    BUFGCTRL_X0Y0        BUFG (Prop_bufg_I_O)         0.091    13.341 r  clk_IBUF_BUFG_inst/O
                         net (fo=60, routed)          1.503    14.844    clk_IBUF_BUFG
    SLICE_X60Y23         FDRE                                         r  d2_reg[2]/C
                         clock pessimism              0.260    15.104    
                         clock uncertainty           -0.035    15.069    
    SLICE_X60Y23         FDRE (Setup_fdre_C_CE)      -0.169    14.900    d2_reg[2]
  -------------------------------------------------------------------
                         required time                         14.900    
                         arrival time                          -8.585    
  -------------------------------------------------------------------
                         slack                                  6.315    

Slack (MET) :             6.315ns  (required time - arrival time)
  Source:                 d0_reg[3]/C
                            (rising edge-triggered cell FDRE clocked by sys_clk_pin  {rise@0.000ns fall@5.000ns period=10.000ns})
  Destination:            d2_reg[3]/CE
                            (rising edge-triggered cell FDRE clocked by sys_clk_pin  {rise@0.000ns fall@5.000ns period=10.000ns})
  Path Group:             sys_clk_pin
  Path Type:              Setup (Max at Slow Process Corner)
  Requirement:            10.000ns  (sys_clk_pin rise@10.000ns - sys_clk_pin rise@0.000ns)
  Data Path Delay:        3.444ns  (logic 0.704ns (20.440%)  route 2.740ns (79.560%))
  Logic Levels:           2  (LUT4=1 LUT6=1)
  Clock Path Skew:        -0.036ns (DCD - SCD + CPR)
    Destination Clock Delay (DCD):    4.844ns = ( 14.844 - 10.000 ) 
    Source Clock Delay      (SCD):    5.140ns
    Clock Pessimism Removal (CPR):    0.260ns
  Clock Uncertainty:      0.035ns  ((TSJ^2 + TIJ^2)^1/2 + DJ) / 2 + PE
    Total System Jitter     (TSJ):    0.071ns
    Total Input Jitter      (TIJ):    0.000ns
    Discrete Jitter          (DJ):    0.000ns
    Phase Error              (PE):    0.000ns

    Location             Delay type                Incr(ns)  Path(ns)    Netlist Resource(s)
  -------------------------------------------------------------------    -------------------
                         (clock sys_clk_pin rise edge)
                                                      0.000     0.000 r  
    W5                                                0.000     0.000 r  clk (IN)
                         net (fo=0)                   0.000     0.000    clk
    W5                   IBUF (Prop_ibuf_I_O)         1.458     1.458 r  clk_IBUF_inst/O
                         net (fo=1, routed)           1.967     3.425    clk_IBUF
    BUFGCTRL_X0Y0        BUFG (Prop_bufg_I_O)         0.096     3.521 r  clk_IBUF_BUFG_inst/O
                         net (fo=60, routed)          1.619     5.140    clk_IBUF_BUFG
    SLICE_X59Y26         FDRE                                         r  d0_reg[3]/C
  -------------------------------------------------------------------    -------------------
    SLICE_X59Y26         FDRE (Prop_fdre_C_Q)         0.456     5.596 r  d0_reg[3]/Q
                         net (fo=5, routed)           1.312     6.908    d0[3]
    SLICE_X59Y26         LUT4 (Prop_lut4_I2_O)        0.124     7.032 r  d2[3]_i_3/O
                         net (fo=2, routed)           0.847     7.879    d2[3]_i_3_n_0
    SLICE_X60Y25         LUT6 (Prop_lut6_I5_O)        0.124     8.003 r  d2[3]_i_1/O
                         net (fo=4, routed)           0.582     8.585    d2
    SLICE_X60Y23         FDRE                                         r  d2_reg[3]/CE
  -------------------------------------------------------------------    -------------------

                         (clock sys_clk_pin rise edge)
                                                     10.000    10.000 r  
    W5                                                0.000    10.000 r  clk (IN)
                         net (fo=0)                   0.000    10.000    clk
    W5                   IBUF (Prop_ibuf_I_O)         1.388    11.388 r  clk_IBUF_inst/O
                         net (fo=1, routed)           1.862    13.250    clk_IBUF
    BUFGCTRL_X0Y0        BUFG (Prop_bufg_I_O)         0.091    13.341 r  clk_IBUF_BUFG_inst/O
                         net (fo=60, routed)          1.503    14.844    clk_IBUF_BUFG
    SLICE_X60Y23         FDRE                                         r  d2_reg[3]/C
                         clock pessimism              0.260    15.104    
                         clock uncertainty           -0.035    15.069    
    SLICE_X60Y23         FDRE (Setup_fdre_C_CE)      -0.169    14.900    d2_reg[3]
  -------------------------------------------------------------------
                         required time                         14.900    
                         arrival time                          -8.585    
  -------------------------------------------------------------------
                         slack                                  6.315    





Min Delay Paths
--------------------------------------------------------------------------------------
Slack (MET) :             0.252ns  (arrival time - required time)
  Source:                 scan_count_reg[3]/C
                            (rising edge-triggered cell FDRE clocked by sys_clk_pin  {rise@0.000ns fall@5.000ns period=10.000ns})
  Destination:            scan_count_reg[3]/D
                            (rising edge-triggered cell FDRE clocked by sys_clk_pin  {rise@0.000ns fall@5.000ns period=10.000ns})
  Path Group:             sys_clk_pin
  Path Type:              Hold (Min at Fast Process Corner)
  Requirement:            0.000ns  (sys_clk_pin rise@0.000ns - sys_clk_pin rise@0.000ns)
  Data Path Delay:        0.357ns  (logic 0.249ns (69.714%)  route 0.108ns (30.286%))
  Logic Levels:           1  (CARRY4=1)
  Clock Path Skew:        0.000ns (DCD - SCD - CPR)
    Destination Clock Delay (DCD):    1.979ns
    Source Clock Delay      (SCD):    1.467ns
    Clock Pessimism Removal (CPR):    0.512ns

    Location             Delay type                Incr(ns)  Path(ns)    Netlist Resource(s)
  -------------------------------------------------------------------    -------------------
                         (clock sys_clk_pin rise edge)
                                                      0.000     0.000 r  
    W5                                                0.000     0.000 r  clk (IN)
                         net (fo=0)                   0.000     0.000    clk
    W5                   IBUF (Prop_ibuf_I_O)         0.226     0.226 r  clk_IBUF_inst/O
                         net (fo=1, routed)           0.631     0.858    clk_IBUF
    BUFGCTRL_X0Y0        BUFG (Prop_bufg_I_O)         0.026     0.884 r  clk_IBUF_BUFG_inst/O
                         net (fo=60, routed)          0.584     1.467    clk_IBUF_BUFG
    SLICE_X59Y21         FDRE                                         r  scan_count_reg[3]/C
  -------------------------------------------------------------------    -------------------
    SLICE_X59Y21         FDRE (Prop_fdre_C_Q)         0.141     1.608 r  scan_count_reg[3]/Q
                         net (fo=1, routed)           0.108     1.716    scan_count_reg_n_0_[3]
    SLICE_X59Y21         CARRY4 (Prop_carry4_S[3]_O[3])
                                                      0.108     1.824 r  scan_count_reg[0]_i_1/O[3]
                         net (fo=1, routed)           0.000     1.824    scan_count_reg[0]_i_1_n_4
    SLICE_X59Y21         FDRE                                         r  scan_count_reg[3]/D
  -------------------------------------------------------------------    -------------------

                         (clock sys_clk_pin rise edge)
                                                      0.000     0.000 r  
    W5                                                0.000     0.000 r  clk (IN)
                         net (fo=0)                   0.000     0.000    clk
    W5                   IBUF (Prop_ibuf_I_O)         0.414     0.414 r  clk_IBUF_inst/O
                         net (fo=1, routed)           0.685     1.099    clk_IBUF
    BUFGCTRL_X0Y0        BUFG (Prop_bufg_I_O)         0.029     1.128 r  clk_IBUF_BUFG_inst/O
                         net (fo=60, routed)          0.852     1.979    clk_IBUF_BUFG
    SLICE_X59Y21         FDRE                                         r  scan_count_reg[3]/C
                         clock pessimism             -0.512     1.467    
    SLICE_X59Y21         FDRE (Hold_fdre_C_D)         0.105     1.572    scan_count_reg[3]
  -------------------------------------------------------------------
                         required time                         -1.572    
                         arrival time                           1.824    
  -------------------------------------------------------------------
                         slack                                  0.252    

Slack (MET) :             0.252ns  (arrival time - required time)
  Source:                 scan_count_reg[7]/C
                            (rising edge-triggered cell FDRE clocked by sys_clk_pin  {rise@0.000ns fall@5.000ns period=10.000ns})
  Destination:            scan_count_reg[7]/D
                            (rising edge-triggered cell FDRE clocked by sys_clk_pin  {rise@0.000ns fall@5.000ns period=10.000ns})
  Path Group:             sys_clk_pin
  Path Type:              Hold (Min at Fast Process Corner)
  Requirement:            0.000ns  (sys_clk_pin rise@0.000ns - sys_clk_pin rise@0.000ns)
  Data Path Delay:        0.357ns  (logic 0.249ns (69.714%)  route 0.108ns (30.286%))
  Logic Levels:           1  (CARRY4=1)
  Clock Path Skew:        0.000ns (DCD - SCD - CPR)
    Destination Clock Delay (DCD):    1.978ns
    Source Clock Delay      (SCD):    1.467ns
    Clock Pessimism Removal (CPR):    0.511ns

    Location             Delay type                Incr(ns)  Path(ns)    Netlist Resource(s)
  -------------------------------------------------------------------    -------------------
                         (clock sys_clk_pin rise edge)
                                                      0.000     0.000 r  
    W5                                                0.000     0.000 r  clk (IN)
                         net (fo=0)                   0.000     0.000    clk
    W5                   IBUF (Prop_ibuf_I_O)         0.226     0.226 r  clk_IBUF_inst/O
                         net (fo=1, routed)           0.631     0.858    clk_IBUF
    BUFGCTRL_X0Y0        BUFG (Prop_bufg_I_O)         0.026     0.884 r  clk_IBUF_BUFG_inst/O
                         net (fo=60, routed)          0.584     1.467    clk_IBUF_BUFG
    SLICE_X59Y22         FDRE                                         r  scan_count_reg[7]/C
  -------------------------------------------------------------------    -------------------
    SLICE_X59Y22         FDRE (Prop_fdre_C_Q)         0.141     1.608 r  scan_count_reg[7]/Q
                         net (fo=1, routed)           0.108     1.716    scan_count_reg_n_0_[7]
    SLICE_X59Y22         CARRY4 (Prop_carry4_S[3]_O[3])
                                                      0.108     1.824 r  scan_count_reg[4]_i_1/O[3]
                         net (fo=1, routed)           0.000     1.824    scan_count_reg[4]_i_1_n_4
    SLICE_X59Y22         FDRE                                         r  scan_count_reg[7]/D
  -------------------------------------------------------------------    -------------------

                         (clock sys_clk_pin rise edge)
                                                      0.000     0.000 r  
    W5                                                0.000     0.000 r  clk (IN)
                         net (fo=0)                   0.000     0.000    clk
    W5                   IBUF (Prop_ibuf_I_O)         0.414     0.414 r  clk_IBUF_inst/O
                         net (fo=1, routed)           0.685     1.099    clk_IBUF
    BUFGCTRL_X0Y0        BUFG (Prop_bufg_I_O)         0.029     1.128 r  clk_IBUF_BUFG_inst/O
                         net (fo=60, routed)          0.851     1.978    clk_IBUF_BUFG
    SLICE_X59Y22         FDRE                                         r  scan_count_reg[7]/C
                         clock pessimism             -0.511     1.467    
    SLICE_X59Y22         FDRE (Hold_fdre_C_D)         0.105     1.572    scan_count_reg[7]
  -------------------------------------------------------------------
                         required time                         -1.572    
                         arrival time                           1.824    
  -------------------------------------------------------------------
                         slack                                  0.252    

Slack (MET) :             0.252ns  (arrival time - required time)
  Source:                 scan_count_reg[11]/C
                            (rising edge-triggered cell FDRE clocked by sys_clk_pin  {rise@0.000ns fall@5.000ns period=10.000ns})
  Destination:            scan_count_reg[11]/D
                            (rising edge-triggered cell FDRE clocked by sys_clk_pin  {rise@0.000ns fall@5.000ns period=10.000ns})
  Path Group:             sys_clk_pin
  Path Type:              Hold (Min at Fast Process Corner)
  Requirement:            0.000ns  (sys_clk_pin rise@0.000ns - sys_clk_pin rise@0.000ns)
  Data Path Delay:        0.357ns  (logic 0.249ns (69.714%)  route 0.108ns (30.286%))
  Logic Levels:           1  (CARRY4=1)
  Clock Path Skew:        0.000ns (DCD - SCD - CPR)
    Destination Clock Delay (DCD):    1.976ns
    Source Clock Delay      (SCD):    1.465ns
    Clock Pessimism Removal (CPR):    0.511ns

    Location             Delay type                Incr(ns)  Path(ns)    Netlist Resource(s)
  -------------------------------------------------------------------    -------------------
                         (clock sys_clk_pin rise edge)
                                                      0.000     0.000 r  
    W5                                                0.000     0.000 r  clk (IN)
                         net (fo=0)                   0.000     0.000    clk
    W5                   IBUF (Prop_ibuf_I_O)         0.226     0.226 r  clk_IBUF_inst/O
                         net (fo=1, routed)           0.631     0.858    clk_IBUF
    BUFGCTRL_X0Y0        BUFG (Prop_bufg_I_O)         0.026     0.884 r  clk_IBUF_BUFG_inst/O
                         net (fo=60, routed)          0.582     1.465    clk_IBUF_BUFG
    SLICE_X59Y23         FDRE                                         r  scan_count_reg[11]/C
  -------------------------------------------------------------------    -------------------
    SLICE_X59Y23         FDRE (Prop_fdre_C_Q)         0.141     1.606 r  scan_count_reg[11]/Q
                         net (fo=1, routed)           0.108     1.714    scan_count_reg_n_0_[11]
    SLICE_X59Y23         CARRY4 (Prop_carry4_S[3]_O[3])
                                                      0.108     1.822 r  scan_count_reg[8]_i_1/O[3]
                         net (fo=1, routed)           0.000     1.822    scan_count_reg[8]_i_1_n_4
    SLICE_X59Y23         FDRE                                         r  scan_count_reg[11]/D
  -------------------------------------------------------------------    -------------------

                         (clock sys_clk_pin rise edge)
                                                      0.000     0.000 r  
    W5                                                0.000     0.000 r  clk (IN)
                         net (fo=0)                   0.000     0.000    clk
    W5                   IBUF (Prop_ibuf_I_O)         0.414     0.414 r  clk_IBUF_inst/O
                         net (fo=1, routed)           0.685     1.099    clk_IBUF
    BUFGCTRL_X0Y0        BUFG (Prop_bufg_I_O)         0.029     1.128 r  clk_IBUF_BUFG_inst/O
                         net (fo=60, routed)          0.849     1.976    clk_IBUF_BUFG
    SLICE_X59Y23         FDRE                                         r  scan_count_reg[11]/C
                         clock pessimism             -0.511     1.465    
    SLICE_X59Y23         FDRE (Hold_fdre_C_D)         0.105     1.570    scan_count_reg[11]
  -------------------------------------------------------------------
                         required time                         -1.570    
                         arrival time                           1.822    
  -------------------------------------------------------------------
                         slack                                  0.252    

Slack (MET) :             0.252ns  (arrival time - required time)
  Source:                 d0_reg[0]/C
                            (rising edge-triggered cell FDRE clocked by sys_clk_pin  {rise@0.000ns fall@5.000ns period=10.000ns})
  Destination:            d0_reg[3]/D
                            (rising edge-triggered cell FDRE clocked by sys_clk_pin  {rise@0.000ns fall@5.000ns period=10.000ns})
  Path Group:             sys_clk_pin
  Path Type:              Hold (Min at Fast Process Corner)
  Requirement:            0.000ns  (sys_clk_pin rise@0.000ns - sys_clk_pin rise@0.000ns)
  Data Path Delay:        0.371ns  (logic 0.189ns (50.890%)  route 0.182ns (49.110%))
  Logic Levels:           1  (LUT4=1)
  Clock Path Skew:        0.014ns (DCD - SCD - CPR)
    Destination Clock Delay (DCD):    1.976ns
    Source Clock Delay      (SCD):    1.464ns
    Clock Pessimism Removal (CPR):    0.498ns

    Location             Delay type                Incr(ns)  Path(ns)    Netlist Resource(s)
  -------------------------------------------------------------------    -------------------
                         (clock sys_clk_pin rise edge)
                                                      0.000     0.000 r  
    W5                                                0.000     0.000 r  clk (IN)
                         net (fo=0)                   0.000     0.000    clk
    W5                   IBUF (Prop_ibuf_I_O)         0.226     0.226 r  clk_IBUF_inst/O
                         net (fo=1, routed)           0.631     0.858    clk_IBUF
    BUFGCTRL_X0Y0        BUFG (Prop_bufg_I_O)         0.026     0.884 r  clk_IBUF_BUFG_inst/O
                         net (fo=60, routed)          0.581     1.464    clk_IBUF_BUFG
    SLICE_X59Y25         FDRE                                         r  d0_reg[0]/C
  -------------------------------------------------------------------    -------------------
    SLICE_X59Y25         FDRE (Prop_fdre_C_Q)         0.141     1.605 r  d0_reg[0]/Q
                         net (fo=7, routed)           0.182     1.788    d0[0]
    SLICE_X59Y26         LUT4 (Prop_lut4_I0_O)        0.048     1.836 r  d0[3]_i_1/O
                         net (fo=1, routed)           0.000     1.836    d0[3]_i_1_n_0
    SLICE_X59Y26         FDRE                                         r  d0_reg[3]/D
  -------------------------------------------------------------------    -------------------

                         (clock sys_clk_pin rise edge)
                                                      0.000     0.000 r  
    W5                                                0.000     0.000 r  clk (IN)
                         net (fo=0)                   0.000     0.000    clk
    W5                   IBUF (Prop_ibuf_I_O)         0.414     0.414 r  clk_IBUF_inst/O
                         net (fo=1, routed)           0.685     1.099    clk_IBUF
    BUFGCTRL_X0Y0        BUFG (Prop_bufg_I_O)         0.029     1.128 r  clk_IBUF_BUFG_inst/O
                         net (fo=60, routed)          0.849     1.976    clk_IBUF_BUFG
    SLICE_X59Y26         FDRE                                         r  d0_reg[3]/C
                         clock pessimism             -0.498     1.478    
    SLICE_X59Y26         FDRE (Hold_fdre_C_D)         0.105     1.583    d0_reg[3]
  -------------------------------------------------------------------
                         required time                         -1.583    
                         arrival time                           1.836    
  -------------------------------------------------------------------
                         slack                                  0.252    

Slack (MET) :             0.256ns  (arrival time - required time)
  Source:                 scan_count_reg[4]/C
                            (rising edge-triggered cell FDRE clocked by sys_clk_pin  {rise@0.000ns fall@5.000ns period=10.000ns})
  Destination:            scan_count_reg[4]/D
                            (rising edge-triggered cell FDRE clocked by sys_clk_pin  {rise@0.000ns fall@5.000ns period=10.000ns})
  Path Group:             sys_clk_pin
  Path Type:              Hold (Min at Fast Process Corner)
  Requirement:            0.000ns  (sys_clk_pin rise@0.000ns - sys_clk_pin rise@0.000ns)
  Data Path Delay:        0.361ns  (logic 0.256ns (70.880%)  route 0.105ns (29.120%))
  Logic Levels:           1  (CARRY4=1)
  Clock Path Skew:        0.000ns (DCD - SCD - CPR)
    Destination Clock Delay (DCD):    1.978ns
    Source Clock Delay      (SCD):    1.467ns
    Clock Pessimism Removal (CPR):    0.511ns

    Location             Delay type                Incr(ns)  Path(ns)    Netlist Resource(s)
  -------------------------------------------------------------------    -------------------
                         (clock sys_clk_pin rise edge)
                                                      0.000     0.000 r  
    W5                                                0.000     0.000 r  clk (IN)
                         net (fo=0)                   0.000     0.000    clk
    W5                   IBUF (Prop_ibuf_I_O)         0.226     0.226 r  clk_IBUF_inst/O
                         net (fo=1, routed)           0.631     0.858    clk_IBUF
    BUFGCTRL_X0Y0        BUFG (Prop_bufg_I_O)         0.026     0.884 r  clk_IBUF_BUFG_inst/O
                         net (fo=60, routed)          0.584     1.467    clk_IBUF_BUFG
    SLICE_X59Y22         FDRE                                         r  scan_count_reg[4]/C
  -------------------------------------------------------------------    -------------------
    SLICE_X59Y22         FDRE (Prop_fdre_C_Q)         0.141     1.608 r  scan_count_reg[4]/Q
                         net (fo=1, routed)           0.105     1.713    scan_count_reg_n_0_[4]
    SLICE_X59Y22         CARRY4 (Prop_carry4_S[0]_O[0])
                                                      0.115     1.828 r  scan_count_reg[4]_i_1/O[0]
                         net (fo=1, routed)           0.000     1.828    scan_count_reg[4]_i_1_n_7
    SLICE_X59Y22         FDRE                                         r  scan_count_reg[4]/D
  -------------------------------------------------------------------    -------------------

                         (clock sys_clk_pin rise edge)
                                                      0.000     0.000 r  
    W5                                                0.000     0.000 r  clk (IN)
                         net (fo=0)                   0.000     0.000    clk
    W5                   IBUF (Prop_ibuf_I_O)         0.414     0.414 r  clk_IBUF_inst/O
                         net (fo=1, routed)           0.685     1.099    clk_IBUF
    BUFGCTRL_X0Y0        BUFG (Prop_bufg_I_O)         0.029     1.128 r  clk_IBUF_BUFG_inst/O
                         net (fo=60, routed)          0.851     1.978    clk_IBUF_BUFG
    SLICE_X59Y22         FDRE                                         r  scan_count_reg[4]/C
                         clock pessimism             -0.511     1.467    
    SLICE_X59Y22         FDRE (Hold_fdre_C_D)         0.105     1.572    scan_count_reg[4]
  -------------------------------------------------------------------
                         required time                         -1.572    
                         arrival time                           1.828    
  -------------------------------------------------------------------
                         slack                                  0.256    

Slack (MET) :             0.256ns  (arrival time - required time)
  Source:                 scan_count_reg[12]/C
                            (rising edge-triggered cell FDRE clocked by sys_clk_pin  {rise@0.000ns fall@5.000ns period=10.000ns})
  Destination:            scan_count_reg[12]/D
                            (rising edge-triggered cell FDRE clocked by sys_clk_pin  {rise@0.000ns fall@5.000ns period=10.000ns})
  Path Group:             sys_clk_pin
  Path Type:              Hold (Min at Fast Process Corner)
  Requirement:            0.000ns  (sys_clk_pin rise@0.000ns - sys_clk_pin rise@0.000ns)
  Data Path Delay:        0.361ns  (logic 0.256ns (70.880%)  route 0.105ns (29.120%))
  Logic Levels:           1  (CARRY4=1)
  Clock Path Skew:        0.000ns (DCD - SCD - CPR)
    Destination Clock Delay (DCD):    1.975ns
    Source Clock Delay      (SCD):    1.464ns
    Clock Pessimism Removal (CPR):    0.511ns

    Location             Delay type                Incr(ns)  Path(ns)    Netlist Resource(s)
  -------------------------------------------------------------------    -------------------
                         (clock sys_clk_pin rise edge)
                                                      0.000     0.000 r  
    W5                                                0.000     0.000 r  clk (IN)
                         net (fo=0)                   0.000     0.000    clk
    W5                   IBUF (Prop_ibuf_I_O)         0.226     0.226 r  clk_IBUF_inst/O
                         net (fo=1, routed)           0.631     0.858    clk_IBUF
    BUFGCTRL_X0Y0        BUFG (Prop_bufg_I_O)         0.026     0.884 r  clk_IBUF_BUFG_inst/O
                         net (fo=60, routed)          0.581     1.464    clk_IBUF_BUFG
    SLICE_X59Y24         FDRE                                         r  scan_count_reg[12]/C
  -------------------------------------------------------------------    -------------------
    SLICE_X59Y24         FDRE (Prop_fdre_C_Q)         0.141     1.605 r  scan_count_reg[12]/Q
                         net (fo=1, routed)           0.105     1.710    scan_count_reg_n_0_[12]
    SLICE_X59Y24         CARRY4 (Prop_carry4_S[0]_O[0])
                                                      0.115     1.825 r  scan_count_reg[12]_i_1/O[0]
                         net (fo=1, routed)           0.000     1.825    scan_count_reg[12]_i_1_n_7
    SLICE_X59Y24         FDRE                                         r  scan_count_reg[12]/D
  -------------------------------------------------------------------    -------------------

                         (clock sys_clk_pin rise edge)
                                                      0.000     0.000 r  
    W5                                                0.000     0.000 r  clk (IN)
                         net (fo=0)                   0.000     0.000    clk
    W5                   IBUF (Prop_ibuf_I_O)         0.414     0.414 r  clk_IBUF_inst/O
                         net (fo=1, routed)           0.685     1.099    clk_IBUF
    BUFGCTRL_X0Y0        BUFG (Prop_bufg_I_O)         0.029     1.128 r  clk_IBUF_BUFG_inst/O
                         net (fo=60, routed)          0.848     1.975    clk_IBUF_BUFG
    SLICE_X59Y24         FDRE                                         r  scan_count_reg[12]/C
                         clock pessimism             -0.511     1.464    
    SLICE_X59Y24         FDRE (Hold_fdre_C_D)         0.105     1.569    scan_count_reg[12]
  -------------------------------------------------------------------
                         required time                         -1.569    
                         arrival time                           1.825    
  -------------------------------------------------------------------
                         slack                                  0.256    

Slack (MET) :             0.256ns  (arrival time - required time)
  Source:                 scan_count_reg[8]/C
                            (rising edge-triggered cell FDRE clocked by sys_clk_pin  {rise@0.000ns fall@5.000ns period=10.000ns})
  Destination:            scan_count_reg[8]/D
                            (rising edge-triggered cell FDRE clocked by sys_clk_pin  {rise@0.000ns fall@5.000ns period=10.000ns})
  Path Group:             sys_clk_pin
  Path Type:              Hold (Min at Fast Process Corner)
  Requirement:            0.000ns  (sys_clk_pin rise@0.000ns - sys_clk_pin rise@0.000ns)
  Data Path Delay:        0.361ns  (logic 0.256ns (70.880%)  route 0.105ns (29.120%))
  Logic Levels:           1  (CARRY4=1)
  Clock Path Skew:        0.000ns (DCD - SCD - CPR)
    Destination Clock Delay (DCD):    1.976ns
    Source Clock Delay      (SCD):    1.465ns
    Clock Pessimism Removal (CPR):    0.511ns

    Location             Delay type                Incr(ns)  Path(ns)    Netlist Resource(s)
  -------------------------------------------------------------------    -------------------
                         (clock sys_clk_pin rise edge)
                                                      0.000     0.000 r  
    W5                                                0.000     0.000 r  clk (IN)
                         net (fo=0)                   0.000     0.000    clk
    W5                   IBUF (Prop_ibuf_I_O)         0.226     0.226 r  clk_IBUF_inst/O
                         net (fo=1, routed)           0.631     0.858    clk_IBUF
    BUFGCTRL_X0Y0        BUFG (Prop_bufg_I_O)         0.026     0.884 r  clk_IBUF_BUFG_inst/O
                         net (fo=60, routed)          0.582     1.465    clk_IBUF_BUFG
    SLICE_X59Y23         FDRE                                         r  scan_count_reg[8]/C
  -------------------------------------------------------------------    -------------------
    SLICE_X59Y23         FDRE (Prop_fdre_C_Q)         0.141     1.606 r  scan_count_reg[8]/Q
                         net (fo=1, routed)           0.105     1.711    scan_count_reg_n_0_[8]
    SLICE_X59Y23         CARRY4 (Prop_carry4_S[0]_O[0])
                                                      0.115     1.826 r  scan_count_reg[8]_i_1/O[0]
                         net (fo=1, routed)           0.000     1.826    scan_count_reg[8]_i_1_n_7
    SLICE_X59Y23         FDRE                                         r  scan_count_reg[8]/D
  -------------------------------------------------------------------    -------------------

                         (clock sys_clk_pin rise edge)
                                                      0.000     0.000 r  
    W5                                                0.000     0.000 r  clk (IN)
                         net (fo=0)                   0.000     0.000    clk
    W5                   IBUF (Prop_ibuf_I_O)         0.414     0.414 r  clk_IBUF_inst/O
                         net (fo=1, routed)           0.685     1.099    clk_IBUF
    BUFGCTRL_X0Y0        BUFG (Prop_bufg_I_O)         0.029     1.128 r  clk_IBUF_BUFG_inst/O
                         net (fo=60, routed)          0.849     1.976    clk_IBUF_BUFG
    SLICE_X59Y23         FDRE                                         r  scan_count_reg[8]/C
                         clock pessimism             -0.511     1.465    
    SLICE_X59Y23         FDRE (Hold_fdre_C_D)         0.105     1.570    scan_count_reg[8]
  -------------------------------------------------------------------
                         required time                         -1.570    
                         arrival time                           1.826    
  -------------------------------------------------------------------
                         slack                                  0.256    

Slack (MET) :             0.256ns  (arrival time - required time)
  Source:                 scan_count_reg[2]/C
                            (rising edge-triggered cell FDRE clocked by sys_clk_pin  {rise@0.000ns fall@5.000ns period=10.000ns})
  Destination:            scan_count_reg[2]/D
                            (rising edge-triggered cell FDRE clocked by sys_clk_pin  {rise@0.000ns fall@5.000ns period=10.000ns})
  Path Group:             sys_clk_pin
  Path Type:              Hold (Min at Fast Process Corner)
  Requirement:            0.000ns  (sys_clk_pin rise@0.000ns - sys_clk_pin rise@0.000ns)
  Data Path Delay:        0.361ns  (logic 0.252ns (69.733%)  route 0.109ns (30.267%))
  Logic Levels:           1  (CARRY4=1)
  Clock Path Skew:        0.000ns (DCD - SCD - CPR)
    Destination Clock Delay (DCD):    1.979ns
    Source Clock Delay      (SCD):    1.467ns
    Clock Pessimism Removal (CPR):    0.512ns

    Location             Delay type                Incr(ns)  Path(ns)    Netlist Resource(s)
  -------------------------------------------------------------------    -------------------
                         (clock sys_clk_pin rise edge)
                                                      0.000     0.000 r  
    W5                                                0.000     0.000 r  clk (IN)
                         net (fo=0)                   0.000     0.000    clk
    W5                   IBUF (Prop_ibuf_I_O)         0.226     0.226 r  clk_IBUF_inst/O
                         net (fo=1, routed)           0.631     0.858    clk_IBUF
    BUFGCTRL_X0Y0        BUFG (Prop_bufg_I_O)         0.026     0.884 r  clk_IBUF_BUFG_inst/O
                         net (fo=60, routed)          0.584     1.467    clk_IBUF_BUFG
    SLICE_X59Y21         FDRE                                         r  scan_count_reg[2]/C
  -------------------------------------------------------------------    -------------------
    SLICE_X59Y21         FDRE (Prop_fdre_C_Q)         0.141     1.608 r  scan_count_reg[2]/Q
                         net (fo=1, routed)           0.109     1.718    scan_count_reg_n_0_[2]
    SLICE_X59Y21         CARRY4 (Prop_carry4_S[2]_O[2])
                                                      0.111     1.829 r  scan_count_reg[0]_i_1/O[2]
                         net (fo=1, routed)           0.000     1.829    scan_count_reg[0]_i_1_n_5
    SLICE_X59Y21         FDRE                                         r  scan_count_reg[2]/D
  -------------------------------------------------------------------    -------------------

                         (clock sys_clk_pin rise edge)
                                                      0.000     0.000 r  
    W5                                                0.000     0.000 r  clk (IN)
                         net (fo=0)                   0.000     0.000    clk
    W5                   IBUF (Prop_ibuf_I_O)         0.414     0.414 r  clk_IBUF_inst/O
                         net (fo=1, routed)           0.685     1.099    clk_IBUF
    BUFGCTRL_X0Y0        BUFG (Prop_bufg_I_O)         0.029     1.128 r  clk_IBUF_BUFG_inst/O
                         net (fo=60, routed)          0.852     1.979    clk_IBUF_BUFG
    SLICE_X59Y21         FDRE                                         r  scan_count_reg[2]/C
                         clock pessimism             -0.512     1.467    
    SLICE_X59Y21         FDRE (Hold_fdre_C_D)         0.105     1.572    scan_count_reg[2]
  -------------------------------------------------------------------
                         required time                         -1.572    
                         arrival time                           1.829    
  -------------------------------------------------------------------
                         slack                                  0.256    

Slack (MET) :             0.256ns  (arrival time - required time)
  Source:                 scan_count_reg[6]/C
                            (rising edge-triggered cell FDRE clocked by sys_clk_pin  {rise@0.000ns fall@5.000ns period=10.000ns})
  Destination:            scan_count_reg[6]/D
                            (rising edge-triggered cell FDRE clocked by sys_clk_pin  {rise@0.000ns fall@5.000ns period=10.000ns})
  Path Group:             sys_clk_pin
  Path Type:              Hold (Min at Fast Process Corner)
  Requirement:            0.000ns  (sys_clk_pin rise@0.000ns - sys_clk_pin rise@0.000ns)
  Data Path Delay:        0.361ns  (logic 0.252ns (69.733%)  route 0.109ns (30.267%))
  Logic Levels:           1  (CARRY4=1)
  Clock Path Skew:        0.000ns (DCD - SCD - CPR)
    Destination Clock Delay (DCD):    1.978ns
    Source Clock Delay      (SCD):    1.467ns
    Clock Pessimism Removal (CPR):    0.511ns

    Location             Delay type                Incr(ns)  Path(ns)    Netlist Resource(s)
  -------------------------------------------------------------------    -------------------
                         (clock sys_clk_pin rise edge)
                                                      0.000     0.000 r  
    W5                                                0.000     0.000 r  clk (IN)
                         net (fo=0)                   0.000     0.000    clk
    W5                   IBUF (Prop_ibuf_I_O)         0.226     0.226 r  clk_IBUF_inst/O
                         net (fo=1, routed)           0.631     0.858    clk_IBUF
    BUFGCTRL_X0Y0        BUFG (Prop_bufg_I_O)         0.026     0.884 r  clk_IBUF_BUFG_inst/O
                         net (fo=60, routed)          0.584     1.467    clk_IBUF_BUFG
    SLICE_X59Y22         FDRE                                         r  scan_count_reg[6]/C
  -------------------------------------------------------------------    -------------------
    SLICE_X59Y22         FDRE (Prop_fdre_C_Q)         0.141     1.608 r  scan_count_reg[6]/Q
                         net (fo=1, routed)           0.109     1.718    scan_count_reg_n_0_[6]
    SLICE_X59Y22         CARRY4 (Prop_carry4_S[2]_O[2])
                                                      0.111     1.829 r  scan_count_reg[4]_i_1/O[2]
                         net (fo=1, routed)           0.000     1.829    scan_count_reg[4]_i_1_n_5
    SLICE_X59Y22         FDRE                                         r  scan_count_reg[6]/D
  -------------------------------------------------------------------    -------------------

                         (clock sys_clk_pin rise edge)
                                                      0.000     0.000 r  
    W5                                                0.000     0.000 r  clk (IN)
                         net (fo=0)                   0.000     0.000    clk
    W5                   IBUF (Prop_ibuf_I_O)         0.414     0.414 r  clk_IBUF_inst/O
                         net (fo=1, routed)           0.685     1.099    clk_IBUF
    BUFGCTRL_X0Y0        BUFG (Prop_bufg_I_O)         0.029     1.128 r  clk_IBUF_BUFG_inst/O
                         net (fo=60, routed)          0.851     1.978    clk_IBUF_BUFG
    SLICE_X59Y22         FDRE                                         r  scan_count_reg[6]/C
                         clock pessimism             -0.511     1.467    
    SLICE_X59Y22         FDRE (Hold_fdre_C_D)         0.105     1.572    scan_count_reg[6]
  -------------------------------------------------------------------
                         required time                         -1.572    
                         arrival time                           1.829    
  -------------------------------------------------------------------
                         slack                                  0.256    

Slack (MET) :             0.256ns  (arrival time - required time)
  Source:                 scan_count_reg[10]/C
                            (rising edge-triggered cell FDRE clocked by sys_clk_pin  {rise@0.000ns fall@5.000ns period=10.000ns})
  Destination:            scan_count_reg[10]/D
                            (rising edge-triggered cell FDRE clocked by sys_clk_pin  {rise@0.000ns fall@5.000ns period=10.000ns})
  Path Group:             sys_clk_pin
  Path Type:              Hold (Min at Fast Process Corner)
  Requirement:            0.000ns  (sys_clk_pin rise@0.000ns - sys_clk_pin rise@0.000ns)
  Data Path Delay:        0.361ns  (logic 0.252ns (69.733%)  route 0.109ns (30.267%))
  Logic Levels:           1  (CARRY4=1)
  Clock Path Skew:        0.000ns (DCD - SCD - CPR)
    Destination Clock Delay (DCD):    1.976ns
    Source Clock Delay      (SCD):    1.465ns
    Clock Pessimism Removal (CPR):    0.511ns

    Location             Delay type                Incr(ns)  Path(ns)    Netlist Resource(s)
  -------------------------------------------------------------------    -------------------
                         (clock sys_clk_pin rise edge)
                                                      0.000     0.000 r  
    W5                                                0.000     0.000 r  clk (IN)
                         net (fo=0)                   0.000     0.000    clk
    W5                   IBUF (Prop_ibuf_I_O)         0.226     0.226 r  clk_IBUF_inst/O
                         net (fo=1, routed)           0.631     0.858    clk_IBUF
    BUFGCTRL_X0Y0        BUFG (Prop_bufg_I_O)         0.026     0.884 r  clk_IBUF_BUFG_inst/O
                         net (fo=60, routed)          0.582     1.465    clk_IBUF_BUFG
    SLICE_X59Y23         FDRE                                         r  scan_count_reg[10]/C
  -------------------------------------------------------------------    -------------------
    SLICE_X59Y23         FDRE (Prop_fdre_C_Q)         0.141     1.606 r  scan_count_reg[10]/Q
                         net (fo=1, routed)           0.109     1.716    scan_count_reg_n_0_[10]
    SLICE_X59Y23         CARRY4 (Prop_carry4_S[2]_O[2])
                                                      0.111     1.827 r  scan_count_reg[8]_i_1/O[2]
                         net (fo=1, routed)           0.000     1.827    scan_count_reg[8]_i_1_n_5
    SLICE_X59Y23         FDRE                                         r  scan_count_reg[10]/D
  -------------------------------------------------------------------    -------------------

                         (clock sys_clk_pin rise edge)
                                                      0.000     0.000 r  
    W5                                                0.000     0.000 r  clk (IN)
                         net (fo=0)                   0.000     0.000    clk
    W5                   IBUF (Prop_ibuf_I_O)         0.414     0.414 r  clk_IBUF_inst/O
                         net (fo=1, routed)           0.685     1.099    clk_IBUF
    BUFGCTRL_X0Y0        BUFG (Prop_bufg_I_O)         0.029     1.128 r  clk_IBUF_BUFG_inst/O
                         net (fo=60, routed)          0.849     1.976    clk_IBUF_BUFG
    SLICE_X59Y23         FDRE                                         r  scan_count_reg[10]/C
                         clock pessimism             -0.511     1.465    
    SLICE_X59Y23         FDRE (Hold_fdre_C_D)         0.105     1.570    scan_count_reg[10]
  -------------------------------------------------------------------
                         required time                         -1.570    
                         arrival time                           1.827    
  -------------------------------------------------------------------
                         slack                                  0.256    





Pulse Width Checks
--------------------------------------------------------------------------------------
Clock Name:         sys_clk_pin
Waveform(ns):       { 0.000 5.000 }
Period(ns):         10.000
Sources:            { clk }

Check Type        Corner  Lib Pin  Reference Pin  Required(ns)  Actual(ns)  Slack(ns)  Location       Pin
Min Period        n/a     BUFG/I   n/a            2.155         10.000      7.845      BUFGCTRL_X0Y0  clk_IBUF_BUFG_inst/I
Min Period        n/a     FDRE/C   n/a            1.000         10.000      9.000      SLICE_X62Y21   cnt_1hz_reg[0]/C
Min Period        n/a     FDRE/C   n/a            1.000         10.000      9.000      SLICE_X63Y19   cnt_1hz_reg[10]/C
Min Period        n/a     FDRE/C   n/a            1.000         10.000      9.000      SLICE_X63Y19   cnt_1hz_reg[11]/C
Min Period        n/a     FDRE/C   n/a            1.000         10.000      9.000      SLICE_X63Y19   cnt_1hz_reg[12]/C
Min Period        n/a     FDRE/C   n/a            1.000         10.000      9.000      SLICE_X63Y20   cnt_1hz_reg[13]/C
Min Period        n/a     FDRE/C   n/a            1.000         10.000      9.000      SLICE_X63Y20   cnt_1hz_reg[14]/C
Min Period        n/a     FDRE/C   n/a            1.000         10.000      9.000      SLICE_X63Y20   cnt_1hz_reg[15]/C
Min Period        n/a     FDRE/C   n/a            1.000         10.000      9.000      SLICE_X63Y20   cnt_1hz_reg[16]/C
Min Period        n/a     FDRE/C   n/a            1.000         10.000      9.000      SLICE_X63Y21   cnt_1hz_reg[17]/C
Low Pulse Width   Slow    FDRE/C   n/a            0.500         5.000       4.500      SLICE_X62Y21   cnt_1hz_reg[0]/C
Low Pulse Width   Fast    FDRE/C   n/a            0.500         5.000       4.500      SLICE_X62Y21   cnt_1hz_reg[0]/C
Low Pulse Width   Slow    FDRE/C   n/a            0.500         5.000       4.500      SLICE_X63Y19   cnt_1hz_reg[10]/C
Low Pulse Width   Fast    FDRE/C   n/a            0.500         5.000       4.500      SLICE_X63Y19   cnt_1hz_reg[10]/C
Low Pulse Width   Slow    FDRE/C   n/a            0.500         5.000       4.500      SLICE_X63Y19   cnt_1hz_reg[11]/C
Low Pulse Width   Fast    FDRE/C   n/a            0.500         5.000       4.500      SLICE_X63Y19   cnt_1hz_reg[11]/C
Low Pulse Width   Slow    FDRE/C   n/a            0.500         5.000       4.500      SLICE_X63Y19   cnt_1hz_reg[12]/C
Low Pulse Width   Fast    FDRE/C   n/a            0.500         5.000       4.500      SLICE_X63Y19   cnt_1hz_reg[12]/C
Low Pulse Width   Slow    FDRE/C   n/a            0.500         5.000       4.500      SLICE_X63Y20   cnt_1hz_reg[13]/C
Low Pulse Width   Fast    FDRE/C   n/a            0.500         5.000       4.500      SLICE_X63Y20   cnt_1hz_reg[13]/C
High Pulse Width  Slow    FDRE/C   n/a            0.500         5.000       4.500      SLICE_X62Y21   cnt_1hz_reg[0]/C
High Pulse Width  Fast    FDRE/C   n/a            0.500         5.000       4.500      SLICE_X62Y21   cnt_1hz_reg[0]/C
High Pulse Width  Slow    FDRE/C   n/a            0.500         5.000       4.500      SLICE_X63Y19   cnt_1hz_reg[10]/C
High Pulse Width  Fast    FDRE/C   n/a            0.500         5.000       4.500      SLICE_X63Y19   cnt_1hz_reg[10]/C
High Pulse Width  Slow    FDRE/C   n/a            0.500         5.000       4.500      SLICE_X63Y19   cnt_1hz_reg[11]/C
High Pulse Width  Fast    FDRE/C   n/a            0.500         5.000       4.500      SLICE_X63Y19   cnt_1hz_reg[11]/C
High Pulse Width  Slow    FDRE/C   n/a            0.500         5.000       4.500      SLICE_X63Y19   cnt_1hz_reg[12]/C
High Pulse Width  Fast    FDRE/C   n/a            0.500         5.000       4.500      SLICE_X63Y19   cnt_1hz_reg[12]/C
High Pulse Width  Slow    FDRE/C   n/a            0.500         5.000       4.500      SLICE_X63Y20   cnt_1hz_reg[13]/C
High Pulse Width  Fast    FDRE/C   n/a            0.500         5.000       4.500      SLICE_X63Y20   cnt_1hz_reg[13]/C



--------------------------------------------------------------------------------------
Path Group:  (none)
From Clock:  sys_clk_pin
  To Clock:  

Max Delay            11 Endpoints
Min Delay            11 Endpoints
--------------------------------------------------------------------------------------


Max Delay Paths
--------------------------------------------------------------------------------------
Slack:                    inf
  Source:                 d0_reg[1]/C
                            (rising edge-triggered cell FDRE clocked by sys_clk_pin  {rise@0.000ns fall@5.000ns period=10.000ns})
  Destination:            seg[5]
                            (output port)
  Path Group:             (none)
  Path Type:              Max at Slow Process Corner
  Data Path Delay:        8.512ns  (logic 4.522ns (53.132%)  route 3.989ns (46.868%))
  Logic Levels:           3  (LUT4=1 LUT6=1 OBUF=1)
  Clock Uncertainty:      0.025ns  ((TSJ^2 + TIJ^2)^1/2 + DJ) / 2 + PE
    Total System Jitter     (TSJ):    0.050ns
    Total Input Jitter      (TIJ):    0.000ns
    Discrete Jitter          (DJ):    0.000ns
    Phase Error              (PE):    0.000ns

    Location             Delay type                Incr(ns)  Path(ns)    Netlist Resource(s)
  -------------------------------------------------------------------    -------------------
                         (clock sys_clk_pin rise edge)
                                                      0.000     0.000 r  
    W5                                                0.000     0.000 r  clk (IN)
                         net (fo=0)                   0.000     0.000    clk
    W5                   IBUF (Prop_ibuf_I_O)         1.458     1.458 r  clk_IBUF_inst/O
                         net (fo=1, routed)           1.967     3.425    clk_IBUF
    BUFGCTRL_X0Y0        BUFG (Prop_bufg_I_O)         0.096     3.521 r  clk_IBUF_BUFG_inst/O
                         net (fo=60, routed)          1.619     5.140    clk_IBUF_BUFG
    SLICE_X60Y26         FDRE                                         r  d0_reg[1]/C
  -------------------------------------------------------------------    -------------------
    SLICE_X60Y26         FDRE (Prop_fdre_C_Q)         0.518     5.658 r  d0_reg[1]/Q
                         net (fo=6, routed)           1.019     6.678    d0[1]
    SLICE_X60Y24         LUT6 (Prop_lut6_I1_O)        0.124     6.802 r  seg_OBUF[6]_inst_i_5/O
                         net (fo=7, routed)           1.108     7.909    sel0[1]
    SLICE_X64Y22         LUT4 (Prop_lut4_I2_O)        0.152     8.061 r  seg_OBUF[5]_inst_i_1/O
                         net (fo=1, routed)           1.862     9.924    seg_OBUF[5]
    V5                   OBUF (Prop_obuf_I_O)         3.728    13.652 r  seg_OBUF[5]_inst/O
                         net (fo=0)                   0.000    13.652    seg[5]
    V5                                                                r  seg[5] (OUT)
  -------------------------------------------------------------------    -------------------

Slack:                    inf
  Source:                 d0_reg[1]/C
                            (rising edge-triggered cell FDRE clocked by sys_clk_pin  {rise@0.000ns fall@5.000ns period=10.000ns})
  Destination:            seg[3]
                            (output port)
  Path Group:             (none)
  Path Type:              Max at Slow Process Corner
  Data Path Delay:        8.340ns  (logic 4.528ns (54.286%)  route 3.813ns (45.714%))
  Logic Levels:           3  (LUT4=1 LUT6=1 OBUF=1)
  Clock Uncertainty:      0.025ns  ((TSJ^2 + TIJ^2)^1/2 + DJ) / 2 + PE
    Total System Jitter     (TSJ):    0.050ns
    Total Input Jitter      (TIJ):    0.000ns
    Discrete Jitter          (DJ):    0.000ns
    Phase Error              (PE):    0.000ns

    Location             Delay type                Incr(ns)  Path(ns)    Netlist Resource(s)
  -------------------------------------------------------------------    -------------------
                         (clock sys_clk_pin rise edge)
                                                      0.000     0.000 r  
    W5                                                0.000     0.000 r  clk (IN)
                         net (fo=0)                   0.000     0.000    clk
    W5                   IBUF (Prop_ibuf_I_O)         1.458     1.458 r  clk_IBUF_inst/O
                         net (fo=1, routed)           1.967     3.425    clk_IBUF
    BUFGCTRL_X0Y0        BUFG (Prop_bufg_I_O)         0.096     3.521 r  clk_IBUF_BUFG_inst/O
                         net (fo=60, routed)          1.619     5.140    clk_IBUF_BUFG
    SLICE_X60Y26         FDRE                                         r  d0_reg[1]/C
  -------------------------------------------------------------------    -------------------
    SLICE_X60Y26         FDRE (Prop_fdre_C_Q)         0.518     5.658 r  d0_reg[1]/Q
                         net (fo=6, routed)           1.019     6.678    d0[1]
    SLICE_X60Y24         LUT6 (Prop_lut6_I1_O)        0.124     6.802 r  seg_OBUF[6]_inst_i_5/O
                         net (fo=7, routed)           1.116     7.917    sel0[1]
    SLICE_X64Y22         LUT4 (Prop_lut4_I3_O)        0.146     8.063 r  seg_OBUF[3]_inst_i_1/O
                         net (fo=1, routed)           1.678     9.741    seg_OBUF[3]
    V8                   OBUF (Prop_obuf_I_O)         3.740    13.481 r  seg_OBUF[3]_inst/O
                         net (fo=0)                   0.000    13.481    seg[3]
    V8                                                                r  seg[3] (OUT)
  -------------------------------------------------------------------    -------------------

Slack:                    inf
  Source:                 d0_reg[3]/C
                            (rising edge-triggered cell FDRE clocked by sys_clk_pin  {rise@0.000ns fall@5.000ns period=10.000ns})
  Destination:            seg[6]
                            (output port)
  Path Group:             (none)
  Path Type:              Max at Slow Process Corner
  Data Path Delay:        8.296ns  (logic 4.235ns (51.054%)  route 4.061ns (48.946%))
  Logic Levels:           3  (LUT4=1 LUT6=1 OBUF=1)
  Clock Uncertainty:      0.025ns  ((TSJ^2 + TIJ^2)^1/2 + DJ) / 2 + PE
    Total System Jitter     (TSJ):    0.050ns
    Total Input Jitter      (TIJ):    0.000ns
    Discrete Jitter          (DJ):    0.000ns
    Phase Error              (PE):    0.000ns

    Location             Delay type                Incr(ns)  Path(ns)    Netlist Resource(s)
  -------------------------------------------------------------------    -------------------
                         (clock sys_clk_pin rise edge)
                                                      0.000     0.000 r  
    W5                                                0.000     0.000 r  clk (IN)
                         net (fo=0)                   0.000     0.000    clk
    W5                   IBUF (Prop_ibuf_I_O)         1.458     1.458 r  clk_IBUF_inst/O
                         net (fo=1, routed)           1.967     3.425    clk_IBUF
    BUFGCTRL_X0Y0        BUFG (Prop_bufg_I_O)         0.096     3.521 r  clk_IBUF_BUFG_inst/O
                         net (fo=60, routed)          1.619     5.140    clk_IBUF_BUFG
    SLICE_X59Y26         FDRE                                         r  d0_reg[3]/C
  -------------------------------------------------------------------    -------------------
    SLICE_X59Y26         FDRE (Prop_fdre_C_Q)         0.456     5.596 r  d0_reg[3]/Q
                         net (fo=5, routed)           1.013     6.609    d0[3]
    SLICE_X60Y24         LUT6 (Prop_lut6_I1_O)        0.124     6.733 r  seg_OBUF[6]_inst_i_2/O
                         net (fo=7, routed)           1.129     7.862    sel0[3]
    SLICE_X64Y22         LUT4 (Prop_lut4_I0_O)        0.124     7.986 r  seg_OBUF[6]_inst_i_1/O
                         net (fo=1, routed)           1.919     9.905    seg_OBUF[6]
    U7                   OBUF (Prop_obuf_I_O)         3.531    13.436 r  seg_OBUF[6]_inst/O
                         net (fo=0)                   0.000    13.436    seg[6]
    U7                                                                r  seg[6] (OUT)
  -------------------------------------------------------------------    -------------------

Slack:                    inf
  Source:                 d0_reg[1]/C
                            (rising edge-triggered cell FDRE clocked by sys_clk_pin  {rise@0.000ns fall@5.000ns period=10.000ns})
  Destination:            seg[4]
                            (output port)
  Path Group:             (none)
  Path Type:              Max at Slow Process Corner
  Data Path Delay:        8.279ns  (logic 4.286ns (51.767%)  route 3.993ns (48.233%))
  Logic Levels:           3  (LUT4=1 LUT6=1 OBUF=1)
  Clock Uncertainty:      0.025ns  ((TSJ^2 + TIJ^2)^1/2 + DJ) / 2 + PE
    Total System Jitter     (TSJ):    0.050ns
    Total Input Jitter      (TIJ):    0.000ns
    Discrete Jitter          (DJ):    0.000ns
    Phase Error              (PE):    0.000ns

    Location             Delay type                Incr(ns)  Path(ns)    Netlist Resource(s)
  -------------------------------------------------------------------    -------------------
                         (clock sys_clk_pin rise edge)
                                                      0.000     0.000 r  
    W5                                                0.000     0.000 r  clk (IN)
                         net (fo=0)                   0.000     0.000    clk
    W5                   IBUF (Prop_ibuf_I_O)         1.458     1.458 r  clk_IBUF_inst/O
                         net (fo=1, routed)           1.967     3.425    clk_IBUF
    BUFGCTRL_X0Y0        BUFG (Prop_bufg_I_O)         0.096     3.521 r  clk_IBUF_BUFG_inst/O
                         net (fo=60, routed)          1.619     5.140    clk_IBUF_BUFG
    SLICE_X60Y26         FDRE                                         r  d0_reg[1]/C
  -------------------------------------------------------------------    -------------------
    SLICE_X60Y26         FDRE (Prop_fdre_C_Q)         0.518     5.658 r  d0_reg[1]/Q
                         net (fo=6, routed)           1.019     6.678    d0[1]
    SLICE_X60Y24         LUT6 (Prop_lut6_I1_O)        0.124     6.802 r  seg_OBUF[6]_inst_i_5/O
                         net (fo=7, routed)           1.108     7.909    sel0[1]
    SLICE_X64Y22         LUT4 (Prop_lut4_I1_O)        0.124     8.033 r  seg_OBUF[4]_inst_i_1/O
                         net (fo=1, routed)           1.866     9.900    seg_OBUF[4]
    U5                   OBUF (Prop_obuf_I_O)         3.520    13.419 r  seg_OBUF[4]_inst/O
                         net (fo=0)                   0.000    13.419    seg[4]
    U5                                                                r  seg[4] (OUT)
  -------------------------------------------------------------------    -------------------

Slack:                    inf
  Source:                 d0_reg[2]/C
                            (rising edge-triggered cell FDRE clocked by sys_clk_pin  {rise@0.000ns fall@5.000ns period=10.000ns})
  Destination:            seg[1]
                            (output port)
  Path Group:             (none)
  Path Type:              Max at Slow Process Corner
  Data Path Delay:        8.115ns  (logic 4.657ns (57.391%)  route 3.458ns (42.609%))
  Logic Levels:           3  (LUT4=1 LUT6=1 OBUF=1)
  Clock Uncertainty:      0.025ns  ((TSJ^2 + TIJ^2)^1/2 + DJ) / 2 + PE
    Total System Jitter     (TSJ):    0.050ns
    Total Input Jitter      (TIJ):    0.000ns
    Discrete Jitter          (DJ):    0.000ns
    Phase Error              (PE):    0.000ns

    Location             Delay type                Incr(ns)  Path(ns)    Netlist Resource(s)
  -------------------------------------------------------------------    -------------------
                         (clock sys_clk_pin rise edge)
                                                      0.000     0.000 r  
    W5                                                0.000     0.000 r  clk (IN)
                         net (fo=0)                   0.000     0.000    clk
    W5                   IBUF (Prop_ibuf_I_O)         1.458     1.458 r  clk_IBUF_inst/O
                         net (fo=1, routed)           1.967     3.425    clk_IBUF
    BUFGCTRL_X0Y0        BUFG (Prop_bufg_I_O)         0.096     3.521 r  clk_IBUF_BUFG_inst/O
                         net (fo=60, routed)          1.619     5.140    clk_IBUF_BUFG
    SLICE_X60Y26         FDRE                                         r  d0_reg[2]/C
  -------------------------------------------------------------------    -------------------
    SLICE_X60Y26         FDRE (Prop_fdre_C_Q)         0.478     5.618 r  d0_reg[2]/Q
                         net (fo=6, routed)           1.038     6.656    d0[2]
    SLICE_X60Y24         LUT6 (Prop_lut6_I1_O)        0.296     6.952 r  seg_OBUF[6]_inst_i_4/O
                         net (fo=7, routed)           0.756     7.708    sel0[2]
    SLICE_X64Y23         LUT4 (Prop_lut4_I1_O)        0.150     7.858 r  seg_OBUF[1]_inst_i_1/O
                         net (fo=1, routed)           1.664     9.522    seg_OBUF[1]
    W6                   OBUF (Prop_obuf_I_O)         3.733    13.255 r  seg_OBUF[1]_inst/O
                         net (fo=0)                   0.000    13.255    seg[1]
    W6                                                                r  seg[1] (OUT)
  -------------------------------------------------------------------    -------------------

Slack:                    inf
  Source:                 d0_reg[1]/C
                            (rising edge-triggered cell FDRE clocked by sys_clk_pin  {rise@0.000ns fall@5.000ns period=10.000ns})
  Destination:            seg[2]
                            (output port)
  Path Group:             (none)
  Path Type:              Max at Slow Process Corner
  Data Path Delay:        8.102ns  (logic 4.301ns (53.089%)  route 3.801ns (46.911%))
  Logic Levels:           3  (LUT4=1 LUT6=1 OBUF=1)
  Clock Uncertainty:      0.025ns  ((TSJ^2 + TIJ^2)^1/2 + DJ) / 2 + PE
    Total System Jitter     (TSJ):    0.050ns
    Total Input Jitter      (TIJ):    0.000ns
    Discrete Jitter          (DJ):    0.000ns
    Phase Error              (PE):    0.000ns

    Location             Delay type                Incr(ns)  Path(ns)    Netlist Resource(s)
  -------------------------------------------------------------------    -------------------
                         (clock sys_clk_pin rise edge)
                                                      0.000     0.000 r  
    W5                                                0.000     0.000 r  clk (IN)
                         net (fo=0)                   0.000     0.000    clk
    W5                   IBUF (Prop_ibuf_I_O)         1.458     1.458 r  clk_IBUF_inst/O
                         net (fo=1, routed)           1.967     3.425    clk_IBUF
    BUFGCTRL_X0Y0        BUFG (Prop_bufg_I_O)         0.096     3.521 r  clk_IBUF_BUFG_inst/O
                         net (fo=60, routed)          1.619     5.140    clk_IBUF_BUFG
    SLICE_X60Y26         FDRE                                         r  d0_reg[1]/C
  -------------------------------------------------------------------    -------------------
    SLICE_X60Y26         FDRE (Prop_fdre_C_Q)         0.518     5.658 r  d0_reg[1]/Q
                         net (fo=6, routed)           1.019     6.678    d0[1]
    SLICE_X60Y24         LUT6 (Prop_lut6_I1_O)        0.124     6.802 r  seg_OBUF[6]_inst_i_5/O
                         net (fo=7, routed)           1.116     7.917    sel0[1]
    SLICE_X64Y22         LUT4 (Prop_lut4_I2_O)        0.124     8.041 r  seg_OBUF[2]_inst_i_1/O
                         net (fo=1, routed)           1.666     9.707    seg_OBUF[2]
    U8                   OBUF (Prop_obuf_I_O)         3.535    13.242 r  seg_OBUF[2]_inst/O
                         net (fo=0)                   0.000    13.242    seg[2]
    U8                                                                r  seg[2] (OUT)
  -------------------------------------------------------------------    -------------------

Slack:                    inf
  Source:                 d0_reg[2]/C
                            (rising edge-triggered cell FDRE clocked by sys_clk_pin  {rise@0.000ns fall@5.000ns period=10.000ns})
  Destination:            seg[0]
                            (output port)
  Path Group:             (none)
  Path Type:              Max at Slow Process Corner
  Data Path Delay:        7.876ns  (logic 4.409ns (55.977%)  route 3.467ns (44.023%))
  Logic Levels:           3  (LUT4=1 LUT6=1 OBUF=1)
  Clock Uncertainty:      0.025ns  ((TSJ^2 + TIJ^2)^1/2 + DJ) / 2 + PE
    Total System Jitter     (TSJ):    0.050ns
    Total Input Jitter      (TIJ):    0.000ns
    Discrete Jitter          (DJ):    0.000ns
    Phase Error              (PE):    0.000ns

    Location             Delay type                Incr(ns)  Path(ns)    Netlist Resource(s)
  -------------------------------------------------------------------    -------------------
                         (clock sys_clk_pin rise edge)
                                                      0.000     0.000 r  
    W5                                                0.000     0.000 r  clk (IN)
                         net (fo=0)                   0.000     0.000    clk
    W5                   IBUF (Prop_ibuf_I_O)         1.458     1.458 r  clk_IBUF_inst/O
                         net (fo=1, routed)           1.967     3.425    clk_IBUF
    BUFGCTRL_X0Y0        BUFG (Prop_bufg_I_O)         0.096     3.521 r  clk_IBUF_BUFG_inst/O
                         net (fo=60, routed)          1.619     5.140    clk_IBUF_BUFG
    SLICE_X60Y26         FDRE                                         r  d0_reg[2]/C
  -------------------------------------------------------------------    -------------------
    SLICE_X60Y26         FDRE (Prop_fdre_C_Q)         0.478     5.618 r  d0_reg[2]/Q
                         net (fo=6, routed)           1.038     6.656    d0[2]
    SLICE_X60Y24         LUT6 (Prop_lut6_I1_O)        0.296     6.952 r  seg_OBUF[6]_inst_i_4/O
                         net (fo=7, routed)           0.756     7.708    sel0[2]
    SLICE_X64Y23         LUT4 (Prop_lut4_I1_O)        0.124     7.832 r  seg_OBUF[0]_inst_i_1/O
                         net (fo=1, routed)           1.673     9.505    seg_OBUF[0]
    W7                   OBUF (Prop_obuf_I_O)         3.511    13.016 r  seg_OBUF[0]_inst/O
                         net (fo=0)                   0.000    13.016    seg[0]
    W7                                                                r  seg[0] (OUT)
  -------------------------------------------------------------------    -------------------

Slack:                    inf
  Source:                 scan_count_reg[14]/C
                            (rising edge-triggered cell FDRE clocked by sys_clk_pin  {rise@0.000ns fall@5.000ns period=10.000ns})
  Destination:            an[0]
                            (output port)
  Path Group:             (none)
  Path Type:              Max at Slow Process Corner
  Data Path Delay:        7.157ns  (logic 4.313ns (60.258%)  route 2.845ns (39.742%))
  Logic Levels:           2  (LUT2=1 OBUF=1)
  Clock Uncertainty:      0.025ns  ((TSJ^2 + TIJ^2)^1/2 + DJ) / 2 + PE
    Total System Jitter     (TSJ):    0.050ns
    Total Input Jitter      (TIJ):    0.000ns
    Discrete Jitter          (DJ):    0.000ns
    Phase Error              (PE):    0.000ns

    Location             Delay type                Incr(ns)  Path(ns)    Netlist Resource(s)
  -------------------------------------------------------------------    -------------------
                         (clock sys_clk_pin rise edge)
                                                      0.000     0.000 r  
    W5                                                0.000     0.000 r  clk (IN)
                         net (fo=0)                   0.000     0.000    clk
    W5                   IBUF (Prop_ibuf_I_O)         1.458     1.458 r  clk_IBUF_inst/O
                         net (fo=1, routed)           1.967     3.425    clk_IBUF
    BUFGCTRL_X0Y0        BUFG (Prop_bufg_I_O)         0.096     3.521 r  clk_IBUF_BUFG_inst/O
                         net (fo=60, routed)          1.617     5.138    clk_IBUF_BUFG
    SLICE_X59Y24         FDRE                                         r  scan_count_reg[14]/C
  -------------------------------------------------------------------    -------------------
    SLICE_X59Y24         FDRE (Prop_fdre_C_Q)         0.456     5.594 r  scan_count_reg[14]/Q
                         net (fo=9, routed)           0.977     6.572    sel[0]
    SLICE_X60Y26         LUT2 (Prop_lut2_I1_O)        0.150     6.722 r  an_OBUF[0]_inst_i_1/O
                         net (fo=1, routed)           1.867     8.589    an_OBUF[0]
    U2                   OBUF (Prop_obuf_I_O)         3.707    12.296 r  an_OBUF[0]_inst/O
                         net (fo=0)                   0.000    12.296    an[0]
    U2                                                                r  an[0] (OUT)
  -------------------------------------------------------------------    -------------------

Slack:                    inf
  Source:                 scan_count_reg[14]/C
                            (rising edge-triggered cell FDRE clocked by sys_clk_pin  {rise@0.000ns fall@5.000ns period=10.000ns})
  Destination:            an[3]
                            (output port)
  Path Group:             (none)
  Path Type:              Max at Slow Process Corner
  Data Path Delay:        7.148ns  (logic 4.340ns (60.723%)  route 2.807ns (39.277%))
  Logic Levels:           2  (LUT2=1 OBUF=1)
  Clock Uncertainty:      0.025ns  ((TSJ^2 + TIJ^2)^1/2 + DJ) / 2 + PE
    Total System Jitter     (TSJ):    0.050ns
    Total Input Jitter      (TIJ):    0.000ns
    Discrete Jitter          (DJ):    0.000ns
    Phase Error              (PE):    0.000ns

    Location             Delay type                Incr(ns)  Path(ns)    Netlist Resource(s)
  -------------------------------------------------------------------    -------------------
                         (clock sys_clk_pin rise edge)
                                                      0.000     0.000 r  
    W5                                                0.000     0.000 r  clk (IN)
                         net (fo=0)                   0.000     0.000    clk
    W5                   IBUF (Prop_ibuf_I_O)         1.458     1.458 r  clk_IBUF_inst/O
                         net (fo=1, routed)           1.967     3.425    clk_IBUF
    BUFGCTRL_X0Y0        BUFG (Prop_bufg_I_O)         0.096     3.521 r  clk_IBUF_BUFG_inst/O
                         net (fo=60, routed)          1.617     5.138    clk_IBUF_BUFG
    SLICE_X59Y24         FDRE                                         r  scan_count_reg[14]/C
  -------------------------------------------------------------------    -------------------
    SLICE_X59Y24         FDRE (Prop_fdre_C_Q)         0.456     5.594 f  scan_count_reg[14]/Q
                         net (fo=9, routed)           0.974     6.569    sel[0]
    SLICE_X60Y26         LUT2 (Prop_lut2_I1_O)        0.150     6.719 r  an_OBUF[3]_inst_i_1/O
                         net (fo=1, routed)           1.833     8.552    an_OBUF[3]
    W4                   OBUF (Prop_obuf_I_O)         3.734    12.286 r  an_OBUF[3]_inst/O
                         net (fo=0)                   0.000    12.286    an[3]
    W4                                                                r  an[3] (OUT)
  -------------------------------------------------------------------    -------------------

Slack:                    inf
  Source:                 scan_count_reg[14]/C
                            (rising edge-triggered cell FDRE clocked by sys_clk_pin  {rise@0.000ns fall@5.000ns period=10.000ns})
  Destination:            an[1]
                            (output port)
  Path Group:             (none)
  Path Type:              Max at Slow Process Corner
  Data Path Delay:        6.882ns  (logic 4.079ns (59.270%)  route 2.803ns (40.730%))
  Logic Levels:           2  (LUT2=1 OBUF=1)
  Clock Uncertainty:      0.025ns  ((TSJ^2 + TIJ^2)^1/2 + DJ) / 2 + PE
    Total System Jitter     (TSJ):    0.050ns
    Total Input Jitter      (TIJ):    0.000ns
    Discrete Jitter          (DJ):    0.000ns
    Phase Error              (PE):    0.000ns

    Location             Delay type                Incr(ns)  Path(ns)    Netlist Resource(s)
  -------------------------------------------------------------------    -------------------
                         (clock sys_clk_pin rise edge)
                                                      0.000     0.000 r  
    W5                                                0.000     0.000 r  clk (IN)
                         net (fo=0)                   0.000     0.000    clk
    W5                   IBUF (Prop_ibuf_I_O)         1.458     1.458 r  clk_IBUF_inst/O
                         net (fo=1, routed)           1.967     3.425    clk_IBUF
    BUFGCTRL_X0Y0        BUFG (Prop_bufg_I_O)         0.096     3.521 r  clk_IBUF_BUFG_inst/O
                         net (fo=60, routed)          1.617     5.138    clk_IBUF_BUFG
    SLICE_X59Y24         FDRE                                         r  scan_count_reg[14]/C
  -------------------------------------------------------------------    -------------------
    SLICE_X59Y24         FDRE (Prop_fdre_C_Q)         0.456     5.594 f  scan_count_reg[14]/Q
                         net (fo=9, routed)           0.977     6.572    sel[0]
    SLICE_X60Y26         LUT2 (Prop_lut2_I1_O)        0.124     6.696 r  an_OBUF[1]_inst_i_1/O
                         net (fo=1, routed)           1.826     8.521    an_OBUF[1]
    U4                   OBUF (Prop_obuf_I_O)         3.499    12.021 r  an_OBUF[1]_inst/O
                         net (fo=0)                   0.000    12.021    an[1]
    U4                                                                r  an[1] (OUT)
  -------------------------------------------------------------------    -------------------





Min Delay Paths
--------------------------------------------------------------------------------------
Slack:                    inf
  Source:                 d3_reg[1]/C
                            (rising edge-triggered cell FDRE clocked by sys_clk_pin  {rise@0.000ns fall@5.000ns period=10.000ns})
  Destination:            seg[0]
                            (output port)
  Path Group:             (none)
  Path Type:              Min at Fast Process Corner
  Data Path Delay:        2.071ns  (logic 1.443ns (69.660%)  route 0.628ns (30.340%))
  Logic Levels:           3  (LUT4=1 LUT6=1 OBUF=1)
  Clock Uncertainty:      0.025ns  ((TSJ^2 + TIJ^2)^1/2 + DJ) / 2 + PE
    Total System Jitter     (TSJ):    0.050ns
    Total Input Jitter      (TIJ):    0.000ns
    Discrete Jitter          (DJ):    0.000ns
    Phase Error              (PE):    0.000ns

    Location             Delay type                Incr(ns)  Path(ns)    Netlist Resource(s)
  -------------------------------------------------------------------    -------------------
                         (clock sys_clk_pin rise edge)
                                                      0.000     0.000 r  
    W5                                                0.000     0.000 r  clk (IN)
                         net (fo=0)                   0.000     0.000    clk
    W5                   IBUF (Prop_ibuf_I_O)         0.226     0.226 r  clk_IBUF_inst/O
                         net (fo=1, routed)           0.631     0.858    clk_IBUF
    BUFGCTRL_X0Y0        BUFG (Prop_bufg_I_O)         0.026     0.884 r  clk_IBUF_BUFG_inst/O
                         net (fo=60, routed)          0.581     1.464    clk_IBUF_BUFG
    SLICE_X61Y24         FDRE                                         r  d3_reg[1]/C
  -------------------------------------------------------------------    -------------------
    SLICE_X61Y24         FDRE (Prop_fdre_C_Q)         0.141     1.605 r  d3_reg[1]/Q
                         net (fo=4, routed)           0.074     1.679    d3_reg_n_0_[1]
    SLICE_X60Y24         LUT6 (Prop_lut6_I2_O)        0.045     1.724 r  seg_OBUF[6]_inst_i_5/O
                         net (fo=7, routed)           0.226     1.950    sel0[1]
    SLICE_X64Y23         LUT4 (Prop_lut4_I3_O)        0.045     1.995 r  seg_OBUF[0]_inst_i_1/O
                         net (fo=1, routed)           0.328     2.324    seg_OBUF[0]
    W7                   OBUF (Prop_obuf_I_O)         1.212     3.535 r  seg_OBUF[0]_inst/O
                         net (fo=0)                   0.000     3.535    seg[0]
    W7                                                                r  seg[0] (OUT)
  -------------------------------------------------------------------    -------------------

Slack:                    inf
  Source:                 scan_count_reg[15]/C
                            (rising edge-triggered cell FDRE clocked by sys_clk_pin  {rise@0.000ns fall@5.000ns period=10.000ns})
  Destination:            an[2]
                            (output port)
  Path Group:             (none)
  Path Type:              Min at Fast Process Corner
  Data Path Delay:        2.071ns  (logic 1.410ns (68.074%)  route 0.661ns (31.926%))
  Logic Levels:           2  (LUT2=1 OBUF=1)
  Clock Uncertainty:      0.025ns  ((TSJ^2 + TIJ^2)^1/2 + DJ) / 2 + PE
    Total System Jitter     (TSJ):    0.050ns
    Total Input Jitter      (TIJ):    0.000ns
    Discrete Jitter          (DJ):    0.000ns
    Phase Error              (PE):    0.000ns

    Location             Delay type                Incr(ns)  Path(ns)    Netlist Resource(s)
  -------------------------------------------------------------------    -------------------
                         (clock sys_clk_pin rise edge)
                                                      0.000     0.000 r  
    W5                                                0.000     0.000 r  clk (IN)
                         net (fo=0)                   0.000     0.000    clk
    W5                   IBUF (Prop_ibuf_I_O)         0.226     0.226 r  clk_IBUF_inst/O
                         net (fo=1, routed)           0.631     0.858    clk_IBUF
    BUFGCTRL_X0Y0        BUFG (Prop_bufg_I_O)         0.026     0.884 r  clk_IBUF_BUFG_inst/O
                         net (fo=60, routed)          0.581     1.464    clk_IBUF_BUFG
    SLICE_X59Y24         FDRE                                         r  scan_count_reg[15]/C
  -------------------------------------------------------------------    -------------------
    SLICE_X59Y24         FDRE (Prop_fdre_C_Q)         0.141     1.605 f  scan_count_reg[15]/Q
                         net (fo=9, routed)           0.326     1.931    sel[1]
    SLICE_X60Y26         LUT2 (Prop_lut2_I1_O)        0.045     1.976 r  an_OBUF[2]_inst_i_1/O
                         net (fo=1, routed)           0.335     2.311    an_OBUF[2]
    V4                   OBUF (Prop_obuf_I_O)         1.224     3.535 r  an_OBUF[2]_inst/O
                         net (fo=0)                   0.000     3.535    an[2]
    V4                                                                r  an[2] (OUT)
  -------------------------------------------------------------------    -------------------

Slack:                    inf
  Source:                 scan_count_reg[15]/C
                            (rising edge-triggered cell FDRE clocked by sys_clk_pin  {rise@0.000ns fall@5.000ns period=10.000ns})
  Destination:            an[1]
                            (output port)
  Path Group:             (none)
  Path Type:              Min at Fast Process Corner
  Data Path Delay:        2.104ns  (logic 1.386ns (65.895%)  route 0.717ns (34.105%))
  Logic Levels:           2  (LUT2=1 OBUF=1)
  Clock Uncertainty:      0.025ns  ((TSJ^2 + TIJ^2)^1/2 + DJ) / 2 + PE
    Total System Jitter     (TSJ):    0.050ns
    Total Input Jitter      (TIJ):    0.000ns
    Discrete Jitter          (DJ):    0.000ns
    Phase Error              (PE):    0.000ns

    Location             Delay type                Incr(ns)  Path(ns)    Netlist Resource(s)
  -------------------------------------------------------------------    -------------------
                         (clock sys_clk_pin rise edge)
                                                      0.000     0.000 r  
    W5                                                0.000     0.000 r  clk (IN)
                         net (fo=0)                   0.000     0.000    clk
    W5                   IBUF (Prop_ibuf_I_O)         0.226     0.226 r  clk_IBUF_inst/O
                         net (fo=1, routed)           0.631     0.858    clk_IBUF
    BUFGCTRL_X0Y0        BUFG (Prop_bufg_I_O)         0.026     0.884 r  clk_IBUF_BUFG_inst/O
                         net (fo=60, routed)          0.581     1.464    clk_IBUF_BUFG
    SLICE_X59Y24         FDRE                                         r  scan_count_reg[15]/C
  -------------------------------------------------------------------    -------------------
    SLICE_X59Y24         FDRE (Prop_fdre_C_Q)         0.141     1.605 r  scan_count_reg[15]/Q
                         net (fo=9, routed)           0.326     1.931    sel[1]
    SLICE_X60Y26         LUT2 (Prop_lut2_I0_O)        0.045     1.976 r  an_OBUF[1]_inst_i_1/O
                         net (fo=1, routed)           0.392     2.368    an_OBUF[1]
    U4                   OBUF (Prop_obuf_I_O)         1.200     3.568 r  an_OBUF[1]_inst/O
                         net (fo=0)                   0.000     3.568    an[1]
    U4                                                                r  an[1] (OUT)
  -------------------------------------------------------------------    -------------------

Slack:                    inf
  Source:                 d3_reg[1]/C
                            (rising edge-triggered cell FDRE clocked by sys_clk_pin  {rise@0.000ns fall@5.000ns period=10.000ns})
  Destination:            seg[1]
                            (output port)
  Path Group:             (none)
  Path Type:              Min at Fast Process Corner
  Data Path Delay:        2.165ns  (logic 1.530ns (70.677%)  route 0.635ns (29.323%))
  Logic Levels:           3  (LUT4=1 LUT6=1 OBUF=1)
  Clock Uncertainty:      0.025ns  ((TSJ^2 + TIJ^2)^1/2 + DJ) / 2 + PE
    Total System Jitter     (TSJ):    0.050ns
    Total Input Jitter      (TIJ):    0.000ns
    Discrete Jitter          (DJ):    0.000ns
    Phase Error              (PE):    0.000ns

    Location             Delay type                Incr(ns)  Path(ns)    Netlist Resource(s)
  -------------------------------------------------------------------    -------------------
                         (clock sys_clk_pin rise edge)
                                                      0.000     0.000 r  
    W5                                                0.000     0.000 r  clk (IN)
                         net (fo=0)                   0.000     0.000    clk
    W5                   IBUF (Prop_ibuf_I_O)         0.226     0.226 r  clk_IBUF_inst/O
                         net (fo=1, routed)           0.631     0.858    clk_IBUF
    BUFGCTRL_X0Y0        BUFG (Prop_bufg_I_O)         0.026     0.884 r  clk_IBUF_BUFG_inst/O
                         net (fo=60, routed)          0.581     1.464    clk_IBUF_BUFG
    SLICE_X61Y24         FDRE                                         r  d3_reg[1]/C
  -------------------------------------------------------------------    -------------------
    SLICE_X61Y24         FDRE (Prop_fdre_C_Q)         0.141     1.605 r  d3_reg[1]/Q
                         net (fo=4, routed)           0.074     1.679    d3_reg_n_0_[1]
    SLICE_X60Y24         LUT6 (Prop_lut6_I2_O)        0.045     1.724 r  seg_OBUF[6]_inst_i_5/O
                         net (fo=7, routed)           0.226     1.950    sel0[1]
    SLICE_X64Y23         LUT4 (Prop_lut4_I2_O)        0.048     1.998 r  seg_OBUF[1]_inst_i_1/O
                         net (fo=1, routed)           0.335     2.333    seg_OBUF[1]
    W6                   OBUF (Prop_obuf_I_O)         1.296     3.629 r  seg_OBUF[1]_inst/O
                         net (fo=0)                   0.000     3.629    seg[1]
    W6                                                                r  seg[1] (OUT)
  -------------------------------------------------------------------    -------------------

Slack:                    inf
  Source:                 scan_count_reg[15]/C
                            (rising edge-triggered cell FDRE clocked by sys_clk_pin  {rise@0.000ns fall@5.000ns period=10.000ns})
  Destination:            an[0]
                            (output port)
  Path Group:             (none)
  Path Type:              Min at Fast Process Corner
  Data Path Delay:        2.188ns  (logic 1.454ns (66.459%)  route 0.734ns (33.541%))
  Logic Levels:           2  (LUT2=1 OBUF=1)
  Clock Uncertainty:      0.025ns  ((TSJ^2 + TIJ^2)^1/2 + DJ) / 2 + PE
    Total System Jitter     (TSJ):    0.050ns
    Total Input Jitter      (TIJ):    0.000ns
    Discrete Jitter          (DJ):    0.000ns
    Phase Error              (PE):    0.000ns

    Location             Delay type                Incr(ns)  Path(ns)    Netlist Resource(s)
  -------------------------------------------------------------------    -------------------
                         (clock sys_clk_pin rise edge)
                                                      0.000     0.000 r  
    W5                                                0.000     0.000 r  clk (IN)
                         net (fo=0)                   0.000     0.000    clk
    W5                   IBUF (Prop_ibuf_I_O)         0.226     0.226 r  clk_IBUF_inst/O
                         net (fo=1, routed)           0.631     0.858    clk_IBUF
    BUFGCTRL_X0Y0        BUFG (Prop_bufg_I_O)         0.026     0.884 r  clk_IBUF_BUFG_inst/O
                         net (fo=60, routed)          0.581     1.464    clk_IBUF_BUFG
    SLICE_X59Y24         FDRE                                         r  scan_count_reg[15]/C
  -------------------------------------------------------------------    -------------------
    SLICE_X59Y24         FDRE (Prop_fdre_C_Q)         0.141     1.605 r  scan_count_reg[15]/Q
                         net (fo=9, routed)           0.326     1.931    sel[1]
    SLICE_X60Y26         LUT2 (Prop_lut2_I0_O)        0.043     1.974 r  an_OBUF[0]_inst_i_1/O
                         net (fo=1, routed)           0.408     2.382    an_OBUF[0]
    U2                   OBUF (Prop_obuf_I_O)         1.270     3.652 r  an_OBUF[0]_inst/O
                         net (fo=0)                   0.000     3.652    an[0]
    U2                                                                r  an[0] (OUT)
  -------------------------------------------------------------------    -------------------

Slack:                    inf
  Source:                 scan_count_reg[15]/C
                            (rising edge-triggered cell FDRE clocked by sys_clk_pin  {rise@0.000ns fall@5.000ns period=10.000ns})
  Destination:            an[3]
                            (output port)
  Path Group:             (none)
  Path Type:              Min at Fast Process Corner
  Data Path Delay:        2.190ns  (logic 1.468ns (67.044%)  route 0.722ns (32.956%))
  Logic Levels:           2  (LUT2=1 OBUF=1)
  Clock Uncertainty:      0.025ns  ((TSJ^2 + TIJ^2)^1/2 + DJ) / 2 + PE
    Total System Jitter     (TSJ):    0.050ns
    Total Input Jitter      (TIJ):    0.000ns
    Discrete Jitter          (DJ):    0.000ns
    Phase Error              (PE):    0.000ns

    Location             Delay type                Incr(ns)  Path(ns)    Netlist Resource(s)
  -------------------------------------------------------------------    -------------------
                         (clock sys_clk_pin rise edge)
                                                      0.000     0.000 r  
    W5                                                0.000     0.000 r  clk (IN)
                         net (fo=0)                   0.000     0.000    clk
    W5                   IBUF (Prop_ibuf_I_O)         0.226     0.226 r  clk_IBUF_inst/O
                         net (fo=1, routed)           0.631     0.858    clk_IBUF
    BUFGCTRL_X0Y0        BUFG (Prop_bufg_I_O)         0.026     0.884 r  clk_IBUF_BUFG_inst/O
                         net (fo=60, routed)          0.581     1.464    clk_IBUF_BUFG
    SLICE_X59Y24         FDRE                                         r  scan_count_reg[15]/C
  -------------------------------------------------------------------    -------------------
    SLICE_X59Y24         FDRE (Prop_fdre_C_Q)         0.141     1.605 f  scan_count_reg[15]/Q
                         net (fo=9, routed)           0.326     1.931    sel[1]
    SLICE_X60Y26         LUT2 (Prop_lut2_I0_O)        0.043     1.974 r  an_OBUF[3]_inst_i_1/O
                         net (fo=1, routed)           0.396     2.370    an_OBUF[3]
    W4                   OBUF (Prop_obuf_I_O)         1.284     3.654 r  an_OBUF[3]_inst/O
                         net (fo=0)                   0.000     3.654    an[3]
    W4                                                                r  an[3] (OUT)
  -------------------------------------------------------------------    -------------------

Slack:                    inf
  Source:                 d3_reg[1]/C
                            (rising edge-triggered cell FDRE clocked by sys_clk_pin  {rise@0.000ns fall@5.000ns period=10.000ns})
  Destination:            seg[6]
                            (output port)
  Path Group:             (none)
  Path Type:              Min at Fast Process Corner
  Data Path Delay:        2.206ns  (logic 1.463ns (66.328%)  route 0.743ns (33.672%))
  Logic Levels:           3  (LUT4=1 LUT6=1 OBUF=1)
  Clock Uncertainty:      0.025ns  ((TSJ^2 + TIJ^2)^1/2 + DJ) / 2 + PE
    Total System Jitter     (TSJ):    0.050ns
    Total Input Jitter      (TIJ):    0.000ns
    Discrete Jitter          (DJ):    0.000ns
    Phase Error              (PE):    0.000ns

    Location             Delay type                Incr(ns)  Path(ns)    Netlist Resource(s)
  -------------------------------------------------------------------    -------------------
                         (clock sys_clk_pin rise edge)
                                                      0.000     0.000 r  
    W5                                                0.000     0.000 r  clk (IN)
                         net (fo=0)                   0.000     0.000    clk
    W5                   IBUF (Prop_ibuf_I_O)         0.226     0.226 r  clk_IBUF_inst/O
                         net (fo=1, routed)           0.631     0.858    clk_IBUF
    BUFGCTRL_X0Y0        BUFG (Prop_bufg_I_O)         0.026     0.884 r  clk_IBUF_BUFG_inst/O
                         net (fo=60, routed)          0.581     1.464    clk_IBUF_BUFG
    SLICE_X61Y24         FDRE                                         r  d3_reg[1]/C
  -------------------------------------------------------------------    -------------------
    SLICE_X61Y24         FDRE (Prop_fdre_C_Q)         0.141     1.605 r  d3_reg[1]/Q
                         net (fo=4, routed)           0.074     1.679    d3_reg_n_0_[1]
    SLICE_X60Y24         LUT6 (Prop_lut6_I2_O)        0.045     1.724 r  seg_OBUF[6]_inst_i_5/O
                         net (fo=7, routed)           0.228     1.952    sel0[1]
    SLICE_X64Y22         LUT4 (Prop_lut4_I3_O)        0.045     1.997 r  seg_OBUF[6]_inst_i_1/O
                         net (fo=1, routed)           0.441     2.438    seg_OBUF[6]
    U7                   OBUF (Prop_obuf_I_O)         1.232     3.670 r  seg_OBUF[6]_inst/O
                         net (fo=0)                   0.000     3.670    seg[6]
    U7                                                                r  seg[6] (OUT)
  -------------------------------------------------------------------    -------------------

Slack:                    inf
  Source:                 scan_count_reg[15]/C
                            (rising edge-triggered cell FDRE clocked by sys_clk_pin  {rise@0.000ns fall@5.000ns period=10.000ns})
  Destination:            seg[2]
                            (output port)
  Path Group:             (none)
  Path Type:              Min at Fast Process Corner
  Data Path Delay:        2.271ns  (logic 1.467ns (64.587%)  route 0.804ns (35.413%))
  Logic Levels:           3  (LUT4=1 LUT6=1 OBUF=1)
  Clock Uncertainty:      0.025ns  ((TSJ^2 + TIJ^2)^1/2 + DJ) / 2 + PE
    Total System Jitter     (TSJ):    0.050ns
    Total Input Jitter      (TIJ):    0.000ns
    Discrete Jitter          (DJ):    0.000ns
    Phase Error              (PE):    0.000ns

    Location             Delay type                Incr(ns)  Path(ns)    Netlist Resource(s)
  -------------------------------------------------------------------    -------------------
                         (clock sys_clk_pin rise edge)
                                                      0.000     0.000 r  
    W5                                                0.000     0.000 r  clk (IN)
                         net (fo=0)                   0.000     0.000    clk
    W5                   IBUF (Prop_ibuf_I_O)         0.226     0.226 r  clk_IBUF_inst/O
                         net (fo=1, routed)           0.631     0.858    clk_IBUF
    BUFGCTRL_X0Y0        BUFG (Prop_bufg_I_O)         0.026     0.884 r  clk_IBUF_BUFG_inst/O
                         net (fo=60, routed)          0.581     1.464    clk_IBUF_BUFG
    SLICE_X59Y24         FDRE                                         r  scan_count_reg[15]/C
  -------------------------------------------------------------------    -------------------
    SLICE_X59Y24         FDRE (Prop_fdre_C_Q)         0.141     1.605 r  scan_count_reg[15]/Q
                         net (fo=9, routed)           0.151     1.756    sel[1]
    SLICE_X60Y24         LUT6 (Prop_lut6_I3_O)        0.045     1.801 r  seg_OBUF[6]_inst_i_4/O
                         net (fo=7, routed)           0.321     2.122    sel0[2]
    SLICE_X64Y22         LUT4 (Prop_lut4_I3_O)        0.045     2.167 r  seg_OBUF[2]_inst_i_1/O
                         net (fo=1, routed)           0.333     2.499    seg_OBUF[2]
    U8                   OBUF (Prop_obuf_I_O)         1.236     3.735 r  seg_OBUF[2]_inst/O
                         net (fo=0)                   0.000     3.735    seg[2]
    U8                                                                r  seg[2] (OUT)
  -------------------------------------------------------------------    -------------------

Slack:                    inf
  Source:                 scan_count_reg[15]/C
                            (rising edge-triggered cell FDRE clocked by sys_clk_pin  {rise@0.000ns fall@5.000ns period=10.000ns})
  Destination:            seg[4]
                            (output port)
  Path Group:             (none)
  Path Type:              Min at Fast Process Corner
  Data Path Delay:        2.328ns  (logic 1.452ns (62.369%)  route 0.876ns (37.631%))
  Logic Levels:           3  (LUT4=1 LUT6=1 OBUF=1)
  Clock Uncertainty:      0.025ns  ((TSJ^2 + TIJ^2)^1/2 + DJ) / 2 + PE
    Total System Jitter     (TSJ):    0.050ns
    Total Input Jitter      (TIJ):    0.000ns
    Discrete Jitter          (DJ):    0.000ns
    Phase Error              (PE):    0.000ns

    Location             Delay type                Incr(ns)  Path(ns)    Netlist Resource(s)
  -------------------------------------------------------------------    -------------------
                         (clock sys_clk_pin rise edge)
                                                      0.000     0.000 r  
    W5                                                0.000     0.000 r  clk (IN)
                         net (fo=0)                   0.000     0.000    clk
    W5                   IBUF (Prop_ibuf_I_O)         0.226     0.226 r  clk_IBUF_inst/O
                         net (fo=1, routed)           0.631     0.858    clk_IBUF
    BUFGCTRL_X0Y0        BUFG (Prop_bufg_I_O)         0.026     0.884 r  clk_IBUF_BUFG_inst/O
                         net (fo=60, routed)          0.581     1.464    clk_IBUF_BUFG
    SLICE_X59Y24         FDRE                                         r  scan_count_reg[15]/C
  -------------------------------------------------------------------    -------------------
    SLICE_X59Y24         FDRE (Prop_fdre_C_Q)         0.141     1.605 r  scan_count_reg[15]/Q
                         net (fo=9, routed)           0.151     1.756    sel[1]
    SLICE_X60Y24         LUT6 (Prop_lut6_I3_O)        0.045     1.801 r  seg_OBUF[6]_inst_i_4/O
                         net (fo=7, routed)           0.320     2.121    sel0[2]
    SLICE_X64Y22         LUT4 (Prop_lut4_I2_O)        0.045     2.166 r  seg_OBUF[4]_inst_i_1/O
                         net (fo=1, routed)           0.405     2.571    seg_OBUF[4]
    U5                   OBUF (Prop_obuf_I_O)         1.221     3.792 r  seg_OBUF[4]_inst/O
                         net (fo=0)                   0.000     3.792    seg[4]
    U5                                                                r  seg[4] (OUT)
  -------------------------------------------------------------------    -------------------

Slack:                    inf
  Source:                 scan_count_reg[15]/C
                            (rising edge-triggered cell FDRE clocked by sys_clk_pin  {rise@0.000ns fall@5.000ns period=10.000ns})
  Destination:            seg[3]
                            (output port)
  Path Group:             (none)
  Path Type:              Min at Fast Process Corner
  Data Path Delay:        2.334ns  (logic 1.534ns (65.746%)  route 0.799ns (34.254%))
  Logic Levels:           3  (LUT4=1 LUT6=1 OBUF=1)
  Clock Uncertainty:      0.025ns  ((TSJ^2 + TIJ^2)^1/2 + DJ) / 2 + PE
    Total System Jitter     (TSJ):    0.050ns
    Total Input Jitter      (TIJ):    0.000ns
    Discrete Jitter          (DJ):    0.000ns
    Phase Error              (PE):    0.000ns

    Location             Delay type                Incr(ns)  Path(ns)    Netlist Resource(s)
  -------------------------------------------------------------------    -------------------
                         (clock sys_clk_pin rise edge)
                                                      0.000     0.000 r  
    W5                                                0.000     0.000 r  clk (IN)
                         net (fo=0)                   0.000     0.000    clk
    W5                   IBUF (Prop_ibuf_I_O)         0.226     0.226 r  clk_IBUF_inst/O
                         net (fo=1, routed)           0.631     0.858    clk_IBUF
    BUFGCTRL_X0Y0        BUFG (Prop_bufg_I_O)         0.026     0.884 r  clk_IBUF_BUFG_inst/O
                         net (fo=60, routed)          0.581     1.464    clk_IBUF_BUFG
    SLICE_X59Y24         FDRE                                         r  scan_count_reg[15]/C
  -------------------------------------------------------------------    -------------------
    SLICE_X59Y24         FDRE (Prop_fdre_C_Q)         0.141     1.605 r  scan_count_reg[15]/Q
                         net (fo=9, routed)           0.151     1.756    sel[1]
    SLICE_X60Y24         LUT6 (Prop_lut6_I3_O)        0.045     1.801 r  seg_OBUF[6]_inst_i_4/O
                         net (fo=7, routed)           0.321     2.122    sel0[2]
    SLICE_X64Y22         LUT4 (Prop_lut4_I1_O)        0.046     2.168 r  seg_OBUF[3]_inst_i_1/O
                         net (fo=1, routed)           0.328     2.496    seg_OBUF[3]
    V8                   OBUF (Prop_obuf_I_O)         1.302     3.798 r  seg_OBUF[3]_inst/O
                         net (fo=0)                   0.000     3.798    seg[3]
    V8                                                                r  seg[3] (OUT)
  -------------------------------------------------------------------    -------------------





