Copyright 1986-2022 Xilinx, Inc. All Rights Reserved.
---------------------------------------------------------------------------------------------------------------------------------------------------------------------------------------------------------
| Tool Version : Vivado v.2022.1 (win64) Build 3526262 Mon Apr 18 15:48:16 MDT 2022
| Date         : Thu May 14 17:52:07 2026
| Host         : DESKTOP-TM7VUND running 64-bit major release  (build 9200)
| Command      : report_timing_summary -max_paths 10 -report_unconstrained -file req1_timing_summary_routed.rpt -pb req1_timing_summary_routed.pb -rpx req1_timing_summary_routed.rpx -warn_on_violation
| Design       : req1
| Device       : 7a35t-cpg236
| Speed File   : -1  PRODUCTION 1.23 2018-06-13
---------------------------------------------------------------------------------------------------------------------------------------------------------------------------------------------------------

Timing Summary Report

------------------------------------------------------------------------------------------------
| Timer Settings
| --------------
------------------------------------------------------------------------------------------------

  Enable Multi Corner Analysis               :  Yes
  Enable Pessimism Removal                   :  Yes
  Pessimism Removal Resolution               :  Nearest Common Node
  Enable Input Delay Default Clock           :  No
  Enable Preset / Clear Arcs                 :  No
  Disable Flight Delays                      :  No
  Ignore I/O Paths                           :  No
  Timing Early Launch at Borrowing Latches   :  No
  Borrow Time for Max Delay Exceptions       :  Yes
  Merge Timing Exceptions                    :  Yes

  Corner  Analyze    Analyze    
  Name    Max Paths  Min Paths  
  ------  ---------  ---------  
  Slow    Yes        Yes        
  Fast    Yes        Yes        


------------------------------------------------------------------------------------------------
| Report Methodology
| ------------------
------------------------------------------------------------------------------------------------

Rule       Severity  Description                    Violations  
---------  --------  -----------------------------  ----------  
TIMING-18  Warning   Missing input or output delay  26          

Note: This report is based on the most recent report_methodology run and may not be up-to-date. Run report_methodology on the current design for the latest report.



check_timing report

Table of Contents
-----------------
1. checking no_clock (0)
2. checking constant_clock (0)
3. checking pulse_width_clock (0)
4. checking unconstrained_internal_endpoints (0)
5. checking no_input_delay (11)
6. checking no_output_delay (11)
7. checking multiple_clock (0)
8. checking generated_clocks (0)
9. checking loops (0)
10. checking partial_input_delay (0)
11. checking partial_output_delay (0)
12. checking latch_loops (0)

1. checking no_clock (0)
------------------------
 There are 0 register/latch pins with no clock.


2. checking constant_clock (0)
------------------------------
 There are 0 register/latch pins with constant_clock.


3. checking pulse_width_clock (0)
---------------------------------
 There are 0 register/latch pins which need pulse_width check


4. checking unconstrained_internal_endpoints (0)
------------------------------------------------
 There are 0 pins that are not constrained for maximum delay.

 There are 0 pins that are not constrained for maximum delay due to constant clock.


5. checking no_input_delay (11)
-------------------------------
 There are 11 input ports with no input delay specified. (HIGH)

 There are 0 input ports with no input delay but user has a false path constraint.


6. checking no_output_delay (11)
--------------------------------
 There are 11 ports with no output delay specified. (HIGH)

 There are 0 ports with no output delay but user has a false path constraint

 There are 0 ports with no output delay but with a timing clock defined on it or propagating through it


7. checking multiple_clock (0)
------------------------------
 There are 0 register/latch pins with multiple clocks.


8. checking generated_clocks (0)
--------------------------------
 There are 0 generated clocks that are not connected to a clock source.


9. checking loops (0)
---------------------
 There are 0 combinational loops in the design.


10. checking partial_input_delay (0)
------------------------------------
 There are 0 input ports with partial input delay specified.


11. checking partial_output_delay (0)
-------------------------------------
 There are 0 ports with partial output delay specified.


12. checking latch_loops (0)
----------------------------
 There are 0 combinational latch loops in the design through latch input



------------------------------------------------------------------------------------------------
| Design Timing Summary
| ---------------------
------------------------------------------------------------------------------------------------

    WNS(ns)      TNS(ns)  TNS Failing Endpoints  TNS Total Endpoints      WHS(ns)      THS(ns)  THS Failing Endpoints  THS Total Endpoints     WPWS(ns)     TPWS(ns)  TPWS Failing Endpoints  TPWS Total Endpoints  
    -------      -------  ---------------------  -------------------      -------      -------  ---------------------  -------------------     --------     --------  ----------------------  --------------------  
      7.461        0.000                      0                   19        0.308        0.000                      0                   19        4.500        0.000                       0                    36  


All user specified timing constraints are met.


------------------------------------------------------------------------------------------------
| Clock Summary
| -------------
------------------------------------------------------------------------------------------------

Clock        Waveform(ns)       Period(ns)      Frequency(MHz)
-----        ------------       ----------      --------------
sys_clk_pin  {0.000 5.000}      10.000          100.000         


------------------------------------------------------------------------------------------------
| Intra Clock Table
| -----------------
------------------------------------------------------------------------------------------------

Clock             WNS(ns)      TNS(ns)  TNS Failing Endpoints  TNS Total Endpoints      WHS(ns)      THS(ns)  THS Failing Endpoints  THS Total Endpoints     WPWS(ns)     TPWS(ns)  TPWS Failing Endpoints  TPWS Total Endpoints  
-----             -------      -------  ---------------------  -------------------      -------      -------  ---------------------  -------------------     --------     --------  ----------------------  --------------------  
sys_clk_pin         7.461        0.000                      0                   19        0.308        0.000                      0                   19        4.500        0.000                       0                    36  


------------------------------------------------------------------------------------------------
| Inter Clock Table
| -----------------
------------------------------------------------------------------------------------------------

From Clock    To Clock          WNS(ns)      TNS(ns)  TNS Failing Endpoints  TNS Total Endpoints      WHS(ns)      THS(ns)  THS Failing Endpoints  THS Total Endpoints  
----------    --------          -------      -------  ---------------------  -------------------      -------      -------  ---------------------  -------------------  


------------------------------------------------------------------------------------------------
| Other Path Groups Table
| -----------------------
------------------------------------------------------------------------------------------------

Path Group    From Clock    To Clock          WNS(ns)      TNS(ns)  TNS Failing Endpoints  TNS Total Endpoints      WHS(ns)      THS(ns)  THS Failing Endpoints  THS Total Endpoints  
----------    ----------    --------          -------      -------  ---------------------  -------------------      -------      -------  ---------------------  -------------------  


------------------------------------------------------------------------------------------------
| User Ignored Path Table
| -----------------------
------------------------------------------------------------------------------------------------

Path Group    From Clock    To Clock    
----------    ----------    --------    


------------------------------------------------------------------------------------------------
| Unconstrained Path Table
| ------------------------
------------------------------------------------------------------------------------------------

Path Group    From Clock    To Clock    
----------    ----------    --------    
(none)                                    
(none)        sys_clk_pin                 
(none)                      sys_clk_pin   


------------------------------------------------------------------------------------------------
| Timing Details
| --------------
------------------------------------------------------------------------------------------------


---------------------------------------------------------------------------------------------------
From Clock:  sys_clk_pin
  To Clock:  sys_clk_pin

Setup :            0  Failing Endpoints,  Worst Slack        7.461ns,  Total Violation        0.000ns
Hold  :            0  Failing Endpoints,  Worst Slack        0.308ns,  Total Violation        0.000ns
PW    :            0  Failing Endpoints,  Worst Slack        4.500ns,  Total Violation        0.000ns
---------------------------------------------------------------------------------------------------


Max Delay Paths
--------------------------------------------------------------------------------------
Slack (MET) :             7.461ns  (required time - arrival time)
  Source:                 refresh_counter_reg[1]/C
                            (rising edge-triggered cell FDRE clocked by sys_clk_pin  {rise@0.000ns fall@5.000ns period=10.000ns})
  Destination:            refresh_counter_reg[16]/D
                            (rising edge-triggered cell FDRE clocked by sys_clk_pin  {rise@0.000ns fall@5.000ns period=10.000ns})
  Path Group:             sys_clk_pin
  Path Type:              Setup (Max at Slow Process Corner)
  Requirement:            10.000ns  (sys_clk_pin rise@10.000ns - sys_clk_pin rise@0.000ns)
  Data Path Delay:        2.595ns  (logic 1.745ns (67.253%)  route 0.850ns (32.747%))
  Logic Levels:           5  (CARRY4=5)
  Clock Path Skew:        -0.018ns (DCD - SCD + CPR)
    Destination Clock Delay (DCD):    4.783ns = ( 14.783 - 10.000 ) 
    Source Clock Delay      (SCD):    5.074ns
    Clock Pessimism Removal (CPR):    0.273ns
  Clock Uncertainty:      0.035ns  ((TSJ^2 + TIJ^2)^1/2 + DJ) / 2 + PE
    Total System Jitter     (TSJ):    0.071ns
    Total Input Jitter      (TIJ):    0.000ns
    Discrete Jitter          (DJ):    0.000ns
    Phase Error              (PE):    0.000ns

    Location             Delay type                Incr(ns)  Path(ns)    Netlist Resource(s)
  -------------------------------------------------------------------    -------------------
                         (clock sys_clk_pin rise edge)
                                                      0.000     0.000 r  
    W5                                                0.000     0.000 r  clk (IN)
                         net (fo=0)                   0.000     0.000    clk
    W5                   IBUF (Prop_ibuf_I_O)         1.458     1.458 r  clk_IBUF_inst/O
                         net (fo=1, routed)           1.967     3.425    clk_IBUF
    BUFGCTRL_X0Y0        BUFG (Prop_bufg_I_O)         0.096     3.521 r  clk_IBUF_BUFG_inst/O
                         net (fo=35, routed)          1.553     5.074    clk_IBUF_BUFG
    SLICE_X56Y26         FDRE                                         r  refresh_counter_reg[1]/C
  -------------------------------------------------------------------    -------------------
    SLICE_X56Y26         FDRE (Prop_fdre_C_Q)         0.518     5.592 r  refresh_counter_reg[1]/Q
                         net (fo=1, routed)           0.850     6.442    refresh_counter_reg_n_0_[1]
    SLICE_X56Y26         CARRY4 (Prop_carry4_S[1]_CO[3])
                                                      0.657     7.099 r  refresh_counter_reg[0]_i_1/CO[3]
                         net (fo=1, routed)           0.000     7.099    refresh_counter_reg[0]_i_1_n_0
    SLICE_X56Y27         CARRY4 (Prop_carry4_CI_CO[3])
                                                      0.117     7.216 r  refresh_counter_reg[4]_i_1/CO[3]
                         net (fo=1, routed)           0.000     7.216    refresh_counter_reg[4]_i_1_n_0
    SLICE_X56Y28         CARRY4 (Prop_carry4_CI_CO[3])
                                                      0.117     7.333 r  refresh_counter_reg[8]_i_1/CO[3]
                         net (fo=1, routed)           0.000     7.333    refresh_counter_reg[8]_i_1_n_0
    SLICE_X56Y29         CARRY4 (Prop_carry4_CI_CO[3])
                                                      0.117     7.450 r  refresh_counter_reg[12]_i_1/CO[3]
                         net (fo=1, routed)           0.000     7.450    refresh_counter_reg[12]_i_1_n_0
    SLICE_X56Y30         CARRY4 (Prop_carry4_CI_O[0])
                                                      0.219     7.669 r  refresh_counter_reg[16]_i_1/O[0]
                         net (fo=1, routed)           0.000     7.669    refresh_counter_reg[16]_i_1_n_7
    SLICE_X56Y30         FDRE                                         r  refresh_counter_reg[16]/D
  -------------------------------------------------------------------    -------------------

                         (clock sys_clk_pin rise edge)
                                                     10.000    10.000 r  
    W5                                                0.000    10.000 r  clk (IN)
                         net (fo=0)                   0.000    10.000    clk
    W5                   IBUF (Prop_ibuf_I_O)         1.388    11.388 r  clk_IBUF_inst/O
                         net (fo=1, routed)           1.862    13.250    clk_IBUF
    BUFGCTRL_X0Y0        BUFG (Prop_bufg_I_O)         0.091    13.341 r  clk_IBUF_BUFG_inst/O
                         net (fo=35, routed)          1.442    14.783    clk_IBUF_BUFG
    SLICE_X56Y30         FDRE                                         r  refresh_counter_reg[16]/C
                         clock pessimism              0.273    15.056    
                         clock uncertainty           -0.035    15.021    
    SLICE_X56Y30         FDRE (Setup_fdre_C_D)        0.109    15.130    refresh_counter_reg[16]
  -------------------------------------------------------------------
                         required time                         15.130    
                         arrival time                          -7.669    
  -------------------------------------------------------------------
                         slack                                  7.461    

Slack (MET) :             7.474ns  (required time - arrival time)
  Source:                 refresh_counter_reg[1]/C
                            (rising edge-triggered cell FDRE clocked by sys_clk_pin  {rise@0.000ns fall@5.000ns period=10.000ns})
  Destination:            refresh_counter_reg[13]/D
                            (rising edge-triggered cell FDRE clocked by sys_clk_pin  {rise@0.000ns fall@5.000ns period=10.000ns})
  Path Group:             sys_clk_pin
  Path Type:              Setup (Max at Slow Process Corner)
  Requirement:            10.000ns  (sys_clk_pin rise@10.000ns - sys_clk_pin rise@0.000ns)
  Data Path Delay:        2.582ns  (logic 1.732ns (67.088%)  route 0.850ns (32.912%))
  Logic Levels:           4  (CARRY4=4)
  Clock Path Skew:        -0.018ns (DCD - SCD + CPR)
    Destination Clock Delay (DCD):    4.783ns = ( 14.783 - 10.000 ) 
    Source Clock Delay      (SCD):    5.074ns
    Clock Pessimism Removal (CPR):    0.273ns
  Clock Uncertainty:      0.035ns  ((TSJ^2 + TIJ^2)^1/2 + DJ) / 2 + PE
    Total System Jitter     (TSJ):    0.071ns
    Total Input Jitter      (TIJ):    0.000ns
    Discrete Jitter          (DJ):    0.000ns
    Phase Error              (PE):    0.000ns

    Location             Delay type                Incr(ns)  Path(ns)    Netlist Resource(s)
  -------------------------------------------------------------------    -------------------
                         (clock sys_clk_pin rise edge)
                                                      0.000     0.000 r  
    W5                                                0.000     0.000 r  clk (IN)
                         net (fo=0)                   0.000     0.000    clk
    W5                   IBUF (Prop_ibuf_I_O)         1.458     1.458 r  clk_IBUF_inst/O
                         net (fo=1, routed)           1.967     3.425    clk_IBUF
    BUFGCTRL_X0Y0        BUFG (Prop_bufg_I_O)         0.096     3.521 r  clk_IBUF_BUFG_inst/O
                         net (fo=35, routed)          1.553     5.074    clk_IBUF_BUFG
    SLICE_X56Y26         FDRE                                         r  refresh_counter_reg[1]/C
  -------------------------------------------------------------------    -------------------
    SLICE_X56Y26         FDRE (Prop_fdre_C_Q)         0.518     5.592 r  refresh_counter_reg[1]/Q
                         net (fo=1, routed)           0.850     6.442    refresh_counter_reg_n_0_[1]
    SLICE_X56Y26         CARRY4 (Prop_carry4_S[1]_CO[3])
                                                      0.657     7.099 r  refresh_counter_reg[0]_i_1/CO[3]
                         net (fo=1, routed)           0.000     7.099    refresh_counter_reg[0]_i_1_n_0
    SLICE_X56Y27         CARRY4 (Prop_carry4_CI_CO[3])
                                                      0.117     7.216 r  refresh_counter_reg[4]_i_1/CO[3]
                         net (fo=1, routed)           0.000     7.216    refresh_counter_reg[4]_i_1_n_0
    SLICE_X56Y28         CARRY4 (Prop_carry4_CI_CO[3])
                                                      0.117     7.333 r  refresh_counter_reg[8]_i_1/CO[3]
                         net (fo=1, routed)           0.000     7.333    refresh_counter_reg[8]_i_1_n_0
    SLICE_X56Y29         CARRY4 (Prop_carry4_CI_O[1])
                                                      0.323     7.656 r  refresh_counter_reg[12]_i_1/O[1]
                         net (fo=1, routed)           0.000     7.656    refresh_counter_reg[12]_i_1_n_6
    SLICE_X56Y29         FDRE                                         r  refresh_counter_reg[13]/D
  -------------------------------------------------------------------    -------------------

                         (clock sys_clk_pin rise edge)
                                                     10.000    10.000 r  
    W5                                                0.000    10.000 r  clk (IN)
                         net (fo=0)                   0.000    10.000    clk
    W5                   IBUF (Prop_ibuf_I_O)         1.388    11.388 r  clk_IBUF_inst/O
                         net (fo=1, routed)           1.862    13.250    clk_IBUF
    BUFGCTRL_X0Y0        BUFG (Prop_bufg_I_O)         0.091    13.341 r  clk_IBUF_BUFG_inst/O
                         net (fo=35, routed)          1.442    14.783    clk_IBUF_BUFG
    SLICE_X56Y29         FDRE                                         r  refresh_counter_reg[13]/C
                         clock pessimism              0.273    15.056    
                         clock uncertainty           -0.035    15.021    
    SLICE_X56Y29         FDRE (Setup_fdre_C_D)        0.109    15.130    refresh_counter_reg[13]
  -------------------------------------------------------------------
                         required time                         15.130    
                         arrival time                          -7.656    
  -------------------------------------------------------------------
                         slack                                  7.474    

Slack (MET) :             7.482ns  (required time - arrival time)
  Source:                 refresh_counter_reg[1]/C
                            (rising edge-triggered cell FDRE clocked by sys_clk_pin  {rise@0.000ns fall@5.000ns period=10.000ns})
  Destination:            refresh_counter_reg[15]/D
                            (rising edge-triggered cell FDRE clocked by sys_clk_pin  {rise@0.000ns fall@5.000ns period=10.000ns})
  Path Group:             sys_clk_pin
  Path Type:              Setup (Max at Slow Process Corner)
  Requirement:            10.000ns  (sys_clk_pin rise@10.000ns - sys_clk_pin rise@0.000ns)
  Data Path Delay:        2.574ns  (logic 1.724ns (66.986%)  route 0.850ns (33.014%))
  Logic Levels:           4  (CARRY4=4)
  Clock Path Skew:        -0.018ns (DCD - SCD + CPR)
    Destination Clock Delay (DCD):    4.783ns = ( 14.783 - 10.000 ) 
    Source Clock Delay      (SCD):    5.074ns
    Clock Pessimism Removal (CPR):    0.273ns
  Clock Uncertainty:      0.035ns  ((TSJ^2 + TIJ^2)^1/2 + DJ) / 2 + PE
    Total System Jitter     (TSJ):    0.071ns
    Total Input Jitter      (TIJ):    0.000ns
    Discrete Jitter          (DJ):    0.000ns
    Phase Error              (PE):    0.000ns

    Location             Delay type                Incr(ns)  Path(ns)    Netlist Resource(s)
  -------------------------------------------------------------------    -------------------
                         (clock sys_clk_pin rise edge)
                                                      0.000     0.000 r  
    W5                                                0.000     0.000 r  clk (IN)
                         net (fo=0)                   0.000     0.000    clk
    W5                   IBUF (Prop_ibuf_I_O)         1.458     1.458 r  clk_IBUF_inst/O
                         net (fo=1, routed)           1.967     3.425    clk_IBUF
    BUFGCTRL_X0Y0        BUFG (Prop_bufg_I_O)         0.096     3.521 r  clk_IBUF_BUFG_inst/O
                         net (fo=35, routed)          1.553     5.074    clk_IBUF_BUFG
    SLICE_X56Y26         FDRE                                         r  refresh_counter_reg[1]/C
  -------------------------------------------------------------------    -------------------
    SLICE_X56Y26         FDRE (Prop_fdre_C_Q)         0.518     5.592 r  refresh_counter_reg[1]/Q
                         net (fo=1, routed)           0.850     6.442    refresh_counter_reg_n_0_[1]
    SLICE_X56Y26         CARRY4 (Prop_carry4_S[1]_CO[3])
                                                      0.657     7.099 r  refresh_counter_reg[0]_i_1/CO[3]
                         net (fo=1, routed)           0.000     7.099    refresh_counter_reg[0]_i_1_n_0
    SLICE_X56Y27         CARRY4 (Prop_carry4_CI_CO[3])
                                                      0.117     7.216 r  refresh_counter_reg[4]_i_1/CO[3]
                         net (fo=1, routed)           0.000     7.216    refresh_counter_reg[4]_i_1_n_0
    SLICE_X56Y28         CARRY4 (Prop_carry4_CI_CO[3])
                                                      0.117     7.333 r  refresh_counter_reg[8]_i_1/CO[3]
                         net (fo=1, routed)           0.000     7.333    refresh_counter_reg[8]_i_1_n_0
    SLICE_X56Y29         CARRY4 (Prop_carry4_CI_O[3])
                                                      0.315     7.648 r  refresh_counter_reg[12]_i_1/O[3]
                         net (fo=1, routed)           0.000     7.648    refresh_counter_reg[12]_i_1_n_4
    SLICE_X56Y29         FDRE                                         r  refresh_counter_reg[15]/D
  -------------------------------------------------------------------    -------------------

                         (clock sys_clk_pin rise edge)
                                                     10.000    10.000 r  
    W5                                                0.000    10.000 r  clk (IN)
                         net (fo=0)                   0.000    10.000    clk
    W5                   IBUF (Prop_ibuf_I_O)         1.388    11.388 r  clk_IBUF_inst/O
                         net (fo=1, routed)           1.862    13.250    clk_IBUF
    BUFGCTRL_X0Y0        BUFG (Prop_bufg_I_O)         0.091    13.341 r  clk_IBUF_BUFG_inst/O
                         net (fo=35, routed)          1.442    14.783    clk_IBUF_BUFG
    SLICE_X56Y29         FDRE                                         r  refresh_counter_reg[15]/C
                         clock pessimism              0.273    15.056    
                         clock uncertainty           -0.035    15.021    
    SLICE_X56Y29         FDRE (Setup_fdre_C_D)        0.109    15.130    refresh_counter_reg[15]
  -------------------------------------------------------------------
                         required time                         15.130    
                         arrival time                          -7.648    
  -------------------------------------------------------------------
                         slack                                  7.482    

Slack (MET) :             7.558ns  (required time - arrival time)
  Source:                 refresh_counter_reg[1]/C
                            (rising edge-triggered cell FDRE clocked by sys_clk_pin  {rise@0.000ns fall@5.000ns period=10.000ns})
  Destination:            refresh_counter_reg[14]/D
                            (rising edge-triggered cell FDRE clocked by sys_clk_pin  {rise@0.000ns fall@5.000ns period=10.000ns})
  Path Group:             sys_clk_pin
  Path Type:              Setup (Max at Slow Process Corner)
  Requirement:            10.000ns  (sys_clk_pin rise@10.000ns - sys_clk_pin rise@0.000ns)
  Data Path Delay:        2.498ns  (logic 1.648ns (65.981%)  route 0.850ns (34.019%))
  Logic Levels:           4  (CARRY4=4)
  Clock Path Skew:        -0.018ns (DCD - SCD + CPR)
    Destination Clock Delay (DCD):    4.783ns = ( 14.783 - 10.000 ) 
    Source Clock Delay      (SCD):    5.074ns
    Clock Pessimism Removal (CPR):    0.273ns
  Clock Uncertainty:      0.035ns  ((TSJ^2 + TIJ^2)^1/2 + DJ) / 2 + PE
    Total System Jitter     (TSJ):    0.071ns
    Total Input Jitter      (TIJ):    0.000ns
    Discrete Jitter          (DJ):    0.000ns
    Phase Error              (PE):    0.000ns

    Location             Delay type                Incr(ns)  Path(ns)    Netlist Resource(s)
  -------------------------------------------------------------------    -------------------
                         (clock sys_clk_pin rise edge)
                                                      0.000     0.000 r  
    W5                                                0.000     0.000 r  clk (IN)
                         net (fo=0)                   0.000     0.000    clk
    W5                   IBUF (Prop_ibuf_I_O)         1.458     1.458 r  clk_IBUF_inst/O
                         net (fo=1, routed)           1.967     3.425    clk_IBUF
    BUFGCTRL_X0Y0        BUFG (Prop_bufg_I_O)         0.096     3.521 r  clk_IBUF_BUFG_inst/O
                         net (fo=35, routed)          1.553     5.074    clk_IBUF_BUFG
    SLICE_X56Y26         FDRE                                         r  refresh_counter_reg[1]/C
  -------------------------------------------------------------------    -------------------
    SLICE_X56Y26         FDRE (Prop_fdre_C_Q)         0.518     5.592 r  refresh_counter_reg[1]/Q
                         net (fo=1, routed)           0.850     6.442    refresh_counter_reg_n_0_[1]
    SLICE_X56Y26         CARRY4 (Prop_carry4_S[1]_CO[3])
                                                      0.657     7.099 r  refresh_counter_reg[0]_i_1/CO[3]
                         net (fo=1, routed)           0.000     7.099    refresh_counter_reg[0]_i_1_n_0
    SLICE_X56Y27         CARRY4 (Prop_carry4_CI_CO[3])
                                                      0.117     7.216 r  refresh_counter_reg[4]_i_1/CO[3]
                         net (fo=1, routed)           0.000     7.216    refresh_counter_reg[4]_i_1_n_0
    SLICE_X56Y28         CARRY4 (Prop_carry4_CI_CO[3])
                                                      0.117     7.333 r  refresh_counter_reg[8]_i_1/CO[3]
                         net (fo=1, routed)           0.000     7.333    refresh_counter_reg[8]_i_1_n_0
    SLICE_X56Y29         CARRY4 (Prop_carry4_CI_O[2])
                                                      0.239     7.572 r  refresh_counter_reg[12]_i_1/O[2]
                         net (fo=1, routed)           0.000     7.572    refresh_counter_reg[12]_i_1_n_5
    SLICE_X56Y29         FDRE                                         r  refresh_counter_reg[14]/D
  -------------------------------------------------------------------    -------------------

                         (clock sys_clk_pin rise edge)
                                                     10.000    10.000 r  
    W5                                                0.000    10.000 r  clk (IN)
                         net (fo=0)                   0.000    10.000    clk
    W5                   IBUF (Prop_ibuf_I_O)         1.388    11.388 r  clk_IBUF_inst/O
                         net (fo=1, routed)           1.862    13.250    clk_IBUF
    BUFGCTRL_X0Y0        BUFG (Prop_bufg_I_O)         0.091    13.341 r  clk_IBUF_BUFG_inst/O
                         net (fo=35, routed)          1.442    14.783    clk_IBUF_BUFG
    SLICE_X56Y29         FDRE                                         r  refresh_counter_reg[14]/C
                         clock pessimism              0.273    15.056    
                         clock uncertainty           -0.035    15.021    
    SLICE_X56Y29         FDRE (Setup_fdre_C_D)        0.109    15.130    refresh_counter_reg[14]
  -------------------------------------------------------------------
                         required time                         15.130    
                         arrival time                          -7.572    
  -------------------------------------------------------------------
                         slack                                  7.558    

Slack (MET) :             7.578ns  (required time - arrival time)
  Source:                 refresh_counter_reg[1]/C
                            (rising edge-triggered cell FDRE clocked by sys_clk_pin  {rise@0.000ns fall@5.000ns period=10.000ns})
  Destination:            refresh_counter_reg[12]/D
                            (rising edge-triggered cell FDRE clocked by sys_clk_pin  {rise@0.000ns fall@5.000ns period=10.000ns})
  Path Group:             sys_clk_pin
  Path Type:              Setup (Max at Slow Process Corner)
  Requirement:            10.000ns  (sys_clk_pin rise@10.000ns - sys_clk_pin rise@0.000ns)
  Data Path Delay:        2.478ns  (logic 1.628ns (65.707%)  route 0.850ns (34.293%))
  Logic Levels:           4  (CARRY4=4)
  Clock Path Skew:        -0.018ns (DCD - SCD + CPR)
    Destination Clock Delay (DCD):    4.783ns = ( 14.783 - 10.000 ) 
    Source Clock Delay      (SCD):    5.074ns
    Clock Pessimism Removal (CPR):    0.273ns
  Clock Uncertainty:      0.035ns  ((TSJ^2 + TIJ^2)^1/2 + DJ) / 2 + PE
    Total System Jitter     (TSJ):    0.071ns
    Total Input Jitter      (TIJ):    0.000ns
    Discrete Jitter          (DJ):    0.000ns
    Phase Error              (PE):    0.000ns

    Location             Delay type                Incr(ns)  Path(ns)    Netlist Resource(s)
  -------------------------------------------------------------------    -------------------
                         (clock sys_clk_pin rise edge)
                                                      0.000     0.000 r  
    W5                                                0.000     0.000 r  clk (IN)
                         net (fo=0)                   0.000     0.000    clk
    W5                   IBUF (Prop_ibuf_I_O)         1.458     1.458 r  clk_IBUF_inst/O
                         net (fo=1, routed)           1.967     3.425    clk_IBUF
    BUFGCTRL_X0Y0        BUFG (Prop_bufg_I_O)         0.096     3.521 r  clk_IBUF_BUFG_inst/O
                         net (fo=35, routed)          1.553     5.074    clk_IBUF_BUFG
    SLICE_X56Y26         FDRE                                         r  refresh_counter_reg[1]/C
  -------------------------------------------------------------------    -------------------
    SLICE_X56Y26         FDRE (Prop_fdre_C_Q)         0.518     5.592 r  refresh_counter_reg[1]/Q
                         net (fo=1, routed)           0.850     6.442    refresh_counter_reg_n_0_[1]
    SLICE_X56Y26         CARRY4 (Prop_carry4_S[1]_CO[3])
                                                      0.657     7.099 r  refresh_counter_reg[0]_i_1/CO[3]
                         net (fo=1, routed)           0.000     7.099    refresh_counter_reg[0]_i_1_n_0
    SLICE_X56Y27         CARRY4 (Prop_carry4_CI_CO[3])
                                                      0.117     7.216 r  refresh_counter_reg[4]_i_1/CO[3]
                         net (fo=1, routed)           0.000     7.216    refresh_counter_reg[4]_i_1_n_0
    SLICE_X56Y28         CARRY4 (Prop_carry4_CI_CO[3])
                                                      0.117     7.333 r  refresh_counter_reg[8]_i_1/CO[3]
                         net (fo=1, routed)           0.000     7.333    refresh_counter_reg[8]_i_1_n_0
    SLICE_X56Y29         CARRY4 (Prop_carry4_CI_O[0])
                                                      0.219     7.552 r  refresh_counter_reg[12]_i_1/O[0]
                         net (fo=1, routed)           0.000     7.552    refresh_counter_reg[12]_i_1_n_7
    SLICE_X56Y29         FDRE                                         r  refresh_counter_reg[12]/D
  -------------------------------------------------------------------    -------------------

                         (clock sys_clk_pin rise edge)
                                                     10.000    10.000 r  
    W5                                                0.000    10.000 r  clk (IN)
                         net (fo=0)                   0.000    10.000    clk
    W5                   IBUF (Prop_ibuf_I_O)         1.388    11.388 r  clk_IBUF_inst/O
                         net (fo=1, routed)           1.862    13.250    clk_IBUF
    BUFGCTRL_X0Y0        BUFG (Prop_bufg_I_O)         0.091    13.341 r  clk_IBUF_BUFG_inst/O
                         net (fo=35, routed)          1.442    14.783    clk_IBUF_BUFG
    SLICE_X56Y29         FDRE                                         r  refresh_counter_reg[12]/C
                         clock pessimism              0.273    15.056    
                         clock uncertainty           -0.035    15.021    
    SLICE_X56Y29         FDRE (Setup_fdre_C_D)        0.109    15.130    refresh_counter_reg[12]
  -------------------------------------------------------------------
                         required time                         15.130    
                         arrival time                          -7.552    
  -------------------------------------------------------------------
                         slack                                  7.578    

Slack (MET) :             7.590ns  (required time - arrival time)
  Source:                 refresh_counter_reg[1]/C
                            (rising edge-triggered cell FDRE clocked by sys_clk_pin  {rise@0.000ns fall@5.000ns period=10.000ns})
  Destination:            refresh_counter_reg[9]/D
                            (rising edge-triggered cell FDRE clocked by sys_clk_pin  {rise@0.000ns fall@5.000ns period=10.000ns})
  Path Group:             sys_clk_pin
  Path Type:              Setup (Max at Slow Process Corner)
  Requirement:            10.000ns  (sys_clk_pin rise@10.000ns - sys_clk_pin rise@0.000ns)
  Data Path Delay:        2.465ns  (logic 1.615ns (65.526%)  route 0.850ns (34.474%))
  Logic Levels:           3  (CARRY4=3)
  Clock Path Skew:        -0.019ns (DCD - SCD + CPR)
    Destination Clock Delay (DCD):    4.782ns = ( 14.782 - 10.000 ) 
    Source Clock Delay      (SCD):    5.074ns
    Clock Pessimism Removal (CPR):    0.273ns
  Clock Uncertainty:      0.035ns  ((TSJ^2 + TIJ^2)^1/2 + DJ) / 2 + PE
    Total System Jitter     (TSJ):    0.071ns
    Total Input Jitter      (TIJ):    0.000ns
    Discrete Jitter          (DJ):    0.000ns
    Phase Error              (PE):    0.000ns

    Location             Delay type                Incr(ns)  Path(ns)    Netlist Resource(s)
  -------------------------------------------------------------------    -------------------
                         (clock sys_clk_pin rise edge)
                                                      0.000     0.000 r  
    W5                                                0.000     0.000 r  clk (IN)
                         net (fo=0)                   0.000     0.000    clk
    W5                   IBUF (Prop_ibuf_I_O)         1.458     1.458 r  clk_IBUF_inst/O
                         net (fo=1, routed)           1.967     3.425    clk_IBUF
    BUFGCTRL_X0Y0        BUFG (Prop_bufg_I_O)         0.096     3.521 r  clk_IBUF_BUFG_inst/O
                         net (fo=35, routed)          1.553     5.074    clk_IBUF_BUFG
    SLICE_X56Y26         FDRE                                         r  refresh_counter_reg[1]/C
  -------------------------------------------------------------------    -------------------
    SLICE_X56Y26         FDRE (Prop_fdre_C_Q)         0.518     5.592 r  refresh_counter_reg[1]/Q
                         net (fo=1, routed)           0.850     6.442    refresh_counter_reg_n_0_[1]
    SLICE_X56Y26         CARRY4 (Prop_carry4_S[1]_CO[3])
                                                      0.657     7.099 r  refresh_counter_reg[0]_i_1/CO[3]
                         net (fo=1, routed)           0.000     7.099    refresh_counter_reg[0]_i_1_n_0
    SLICE_X56Y27         CARRY4 (Prop_carry4_CI_CO[3])
                                                      0.117     7.216 r  refresh_counter_reg[4]_i_1/CO[3]
                         net (fo=1, routed)           0.000     7.216    refresh_counter_reg[4]_i_1_n_0
    SLICE_X56Y28         CARRY4 (Prop_carry4_CI_O[1])
                                                      0.323     7.539 r  refresh_counter_reg[8]_i_1/O[1]
                         net (fo=1, routed)           0.000     7.539    refresh_counter_reg[8]_i_1_n_6
    SLICE_X56Y28         FDRE                                         r  refresh_counter_reg[9]/D
  -------------------------------------------------------------------    -------------------

                         (clock sys_clk_pin rise edge)
                                                     10.000    10.000 r  
    W5                                                0.000    10.000 r  clk (IN)
                         net (fo=0)                   0.000    10.000    clk
    W5                   IBUF (Prop_ibuf_I_O)         1.388    11.388 r  clk_IBUF_inst/O
                         net (fo=1, routed)           1.862    13.250    clk_IBUF
    BUFGCTRL_X0Y0        BUFG (Prop_bufg_I_O)         0.091    13.341 r  clk_IBUF_BUFG_inst/O
                         net (fo=35, routed)          1.441    14.782    clk_IBUF_BUFG
    SLICE_X56Y28         FDRE                                         r  refresh_counter_reg[9]/C
                         clock pessimism              0.273    15.055    
                         clock uncertainty           -0.035    15.020    
    SLICE_X56Y28         FDRE (Setup_fdre_C_D)        0.109    15.129    refresh_counter_reg[9]
  -------------------------------------------------------------------
                         required time                         15.129    
                         arrival time                          -7.539    
  -------------------------------------------------------------------
                         slack                                  7.590    

Slack (MET) :             7.598ns  (required time - arrival time)
  Source:                 refresh_counter_reg[1]/C
                            (rising edge-triggered cell FDRE clocked by sys_clk_pin  {rise@0.000ns fall@5.000ns period=10.000ns})
  Destination:            refresh_counter_reg[11]/D
                            (rising edge-triggered cell FDRE clocked by sys_clk_pin  {rise@0.000ns fall@5.000ns period=10.000ns})
  Path Group:             sys_clk_pin
  Path Type:              Setup (Max at Slow Process Corner)
  Requirement:            10.000ns  (sys_clk_pin rise@10.000ns - sys_clk_pin rise@0.000ns)
  Data Path Delay:        2.457ns  (logic 1.607ns (65.414%)  route 0.850ns (34.586%))
  Logic Levels:           3  (CARRY4=3)
  Clock Path Skew:        -0.019ns (DCD - SCD + CPR)
    Destination Clock Delay (DCD):    4.782ns = ( 14.782 - 10.000 ) 
    Source Clock Delay      (SCD):    5.074ns
    Clock Pessimism Removal (CPR):    0.273ns
  Clock Uncertainty:      0.035ns  ((TSJ^2 + TIJ^2)^1/2 + DJ) / 2 + PE
    Total System Jitter     (TSJ):    0.071ns
    Total Input Jitter      (TIJ):    0.000ns
    Discrete Jitter          (DJ):    0.000ns
    Phase Error              (PE):    0.000ns

    Location             Delay type                Incr(ns)  Path(ns)    Netlist Resource(s)
  -------------------------------------------------------------------    -------------------
                         (clock sys_clk_pin rise edge)
                                                      0.000     0.000 r  
    W5                                                0.000     0.000 r  clk (IN)
                         net (fo=0)                   0.000     0.000    clk
    W5                   IBUF (Prop_ibuf_I_O)         1.458     1.458 r  clk_IBUF_inst/O
                         net (fo=1, routed)           1.967     3.425    clk_IBUF
    BUFGCTRL_X0Y0        BUFG (Prop_bufg_I_O)         0.096     3.521 r  clk_IBUF_BUFG_inst/O
                         net (fo=35, routed)          1.553     5.074    clk_IBUF_BUFG
    SLICE_X56Y26         FDRE                                         r  refresh_counter_reg[1]/C
  -------------------------------------------------------------------    -------------------
    SLICE_X56Y26         FDRE (Prop_fdre_C_Q)         0.518     5.592 r  refresh_counter_reg[1]/Q
                         net (fo=1, routed)           0.850     6.442    refresh_counter_reg_n_0_[1]
    SLICE_X56Y26         CARRY4 (Prop_carry4_S[1]_CO[3])
                                                      0.657     7.099 r  refresh_counter_reg[0]_i_1/CO[3]
                         net (fo=1, routed)           0.000     7.099    refresh_counter_reg[0]_i_1_n_0
    SLICE_X56Y27         CARRY4 (Prop_carry4_CI_CO[3])
                                                      0.117     7.216 r  refresh_counter_reg[4]_i_1/CO[3]
                         net (fo=1, routed)           0.000     7.216    refresh_counter_reg[4]_i_1_n_0
    SLICE_X56Y28         CARRY4 (Prop_carry4_CI_O[3])
                                                      0.315     7.531 r  refresh_counter_reg[8]_i_1/O[3]
                         net (fo=1, routed)           0.000     7.531    refresh_counter_reg[8]_i_1_n_4
    SLICE_X56Y28         FDRE                                         r  refresh_counter_reg[11]/D
  -------------------------------------------------------------------    -------------------

                         (clock sys_clk_pin rise edge)
                                                     10.000    10.000 r  
    W5                                                0.000    10.000 r  clk (IN)
                         net (fo=0)                   0.000    10.000    clk
    W5                   IBUF (Prop_ibuf_I_O)         1.388    11.388 r  clk_IBUF_inst/O
                         net (fo=1, routed)           1.862    13.250    clk_IBUF
    BUFGCTRL_X0Y0        BUFG (Prop_bufg_I_O)         0.091    13.341 r  clk_IBUF_BUFG_inst/O
                         net (fo=35, routed)          1.441    14.782    clk_IBUF_BUFG
    SLICE_X56Y28         FDRE                                         r  refresh_counter_reg[11]/C
                         clock pessimism              0.273    15.055    
                         clock uncertainty           -0.035    15.020    
    SLICE_X56Y28         FDRE (Setup_fdre_C_D)        0.109    15.129    refresh_counter_reg[11]
  -------------------------------------------------------------------
                         required time                         15.129    
                         arrival time                          -7.531    
  -------------------------------------------------------------------
                         slack                                  7.598    

Slack (MET) :             7.674ns  (required time - arrival time)
  Source:                 refresh_counter_reg[1]/C
                            (rising edge-triggered cell FDRE clocked by sys_clk_pin  {rise@0.000ns fall@5.000ns period=10.000ns})
  Destination:            refresh_counter_reg[10]/D
                            (rising edge-triggered cell FDRE clocked by sys_clk_pin  {rise@0.000ns fall@5.000ns period=10.000ns})
  Path Group:             sys_clk_pin
  Path Type:              Setup (Max at Slow Process Corner)
  Requirement:            10.000ns  (sys_clk_pin rise@10.000ns - sys_clk_pin rise@0.000ns)
  Data Path Delay:        2.381ns  (logic 1.531ns (64.309%)  route 0.850ns (35.691%))
  Logic Levels:           3  (CARRY4=3)
  Clock Path Skew:        -0.019ns (DCD - SCD + CPR)
    Destination Clock Delay (DCD):    4.782ns = ( 14.782 - 10.000 ) 
    Source Clock Delay      (SCD):    5.074ns
    Clock Pessimism Removal (CPR):    0.273ns
  Clock Uncertainty:      0.035ns  ((TSJ^2 + TIJ^2)^1/2 + DJ) / 2 + PE
    Total System Jitter     (TSJ):    0.071ns
    Total Input Jitter      (TIJ):    0.000ns
    Discrete Jitter          (DJ):    0.000ns
    Phase Error              (PE):    0.000ns

    Location             Delay type                Incr(ns)  Path(ns)    Netlist Resource(s)
  -------------------------------------------------------------------    -------------------
                         (clock sys_clk_pin rise edge)
                                                      0.000     0.000 r  
    W5                                                0.000     0.000 r  clk (IN)
                         net (fo=0)                   0.000     0.000    clk
    W5                   IBUF (Prop_ibuf_I_O)         1.458     1.458 r  clk_IBUF_inst/O
                         net (fo=1, routed)           1.967     3.425    clk_IBUF
    BUFGCTRL_X0Y0        BUFG (Prop_bufg_I_O)         0.096     3.521 r  clk_IBUF_BUFG_inst/O
                         net (fo=35, routed)          1.553     5.074    clk_IBUF_BUFG
    SLICE_X56Y26         FDRE                                         r  refresh_counter_reg[1]/C
  -------------------------------------------------------------------    -------------------
    SLICE_X56Y26         FDRE (Prop_fdre_C_Q)         0.518     5.592 r  refresh_counter_reg[1]/Q
                         net (fo=1, routed)           0.850     6.442    refresh_counter_reg_n_0_[1]
    SLICE_X56Y26         CARRY4 (Prop_carry4_S[1]_CO[3])
                                                      0.657     7.099 r  refresh_counter_reg[0]_i_1/CO[3]
                         net (fo=1, routed)           0.000     7.099    refresh_counter_reg[0]_i_1_n_0
    SLICE_X56Y27         CARRY4 (Prop_carry4_CI_CO[3])
                                                      0.117     7.216 r  refresh_counter_reg[4]_i_1/CO[3]
                         net (fo=1, routed)           0.000     7.216    refresh_counter_reg[4]_i_1_n_0
    SLICE_X56Y28         CARRY4 (Prop_carry4_CI_O[2])
                                                      0.239     7.455 r  refresh_counter_reg[8]_i_1/O[2]
                         net (fo=1, routed)           0.000     7.455    refresh_counter_reg[8]_i_1_n_5
    SLICE_X56Y28         FDRE                                         r  refresh_counter_reg[10]/D
  -------------------------------------------------------------------    -------------------

                         (clock sys_clk_pin rise edge)
                                                     10.000    10.000 r  
    W5                                                0.000    10.000 r  clk (IN)
                         net (fo=0)                   0.000    10.000    clk
    W5                   IBUF (Prop_ibuf_I_O)         1.388    11.388 r  clk_IBUF_inst/O
                         net (fo=1, routed)           1.862    13.250    clk_IBUF
    BUFGCTRL_X0Y0        BUFG (Prop_bufg_I_O)         0.091    13.341 r  clk_IBUF_BUFG_inst/O
                         net (fo=35, routed)          1.441    14.782    clk_IBUF_BUFG
    SLICE_X56Y28         FDRE                                         r  refresh_counter_reg[10]/C
                         clock pessimism              0.273    15.055    
                         clock uncertainty           -0.035    15.020    
    SLICE_X56Y28         FDRE (Setup_fdre_C_D)        0.109    15.129    refresh_counter_reg[10]
  -------------------------------------------------------------------
                         required time                         15.129    
                         arrival time                          -7.455    
  -------------------------------------------------------------------
                         slack                                  7.674    

Slack (MET) :             7.694ns  (required time - arrival time)
  Source:                 refresh_counter_reg[1]/C
                            (rising edge-triggered cell FDRE clocked by sys_clk_pin  {rise@0.000ns fall@5.000ns period=10.000ns})
  Destination:            refresh_counter_reg[8]/D
                            (rising edge-triggered cell FDRE clocked by sys_clk_pin  {rise@0.000ns fall@5.000ns period=10.000ns})
  Path Group:             sys_clk_pin
  Path Type:              Setup (Max at Slow Process Corner)
  Requirement:            10.000ns  (sys_clk_pin rise@10.000ns - sys_clk_pin rise@0.000ns)
  Data Path Delay:        2.361ns  (logic 1.511ns (64.007%)  route 0.850ns (35.993%))
  Logic Levels:           3  (CARRY4=3)
  Clock Path Skew:        -0.019ns (DCD - SCD + CPR)
    Destination Clock Delay (DCD):    4.782ns = ( 14.782 - 10.000 ) 
    Source Clock Delay      (SCD):    5.074ns
    Clock Pessimism Removal (CPR):    0.273ns
  Clock Uncertainty:      0.035ns  ((TSJ^2 + TIJ^2)^1/2 + DJ) / 2 + PE
    Total System Jitter     (TSJ):    0.071ns
    Total Input Jitter      (TIJ):    0.000ns
    Discrete Jitter          (DJ):    0.000ns
    Phase Error              (PE):    0.000ns

    Location             Delay type                Incr(ns)  Path(ns)    Netlist Resource(s)
  -------------------------------------------------------------------    -------------------
                         (clock sys_clk_pin rise edge)
                                                      0.000     0.000 r  
    W5                                                0.000     0.000 r  clk (IN)
                         net (fo=0)                   0.000     0.000    clk
    W5                   IBUF (Prop_ibuf_I_O)         1.458     1.458 r  clk_IBUF_inst/O
                         net (fo=1, routed)           1.967     3.425    clk_IBUF
    BUFGCTRL_X0Y0        BUFG (Prop_bufg_I_O)         0.096     3.521 r  clk_IBUF_BUFG_inst/O
                         net (fo=35, routed)          1.553     5.074    clk_IBUF_BUFG
    SLICE_X56Y26         FDRE                                         r  refresh_counter_reg[1]/C
  -------------------------------------------------------------------    -------------------
    SLICE_X56Y26         FDRE (Prop_fdre_C_Q)         0.518     5.592 r  refresh_counter_reg[1]/Q
                         net (fo=1, routed)           0.850     6.442    refresh_counter_reg_n_0_[1]
    SLICE_X56Y26         CARRY4 (Prop_carry4_S[1]_CO[3])
                                                      0.657     7.099 r  refresh_counter_reg[0]_i_1/CO[3]
                         net (fo=1, routed)           0.000     7.099    refresh_counter_reg[0]_i_1_n_0
    SLICE_X56Y27         CARRY4 (Prop_carry4_CI_CO[3])
                                                      0.117     7.216 r  refresh_counter_reg[4]_i_1/CO[3]
                         net (fo=1, routed)           0.000     7.216    refresh_counter_reg[4]_i_1_n_0
    SLICE_X56Y28         CARRY4 (Prop_carry4_CI_O[0])
                                                      0.219     7.435 r  refresh_counter_reg[8]_i_1/O[0]
                         net (fo=1, routed)           0.000     7.435    refresh_counter_reg[8]_i_1_n_7
    SLICE_X56Y28         FDRE                                         r  refresh_counter_reg[8]/D
  -------------------------------------------------------------------    -------------------

                         (clock sys_clk_pin rise edge)
                                                     10.000    10.000 r  
    W5                                                0.000    10.000 r  clk (IN)
                         net (fo=0)                   0.000    10.000    clk
    W5                   IBUF (Prop_ibuf_I_O)         1.388    11.388 r  clk_IBUF_inst/O
                         net (fo=1, routed)           1.862    13.250    clk_IBUF
    BUFGCTRL_X0Y0        BUFG (Prop_bufg_I_O)         0.091    13.341 r  clk_IBUF_BUFG_inst/O
                         net (fo=35, routed)          1.441    14.782    clk_IBUF_BUFG
    SLICE_X56Y28         FDRE                                         r  refresh_counter_reg[8]/C
                         clock pessimism              0.273    15.055    
                         clock uncertainty           -0.035    15.020    
    SLICE_X56Y28         FDRE (Setup_fdre_C_D)        0.109    15.129    refresh_counter_reg[8]
  -------------------------------------------------------------------
                         required time                         15.129    
                         arrival time                          -7.435    
  -------------------------------------------------------------------
                         slack                                  7.694    

Slack (MET) :             7.705ns  (required time - arrival time)
  Source:                 refresh_counter_reg[1]/C
                            (rising edge-triggered cell FDRE clocked by sys_clk_pin  {rise@0.000ns fall@5.000ns period=10.000ns})
  Destination:            refresh_counter_reg[5]/D
                            (rising edge-triggered cell FDRE clocked by sys_clk_pin  {rise@0.000ns fall@5.000ns period=10.000ns})
  Path Group:             sys_clk_pin
  Path Type:              Setup (Max at Slow Process Corner)
  Requirement:            10.000ns  (sys_clk_pin rise@10.000ns - sys_clk_pin rise@0.000ns)
  Data Path Delay:        2.348ns  (logic 1.498ns (63.808%)  route 0.850ns (36.192%))
  Logic Levels:           2  (CARRY4=2)
  Clock Path Skew:        -0.021ns (DCD - SCD + CPR)
    Destination Clock Delay (DCD):    4.780ns = ( 14.780 - 10.000 ) 
    Source Clock Delay      (SCD):    5.074ns
    Clock Pessimism Removal (CPR):    0.273ns
  Clock Uncertainty:      0.035ns  ((TSJ^2 + TIJ^2)^1/2 + DJ) / 2 + PE
    Total System Jitter     (TSJ):    0.071ns
    Total Input Jitter      (TIJ):    0.000ns
    Discrete Jitter          (DJ):    0.000ns
    Phase Error              (PE):    0.000ns

    Location             Delay type                Incr(ns)  Path(ns)    Netlist Resource(s)
  -------------------------------------------------------------------    -------------------
                         (clock sys_clk_pin rise edge)
                                                      0.000     0.000 r  
    W5                                                0.000     0.000 r  clk (IN)
                         net (fo=0)                   0.000     0.000    clk
    W5                   IBUF (Prop_ibuf_I_O)         1.458     1.458 r  clk_IBUF_inst/O
                         net (fo=1, routed)           1.967     3.425    clk_IBUF
    BUFGCTRL_X0Y0        BUFG (Prop_bufg_I_O)         0.096     3.521 r  clk_IBUF_BUFG_inst/O
                         net (fo=35, routed)          1.553     5.074    clk_IBUF_BUFG
    SLICE_X56Y26         FDRE                                         r  refresh_counter_reg[1]/C
  -------------------------------------------------------------------    -------------------
    SLICE_X56Y26         FDRE (Prop_fdre_C_Q)         0.518     5.592 r  refresh_counter_reg[1]/Q
                         net (fo=1, routed)           0.850     6.442    refresh_counter_reg_n_0_[1]
    SLICE_X56Y26         CARRY4 (Prop_carry4_S[1]_CO[3])
                                                      0.657     7.099 r  refresh_counter_reg[0]_i_1/CO[3]
                         net (fo=1, routed)           0.000     7.099    refresh_counter_reg[0]_i_1_n_0
    SLICE_X56Y27         CARRY4 (Prop_carry4_CI_O[1])
                                                      0.323     7.422 r  refresh_counter_reg[4]_i_1/O[1]
                         net (fo=1, routed)           0.000     7.422    refresh_counter_reg[4]_i_1_n_6
    SLICE_X56Y27         FDRE                                         r  refresh_counter_reg[5]/D
  -------------------------------------------------------------------    -------------------

                         (clock sys_clk_pin rise edge)
                                                     10.000    10.000 r  
    W5                                                0.000    10.000 r  clk (IN)
                         net (fo=0)                   0.000    10.000    clk
    W5                   IBUF (Prop_ibuf_I_O)         1.388    11.388 r  clk_IBUF_inst/O
                         net (fo=1, routed)           1.862    13.250    clk_IBUF
    BUFGCTRL_X0Y0        BUFG (Prop_bufg_I_O)         0.091    13.341 r  clk_IBUF_BUFG_inst/O
                         net (fo=35, routed)          1.439    14.780    clk_IBUF_BUFG
    SLICE_X56Y27         FDRE                                         r  refresh_counter_reg[5]/C
                         clock pessimism              0.273    15.053    
                         clock uncertainty           -0.035    15.018    
    SLICE_X56Y27         FDRE (Setup_fdre_C_D)        0.109    15.127    refresh_counter_reg[5]
  -------------------------------------------------------------------
                         required time                         15.127    
                         arrival time                          -7.422    
  -------------------------------------------------------------------
                         slack                                  7.705    





Min Delay Paths
--------------------------------------------------------------------------------------
Slack (MET) :             0.308ns  (arrival time - required time)
  Source:                 refresh_counter_reg[0]/C
                            (rising edge-triggered cell FDRE clocked by sys_clk_pin  {rise@0.000ns fall@5.000ns period=10.000ns})
  Destination:            refresh_counter_reg[0]/D
                            (rising edge-triggered cell FDRE clocked by sys_clk_pin  {rise@0.000ns fall@5.000ns period=10.000ns})
  Path Group:             sys_clk_pin
  Path Type:              Hold (Min at Fast Process Corner)
  Requirement:            0.000ns  (sys_clk_pin rise@0.000ns - sys_clk_pin rise@0.000ns)
  Data Path Delay:        0.442ns  (logic 0.279ns (63.107%)  route 0.163ns (36.893%))
  Logic Levels:           2  (CARRY4=1 LUT1=1)
  Clock Path Skew:        0.000ns (DCD - SCD - CPR)
    Destination Clock Delay (DCD):    1.949ns
    Source Clock Delay      (SCD):    1.439ns
    Clock Pessimism Removal (CPR):    0.510ns

    Location             Delay type                Incr(ns)  Path(ns)    Netlist Resource(s)
  -------------------------------------------------------------------    -------------------
                         (clock sys_clk_pin rise edge)
                                                      0.000     0.000 r  
    W5                                                0.000     0.000 r  clk (IN)
                         net (fo=0)                   0.000     0.000    clk
    W5                   IBUF (Prop_ibuf_I_O)         0.226     0.226 r  clk_IBUF_inst/O
                         net (fo=1, routed)           0.631     0.858    clk_IBUF
    BUFGCTRL_X0Y0        BUFG (Prop_bufg_I_O)         0.026     0.884 r  clk_IBUF_BUFG_inst/O
                         net (fo=35, routed)          0.556     1.439    clk_IBUF_BUFG
    SLICE_X56Y26         FDRE                                         r  refresh_counter_reg[0]/C
  -------------------------------------------------------------------    -------------------
    SLICE_X56Y26         FDRE (Prop_fdre_C_Q)         0.164     1.603 f  refresh_counter_reg[0]/Q
                         net (fo=1, routed)           0.163     1.766    refresh_counter_reg_n_0_[0]
    SLICE_X56Y26         LUT1 (Prop_lut1_I0_O)        0.045     1.811 r  refresh_counter[0]_i_2/O
                         net (fo=1, routed)           0.000     1.811    refresh_counter[0]_i_2_n_0
    SLICE_X56Y26         CARRY4 (Prop_carry4_S[0]_O[0])
                                                      0.070     1.881 r  refresh_counter_reg[0]_i_1/O[0]
                         net (fo=1, routed)           0.000     1.881    refresh_counter_reg[0]_i_1_n_7
    SLICE_X56Y26         FDRE                                         r  refresh_counter_reg[0]/D
  -------------------------------------------------------------------    -------------------

                         (clock sys_clk_pin rise edge)
                                                      0.000     0.000 r  
    W5                                                0.000     0.000 r  clk (IN)
                         net (fo=0)                   0.000     0.000    clk
    W5                   IBUF (Prop_ibuf_I_O)         0.414     0.414 r  clk_IBUF_inst/O
                         net (fo=1, routed)           0.685     1.099    clk_IBUF
    BUFGCTRL_X0Y0        BUFG (Prop_bufg_I_O)         0.029     1.128 r  clk_IBUF_BUFG_inst/O
                         net (fo=35, routed)          0.822     1.949    clk_IBUF_BUFG
    SLICE_X56Y26         FDRE                                         r  refresh_counter_reg[0]/C
                         clock pessimism             -0.510     1.439    
    SLICE_X56Y26         FDRE (Hold_fdre_C_D)         0.134     1.573    refresh_counter_reg[0]
  -------------------------------------------------------------------
                         required time                         -1.573    
                         arrival time                           1.881    
  -------------------------------------------------------------------
                         slack                                  0.308    

Slack (MET) :             0.312ns  (arrival time - required time)
  Source:                 refresh_counter_reg[3]/C
                            (rising edge-triggered cell FDRE clocked by sys_clk_pin  {rise@0.000ns fall@5.000ns period=10.000ns})
  Destination:            refresh_counter_reg[3]/D
                            (rising edge-triggered cell FDRE clocked by sys_clk_pin  {rise@0.000ns fall@5.000ns period=10.000ns})
  Path Group:             sys_clk_pin
  Path Type:              Hold (Min at Fast Process Corner)
  Requirement:            0.000ns  (sys_clk_pin rise@0.000ns - sys_clk_pin rise@0.000ns)
  Data Path Delay:        0.446ns  (logic 0.273ns (61.259%)  route 0.173ns (38.741%))
  Logic Levels:           1  (CARRY4=1)
  Clock Path Skew:        0.000ns (DCD - SCD - CPR)
    Destination Clock Delay (DCD):    1.949ns
    Source Clock Delay      (SCD):    1.439ns
    Clock Pessimism Removal (CPR):    0.510ns

    Location             Delay type                Incr(ns)  Path(ns)    Netlist Resource(s)
  -------------------------------------------------------------------    -------------------
                         (clock sys_clk_pin rise edge)
                                                      0.000     0.000 r  
    W5                                                0.000     0.000 r  clk (IN)
                         net (fo=0)                   0.000     0.000    clk
    W5                   IBUF (Prop_ibuf_I_O)         0.226     0.226 r  clk_IBUF_inst/O
                         net (fo=1, routed)           0.631     0.858    clk_IBUF
    BUFGCTRL_X0Y0        BUFG (Prop_bufg_I_O)         0.026     0.884 r  clk_IBUF_BUFG_inst/O
                         net (fo=35, routed)          0.556     1.439    clk_IBUF_BUFG
    SLICE_X56Y26         FDRE                                         r  refresh_counter_reg[3]/C
  -------------------------------------------------------------------    -------------------
    SLICE_X56Y26         FDRE (Prop_fdre_C_Q)         0.164     1.603 r  refresh_counter_reg[3]/Q
                         net (fo=1, routed)           0.173     1.776    refresh_counter_reg_n_0_[3]
    SLICE_X56Y26         CARRY4 (Prop_carry4_S[3]_O[3])
                                                      0.109     1.885 r  refresh_counter_reg[0]_i_1/O[3]
                         net (fo=1, routed)           0.000     1.885    refresh_counter_reg[0]_i_1_n_4
    SLICE_X56Y26         FDRE                                         r  refresh_counter_reg[3]/D
  -------------------------------------------------------------------    -------------------

                         (clock sys_clk_pin rise edge)
                                                      0.000     0.000 r  
    W5                                                0.000     0.000 r  clk (IN)
                         net (fo=0)                   0.000     0.000    clk
    W5                   IBUF (Prop_ibuf_I_O)         0.414     0.414 r  clk_IBUF_inst/O
                         net (fo=1, routed)           0.685     1.099    clk_IBUF
    BUFGCTRL_X0Y0        BUFG (Prop_bufg_I_O)         0.029     1.128 r  clk_IBUF_BUFG_inst/O
                         net (fo=35, routed)          0.822     1.949    clk_IBUF_BUFG
    SLICE_X56Y26         FDRE                                         r  refresh_counter_reg[3]/C
                         clock pessimism             -0.510     1.439    
    SLICE_X56Y26         FDRE (Hold_fdre_C_D)         0.134     1.573    refresh_counter_reg[3]
  -------------------------------------------------------------------
                         required time                         -1.573    
                         arrival time                           1.885    
  -------------------------------------------------------------------
                         slack                                  0.312    

Slack (MET) :             0.312ns  (arrival time - required time)
  Source:                 refresh_counter_reg[11]/C
                            (rising edge-triggered cell FDRE clocked by sys_clk_pin  {rise@0.000ns fall@5.000ns period=10.000ns})
  Destination:            refresh_counter_reg[11]/D
                            (rising edge-triggered cell FDRE clocked by sys_clk_pin  {rise@0.000ns fall@5.000ns period=10.000ns})
  Path Group:             sys_clk_pin
  Path Type:              Hold (Min at Fast Process Corner)
  Requirement:            0.000ns  (sys_clk_pin rise@0.000ns - sys_clk_pin rise@0.000ns)
  Data Path Delay:        0.446ns  (logic 0.273ns (61.259%)  route 0.173ns (38.741%))
  Logic Levels:           1  (CARRY4=1)
  Clock Path Skew:        0.000ns (DCD - SCD - CPR)
    Destination Clock Delay (DCD):    1.952ns
    Source Clock Delay      (SCD):    1.441ns
    Clock Pessimism Removal (CPR):    0.511ns

    Location             Delay type                Incr(ns)  Path(ns)    Netlist Resource(s)
  -------------------------------------------------------------------    -------------------
                         (clock sys_clk_pin rise edge)
                                                      0.000     0.000 r  
    W5                                                0.000     0.000 r  clk (IN)
                         net (fo=0)                   0.000     0.000    clk
    W5                   IBUF (Prop_ibuf_I_O)         0.226     0.226 r  clk_IBUF_inst/O
                         net (fo=1, routed)           0.631     0.858    clk_IBUF
    BUFGCTRL_X0Y0        BUFG (Prop_bufg_I_O)         0.026     0.884 r  clk_IBUF_BUFG_inst/O
                         net (fo=35, routed)          0.558     1.441    clk_IBUF_BUFG
    SLICE_X56Y28         FDRE                                         r  refresh_counter_reg[11]/C
  -------------------------------------------------------------------    -------------------
    SLICE_X56Y28         FDRE (Prop_fdre_C_Q)         0.164     1.605 r  refresh_counter_reg[11]/Q
                         net (fo=1, routed)           0.173     1.778    refresh_counter_reg_n_0_[11]
    SLICE_X56Y28         CARRY4 (Prop_carry4_S[3]_O[3])
                                                      0.109     1.887 r  refresh_counter_reg[8]_i_1/O[3]
                         net (fo=1, routed)           0.000     1.887    refresh_counter_reg[8]_i_1_n_4
    SLICE_X56Y28         FDRE                                         r  refresh_counter_reg[11]/D
  -------------------------------------------------------------------    -------------------

                         (clock sys_clk_pin rise edge)
                                                      0.000     0.000 r  
    W5                                                0.000     0.000 r  clk (IN)
                         net (fo=0)                   0.000     0.000    clk
    W5                   IBUF (Prop_ibuf_I_O)         0.414     0.414 r  clk_IBUF_inst/O
                         net (fo=1, routed)           0.685     1.099    clk_IBUF
    BUFGCTRL_X0Y0        BUFG (Prop_bufg_I_O)         0.029     1.128 r  clk_IBUF_BUFG_inst/O
                         net (fo=35, routed)          0.825     1.952    clk_IBUF_BUFG
    SLICE_X56Y28         FDRE                                         r  refresh_counter_reg[11]/C
                         clock pessimism             -0.511     1.441    
    SLICE_X56Y28         FDRE (Hold_fdre_C_D)         0.134     1.575    refresh_counter_reg[11]
  -------------------------------------------------------------------
                         required time                         -1.575    
                         arrival time                           1.887    
  -------------------------------------------------------------------
                         slack                                  0.312    

Slack (MET) :             0.315ns  (arrival time - required time)
  Source:                 refresh_counter_reg[12]/C
                            (rising edge-triggered cell FDRE clocked by sys_clk_pin  {rise@0.000ns fall@5.000ns period=10.000ns})
  Destination:            refresh_counter_reg[12]/D
                            (rising edge-triggered cell FDRE clocked by sys_clk_pin  {rise@0.000ns fall@5.000ns period=10.000ns})
  Path Group:             sys_clk_pin
  Path Type:              Hold (Min at Fast Process Corner)
  Requirement:            0.000ns  (sys_clk_pin rise@0.000ns - sys_clk_pin rise@0.000ns)
  Data Path Delay:        0.449ns  (logic 0.279ns (62.071%)  route 0.170ns (37.929%))
  Logic Levels:           1  (CARRY4=1)
  Clock Path Skew:        0.000ns (DCD - SCD - CPR)
    Destination Clock Delay (DCD):    1.953ns
    Source Clock Delay      (SCD):    1.442ns
    Clock Pessimism Removal (CPR):    0.511ns

    Location             Delay type                Incr(ns)  Path(ns)    Netlist Resource(s)
  -------------------------------------------------------------------    -------------------
                         (clock sys_clk_pin rise edge)
                                                      0.000     0.000 r  
    W5                                                0.000     0.000 r  clk (IN)
                         net (fo=0)                   0.000     0.000    clk
    W5                   IBUF (Prop_ibuf_I_O)         0.226     0.226 r  clk_IBUF_inst/O
                         net (fo=1, routed)           0.631     0.858    clk_IBUF
    BUFGCTRL_X0Y0        BUFG (Prop_bufg_I_O)         0.026     0.884 r  clk_IBUF_BUFG_inst/O
                         net (fo=35, routed)          0.559     1.442    clk_IBUF_BUFG
    SLICE_X56Y29         FDRE                                         r  refresh_counter_reg[12]/C
  -------------------------------------------------------------------    -------------------
    SLICE_X56Y29         FDRE (Prop_fdre_C_Q)         0.164     1.606 r  refresh_counter_reg[12]/Q
                         net (fo=1, routed)           0.170     1.777    refresh_counter_reg_n_0_[12]
    SLICE_X56Y29         CARRY4 (Prop_carry4_S[0]_O[0])
                                                      0.115     1.892 r  refresh_counter_reg[12]_i_1/O[0]
                         net (fo=1, routed)           0.000     1.892    refresh_counter_reg[12]_i_1_n_7
    SLICE_X56Y29         FDRE                                         r  refresh_counter_reg[12]/D
  -------------------------------------------------------------------    -------------------

                         (clock sys_clk_pin rise edge)
                                                      0.000     0.000 r  
    W5                                                0.000     0.000 r  clk (IN)
                         net (fo=0)                   0.000     0.000    clk
    W5                   IBUF (Prop_ibuf_I_O)         0.414     0.414 r  clk_IBUF_inst/O
                         net (fo=1, routed)           0.685     1.099    clk_IBUF
    BUFGCTRL_X0Y0        BUFG (Prop_bufg_I_O)         0.029     1.128 r  clk_IBUF_BUFG_inst/O
                         net (fo=35, routed)          0.826     1.953    clk_IBUF_BUFG
    SLICE_X56Y29         FDRE                                         r  refresh_counter_reg[12]/C
                         clock pessimism             -0.511     1.442    
    SLICE_X56Y29         FDRE (Hold_fdre_C_D)         0.134     1.576    refresh_counter_reg[12]
  -------------------------------------------------------------------
                         required time                         -1.576    
                         arrival time                           1.892    
  -------------------------------------------------------------------
                         slack                                  0.315    

Slack (MET) :             0.320ns  (arrival time - required time)
  Source:                 refresh_counter_reg[16]/C
                            (rising edge-triggered cell FDRE clocked by sys_clk_pin  {rise@0.000ns fall@5.000ns period=10.000ns})
  Destination:            active_digit_reg[1]/D
                            (rising edge-triggered cell FDRE clocked by sys_clk_pin  {rise@0.000ns fall@5.000ns period=10.000ns})
  Path Group:             sys_clk_pin
  Path Type:              Hold (Min at Fast Process Corner)
  Requirement:            0.000ns  (sys_clk_pin rise@0.000ns - sys_clk_pin rise@0.000ns)
  Data Path Delay:        0.403ns  (logic 0.164ns (40.653%)  route 0.239ns (59.347%))
  Logic Levels:           0  
  Clock Path Skew:        0.013ns (DCD - SCD - CPR)
    Destination Clock Delay (DCD):    1.954ns
    Source Clock Delay      (SCD):    1.443ns
    Clock Pessimism Removal (CPR):    0.498ns

    Location             Delay type                Incr(ns)  Path(ns)    Netlist Resource(s)
  -------------------------------------------------------------------    -------------------
                         (clock sys_clk_pin rise edge)
                                                      0.000     0.000 r  
    W5                                                0.000     0.000 r  clk (IN)
                         net (fo=0)                   0.000     0.000    clk
    W5                   IBUF (Prop_ibuf_I_O)         0.226     0.226 r  clk_IBUF_inst/O
                         net (fo=1, routed)           0.631     0.858    clk_IBUF
    BUFGCTRL_X0Y0        BUFG (Prop_bufg_I_O)         0.026     0.884 r  clk_IBUF_BUFG_inst/O
                         net (fo=35, routed)          0.560     1.443    clk_IBUF_BUFG
    SLICE_X56Y30         FDRE                                         r  refresh_counter_reg[16]/C
  -------------------------------------------------------------------    -------------------
    SLICE_X56Y30         FDRE (Prop_fdre_C_Q)         0.164     1.607 r  refresh_counter_reg[16]/Q
                         net (fo=2, routed)           0.239     1.847    refresh_counter_reg[16]
    SLICE_X57Y30         FDRE                                         r  active_digit_reg[1]/D
  -------------------------------------------------------------------    -------------------

                         (clock sys_clk_pin rise edge)
                                                      0.000     0.000 r  
    W5                                                0.000     0.000 r  clk (IN)
                         net (fo=0)                   0.000     0.000    clk
    W5                   IBUF (Prop_ibuf_I_O)         0.414     0.414 r  clk_IBUF_inst/O
                         net (fo=1, routed)           0.685     1.099    clk_IBUF
    BUFGCTRL_X0Y0        BUFG (Prop_bufg_I_O)         0.029     1.128 r  clk_IBUF_BUFG_inst/O
                         net (fo=35, routed)          0.827     1.954    clk_IBUF_BUFG
    SLICE_X57Y30         FDRE                                         r  active_digit_reg[1]/C
                         clock pessimism             -0.498     1.456    
    SLICE_X57Y30         FDRE (Hold_fdre_C_D)         0.070     1.526    active_digit_reg[1]
  -------------------------------------------------------------------
                         required time                         -1.526    
                         arrival time                           1.847    
  -------------------------------------------------------------------
                         slack                                  0.320    

Slack (MET) :             0.324ns  (arrival time - required time)
  Source:                 refresh_counter_reg[16]/C
                            (rising edge-triggered cell FDRE clocked by sys_clk_pin  {rise@0.000ns fall@5.000ns period=10.000ns})
  Destination:            refresh_counter_reg[16]/D
                            (rising edge-triggered cell FDRE clocked by sys_clk_pin  {rise@0.000ns fall@5.000ns period=10.000ns})
  Path Group:             sys_clk_pin
  Path Type:              Hold (Min at Fast Process Corner)
  Requirement:            0.000ns  (sys_clk_pin rise@0.000ns - sys_clk_pin rise@0.000ns)
  Data Path Delay:        0.458ns  (logic 0.279ns (60.870%)  route 0.179ns (39.130%))
  Logic Levels:           1  (CARRY4=1)
  Clock Path Skew:        0.000ns (DCD - SCD - CPR)
    Destination Clock Delay (DCD):    1.954ns
    Source Clock Delay      (SCD):    1.443ns
    Clock Pessimism Removal (CPR):    0.511ns

    Location             Delay type                Incr(ns)  Path(ns)    Netlist Resource(s)
  -------------------------------------------------------------------    -------------------
                         (clock sys_clk_pin rise edge)
                                                      0.000     0.000 r  
    W5                                                0.000     0.000 r  clk (IN)
                         net (fo=0)                   0.000     0.000    clk
    W5                   IBUF (Prop_ibuf_I_O)         0.226     0.226 r  clk_IBUF_inst/O
                         net (fo=1, routed)           0.631     0.858    clk_IBUF
    BUFGCTRL_X0Y0        BUFG (Prop_bufg_I_O)         0.026     0.884 r  clk_IBUF_BUFG_inst/O
                         net (fo=35, routed)          0.560     1.443    clk_IBUF_BUFG
    SLICE_X56Y30         FDRE                                         r  refresh_counter_reg[16]/C
  -------------------------------------------------------------------    -------------------
    SLICE_X56Y30         FDRE (Prop_fdre_C_Q)         0.164     1.607 r  refresh_counter_reg[16]/Q
                         net (fo=2, routed)           0.179     1.786    refresh_counter_reg[16]
    SLICE_X56Y30         CARRY4 (Prop_carry4_S[0]_O[0])
                                                      0.115     1.901 r  refresh_counter_reg[16]_i_1/O[0]
                         net (fo=1, routed)           0.000     1.901    refresh_counter_reg[16]_i_1_n_7
    SLICE_X56Y30         FDRE                                         r  refresh_counter_reg[16]/D
  -------------------------------------------------------------------    -------------------

                         (clock sys_clk_pin rise edge)
                                                      0.000     0.000 r  
    W5                                                0.000     0.000 r  clk (IN)
                         net (fo=0)                   0.000     0.000    clk
    W5                   IBUF (Prop_ibuf_I_O)         0.414     0.414 r  clk_IBUF_inst/O
                         net (fo=1, routed)           0.685     1.099    clk_IBUF
    BUFGCTRL_X0Y0        BUFG (Prop_bufg_I_O)         0.029     1.128 r  clk_IBUF_BUFG_inst/O
                         net (fo=35, routed)          0.827     1.954    clk_IBUF_BUFG
    SLICE_X56Y30         FDRE                                         r  refresh_counter_reg[16]/C
                         clock pessimism             -0.511     1.443    
    SLICE_X56Y30         FDRE (Hold_fdre_C_D)         0.134     1.577    refresh_counter_reg[16]
  -------------------------------------------------------------------
                         required time                         -1.577    
                         arrival time                           1.901    
  -------------------------------------------------------------------
                         slack                                  0.324    

Slack (MET) :             0.343ns  (arrival time - required time)
  Source:                 refresh_counter_reg[0]/C
                            (rising edge-triggered cell FDRE clocked by sys_clk_pin  {rise@0.000ns fall@5.000ns period=10.000ns})
  Destination:            refresh_counter_reg[1]/D
                            (rising edge-triggered cell FDRE clocked by sys_clk_pin  {rise@0.000ns fall@5.000ns period=10.000ns})
  Path Group:             sys_clk_pin
  Path Type:              Hold (Min at Fast Process Corner)
  Requirement:            0.000ns  (sys_clk_pin rise@0.000ns - sys_clk_pin rise@0.000ns)
  Data Path Delay:        0.477ns  (logic 0.314ns (65.814%)  route 0.163ns (34.186%))
  Logic Levels:           2  (CARRY4=1 LUT1=1)
  Clock Path Skew:        0.000ns (DCD - SCD - CPR)
    Destination Clock Delay (DCD):    1.949ns
    Source Clock Delay      (SCD):    1.439ns
    Clock Pessimism Removal (CPR):    0.510ns

    Location             Delay type                Incr(ns)  Path(ns)    Netlist Resource(s)
  -------------------------------------------------------------------    -------------------
                         (clock sys_clk_pin rise edge)
                                                      0.000     0.000 r  
    W5                                                0.000     0.000 r  clk (IN)
                         net (fo=0)                   0.000     0.000    clk
    W5                   IBUF (Prop_ibuf_I_O)         0.226     0.226 r  clk_IBUF_inst/O
                         net (fo=1, routed)           0.631     0.858    clk_IBUF
    BUFGCTRL_X0Y0        BUFG (Prop_bufg_I_O)         0.026     0.884 r  clk_IBUF_BUFG_inst/O
                         net (fo=35, routed)          0.556     1.439    clk_IBUF_BUFG
    SLICE_X56Y26         FDRE                                         r  refresh_counter_reg[0]/C
  -------------------------------------------------------------------    -------------------
    SLICE_X56Y26         FDRE (Prop_fdre_C_Q)         0.164     1.603 f  refresh_counter_reg[0]/Q
                         net (fo=1, routed)           0.163     1.766    refresh_counter_reg_n_0_[0]
    SLICE_X56Y26         LUT1 (Prop_lut1_I0_O)        0.045     1.811 r  refresh_counter[0]_i_2/O
                         net (fo=1, routed)           0.000     1.811    refresh_counter[0]_i_2_n_0
    SLICE_X56Y26         CARRY4 (Prop_carry4_S[0]_O[1])
                                                      0.105     1.916 r  refresh_counter_reg[0]_i_1/O[1]
                         net (fo=1, routed)           0.000     1.916    refresh_counter_reg[0]_i_1_n_6
    SLICE_X56Y26         FDRE                                         r  refresh_counter_reg[1]/D
  -------------------------------------------------------------------    -------------------

                         (clock sys_clk_pin rise edge)
                                                      0.000     0.000 r  
    W5                                                0.000     0.000 r  clk (IN)
                         net (fo=0)                   0.000     0.000    clk
    W5                   IBUF (Prop_ibuf_I_O)         0.414     0.414 r  clk_IBUF_inst/O
                         net (fo=1, routed)           0.685     1.099    clk_IBUF
    BUFGCTRL_X0Y0        BUFG (Prop_bufg_I_O)         0.029     1.128 r  clk_IBUF_BUFG_inst/O
                         net (fo=35, routed)          0.822     1.949    clk_IBUF_BUFG
    SLICE_X56Y26         FDRE                                         r  refresh_counter_reg[1]/C
                         clock pessimism             -0.510     1.439    
    SLICE_X56Y26         FDRE (Hold_fdre_C_D)         0.134     1.573    refresh_counter_reg[1]
  -------------------------------------------------------------------
                         required time                         -1.573    
                         arrival time                           1.916    
  -------------------------------------------------------------------
                         slack                                  0.343    

Slack (MET) :             0.350ns  (arrival time - required time)
  Source:                 refresh_counter_reg[12]/C
                            (rising edge-triggered cell FDRE clocked by sys_clk_pin  {rise@0.000ns fall@5.000ns period=10.000ns})
  Destination:            refresh_counter_reg[13]/D
                            (rising edge-triggered cell FDRE clocked by sys_clk_pin  {rise@0.000ns fall@5.000ns period=10.000ns})
  Path Group:             sys_clk_pin
  Path Type:              Hold (Min at Fast Process Corner)
  Requirement:            0.000ns  (sys_clk_pin rise@0.000ns - sys_clk_pin rise@0.000ns)
  Data Path Delay:        0.484ns  (logic 0.314ns (64.811%)  route 0.170ns (35.189%))
  Logic Levels:           1  (CARRY4=1)
  Clock Path Skew:        0.000ns (DCD - SCD - CPR)
    Destination Clock Delay (DCD):    1.953ns
    Source Clock Delay      (SCD):    1.442ns
    Clock Pessimism Removal (CPR):    0.511ns

    Location             Delay type                Incr(ns)  Path(ns)    Netlist Resource(s)
  -------------------------------------------------------------------    -------------------
                         (clock sys_clk_pin rise edge)
                                                      0.000     0.000 r  
    W5                                                0.000     0.000 r  clk (IN)
                         net (fo=0)                   0.000     0.000    clk
    W5                   IBUF (Prop_ibuf_I_O)         0.226     0.226 r  clk_IBUF_inst/O
                         net (fo=1, routed)           0.631     0.858    clk_IBUF
    BUFGCTRL_X0Y0        BUFG (Prop_bufg_I_O)         0.026     0.884 r  clk_IBUF_BUFG_inst/O
                         net (fo=35, routed)          0.559     1.442    clk_IBUF_BUFG
    SLICE_X56Y29         FDRE                                         r  refresh_counter_reg[12]/C
  -------------------------------------------------------------------    -------------------
    SLICE_X56Y29         FDRE (Prop_fdre_C_Q)         0.164     1.606 r  refresh_counter_reg[12]/Q
                         net (fo=1, routed)           0.170     1.777    refresh_counter_reg_n_0_[12]
    SLICE_X56Y29         CARRY4 (Prop_carry4_S[0]_O[1])
                                                      0.150     1.927 r  refresh_counter_reg[12]_i_1/O[1]
                         net (fo=1, routed)           0.000     1.927    refresh_counter_reg[12]_i_1_n_6
    SLICE_X56Y29         FDRE                                         r  refresh_counter_reg[13]/D
  -------------------------------------------------------------------    -------------------

                         (clock sys_clk_pin rise edge)
                                                      0.000     0.000 r  
    W5                                                0.000     0.000 r  clk (IN)
                         net (fo=0)                   0.000     0.000    clk
    W5                   IBUF (Prop_ibuf_I_O)         0.414     0.414 r  clk_IBUF_inst/O
                         net (fo=1, routed)           0.685     1.099    clk_IBUF
    BUFGCTRL_X0Y0        BUFG (Prop_bufg_I_O)         0.029     1.128 r  clk_IBUF_BUFG_inst/O
                         net (fo=35, routed)          0.826     1.953    clk_IBUF_BUFG
    SLICE_X56Y29         FDRE                                         r  refresh_counter_reg[13]/C
                         clock pessimism             -0.511     1.442    
    SLICE_X56Y29         FDRE (Hold_fdre_C_D)         0.134     1.576    refresh_counter_reg[13]
  -------------------------------------------------------------------
                         required time                         -1.576    
                         arrival time                           1.927    
  -------------------------------------------------------------------
                         slack                                  0.350    

Slack (MET) :             0.368ns  (arrival time - required time)
  Source:                 refresh_counter_reg[7]/C
                            (rising edge-triggered cell FDRE clocked by sys_clk_pin  {rise@0.000ns fall@5.000ns period=10.000ns})
  Destination:            refresh_counter_reg[7]/D
                            (rising edge-triggered cell FDRE clocked by sys_clk_pin  {rise@0.000ns fall@5.000ns period=10.000ns})
  Path Group:             sys_clk_pin
  Path Type:              Hold (Min at Fast Process Corner)
  Requirement:            0.000ns  (sys_clk_pin rise@0.000ns - sys_clk_pin rise@0.000ns)
  Data Path Delay:        0.502ns  (logic 0.273ns (54.340%)  route 0.229ns (45.660%))
  Logic Levels:           1  (CARRY4=1)
  Clock Path Skew:        0.000ns (DCD - SCD - CPR)
    Destination Clock Delay (DCD):    1.951ns
    Source Clock Delay      (SCD):    1.441ns
    Clock Pessimism Removal (CPR):    0.510ns

    Location             Delay type                Incr(ns)  Path(ns)    Netlist Resource(s)
  -------------------------------------------------------------------    -------------------
                         (clock sys_clk_pin rise edge)
                                                      0.000     0.000 r  
    W5                                                0.000     0.000 r  clk (IN)
                         net (fo=0)                   0.000     0.000    clk
    W5                   IBUF (Prop_ibuf_I_O)         0.226     0.226 r  clk_IBUF_inst/O
                         net (fo=1, routed)           0.631     0.858    clk_IBUF
    BUFGCTRL_X0Y0        BUFG (Prop_bufg_I_O)         0.026     0.884 r  clk_IBUF_BUFG_inst/O
                         net (fo=35, routed)          0.558     1.441    clk_IBUF_BUFG
    SLICE_X56Y27         FDRE                                         r  refresh_counter_reg[7]/C
  -------------------------------------------------------------------    -------------------
    SLICE_X56Y27         FDRE (Prop_fdre_C_Q)         0.164     1.605 r  refresh_counter_reg[7]/Q
                         net (fo=1, routed)           0.229     1.835    refresh_counter_reg_n_0_[7]
    SLICE_X56Y27         CARRY4 (Prop_carry4_S[3]_O[3])
                                                      0.109     1.944 r  refresh_counter_reg[4]_i_1/O[3]
                         net (fo=1, routed)           0.000     1.944    refresh_counter_reg[4]_i_1_n_4
    SLICE_X56Y27         FDRE                                         r  refresh_counter_reg[7]/D
  -------------------------------------------------------------------    -------------------

                         (clock sys_clk_pin rise edge)
                                                      0.000     0.000 r  
    W5                                                0.000     0.000 r  clk (IN)
                         net (fo=0)                   0.000     0.000    clk
    W5                   IBUF (Prop_ibuf_I_O)         0.414     0.414 r  clk_IBUF_inst/O
                         net (fo=1, routed)           0.685     1.099    clk_IBUF
    BUFGCTRL_X0Y0        BUFG (Prop_bufg_I_O)         0.029     1.128 r  clk_IBUF_BUFG_inst/O
                         net (fo=35, routed)          0.824     1.951    clk_IBUF_BUFG
    SLICE_X56Y27         FDRE                                         r  refresh_counter_reg[7]/C
                         clock pessimism             -0.510     1.441    
    SLICE_X56Y27         FDRE (Hold_fdre_C_D)         0.134     1.575    refresh_counter_reg[7]
  -------------------------------------------------------------------
                         required time                         -1.575    
                         arrival time                           1.944    
  -------------------------------------------------------------------
                         slack                                  0.368    

Slack (MET) :             0.371ns  (arrival time - required time)
  Source:                 refresh_counter_reg[4]/C
                            (rising edge-triggered cell FDRE clocked by sys_clk_pin  {rise@0.000ns fall@5.000ns period=10.000ns})
  Destination:            refresh_counter_reg[4]/D
                            (rising edge-triggered cell FDRE clocked by sys_clk_pin  {rise@0.000ns fall@5.000ns period=10.000ns})
  Path Group:             sys_clk_pin
  Path Type:              Hold (Min at Fast Process Corner)
  Requirement:            0.000ns  (sys_clk_pin rise@0.000ns - sys_clk_pin rise@0.000ns)
  Data Path Delay:        0.505ns  (logic 0.279ns (55.195%)  route 0.226ns (44.805%))
  Logic Levels:           1  (CARRY4=1)
  Clock Path Skew:        0.000ns (DCD - SCD - CPR)
    Destination Clock Delay (DCD):    1.951ns
    Source Clock Delay      (SCD):    1.441ns
    Clock Pessimism Removal (CPR):    0.510ns

    Location             Delay type                Incr(ns)  Path(ns)    Netlist Resource(s)
  -------------------------------------------------------------------    -------------------
                         (clock sys_clk_pin rise edge)
                                                      0.000     0.000 r  
    W5                                                0.000     0.000 r  clk (IN)
                         net (fo=0)                   0.000     0.000    clk
    W5                   IBUF (Prop_ibuf_I_O)         0.226     0.226 r  clk_IBUF_inst/O
                         net (fo=1, routed)           0.631     0.858    clk_IBUF
    BUFGCTRL_X0Y0        BUFG (Prop_bufg_I_O)         0.026     0.884 r  clk_IBUF_BUFG_inst/O
                         net (fo=35, routed)          0.558     1.441    clk_IBUF_BUFG
    SLICE_X56Y27         FDRE                                         r  refresh_counter_reg[4]/C
  -------------------------------------------------------------------    -------------------
    SLICE_X56Y27         FDRE (Prop_fdre_C_Q)         0.164     1.605 r  refresh_counter_reg[4]/Q
                         net (fo=1, routed)           0.226     1.832    refresh_counter_reg_n_0_[4]
    SLICE_X56Y27         CARRY4 (Prop_carry4_S[0]_O[0])
                                                      0.115     1.947 r  refresh_counter_reg[4]_i_1/O[0]
                         net (fo=1, routed)           0.000     1.947    refresh_counter_reg[4]_i_1_n_7
    SLICE_X56Y27         FDRE                                         r  refresh_counter_reg[4]/D
  -------------------------------------------------------------------    -------------------

                         (clock sys_clk_pin rise edge)
                                                      0.000     0.000 r  
    W5                                                0.000     0.000 r  clk (IN)
                         net (fo=0)                   0.000     0.000    clk
    W5                   IBUF (Prop_ibuf_I_O)         0.414     0.414 r  clk_IBUF_inst/O
                         net (fo=1, routed)           0.685     1.099    clk_IBUF
    BUFGCTRL_X0Y0        BUFG (Prop_bufg_I_O)         0.029     1.128 r  clk_IBUF_BUFG_inst/O
                         net (fo=35, routed)          0.824     1.951    clk_IBUF_BUFG
    SLICE_X56Y27         FDRE                                         r  refresh_counter_reg[4]/C
                         clock pessimism             -0.510     1.441    
    SLICE_X56Y27         FDRE (Hold_fdre_C_D)         0.134     1.575    refresh_counter_reg[4]
  -------------------------------------------------------------------
                         required time                         -1.575    
                         arrival time                           1.947    
  -------------------------------------------------------------------
                         slack                                  0.371    





Pulse Width Checks
--------------------------------------------------------------------------------------
Clock Name:         sys_clk_pin
Waveform(ns):       { 0.000 5.000 }
Period(ns):         10.000
Sources:            { clk }

Check Type        Corner  Lib Pin  Reference Pin  Required(ns)  Actual(ns)  Slack(ns)  Location       Pin
Min Period        n/a     BUFG/I   n/a            2.155         10.000      7.845      BUFGCTRL_X0Y0  clk_IBUF_BUFG_inst/I
Min Period        n/a     FDRE/C   n/a            1.000         10.000      9.000      SLICE_X44Y19   A_reg[0]/C
Min Period        n/a     FDRE/C   n/a            1.000         10.000      9.000      SLICE_X44Y19   A_reg[1]/C
Min Period        n/a     FDRE/C   n/a            1.000         10.000      9.000      SLICE_X44Y19   A_reg[2]/C
Min Period        n/a     FDRE/C   n/a            1.000         10.000      9.000      SLICE_X44Y19   A_reg[3]/C
Min Period        n/a     FDRE/C   n/a            1.000         10.000      9.000      SLICE_X44Y19   A_reg[4]/C
Min Period        n/a     FDRE/C   n/a            1.000         10.000      9.000      SLICE_X44Y19   A_reg[5]/C
Min Period        n/a     FDRE/C   n/a            1.000         10.000      9.000      SLICE_X44Y19   A_reg[6]/C
Min Period        n/a     FDRE/C   n/a            1.000         10.000      9.000      SLICE_X44Y19   A_reg[7]/C
Min Period        n/a     FDRE/C   n/a            1.000         10.000      9.000      SLICE_X45Y19   B_reg[0]/C
Low Pulse Width   Slow    FDRE/C   n/a            0.500         5.000       4.500      SLICE_X44Y19   A_reg[0]/C
Low Pulse Width   Fast    FDRE/C   n/a            0.500         5.000       4.500      SLICE_X44Y19   A_reg[0]/C
Low Pulse Width   Slow    FDRE/C   n/a            0.500         5.000       4.500      SLICE_X44Y19   A_reg[1]/C
Low Pulse Width   Fast    FDRE/C   n/a            0.500         5.000       4.500      SLICE_X44Y19   A_reg[1]/C
Low Pulse Width   Slow    FDRE/C   n/a            0.500         5.000       4.500      SLICE_X44Y19   A_reg[2]/C
Low Pulse Width   Fast    FDRE/C   n/a            0.500         5.000       4.500      SLICE_X44Y19   A_reg[2]/C
Low Pulse Width   Slow    FDRE/C   n/a            0.500         5.000       4.500      SLICE_X44Y19   A_reg[3]/C
Low Pulse Width   Fast    FDRE/C   n/a            0.500         5.000       4.500      SLICE_X44Y19   A_reg[3]/C
Low Pulse Width   Slow    FDRE/C   n/a            0.500         5.000       4.500      SLICE_X44Y19   A_reg[4]/C
Low Pulse Width   Fast    FDRE/C   n/a            0.500         5.000       4.500      SLICE_X44Y19   A_reg[4]/C
High Pulse Width  Slow    FDRE/C   n/a            0.500         5.000       4.500      SLICE_X44Y19   A_reg[0]/C
High Pulse Width  Fast    FDRE/C   n/a            0.500         5.000       4.500      SLICE_X44Y19   A_reg[0]/C
High Pulse Width  Slow    FDRE/C   n/a            0.500         5.000       4.500      SLICE_X44Y19   A_reg[1]/C
High Pulse Width  Fast    FDRE/C   n/a            0.500         5.000       4.500      SLICE_X44Y19   A_reg[1]/C
High Pulse Width  Slow    FDRE/C   n/a            0.500         5.000       4.500      SLICE_X44Y19   A_reg[2]/C
High Pulse Width  Fast    FDRE/C   n/a            0.500         5.000       4.500      SLICE_X44Y19   A_reg[2]/C
High Pulse Width  Slow    FDRE/C   n/a            0.500         5.000       4.500      SLICE_X44Y19   A_reg[3]/C
High Pulse Width  Fast    FDRE/C   n/a            0.500         5.000       4.500      SLICE_X44Y19   A_reg[3]/C
High Pulse Width  Slow    FDRE/C   n/a            0.500         5.000       4.500      SLICE_X44Y19   A_reg[4]/C
High Pulse Width  Fast    FDRE/C   n/a            0.500         5.000       4.500      SLICE_X44Y19   A_reg[4]/C



--------------------------------------------------------------------------------------
Path Group:  (none)
From Clock:  
  To Clock:  

Max Delay             7 Endpoints
Min Delay             7 Endpoints
--------------------------------------------------------------------------------------


Max Delay Paths
--------------------------------------------------------------------------------------
Slack:                    inf
  Source:                 sw[8]
                            (input port)
  Destination:            seg[6]
                            (output port)
  Path Group:             (none)
  Path Type:              Max at Slow Process Corner
  Data Path Delay:        13.394ns  (logic 5.970ns (44.571%)  route 7.424ns (55.429%))
  Logic Levels:           6  (IBUF=1 LUT4=1 LUT5=1 LUT6=2 OBUF=1)

    Location             Delay type                Incr(ns)  Path(ns)    Netlist Resource(s)
  -------------------------------------------------------------------    -------------------
    V2                                                0.000     0.000 r  sw[8] (IN)
                         net (fo=0)                   0.000     0.000    sw[8]
    V2                   IBUF (Prop_ibuf_I_O)         1.454     1.454 r  sw_IBUF[8]_inst/O
                         net (fo=29, routed)          2.273     3.727    sw_IBUF[8]
    SLICE_X54Y27         LUT5 (Prop_lut5_I0_O)        0.152     3.879 f  seg_OBUF[6]_inst_i_43/O
                         net (fo=1, routed)           0.952     4.831    seg_OBUF[6]_inst_i_43_n_0
    SLICE_X53Y27         LUT6 (Prop_lut6_I0_O)        0.348     5.179 f  seg_OBUF[6]_inst_i_16/O
                         net (fo=1, routed)           0.983     6.162    seg_OBUF[6]_inst_i_16_n_0
    SLICE_X54Y25         LUT6 (Prop_lut6_I2_O)        0.124     6.286 r  seg_OBUF[6]_inst_i_4/O
                         net (fo=7, routed)           0.868     7.155    seg_OBUF[6]_inst_i_4_n_0
    SLICE_X54Y24         LUT4 (Prop_lut4_I2_O)        0.153     7.308 r  seg_OBUF[6]_inst_i_1/O
                         net (fo=1, routed)           2.348     9.656    seg_OBUF[6]
    U7                   OBUF (Prop_obuf_I_O)         3.738    13.394 r  seg_OBUF[6]_inst/O
                         net (fo=0)                   0.000    13.394    seg[6]
    U7                                                                r  seg[6] (OUT)
  -------------------------------------------------------------------    -------------------

Slack:                    inf
  Source:                 sw[8]
                            (input port)
  Destination:            seg[2]
                            (output port)
  Path Group:             (none)
  Path Type:              Max at Slow Process Corner
  Data Path Delay:        13.394ns  (logic 5.716ns (42.673%)  route 7.678ns (57.327%))
  Logic Levels:           6  (IBUF=1 LUT4=1 LUT6=3 OBUF=1)

    Location             Delay type                Incr(ns)  Path(ns)    Netlist Resource(s)
  -------------------------------------------------------------------    -------------------
    V2                                                0.000     0.000 r  sw[8] (IN)
                         net (fo=0)                   0.000     0.000    sw[8]
    V2                   IBUF (Prop_ibuf_I_O)         1.454     1.454 r  sw_IBUF[8]_inst/O
                         net (fo=29, routed)          3.071     4.526    sw_IBUF[8]
    SLICE_X51Y23         LUT6 (Prop_lut6_I4_O)        0.124     4.650 f  seg_OBUF[6]_inst_i_37/O
                         net (fo=1, routed)           0.799     5.449    seg_OBUF[6]_inst_i_37_n_0
    SLICE_X53Y23         LUT6 (Prop_lut6_I5_O)        0.124     5.573 f  seg_OBUF[6]_inst_i_13/O
                         net (fo=1, routed)           0.668     6.241    seg_OBUF[6]_inst_i_13_n_0
    SLICE_X54Y27         LUT6 (Prop_lut6_I4_O)        0.124     6.365 r  seg_OBUF[6]_inst_i_3/O
                         net (fo=7, routed)           1.052     7.417    seg_OBUF[6]_inst_i_3_n_0
    SLICE_X54Y24         LUT4 (Prop_lut4_I1_O)        0.150     7.567 r  seg_OBUF[2]_inst_i_1/O
                         net (fo=1, routed)           2.088     9.655    seg_OBUF[2]
    U8                   OBUF (Prop_obuf_I_O)         3.739    13.394 r  seg_OBUF[2]_inst/O
                         net (fo=0)                   0.000    13.394    seg[2]
    U8                                                                r  seg[2] (OUT)
  -------------------------------------------------------------------    -------------------

Slack:                    inf
  Source:                 sw[8]
                            (input port)
  Destination:            seg[0]
                            (output port)
  Path Group:             (none)
  Path Type:              Max at Slow Process Corner
  Data Path Delay:        13.359ns  (logic 5.713ns (42.767%)  route 7.646ns (57.233%))
  Logic Levels:           6  (IBUF=1 LUT4=1 LUT6=3 OBUF=1)

    Location             Delay type                Incr(ns)  Path(ns)    Netlist Resource(s)
  -------------------------------------------------------------------    -------------------
    V2                                                0.000     0.000 r  sw[8] (IN)
                         net (fo=0)                   0.000     0.000    sw[8]
    V2                   IBUF (Prop_ibuf_I_O)         1.454     1.454 r  sw_IBUF[8]_inst/O
                         net (fo=29, routed)          3.071     4.526    sw_IBUF[8]
    SLICE_X51Y23         LUT6 (Prop_lut6_I4_O)        0.124     4.650 f  seg_OBUF[6]_inst_i_37/O
                         net (fo=1, routed)           0.799     5.449    seg_OBUF[6]_inst_i_37_n_0
    SLICE_X53Y23         LUT6 (Prop_lut6_I5_O)        0.124     5.573 f  seg_OBUF[6]_inst_i_13/O
                         net (fo=1, routed)           0.668     6.241    seg_OBUF[6]_inst_i_13_n_0
    SLICE_X54Y27         LUT6 (Prop_lut6_I4_O)        0.124     6.365 r  seg_OBUF[6]_inst_i_3/O
                         net (fo=7, routed)           1.042     7.407    seg_OBUF[6]_inst_i_3_n_0
    SLICE_X54Y24         LUT4 (Prop_lut4_I0_O)        0.152     7.559 r  seg_OBUF[0]_inst_i_1/O
                         net (fo=1, routed)           2.066     9.624    seg_OBUF[0]
    W7                   OBUF (Prop_obuf_I_O)         3.735    13.359 r  seg_OBUF[0]_inst/O
                         net (fo=0)                   0.000    13.359    seg[0]
    W7                                                                r  seg[0] (OUT)
  -------------------------------------------------------------------    -------------------

Slack:                    inf
  Source:                 sw[8]
                            (input port)
  Destination:            seg[3]
                            (output port)
  Path Group:             (none)
  Path Type:              Max at Slow Process Corner
  Data Path Delay:        13.183ns  (logic 5.486ns (41.614%)  route 7.697ns (58.386%))
  Logic Levels:           6  (IBUF=1 LUT4=1 LUT6=3 OBUF=1)

    Location             Delay type                Incr(ns)  Path(ns)    Netlist Resource(s)
  -------------------------------------------------------------------    -------------------
    V2                                                0.000     0.000 r  sw[8] (IN)
                         net (fo=0)                   0.000     0.000    sw[8]
    V2                   IBUF (Prop_ibuf_I_O)         1.454     1.454 r  sw_IBUF[8]_inst/O
                         net (fo=29, routed)          3.071     4.526    sw_IBUF[8]
    SLICE_X51Y23         LUT6 (Prop_lut6_I4_O)        0.124     4.650 f  seg_OBUF[6]_inst_i_37/O
                         net (fo=1, routed)           0.799     5.449    seg_OBUF[6]_inst_i_37_n_0
    SLICE_X53Y23         LUT6 (Prop_lut6_I5_O)        0.124     5.573 f  seg_OBUF[6]_inst_i_13/O
                         net (fo=1, routed)           0.668     6.241    seg_OBUF[6]_inst_i_13_n_0
    SLICE_X54Y27         LUT6 (Prop_lut6_I4_O)        0.124     6.365 r  seg_OBUF[6]_inst_i_3/O
                         net (fo=7, routed)           1.042     7.407    seg_OBUF[6]_inst_i_3_n_0
    SLICE_X54Y24         LUT4 (Prop_lut4_I3_O)        0.124     7.531 r  seg_OBUF[3]_inst_i_1/O
                         net (fo=1, routed)           2.117     9.648    seg_OBUF[3]
    V8                   OBUF (Prop_obuf_I_O)         3.536    13.183 r  seg_OBUF[3]_inst/O
                         net (fo=0)                   0.000    13.183    seg[3]
    V8                                                                r  seg[3] (OUT)
  -------------------------------------------------------------------    -------------------

Slack:                    inf
  Source:                 sw[8]
                            (input port)
  Destination:            seg[1]
                            (output port)
  Path Group:             (none)
  Path Type:              Max at Slow Process Corner
  Data Path Delay:        13.151ns  (logic 5.480ns (41.668%)  route 7.671ns (58.332%))
  Logic Levels:           6  (IBUF=1 LUT4=1 LUT6=3 OBUF=1)

    Location             Delay type                Incr(ns)  Path(ns)    Netlist Resource(s)
  -------------------------------------------------------------------    -------------------
    V2                                                0.000     0.000 r  sw[8] (IN)
                         net (fo=0)                   0.000     0.000    sw[8]
    V2                   IBUF (Prop_ibuf_I_O)         1.454     1.454 r  sw_IBUF[8]_inst/O
                         net (fo=29, routed)          3.071     4.526    sw_IBUF[8]
    SLICE_X51Y23         LUT6 (Prop_lut6_I4_O)        0.124     4.650 f  seg_OBUF[6]_inst_i_37/O
                         net (fo=1, routed)           0.799     5.449    seg_OBUF[6]_inst_i_37_n_0
    SLICE_X53Y23         LUT6 (Prop_lut6_I5_O)        0.124     5.573 f  seg_OBUF[6]_inst_i_13/O
                         net (fo=1, routed)           0.668     6.241    seg_OBUF[6]_inst_i_13_n_0
    SLICE_X54Y27         LUT6 (Prop_lut6_I4_O)        0.124     6.365 r  seg_OBUF[6]_inst_i_3/O
                         net (fo=7, routed)           1.052     7.417    seg_OBUF[6]_inst_i_3_n_0
    SLICE_X54Y24         LUT4 (Prop_lut4_I3_O)        0.124     7.541 r  seg_OBUF[1]_inst_i_1/O
                         net (fo=1, routed)           2.081     9.622    seg_OBUF[1]
    W6                   OBUF (Prop_obuf_I_O)         3.529    13.151 r  seg_OBUF[1]_inst/O
                         net (fo=0)                   0.000    13.151    seg[1]
    W6                                                                r  seg[1] (OUT)
  -------------------------------------------------------------------    -------------------

Slack:                    inf
  Source:                 sw[8]
                            (input port)
  Destination:            seg[5]
                            (output port)
  Path Group:             (none)
  Path Type:              Max at Slow Process Corner
  Data Path Delay:        13.094ns  (logic 5.707ns (43.583%)  route 7.387ns (56.417%))
  Logic Levels:           6  (IBUF=1 LUT4=1 LUT5=1 LUT6=2 OBUF=1)

    Location             Delay type                Incr(ns)  Path(ns)    Netlist Resource(s)
  -------------------------------------------------------------------    -------------------
    V2                                                0.000     0.000 r  sw[8] (IN)
                         net (fo=0)                   0.000     0.000    sw[8]
    V2                   IBUF (Prop_ibuf_I_O)         1.454     1.454 r  sw_IBUF[8]_inst/O
                         net (fo=29, routed)          2.273     3.727    sw_IBUF[8]
    SLICE_X54Y27         LUT5 (Prop_lut5_I0_O)        0.152     3.879 f  seg_OBUF[6]_inst_i_43/O
                         net (fo=1, routed)           0.952     4.831    seg_OBUF[6]_inst_i_43_n_0
    SLICE_X53Y27         LUT6 (Prop_lut6_I0_O)        0.348     5.179 f  seg_OBUF[6]_inst_i_16/O
                         net (fo=1, routed)           0.983     6.162    seg_OBUF[6]_inst_i_16_n_0
    SLICE_X54Y25         LUT6 (Prop_lut6_I2_O)        0.124     6.286 r  seg_OBUF[6]_inst_i_4/O
                         net (fo=7, routed)           0.887     7.174    seg_OBUF[6]_inst_i_4_n_0
    SLICE_X54Y24         LUT4 (Prop_lut4_I1_O)        0.124     7.298 r  seg_OBUF[5]_inst_i_1/O
                         net (fo=1, routed)           2.292     9.590    seg_OBUF[5]
    V5                   OBUF (Prop_obuf_I_O)         3.504    13.094 r  seg_OBUF[5]_inst/O
                         net (fo=0)                   0.000    13.094    seg[5]
    V5                                                                r  seg[5] (OUT)
  -------------------------------------------------------------------    -------------------

Slack:                    inf
  Source:                 sw[8]
                            (input port)
  Destination:            seg[4]
                            (output port)
  Path Group:             (none)
  Path Type:              Max at Slow Process Corner
  Data Path Delay:        12.947ns  (logic 5.722ns (44.198%)  route 7.225ns (55.802%))
  Logic Levels:           6  (IBUF=1 LUT4=1 LUT5=1 LUT6=2 OBUF=1)

    Location             Delay type                Incr(ns)  Path(ns)    Netlist Resource(s)
  -------------------------------------------------------------------    -------------------
    V2                                                0.000     0.000 r  sw[8] (IN)
                         net (fo=0)                   0.000     0.000    sw[8]
    V2                   IBUF (Prop_ibuf_I_O)         1.454     1.454 r  sw_IBUF[8]_inst/O
                         net (fo=29, routed)          2.273     3.727    sw_IBUF[8]
    SLICE_X54Y27         LUT5 (Prop_lut5_I0_O)        0.152     3.879 r  seg_OBUF[6]_inst_i_43/O
                         net (fo=1, routed)           0.952     4.831    seg_OBUF[6]_inst_i_43_n_0
    SLICE_X53Y27         LUT6 (Prop_lut6_I0_O)        0.348     5.179 r  seg_OBUF[6]_inst_i_16/O
                         net (fo=1, routed)           0.983     6.162    seg_OBUF[6]_inst_i_16_n_0
    SLICE_X54Y25         LUT6 (Prop_lut6_I2_O)        0.124     6.286 f  seg_OBUF[6]_inst_i_4/O
                         net (fo=7, routed)           0.868     7.155    seg_OBUF[6]_inst_i_4_n_0
    SLICE_X54Y24         LUT4 (Prop_lut4_I2_O)        0.124     7.279 r  seg_OBUF[4]_inst_i_1/O
                         net (fo=1, routed)           2.148     9.427    seg_OBUF[4]
    U5                   OBUF (Prop_obuf_I_O)         3.520    12.947 r  seg_OBUF[4]_inst/O
                         net (fo=0)                   0.000    12.947    seg[4]
    U5                                                                r  seg[4] (OUT)
  -------------------------------------------------------------------    -------------------





Min Delay Paths
--------------------------------------------------------------------------------------
Slack:                    inf
  Source:                 sw[8]
                            (input port)
  Destination:            seg[4]
                            (output port)
  Path Group:             (none)
  Path Type:              Min at Fast Process Corner
  Data Path Delay:        3.368ns  (logic 1.578ns (46.862%)  route 1.790ns (53.138%))
  Logic Levels:           5  (IBUF=1 LUT4=1 LUT6=2 OBUF=1)

    Location             Delay type                Incr(ns)  Path(ns)    Netlist Resource(s)
  -------------------------------------------------------------------    -------------------
    V2                                                0.000     0.000 r  sw[8] (IN)
                         net (fo=0)                   0.000     0.000    sw[8]
    V2                   IBUF (Prop_ibuf_I_O)         0.223     0.223 r  sw_IBUF[8]_inst/O
                         net (fo=29, routed)          0.807     1.029    sw_IBUF[8]
    SLICE_X54Y27         LUT6 (Prop_lut6_I0_O)        0.045     1.074 r  seg_OBUF[6]_inst_i_12/O
                         net (fo=1, routed)           0.122     1.196    seg_OBUF[6]_inst_i_12_n_0
    SLICE_X54Y27         LUT6 (Prop_lut6_I1_O)        0.045     1.241 f  seg_OBUF[6]_inst_i_3/O
                         net (fo=7, routed)           0.292     1.533    seg_OBUF[6]_inst_i_3_n_0
    SLICE_X54Y24         LUT4 (Prop_lut4_I0_O)        0.045     1.578 r  seg_OBUF[4]_inst_i_1/O
                         net (fo=1, routed)           0.569     2.147    seg_OBUF[4]
    U5                   OBUF (Prop_obuf_I_O)         1.221     3.368 r  seg_OBUF[4]_inst/O
                         net (fo=0)                   0.000     3.368    seg[4]
    U5                                                                r  seg[4] (OUT)
  -------------------------------------------------------------------    -------------------

Slack:                    inf
  Source:                 sw[10]
                            (input port)
  Destination:            seg[1]
                            (output port)
  Path Group:             (none)
  Path Type:              Min at Fast Process Corner
  Data Path Delay:        3.383ns  (logic 1.546ns (45.706%)  route 1.837ns (54.294%))
  Logic Levels:           4  (IBUF=1 LUT4=1 LUT6=1 OBUF=1)

    Location             Delay type                Incr(ns)  Path(ns)    Netlist Resource(s)
  -------------------------------------------------------------------    -------------------
    T2                                                0.000     0.000 r  sw[10] (IN)
                         net (fo=0)                   0.000     0.000    sw[10]
    T2                   IBUF (Prop_ibuf_I_O)         0.226     0.226 r  sw_IBUF[10]_inst/O
                         net (fo=9, routed)           1.028     1.254    sw_IBUF[10]
    SLICE_X54Y25         LUT6 (Prop_lut6_I3_O)        0.045     1.299 r  seg_OBUF[6]_inst_i_4/O
                         net (fo=7, routed)           0.274     1.573    seg_OBUF[6]_inst_i_4_n_0
    SLICE_X54Y24         LUT4 (Prop_lut4_I2_O)        0.045     1.618 r  seg_OBUF[1]_inst_i_1/O
                         net (fo=1, routed)           0.534     2.152    seg_OBUF[1]
    W6                   OBUF (Prop_obuf_I_O)         1.230     3.383 r  seg_OBUF[1]_inst/O
                         net (fo=0)                   0.000     3.383    seg[1]
    W6                                                                r  seg[1] (OUT)
  -------------------------------------------------------------------    -------------------

Slack:                    inf
  Source:                 sw[8]
                            (input port)
  Destination:            seg[5]
                            (output port)
  Path Group:             (none)
  Path Type:              Min at Fast Process Corner
  Data Path Delay:        3.404ns  (logic 1.563ns (45.924%)  route 1.841ns (54.076%))
  Logic Levels:           5  (IBUF=1 LUT4=1 LUT6=2 OBUF=1)

    Location             Delay type                Incr(ns)  Path(ns)    Netlist Resource(s)
  -------------------------------------------------------------------    -------------------
    V2                                                0.000     0.000 r  sw[8] (IN)
                         net (fo=0)                   0.000     0.000    sw[8]
    V2                   IBUF (Prop_ibuf_I_O)         0.223     0.223 r  sw_IBUF[8]_inst/O
                         net (fo=29, routed)          0.807     1.029    sw_IBUF[8]
    SLICE_X54Y27         LUT6 (Prop_lut6_I0_O)        0.045     1.074 r  seg_OBUF[6]_inst_i_12/O
                         net (fo=1, routed)           0.122     1.196    seg_OBUF[6]_inst_i_12_n_0
    SLICE_X54Y27         LUT6 (Prop_lut6_I1_O)        0.045     1.241 f  seg_OBUF[6]_inst_i_3/O
                         net (fo=7, routed)           0.283     1.524    seg_OBUF[6]_inst_i_3_n_0
    SLICE_X54Y24         LUT4 (Prop_lut4_I0_O)        0.045     1.569 r  seg_OBUF[5]_inst_i_1/O
                         net (fo=1, routed)           0.629     2.198    seg_OBUF[5]
    V5                   OBUF (Prop_obuf_I_O)         1.206     3.404 r  seg_OBUF[5]_inst/O
                         net (fo=0)                   0.000     3.404    seg[5]
    V5                                                                r  seg[5] (OUT)
  -------------------------------------------------------------------    -------------------

Slack:                    inf
  Source:                 sw[10]
                            (input port)
  Destination:            seg[3]
                            (output port)
  Path Group:             (none)
  Path Type:              Min at Fast Process Corner
  Data Path Delay:        3.419ns  (logic 1.552ns (45.407%)  route 1.866ns (54.592%))
  Logic Levels:           4  (IBUF=1 LUT4=1 LUT6=1 OBUF=1)

    Location             Delay type                Incr(ns)  Path(ns)    Netlist Resource(s)
  -------------------------------------------------------------------    -------------------
    T2                                                0.000     0.000 r  sw[10] (IN)
                         net (fo=0)                   0.000     0.000    sw[10]
    T2                   IBUF (Prop_ibuf_I_O)         0.226     0.226 r  sw_IBUF[10]_inst/O
                         net (fo=9, routed)           1.028     1.254    sw_IBUF[10]
    SLICE_X54Y25         LUT6 (Prop_lut6_I3_O)        0.045     1.299 r  seg_OBUF[6]_inst_i_4/O
                         net (fo=7, routed)           0.274     1.573    seg_OBUF[6]_inst_i_4_n_0
    SLICE_X54Y24         LUT4 (Prop_lut4_I2_O)        0.045     1.618 r  seg_OBUF[3]_inst_i_1/O
                         net (fo=1, routed)           0.564     2.182    seg_OBUF[3]
    V8                   OBUF (Prop_obuf_I_O)         1.236     3.419 r  seg_OBUF[3]_inst/O
                         net (fo=0)                   0.000     3.419    seg[3]
    V8                                                                r  seg[3] (OUT)
  -------------------------------------------------------------------    -------------------

Slack:                    inf
  Source:                 sw[10]
                            (input port)
  Destination:            seg[0]
                            (output port)
  Path Group:             (none)
  Path Type:              Min at Fast Process Corner
  Data Path Delay:        3.442ns  (logic 1.599ns (46.451%)  route 1.843ns (53.549%))
  Logic Levels:           4  (IBUF=1 LUT4=1 LUT6=1 OBUF=1)

    Location             Delay type                Incr(ns)  Path(ns)    Netlist Resource(s)
  -------------------------------------------------------------------    -------------------
    T2                                                0.000     0.000 r  sw[10] (IN)
                         net (fo=0)                   0.000     0.000    sw[10]
    T2                   IBUF (Prop_ibuf_I_O)         0.226     0.226 r  sw_IBUF[10]_inst/O
                         net (fo=9, routed)           1.028     1.254    sw_IBUF[10]
    SLICE_X54Y25         LUT6 (Prop_lut6_I3_O)        0.045     1.299 r  seg_OBUF[6]_inst_i_4/O
                         net (fo=7, routed)           0.274     1.573    seg_OBUF[6]_inst_i_4_n_0
    SLICE_X54Y24         LUT4 (Prop_lut4_I2_O)        0.043     1.616 r  seg_OBUF[0]_inst_i_1/O
                         net (fo=1, routed)           0.541     2.157    seg_OBUF[0]
    W7                   OBUF (Prop_obuf_I_O)         1.285     3.442 r  seg_OBUF[0]_inst/O
                         net (fo=0)                   0.000     3.442    seg[0]
    W7                                                                r  seg[0] (OUT)
  -------------------------------------------------------------------    -------------------

Slack:                    inf
  Source:                 sw[10]
                            (input port)
  Destination:            seg[2]
                            (output port)
  Path Group:             (none)
  Path Type:              Min at Fast Process Corner
  Data Path Delay:        3.464ns  (logic 1.616ns (46.655%)  route 1.848ns (53.345%))
  Logic Levels:           4  (IBUF=1 LUT4=1 LUT6=1 OBUF=1)

    Location             Delay type                Incr(ns)  Path(ns)    Netlist Resource(s)
  -------------------------------------------------------------------    -------------------
    T2                                                0.000     0.000 r  sw[10] (IN)
                         net (fo=0)                   0.000     0.000    sw[10]
    T2                   IBUF (Prop_ibuf_I_O)         0.226     0.226 r  sw_IBUF[10]_inst/O
                         net (fo=9, routed)           1.028     1.254    sw_IBUF[10]
    SLICE_X54Y25         LUT6 (Prop_lut6_I3_O)        0.045     1.299 r  seg_OBUF[6]_inst_i_4/O
                         net (fo=7, routed)           0.274     1.573    seg_OBUF[6]_inst_i_4_n_0
    SLICE_X54Y24         LUT4 (Prop_lut4_I2_O)        0.043     1.616 r  seg_OBUF[2]_inst_i_1/O
                         net (fo=1, routed)           0.545     2.162    seg_OBUF[2]
    U8                   OBUF (Prop_obuf_I_O)         1.302     3.464 r  seg_OBUF[2]_inst/O
                         net (fo=0)                   0.000     3.464    seg[2]
    U8                                                                r  seg[2] (OUT)
  -------------------------------------------------------------------    -------------------

Slack:                    inf
  Source:                 sw[8]
                            (input port)
  Destination:            seg[6]
                            (output port)
  Path Group:             (none)
  Path Type:              Min at Fast Process Corner
  Data Path Delay:        3.555ns  (logic 1.662ns (46.743%)  route 1.894ns (53.257%))
  Logic Levels:           5  (IBUF=1 LUT4=1 LUT6=2 OBUF=1)

    Location             Delay type                Incr(ns)  Path(ns)    Netlist Resource(s)
  -------------------------------------------------------------------    -------------------
    V2                                                0.000     0.000 r  sw[8] (IN)
                         net (fo=0)                   0.000     0.000    sw[8]
    V2                   IBUF (Prop_ibuf_I_O)         0.223     0.223 r  sw_IBUF[8]_inst/O
                         net (fo=29, routed)          0.807     1.029    sw_IBUF[8]
    SLICE_X54Y27         LUT6 (Prop_lut6_I0_O)        0.045     1.074 f  seg_OBUF[6]_inst_i_12/O
                         net (fo=1, routed)           0.122     1.196    seg_OBUF[6]_inst_i_12_n_0
    SLICE_X54Y27         LUT6 (Prop_lut6_I1_O)        0.045     1.241 r  seg_OBUF[6]_inst_i_3/O
                         net (fo=7, routed)           0.292     1.533    seg_OBUF[6]_inst_i_3_n_0
    SLICE_X54Y24         LUT4 (Prop_lut4_I1_O)        0.049     1.582 r  seg_OBUF[6]_inst_i_1/O
                         net (fo=1, routed)           0.673     2.255    seg_OBUF[6]
    U7                   OBUF (Prop_obuf_I_O)         1.300     3.555 r  seg_OBUF[6]_inst/O
                         net (fo=0)                   0.000     3.555    seg[6]
    U7                                                                r  seg[6] (OUT)
  -------------------------------------------------------------------    -------------------





--------------------------------------------------------------------------------------
Path Group:  (none)
From Clock:  sys_clk_pin
  To Clock:  

Max Delay            11 Endpoints
Min Delay            11 Endpoints
--------------------------------------------------------------------------------------


Max Delay Paths
--------------------------------------------------------------------------------------
Slack:                    inf
  Source:                 B_reg[0]/C
                            (rising edge-triggered cell FDRE clocked by sys_clk_pin  {rise@0.000ns fall@5.000ns period=10.000ns})
  Destination:            seg[6]
                            (output port)
  Path Group:             (none)
  Path Type:              Max at Slow Process Corner
  Data Path Delay:        18.268ns  (logic 7.498ns (41.047%)  route 10.769ns (58.953%))
  Logic Levels:           13  (CARRY4=3 LUT4=2 LUT5=2 LUT6=5 OBUF=1)
  Clock Uncertainty:      0.025ns  ((TSJ^2 + TIJ^2)^1/2 + DJ) / 2 + PE
    Total System Jitter     (TSJ):    0.050ns
    Total Input Jitter      (TIJ):    0.000ns
    Discrete Jitter          (DJ):    0.000ns
    Phase Error              (PE):    0.000ns

    Location             Delay type                Incr(ns)  Path(ns)    Netlist Resource(s)
  -------------------------------------------------------------------    -------------------
                         (clock sys_clk_pin rise edge)
                                                      0.000     0.000 r  
    W5                                                0.000     0.000 r  clk (IN)
                         net (fo=0)                   0.000     0.000    clk
    W5                   IBUF (Prop_ibuf_I_O)         1.458     1.458 r  clk_IBUF_inst/O
                         net (fo=1, routed)           1.967     3.425    clk_IBUF
    BUFGCTRL_X0Y0        BUFG (Prop_bufg_I_O)         0.096     3.521 r  clk_IBUF_BUFG_inst/O
                         net (fo=35, routed)          1.555     5.076    clk_IBUF_BUFG
    SLICE_X45Y19         FDRE                                         r  B_reg[0]/C
  -------------------------------------------------------------------    -------------------
    SLICE_X45Y19         FDRE (Prop_fdre_C_Q)         0.456     5.532 r  B_reg[0]/Q
                         net (fo=18, routed)          1.610     7.142    B[0]
    SLICE_X51Y24         LUT6 (Prop_lut6_I4_O)        0.124     7.266 r  seg_OBUF[6]_inst_i_102/O
                         net (fo=2, routed)           1.294     8.561    seg_OBUF[6]_inst_i_102_n_0
    SLICE_X50Y24         LUT6 (Prop_lut6_I0_O)        0.124     8.685 r  seg_OBUF[6]_inst_i_106/O
                         net (fo=1, routed)           0.000     8.685    seg_OBUF[6]_inst_i_106_n_0
    SLICE_X50Y24         CARRY4 (Prop_carry4_S[1]_CO[3])
                                                      0.533     9.218 r  seg_OBUF[6]_inst_i_56/CO[3]
                         net (fo=1, routed)           0.009     9.227    seg_OBUF[6]_inst_i_56_n_0
    SLICE_X50Y25         CARRY4 (Prop_carry4_CI_O[0])
                                                      0.219     9.446 r  seg_OBUF[6]_inst_i_135/O[0]
                         net (fo=2, routed)           0.665    10.110    seg_OBUF[6]_inst_i_135_n_7
    SLICE_X50Y26         LUT4 (Prop_lut4_I2_O)        0.319    10.429 r  seg_OBUF[6]_inst_i_111/O
                         net (fo=2, routed)           0.484    10.913    seg_OBUF[6]_inst_i_111_n_0
    SLICE_X50Y26         LUT6 (Prop_lut6_I3_O)        0.328    11.241 r  seg_OBUF[6]_inst_i_68/O
                         net (fo=2, routed)           0.805    12.046    seg_OBUF[6]_inst_i_68_n_0
    SLICE_X51Y27         LUT5 (Prop_lut5_I0_O)        0.124    12.170 r  seg_OBUF[6]_inst_i_72/O
                         net (fo=1, routed)           0.000    12.170    seg_OBUF[6]_inst_i_72_n_0
    SLICE_X51Y27         CARRY4 (Prop_carry4_S[1]_O[2])
                                                      0.580    12.750 r  seg_OBUF[6]_inst_i_29/O[2]
                         net (fo=1, routed)           0.751    13.501    result0[9]
    SLICE_X54Y27         LUT5 (Prop_lut5_I1_O)        0.328    13.829 f  seg_OBUF[6]_inst_i_43/O
                         net (fo=1, routed)           0.952    14.781    seg_OBUF[6]_inst_i_43_n_0
    SLICE_X53Y27         LUT6 (Prop_lut6_I0_O)        0.348    15.129 f  seg_OBUF[6]_inst_i_16/O
                         net (fo=1, routed)           0.983    16.112    seg_OBUF[6]_inst_i_16_n_0
    SLICE_X54Y25         LUT6 (Prop_lut6_I2_O)        0.124    16.236 r  seg_OBUF[6]_inst_i_4/O
                         net (fo=7, routed)           0.868    17.105    seg_OBUF[6]_inst_i_4_n_0
    SLICE_X54Y24         LUT4 (Prop_lut4_I2_O)        0.153    17.258 r  seg_OBUF[6]_inst_i_1/O
                         net (fo=1, routed)           2.348    19.606    seg_OBUF[6]
    U7                   OBUF (Prop_obuf_I_O)         3.738    23.344 r  seg_OBUF[6]_inst/O
                         net (fo=0)                   0.000    23.344    seg[6]
    U7                                                                r  seg[6] (OUT)
  -------------------------------------------------------------------    -------------------

Slack:                    inf
  Source:                 B_reg[0]/C
                            (rising edge-triggered cell FDRE clocked by sys_clk_pin  {rise@0.000ns fall@5.000ns period=10.000ns})
  Destination:            seg[5]
                            (output port)
  Path Group:             (none)
  Path Type:              Max at Slow Process Corner
  Data Path Delay:        17.968ns  (logic 7.235ns (40.269%)  route 10.732ns (59.731%))
  Logic Levels:           13  (CARRY4=3 LUT4=2 LUT5=2 LUT6=5 OBUF=1)
  Clock Uncertainty:      0.025ns  ((TSJ^2 + TIJ^2)^1/2 + DJ) / 2 + PE
    Total System Jitter     (TSJ):    0.050ns
    Total Input Jitter      (TIJ):    0.000ns
    Discrete Jitter          (DJ):    0.000ns
    Phase Error              (PE):    0.000ns

    Location             Delay type                Incr(ns)  Path(ns)    Netlist Resource(s)
  -------------------------------------------------------------------    -------------------
                         (clock sys_clk_pin rise edge)
                                                      0.000     0.000 r  
    W5                                                0.000     0.000 r  clk (IN)
                         net (fo=0)                   0.000     0.000    clk
    W5                   IBUF (Prop_ibuf_I_O)         1.458     1.458 r  clk_IBUF_inst/O
                         net (fo=1, routed)           1.967     3.425    clk_IBUF
    BUFGCTRL_X0Y0        BUFG (Prop_bufg_I_O)         0.096     3.521 r  clk_IBUF_BUFG_inst/O
                         net (fo=35, routed)          1.555     5.076    clk_IBUF_BUFG
    SLICE_X45Y19         FDRE                                         r  B_reg[0]/C
  -------------------------------------------------------------------    -------------------
    SLICE_X45Y19         FDRE (Prop_fdre_C_Q)         0.456     5.532 r  B_reg[0]/Q
                         net (fo=18, routed)          1.610     7.142    B[0]
    SLICE_X51Y24         LUT6 (Prop_lut6_I4_O)        0.124     7.266 r  seg_OBUF[6]_inst_i_102/O
                         net (fo=2, routed)           1.294     8.561    seg_OBUF[6]_inst_i_102_n_0
    SLICE_X50Y24         LUT6 (Prop_lut6_I0_O)        0.124     8.685 r  seg_OBUF[6]_inst_i_106/O
                         net (fo=1, routed)           0.000     8.685    seg_OBUF[6]_inst_i_106_n_0
    SLICE_X50Y24         CARRY4 (Prop_carry4_S[1]_CO[3])
                                                      0.533     9.218 r  seg_OBUF[6]_inst_i_56/CO[3]
                         net (fo=1, routed)           0.009     9.227    seg_OBUF[6]_inst_i_56_n_0
    SLICE_X50Y25         CARRY4 (Prop_carry4_CI_O[0])
                                                      0.219     9.446 r  seg_OBUF[6]_inst_i_135/O[0]
                         net (fo=2, routed)           0.665    10.110    seg_OBUF[6]_inst_i_135_n_7
    SLICE_X50Y26         LUT4 (Prop_lut4_I2_O)        0.319    10.429 r  seg_OBUF[6]_inst_i_111/O
                         net (fo=2, routed)           0.484    10.913    seg_OBUF[6]_inst_i_111_n_0
    SLICE_X50Y26         LUT6 (Prop_lut6_I3_O)        0.328    11.241 r  seg_OBUF[6]_inst_i_68/O
                         net (fo=2, routed)           0.805    12.046    seg_OBUF[6]_inst_i_68_n_0
    SLICE_X51Y27         LUT5 (Prop_lut5_I0_O)        0.124    12.170 r  seg_OBUF[6]_inst_i_72/O
                         net (fo=1, routed)           0.000    12.170    seg_OBUF[6]_inst_i_72_n_0
    SLICE_X51Y27         CARRY4 (Prop_carry4_S[1]_O[2])
                                                      0.580    12.750 r  seg_OBUF[6]_inst_i_29/O[2]
                         net (fo=1, routed)           0.751    13.501    result0[9]
    SLICE_X54Y27         LUT5 (Prop_lut5_I1_O)        0.328    13.829 f  seg_OBUF[6]_inst_i_43/O
                         net (fo=1, routed)           0.952    14.781    seg_OBUF[6]_inst_i_43_n_0
    SLICE_X53Y27         LUT6 (Prop_lut6_I0_O)        0.348    15.129 f  seg_OBUF[6]_inst_i_16/O
                         net (fo=1, routed)           0.983    16.112    seg_OBUF[6]_inst_i_16_n_0
    SLICE_X54Y25         LUT6 (Prop_lut6_I2_O)        0.124    16.236 r  seg_OBUF[6]_inst_i_4/O
                         net (fo=7, routed)           0.887    17.124    seg_OBUF[6]_inst_i_4_n_0
    SLICE_X54Y24         LUT4 (Prop_lut4_I1_O)        0.124    17.248 r  seg_OBUF[5]_inst_i_1/O
                         net (fo=1, routed)           2.292    19.540    seg_OBUF[5]
    V5                   OBUF (Prop_obuf_I_O)         3.504    23.044 r  seg_OBUF[5]_inst/O
                         net (fo=0)                   0.000    23.044    seg[5]
    V5                                                                r  seg[5] (OUT)
  -------------------------------------------------------------------    -------------------

Slack:                    inf
  Source:                 B_reg[0]/C
                            (rising edge-triggered cell FDRE clocked by sys_clk_pin  {rise@0.000ns fall@5.000ns period=10.000ns})
  Destination:            seg[2]
                            (output port)
  Path Group:             (none)
  Path Type:              Max at Slow Process Corner
  Data Path Delay:        17.914ns  (logic 7.398ns (41.297%)  route 10.516ns (58.703%))
  Logic Levels:           15  (CARRY4=5 LUT4=3 LUT5=1 LUT6=5 OBUF=1)
  Clock Uncertainty:      0.025ns  ((TSJ^2 + TIJ^2)^1/2 + DJ) / 2 + PE
    Total System Jitter     (TSJ):    0.050ns
    Total Input Jitter      (TIJ):    0.000ns
    Discrete Jitter          (DJ):    0.000ns
    Phase Error              (PE):    0.000ns

    Location             Delay type                Incr(ns)  Path(ns)    Netlist Resource(s)
  -------------------------------------------------------------------    -------------------
                         (clock sys_clk_pin rise edge)
                                                      0.000     0.000 r  
    W5                                                0.000     0.000 r  clk (IN)
                         net (fo=0)                   0.000     0.000    clk
    W5                   IBUF (Prop_ibuf_I_O)         1.458     1.458 r  clk_IBUF_inst/O
                         net (fo=1, routed)           1.967     3.425    clk_IBUF
    BUFGCTRL_X0Y0        BUFG (Prop_bufg_I_O)         0.096     3.521 r  clk_IBUF_BUFG_inst/O
                         net (fo=35, routed)          1.555     5.076    clk_IBUF_BUFG
    SLICE_X45Y19         FDRE                                         r  B_reg[0]/C
  -------------------------------------------------------------------    -------------------
    SLICE_X45Y19         FDRE (Prop_fdre_C_Q)         0.456     5.532 r  B_reg[0]/Q
                         net (fo=18, routed)          1.610     7.142    B[0]
    SLICE_X51Y24         LUT6 (Prop_lut6_I4_O)        0.124     7.266 r  seg_OBUF[6]_inst_i_102/O
                         net (fo=2, routed)           1.294     8.561    seg_OBUF[6]_inst_i_102_n_0
    SLICE_X50Y24         LUT6 (Prop_lut6_I0_O)        0.124     8.685 r  seg_OBUF[6]_inst_i_106/O
                         net (fo=1, routed)           0.000     8.685    seg_OBUF[6]_inst_i_106_n_0
    SLICE_X50Y24         CARRY4 (Prop_carry4_S[1]_CO[3])
                                                      0.533     9.218 r  seg_OBUF[6]_inst_i_56/CO[3]
                         net (fo=1, routed)           0.009     9.227    seg_OBUF[6]_inst_i_56_n_0
    SLICE_X50Y25         CARRY4 (Prop_carry4_CI_O[0])
                                                      0.219     9.446 r  seg_OBUF[6]_inst_i_135/O[0]
                         net (fo=2, routed)           0.665    10.110    seg_OBUF[6]_inst_i_135_n_7
    SLICE_X50Y26         LUT4 (Prop_lut4_I1_O)        0.295    10.405 f  seg_OBUF[6]_inst_i_109/O
                         net (fo=2, routed)           1.131    11.536    seg_OBUF[6]_inst_i_109_n_0
    SLICE_X50Y27         LUT4 (Prop_lut4_I0_O)        0.150    11.686 r  seg_OBUF[6]_inst_i_66/O
                         net (fo=2, routed)           0.777    12.463    seg_OBUF[6]_inst_i_66_n_0
    SLICE_X51Y27         LUT5 (Prop_lut5_I0_O)        0.328    12.791 r  seg_OBUF[6]_inst_i_70/O
                         net (fo=1, routed)           0.000    12.791    seg_OBUF[6]_inst_i_70_n_0
    SLICE_X51Y27         CARRY4 (Prop_carry4_S[3]_CO[3])
                                                      0.401    13.192 r  seg_OBUF[6]_inst_i_29/CO[3]
                         net (fo=1, routed)           0.000    13.192    seg_OBUF[6]_inst_i_29_n_0
    SLICE_X51Y28         CARRY4 (Prop_carry4_CI_CO[3])
                                                      0.114    13.306 r  seg_OBUF[6]_inst_i_34/CO[3]
                         net (fo=1, routed)           0.000    13.306    seg_OBUF[6]_inst_i_34_n_0
    SLICE_X51Y29         CARRY4 (Prop_carry4_CI_O[0])
                                                      0.222    13.528 r  seg_OBUF[6]_inst_i_61/O[0]
                         net (fo=1, routed)           0.793    14.321    result0[15]
    SLICE_X53Y29         LUT6 (Prop_lut6_I2_O)        0.299    14.620 r  seg_OBUF[6]_inst_i_27/O
                         net (fo=1, routed)           0.295    14.915    seg_OBUF[6]_inst_i_27_n_0
    SLICE_X53Y28         LUT6 (Prop_lut6_I1_O)        0.124    15.039 r  seg_OBUF[6]_inst_i_9/O
                         net (fo=1, routed)           0.641    15.680    seg_OBUF[6]_inst_i_9_n_0
    SLICE_X53Y26         LUT6 (Prop_lut6_I4_O)        0.124    15.804 r  seg_OBUF[6]_inst_i_2/O
                         net (fo=7, routed)           1.213    17.017    seg_OBUF[6]_inst_i_2_n_0
    SLICE_X54Y24         LUT4 (Prop_lut4_I0_O)        0.146    17.163 r  seg_OBUF[2]_inst_i_1/O
                         net (fo=1, routed)           2.088    19.251    seg_OBUF[2]
    U8                   OBUF (Prop_obuf_I_O)         3.739    22.991 r  seg_OBUF[2]_inst/O
                         net (fo=0)                   0.000    22.991    seg[2]
    U8                                                                r  seg[2] (OUT)
  -------------------------------------------------------------------    -------------------

Slack:                    inf
  Source:                 B_reg[0]/C
                            (rising edge-triggered cell FDRE clocked by sys_clk_pin  {rise@0.000ns fall@5.000ns period=10.000ns})
  Destination:            seg[0]
                            (output port)
  Path Group:             (none)
  Path Type:              Max at Slow Process Corner
  Data Path Delay:        17.885ns  (logic 7.400ns (41.373%)  route 10.486ns (58.627%))
  Logic Levels:           15  (CARRY4=5 LUT4=3 LUT5=1 LUT6=5 OBUF=1)
  Clock Uncertainty:      0.025ns  ((TSJ^2 + TIJ^2)^1/2 + DJ) / 2 + PE
    Total System Jitter     (TSJ):    0.050ns
    Total Input Jitter      (TIJ):    0.000ns
    Discrete Jitter          (DJ):    0.000ns
    Phase Error              (PE):    0.000ns

    Location             Delay type                Incr(ns)  Path(ns)    Netlist Resource(s)
  -------------------------------------------------------------------    -------------------
                         (clock sys_clk_pin rise edge)
                                                      0.000     0.000 r  
    W5                                                0.000     0.000 r  clk (IN)
                         net (fo=0)                   0.000     0.000    clk
    W5                   IBUF (Prop_ibuf_I_O)         1.458     1.458 r  clk_IBUF_inst/O
                         net (fo=1, routed)           1.967     3.425    clk_IBUF
    BUFGCTRL_X0Y0        BUFG (Prop_bufg_I_O)         0.096     3.521 r  clk_IBUF_BUFG_inst/O
                         net (fo=35, routed)          1.555     5.076    clk_IBUF_BUFG
    SLICE_X45Y19         FDRE                                         r  B_reg[0]/C
  -------------------------------------------------------------------    -------------------
    SLICE_X45Y19         FDRE (Prop_fdre_C_Q)         0.456     5.532 r  B_reg[0]/Q
                         net (fo=18, routed)          1.610     7.142    B[0]
    SLICE_X51Y24         LUT6 (Prop_lut6_I4_O)        0.124     7.266 r  seg_OBUF[6]_inst_i_102/O
                         net (fo=2, routed)           1.294     8.561    seg_OBUF[6]_inst_i_102_n_0
    SLICE_X50Y24         LUT6 (Prop_lut6_I0_O)        0.124     8.685 r  seg_OBUF[6]_inst_i_106/O
                         net (fo=1, routed)           0.000     8.685    seg_OBUF[6]_inst_i_106_n_0
    SLICE_X50Y24         CARRY4 (Prop_carry4_S[1]_CO[3])
                                                      0.533     9.218 r  seg_OBUF[6]_inst_i_56/CO[3]
                         net (fo=1, routed)           0.009     9.227    seg_OBUF[6]_inst_i_56_n_0
    SLICE_X50Y25         CARRY4 (Prop_carry4_CI_O[0])
                                                      0.219     9.446 r  seg_OBUF[6]_inst_i_135/O[0]
                         net (fo=2, routed)           0.665    10.110    seg_OBUF[6]_inst_i_135_n_7
    SLICE_X50Y26         LUT4 (Prop_lut4_I1_O)        0.295    10.405 f  seg_OBUF[6]_inst_i_109/O
                         net (fo=2, routed)           1.131    11.536    seg_OBUF[6]_inst_i_109_n_0
    SLICE_X50Y27         LUT4 (Prop_lut4_I0_O)        0.150    11.686 r  seg_OBUF[6]_inst_i_66/O
                         net (fo=2, routed)           0.777    12.463    seg_OBUF[6]_inst_i_66_n_0
    SLICE_X51Y27         LUT5 (Prop_lut5_I0_O)        0.328    12.791 r  seg_OBUF[6]_inst_i_70/O
                         net (fo=1, routed)           0.000    12.791    seg_OBUF[6]_inst_i_70_n_0
    SLICE_X51Y27         CARRY4 (Prop_carry4_S[3]_CO[3])
                                                      0.401    13.192 r  seg_OBUF[6]_inst_i_29/CO[3]
                         net (fo=1, routed)           0.000    13.192    seg_OBUF[6]_inst_i_29_n_0
    SLICE_X51Y28         CARRY4 (Prop_carry4_CI_CO[3])
                                                      0.114    13.306 r  seg_OBUF[6]_inst_i_34/CO[3]
                         net (fo=1, routed)           0.000    13.306    seg_OBUF[6]_inst_i_34_n_0
    SLICE_X51Y29         CARRY4 (Prop_carry4_CI_O[0])
                                                      0.222    13.528 r  seg_OBUF[6]_inst_i_61/O[0]
                         net (fo=1, routed)           0.793    14.321    result0[15]
    SLICE_X53Y29         LUT6 (Prop_lut6_I2_O)        0.299    14.620 r  seg_OBUF[6]_inst_i_27/O
                         net (fo=1, routed)           0.295    14.915    seg_OBUF[6]_inst_i_27_n_0
    SLICE_X53Y28         LUT6 (Prop_lut6_I1_O)        0.124    15.039 r  seg_OBUF[6]_inst_i_9/O
                         net (fo=1, routed)           0.641    15.680    seg_OBUF[6]_inst_i_9_n_0
    SLICE_X53Y26         LUT6 (Prop_lut6_I4_O)        0.124    15.804 r  seg_OBUF[6]_inst_i_2/O
                         net (fo=7, routed)           1.205    17.009    seg_OBUF[6]_inst_i_2_n_0
    SLICE_X54Y24         LUT4 (Prop_lut4_I3_O)        0.152    17.161 r  seg_OBUF[0]_inst_i_1/O
                         net (fo=1, routed)           2.066    19.227    seg_OBUF[0]
    W7                   OBUF (Prop_obuf_I_O)         3.735    22.962 r  seg_OBUF[0]_inst/O
                         net (fo=0)                   0.000    22.962    seg[0]
    W7                                                                r  seg[0] (OUT)
  -------------------------------------------------------------------    -------------------

Slack:                    inf
  Source:                 B_reg[0]/C
                            (rising edge-triggered cell FDRE clocked by sys_clk_pin  {rise@0.000ns fall@5.000ns period=10.000ns})
  Destination:            seg[4]
                            (output port)
  Path Group:             (none)
  Path Type:              Max at Slow Process Corner
  Data Path Delay:        17.821ns  (logic 7.251ns (40.688%)  route 10.570ns (59.312%))
  Logic Levels:           13  (CARRY4=3 LUT4=2 LUT5=2 LUT6=5 OBUF=1)
  Clock Uncertainty:      0.025ns  ((TSJ^2 + TIJ^2)^1/2 + DJ) / 2 + PE
    Total System Jitter     (TSJ):    0.050ns
    Total Input Jitter      (TIJ):    0.000ns
    Discrete Jitter          (DJ):    0.000ns
    Phase Error              (PE):    0.000ns

    Location             Delay type                Incr(ns)  Path(ns)    Netlist Resource(s)
  -------------------------------------------------------------------    -------------------
                         (clock sys_clk_pin rise edge)
                                                      0.000     0.000 r  
    W5                                                0.000     0.000 r  clk (IN)
                         net (fo=0)                   0.000     0.000    clk
    W5                   IBUF (Prop_ibuf_I_O)         1.458     1.458 r  clk_IBUF_inst/O
                         net (fo=1, routed)           1.967     3.425    clk_IBUF
    BUFGCTRL_X0Y0        BUFG (Prop_bufg_I_O)         0.096     3.521 r  clk_IBUF_BUFG_inst/O
                         net (fo=35, routed)          1.555     5.076    clk_IBUF_BUFG
    SLICE_X45Y19         FDRE                                         r  B_reg[0]/C
  -------------------------------------------------------------------    -------------------
    SLICE_X45Y19         FDRE (Prop_fdre_C_Q)         0.456     5.532 r  B_reg[0]/Q
                         net (fo=18, routed)          1.610     7.142    B[0]
    SLICE_X51Y24         LUT6 (Prop_lut6_I4_O)        0.124     7.266 r  seg_OBUF[6]_inst_i_102/O
                         net (fo=2, routed)           1.294     8.561    seg_OBUF[6]_inst_i_102_n_0
    SLICE_X50Y24         LUT6 (Prop_lut6_I0_O)        0.124     8.685 r  seg_OBUF[6]_inst_i_106/O
                         net (fo=1, routed)           0.000     8.685    seg_OBUF[6]_inst_i_106_n_0
    SLICE_X50Y24         CARRY4 (Prop_carry4_S[1]_CO[3])
                                                      0.533     9.218 r  seg_OBUF[6]_inst_i_56/CO[3]
                         net (fo=1, routed)           0.009     9.227    seg_OBUF[6]_inst_i_56_n_0
    SLICE_X50Y25         CARRY4 (Prop_carry4_CI_O[0])
                                                      0.219     9.446 r  seg_OBUF[6]_inst_i_135/O[0]
                         net (fo=2, routed)           0.665    10.110    seg_OBUF[6]_inst_i_135_n_7
    SLICE_X50Y26         LUT4 (Prop_lut4_I2_O)        0.319    10.429 r  seg_OBUF[6]_inst_i_111/O
                         net (fo=2, routed)           0.484    10.913    seg_OBUF[6]_inst_i_111_n_0
    SLICE_X50Y26         LUT6 (Prop_lut6_I3_O)        0.328    11.241 r  seg_OBUF[6]_inst_i_68/O
                         net (fo=2, routed)           0.805    12.046    seg_OBUF[6]_inst_i_68_n_0
    SLICE_X51Y27         LUT5 (Prop_lut5_I0_O)        0.124    12.170 r  seg_OBUF[6]_inst_i_72/O
                         net (fo=1, routed)           0.000    12.170    seg_OBUF[6]_inst_i_72_n_0
    SLICE_X51Y27         CARRY4 (Prop_carry4_S[1]_O[2])
                                                      0.580    12.750 f  seg_OBUF[6]_inst_i_29/O[2]
                         net (fo=1, routed)           0.751    13.501    result0[9]
    SLICE_X54Y27         LUT5 (Prop_lut5_I1_O)        0.328    13.829 r  seg_OBUF[6]_inst_i_43/O
                         net (fo=1, routed)           0.952    14.781    seg_OBUF[6]_inst_i_43_n_0
    SLICE_X53Y27         LUT6 (Prop_lut6_I0_O)        0.348    15.129 r  seg_OBUF[6]_inst_i_16/O
                         net (fo=1, routed)           0.983    16.112    seg_OBUF[6]_inst_i_16_n_0
    SLICE_X54Y25         LUT6 (Prop_lut6_I2_O)        0.124    16.236 f  seg_OBUF[6]_inst_i_4/O
                         net (fo=7, routed)           0.868    17.105    seg_OBUF[6]_inst_i_4_n_0
    SLICE_X54Y24         LUT4 (Prop_lut4_I2_O)        0.124    17.229 r  seg_OBUF[4]_inst_i_1/O
                         net (fo=1, routed)           2.148    19.377    seg_OBUF[4]
    U5                   OBUF (Prop_obuf_I_O)         3.520    22.897 r  seg_OBUF[4]_inst/O
                         net (fo=0)                   0.000    22.897    seg[4]
    U5                                                                r  seg[4] (OUT)
  -------------------------------------------------------------------    -------------------

Slack:                    inf
  Source:                 B_reg[0]/C
                            (rising edge-triggered cell FDRE clocked by sys_clk_pin  {rise@0.000ns fall@5.000ns period=10.000ns})
  Destination:            seg[3]
                            (output port)
  Path Group:             (none)
  Path Type:              Max at Slow Process Corner
  Data Path Delay:        17.710ns  (logic 7.173ns (40.501%)  route 10.537ns (59.499%))
  Logic Levels:           15  (CARRY4=5 LUT4=3 LUT5=1 LUT6=5 OBUF=1)
  Clock Uncertainty:      0.025ns  ((TSJ^2 + TIJ^2)^1/2 + DJ) / 2 + PE
    Total System Jitter     (TSJ):    0.050ns
    Total Input Jitter      (TIJ):    0.000ns
    Discrete Jitter          (DJ):    0.000ns
    Phase Error              (PE):    0.000ns

    Location             Delay type                Incr(ns)  Path(ns)    Netlist Resource(s)
  -------------------------------------------------------------------    -------------------
                         (clock sys_clk_pin rise edge)
                                                      0.000     0.000 r  
    W5                                                0.000     0.000 r  clk (IN)
                         net (fo=0)                   0.000     0.000    clk
    W5                   IBUF (Prop_ibuf_I_O)         1.458     1.458 r  clk_IBUF_inst/O
                         net (fo=1, routed)           1.967     3.425    clk_IBUF
    BUFGCTRL_X0Y0        BUFG (Prop_bufg_I_O)         0.096     3.521 r  clk_IBUF_BUFG_inst/O
                         net (fo=35, routed)          1.555     5.076    clk_IBUF_BUFG
    SLICE_X45Y19         FDRE                                         r  B_reg[0]/C
  -------------------------------------------------------------------    -------------------
    SLICE_X45Y19         FDRE (Prop_fdre_C_Q)         0.456     5.532 r  B_reg[0]/Q
                         net (fo=18, routed)          1.610     7.142    B[0]
    SLICE_X51Y24         LUT6 (Prop_lut6_I4_O)        0.124     7.266 r  seg_OBUF[6]_inst_i_102/O
                         net (fo=2, routed)           1.294     8.561    seg_OBUF[6]_inst_i_102_n_0
    SLICE_X50Y24         LUT6 (Prop_lut6_I0_O)        0.124     8.685 r  seg_OBUF[6]_inst_i_106/O
                         net (fo=1, routed)           0.000     8.685    seg_OBUF[6]_inst_i_106_n_0
    SLICE_X50Y24         CARRY4 (Prop_carry4_S[1]_CO[3])
                                                      0.533     9.218 r  seg_OBUF[6]_inst_i_56/CO[3]
                         net (fo=1, routed)           0.009     9.227    seg_OBUF[6]_inst_i_56_n_0
    SLICE_X50Y25         CARRY4 (Prop_carry4_CI_O[0])
                                                      0.219     9.446 r  seg_OBUF[6]_inst_i_135/O[0]
                         net (fo=2, routed)           0.665    10.110    seg_OBUF[6]_inst_i_135_n_7
    SLICE_X50Y26         LUT4 (Prop_lut4_I1_O)        0.295    10.405 f  seg_OBUF[6]_inst_i_109/O
                         net (fo=2, routed)           1.131    11.536    seg_OBUF[6]_inst_i_109_n_0
    SLICE_X50Y27         LUT4 (Prop_lut4_I0_O)        0.150    11.686 r  seg_OBUF[6]_inst_i_66/O
                         net (fo=2, routed)           0.777    12.463    seg_OBUF[6]_inst_i_66_n_0
    SLICE_X51Y27         LUT5 (Prop_lut5_I0_O)        0.328    12.791 r  seg_OBUF[6]_inst_i_70/O
                         net (fo=1, routed)           0.000    12.791    seg_OBUF[6]_inst_i_70_n_0
    SLICE_X51Y27         CARRY4 (Prop_carry4_S[3]_CO[3])
                                                      0.401    13.192 r  seg_OBUF[6]_inst_i_29/CO[3]
                         net (fo=1, routed)           0.000    13.192    seg_OBUF[6]_inst_i_29_n_0
    SLICE_X51Y28         CARRY4 (Prop_carry4_CI_CO[3])
                                                      0.114    13.306 r  seg_OBUF[6]_inst_i_34/CO[3]
                         net (fo=1, routed)           0.000    13.306    seg_OBUF[6]_inst_i_34_n_0
    SLICE_X51Y29         CARRY4 (Prop_carry4_CI_O[0])
                                                      0.222    13.528 r  seg_OBUF[6]_inst_i_61/O[0]
                         net (fo=1, routed)           0.793    14.321    result0[15]
    SLICE_X53Y29         LUT6 (Prop_lut6_I2_O)        0.299    14.620 r  seg_OBUF[6]_inst_i_27/O
                         net (fo=1, routed)           0.295    14.915    seg_OBUF[6]_inst_i_27_n_0
    SLICE_X53Y28         LUT6 (Prop_lut6_I1_O)        0.124    15.039 r  seg_OBUF[6]_inst_i_9/O
                         net (fo=1, routed)           0.641    15.680    seg_OBUF[6]_inst_i_9_n_0
    SLICE_X53Y26         LUT6 (Prop_lut6_I4_O)        0.124    15.804 r  seg_OBUF[6]_inst_i_2/O
                         net (fo=7, routed)           1.205    17.009    seg_OBUF[6]_inst_i_2_n_0
    SLICE_X54Y24         LUT4 (Prop_lut4_I0_O)        0.124    17.133 r  seg_OBUF[3]_inst_i_1/O
                         net (fo=1, routed)           2.117    19.250    seg_OBUF[3]
    V8                   OBUF (Prop_obuf_I_O)         3.536    22.786 r  seg_OBUF[3]_inst/O
                         net (fo=0)                   0.000    22.786    seg[3]
    V8                                                                r  seg[3] (OUT)
  -------------------------------------------------------------------    -------------------

Slack:                    inf
  Source:                 B_reg[0]/C
                            (rising edge-triggered cell FDRE clocked by sys_clk_pin  {rise@0.000ns fall@5.000ns period=10.000ns})
  Destination:            seg[1]
                            (output port)
  Path Group:             (none)
  Path Type:              Max at Slow Process Corner
  Data Path Delay:        17.675ns  (logic 7.166ns (40.544%)  route 10.509ns (59.456%))
  Logic Levels:           15  (CARRY4=5 LUT4=3 LUT5=1 LUT6=5 OBUF=1)
  Clock Uncertainty:      0.025ns  ((TSJ^2 + TIJ^2)^1/2 + DJ) / 2 + PE
    Total System Jitter     (TSJ):    0.050ns
    Total Input Jitter      (TIJ):    0.000ns
    Discrete Jitter          (DJ):    0.000ns
    Phase Error              (PE):    0.000ns

    Location             Delay type                Incr(ns)  Path(ns)    Netlist Resource(s)
  -------------------------------------------------------------------    -------------------
                         (clock sys_clk_pin rise edge)
                                                      0.000     0.000 r  
    W5                                                0.000     0.000 r  clk (IN)
                         net (fo=0)                   0.000     0.000    clk
    W5                   IBUF (Prop_ibuf_I_O)         1.458     1.458 r  clk_IBUF_inst/O
                         net (fo=1, routed)           1.967     3.425    clk_IBUF
    BUFGCTRL_X0Y0        BUFG (Prop_bufg_I_O)         0.096     3.521 r  clk_IBUF_BUFG_inst/O
                         net (fo=35, routed)          1.555     5.076    clk_IBUF_BUFG
    SLICE_X45Y19         FDRE                                         r  B_reg[0]/C
  -------------------------------------------------------------------    -------------------
    SLICE_X45Y19         FDRE (Prop_fdre_C_Q)         0.456     5.532 r  B_reg[0]/Q
                         net (fo=18, routed)          1.610     7.142    B[0]
    SLICE_X51Y24         LUT6 (Prop_lut6_I4_O)        0.124     7.266 r  seg_OBUF[6]_inst_i_102/O
                         net (fo=2, routed)           1.294     8.561    seg_OBUF[6]_inst_i_102_n_0
    SLICE_X50Y24         LUT6 (Prop_lut6_I0_O)        0.124     8.685 r  seg_OBUF[6]_inst_i_106/O
                         net (fo=1, routed)           0.000     8.685    seg_OBUF[6]_inst_i_106_n_0
    SLICE_X50Y24         CARRY4 (Prop_carry4_S[1]_CO[3])
                                                      0.533     9.218 r  seg_OBUF[6]_inst_i_56/CO[3]
                         net (fo=1, routed)           0.009     9.227    seg_OBUF[6]_inst_i_56_n_0
    SLICE_X50Y25         CARRY4 (Prop_carry4_CI_O[0])
                                                      0.219     9.446 r  seg_OBUF[6]_inst_i_135/O[0]
                         net (fo=2, routed)           0.665    10.110    seg_OBUF[6]_inst_i_135_n_7
    SLICE_X50Y26         LUT4 (Prop_lut4_I1_O)        0.295    10.405 f  seg_OBUF[6]_inst_i_109/O
                         net (fo=2, routed)           1.131    11.536    seg_OBUF[6]_inst_i_109_n_0
    SLICE_X50Y27         LUT4 (Prop_lut4_I0_O)        0.150    11.686 r  seg_OBUF[6]_inst_i_66/O
                         net (fo=2, routed)           0.777    12.463    seg_OBUF[6]_inst_i_66_n_0
    SLICE_X51Y27         LUT5 (Prop_lut5_I0_O)        0.328    12.791 r  seg_OBUF[6]_inst_i_70/O
                         net (fo=1, routed)           0.000    12.791    seg_OBUF[6]_inst_i_70_n_0
    SLICE_X51Y27         CARRY4 (Prop_carry4_S[3]_CO[3])
                                                      0.401    13.192 r  seg_OBUF[6]_inst_i_29/CO[3]
                         net (fo=1, routed)           0.000    13.192    seg_OBUF[6]_inst_i_29_n_0
    SLICE_X51Y28         CARRY4 (Prop_carry4_CI_CO[3])
                                                      0.114    13.306 r  seg_OBUF[6]_inst_i_34/CO[3]
                         net (fo=1, routed)           0.000    13.306    seg_OBUF[6]_inst_i_34_n_0
    SLICE_X51Y29         CARRY4 (Prop_carry4_CI_O[0])
                                                      0.222    13.528 r  seg_OBUF[6]_inst_i_61/O[0]
                         net (fo=1, routed)           0.793    14.321    result0[15]
    SLICE_X53Y29         LUT6 (Prop_lut6_I2_O)        0.299    14.620 r  seg_OBUF[6]_inst_i_27/O
                         net (fo=1, routed)           0.295    14.915    seg_OBUF[6]_inst_i_27_n_0
    SLICE_X53Y28         LUT6 (Prop_lut6_I1_O)        0.124    15.039 r  seg_OBUF[6]_inst_i_9/O
                         net (fo=1, routed)           0.641    15.680    seg_OBUF[6]_inst_i_9_n_0
    SLICE_X53Y26         LUT6 (Prop_lut6_I4_O)        0.124    15.804 r  seg_OBUF[6]_inst_i_2/O
                         net (fo=7, routed)           1.213    17.017    seg_OBUF[6]_inst_i_2_n_0
    SLICE_X54Y24         LUT4 (Prop_lut4_I0_O)        0.124    17.141 r  seg_OBUF[1]_inst_i_1/O
                         net (fo=1, routed)           2.081    19.222    seg_OBUF[1]
    W6                   OBUF (Prop_obuf_I_O)         3.529    22.751 r  seg_OBUF[1]_inst/O
                         net (fo=0)                   0.000    22.751    seg[1]
    W6                                                                r  seg[1] (OUT)
  -------------------------------------------------------------------    -------------------

Slack:                    inf
  Source:                 active_digit_reg[0]/C
                            (rising edge-triggered cell FDRE clocked by sys_clk_pin  {rise@0.000ns fall@5.000ns period=10.000ns})
  Destination:            an[3]
                            (output port)
  Path Group:             (none)
  Path Type:              Max at Slow Process Corner
  Data Path Delay:        7.854ns  (logic 4.326ns (55.082%)  route 3.528ns (44.918%))
  Logic Levels:           2  (LUT2=1 OBUF=1)
  Clock Uncertainty:      0.025ns  ((TSJ^2 + TIJ^2)^1/2 + DJ) / 2 + PE
    Total System Jitter     (TSJ):    0.050ns
    Total Input Jitter      (TIJ):    0.000ns
    Discrete Jitter          (DJ):    0.000ns
    Phase Error              (PE):    0.000ns

    Location             Delay type                Incr(ns)  Path(ns)    Netlist Resource(s)
  -------------------------------------------------------------------    -------------------
                         (clock sys_clk_pin rise edge)
                                                      0.000     0.000 r  
    W5                                                0.000     0.000 r  clk (IN)
                         net (fo=0)                   0.000     0.000    clk
    W5                   IBUF (Prop_ibuf_I_O)         1.458     1.458 r  clk_IBUF_inst/O
                         net (fo=1, routed)           1.967     3.425    clk_IBUF
    BUFGCTRL_X0Y0        BUFG (Prop_bufg_I_O)         0.096     3.521 r  clk_IBUF_BUFG_inst/O
                         net (fo=35, routed)          1.558     5.079    clk_IBUF_BUFG
    SLICE_X57Y29         FDRE                                         r  active_digit_reg[0]/C
  -------------------------------------------------------------------    -------------------
    SLICE_X57Y29         FDRE (Prop_fdre_C_Q)         0.456     5.535 f  active_digit_reg[0]/Q
                         net (fo=16, routed)          1.164     6.699    active_digit[0]
    SLICE_X53Y28         LUT2 (Prop_lut2_I0_O)        0.152     6.851 r  an_OBUF[3]_inst_i_1/O
                         net (fo=1, routed)           2.364     9.215    an_OBUF[3]
    W4                   OBUF (Prop_obuf_I_O)         3.718    12.934 r  an_OBUF[3]_inst/O
                         net (fo=0)                   0.000    12.934    an[3]
    W4                                                                r  an[3] (OUT)
  -------------------------------------------------------------------    -------------------

Slack:                    inf
  Source:                 active_digit_reg[0]/C
                            (rising edge-triggered cell FDRE clocked by sys_clk_pin  {rise@0.000ns fall@5.000ns period=10.000ns})
  Destination:            an[2]
                            (output port)
  Path Group:             (none)
  Path Type:              Max at Slow Process Corner
  Data Path Delay:        7.719ns  (logic 4.333ns (56.137%)  route 3.386ns (43.863%))
  Logic Levels:           2  (LUT2=1 OBUF=1)
  Clock Uncertainty:      0.025ns  ((TSJ^2 + TIJ^2)^1/2 + DJ) / 2 + PE
    Total System Jitter     (TSJ):    0.050ns
    Total Input Jitter      (TIJ):    0.000ns
    Discrete Jitter          (DJ):    0.000ns
    Phase Error              (PE):    0.000ns

    Location             Delay type                Incr(ns)  Path(ns)    Netlist Resource(s)
  -------------------------------------------------------------------    -------------------
                         (clock sys_clk_pin rise edge)
                                                      0.000     0.000 r  
    W5                                                0.000     0.000 r  clk (IN)
                         net (fo=0)                   0.000     0.000    clk
    W5                   IBUF (Prop_ibuf_I_O)         1.458     1.458 r  clk_IBUF_inst/O
                         net (fo=1, routed)           1.967     3.425    clk_IBUF
    BUFGCTRL_X0Y0        BUFG (Prop_bufg_I_O)         0.096     3.521 r  clk_IBUF_BUFG_inst/O
                         net (fo=35, routed)          1.558     5.079    clk_IBUF_BUFG
    SLICE_X57Y29         FDRE                                         r  active_digit_reg[0]/C
  -------------------------------------------------------------------    -------------------
    SLICE_X57Y29         FDRE (Prop_fdre_C_Q)         0.456     5.535 r  active_digit_reg[0]/Q
                         net (fo=16, routed)          1.438     6.973    active_digit[0]
    SLICE_X54Y27         LUT2 (Prop_lut2_I0_O)        0.150     7.123 r  an_OBUF[2]_inst_i_1/O
                         net (fo=1, routed)           1.948     9.071    an_OBUF[2]
    V4                   OBUF (Prop_obuf_I_O)         3.727    12.798 r  an_OBUF[2]_inst/O
                         net (fo=0)                   0.000    12.798    an[2]
    V4                                                                r  an[2] (OUT)
  -------------------------------------------------------------------    -------------------

Slack:                    inf
  Source:                 active_digit_reg[1]/C
                            (rising edge-triggered cell FDRE clocked by sys_clk_pin  {rise@0.000ns fall@5.000ns period=10.000ns})
  Destination:            an[0]
                            (output port)
  Path Group:             (none)
  Path Type:              Max at Slow Process Corner
  Data Path Delay:        7.595ns  (logic 4.313ns (56.782%)  route 3.283ns (43.218%))
  Logic Levels:           2  (LUT2=1 OBUF=1)
  Clock Uncertainty:      0.025ns  ((TSJ^2 + TIJ^2)^1/2 + DJ) / 2 + PE
    Total System Jitter     (TSJ):    0.050ns
    Total Input Jitter      (TIJ):    0.000ns
    Discrete Jitter          (DJ):    0.000ns
    Phase Error              (PE):    0.000ns

    Location             Delay type                Incr(ns)  Path(ns)    Netlist Resource(s)
  -------------------------------------------------------------------    -------------------
                         (clock sys_clk_pin rise edge)
                                                      0.000     0.000 r  
    W5                                                0.000     0.000 r  clk (IN)
                         net (fo=0)                   0.000     0.000    clk
    W5                   IBUF (Prop_ibuf_I_O)         1.458     1.458 r  clk_IBUF_inst/O
                         net (fo=1, routed)           1.967     3.425    clk_IBUF
    BUFGCTRL_X0Y0        BUFG (Prop_bufg_I_O)         0.096     3.521 r  clk_IBUF_BUFG_inst/O
                         net (fo=35, routed)          1.559     5.080    clk_IBUF_BUFG
    SLICE_X57Y30         FDRE                                         r  active_digit_reg[1]/C
  -------------------------------------------------------------------    -------------------
    SLICE_X57Y30         FDRE (Prop_fdre_C_Q)         0.456     5.536 r  active_digit_reg[1]/Q
                         net (fo=16, routed)          1.028     6.564    active_digit[1]
    SLICE_X52Y29         LUT2 (Prop_lut2_I1_O)        0.150     6.714 r  an_OBUF[0]_inst_i_1/O
                         net (fo=1, routed)           2.255     8.969    an_OBUF[0]
    U2                   OBUF (Prop_obuf_I_O)         3.707    12.676 r  an_OBUF[0]_inst/O
                         net (fo=0)                   0.000    12.676    an[0]
    U2                                                                r  an[0] (OUT)
  -------------------------------------------------------------------    -------------------





Min Delay Paths
--------------------------------------------------------------------------------------
Slack:                    inf
  Source:                 active_digit_reg[0]/C
                            (rising edge-triggered cell FDRE clocked by sys_clk_pin  {rise@0.000ns fall@5.000ns period=10.000ns})
  Destination:            an[1]
                            (output port)
  Path Group:             (none)
  Path Type:              Min at Fast Process Corner
  Data Path Delay:        2.218ns  (logic 1.386ns (62.496%)  route 0.832ns (37.504%))
  Logic Levels:           2  (LUT2=1 OBUF=1)
  Clock Uncertainty:      0.025ns  ((TSJ^2 + TIJ^2)^1/2 + DJ) / 2 + PE
    Total System Jitter     (TSJ):    0.050ns
    Total Input Jitter      (TIJ):    0.000ns
    Discrete Jitter          (DJ):    0.000ns
    Phase Error              (PE):    0.000ns

    Location             Delay type                Incr(ns)  Path(ns)    Netlist Resource(s)
  -------------------------------------------------------------------    -------------------
                         (clock sys_clk_pin rise edge)
                                                      0.000     0.000 r  
    W5                                                0.000     0.000 r  clk (IN)
                         net (fo=0)                   0.000     0.000    clk
    W5                   IBUF (Prop_ibuf_I_O)         0.226     0.226 r  clk_IBUF_inst/O
                         net (fo=1, routed)           0.631     0.858    clk_IBUF
    BUFGCTRL_X0Y0        BUFG (Prop_bufg_I_O)         0.026     0.884 r  clk_IBUF_BUFG_inst/O
                         net (fo=35, routed)          0.559     1.442    clk_IBUF_BUFG
    SLICE_X57Y29         FDRE                                         r  active_digit_reg[0]/C
  -------------------------------------------------------------------    -------------------
    SLICE_X57Y29         FDRE (Prop_fdre_C_Q)         0.141     1.583 f  active_digit_reg[0]/Q
                         net (fo=16, routed)          0.260     1.843    active_digit[0]
    SLICE_X53Y29         LUT2 (Prop_lut2_I1_O)        0.045     1.888 r  an_OBUF[1]_inst_i_1/O
                         net (fo=7, routed)           0.572     2.460    an_OBUF[1]
    U4                   OBUF (Prop_obuf_I_O)         1.200     3.660 r  an_OBUF[1]_inst/O
                         net (fo=0)                   0.000     3.660    an[1]
    U4                                                                r  an[1] (OUT)
  -------------------------------------------------------------------    -------------------

Slack:                    inf
  Source:                 active_digit_reg[0]/C
                            (rising edge-triggered cell FDRE clocked by sys_clk_pin  {rise@0.000ns fall@5.000ns period=10.000ns})
  Destination:            an[0]
                            (output port)
  Path Group:             (none)
  Path Type:              Min at Fast Process Corner
  Data Path Delay:        2.421ns  (logic 1.454ns (60.054%)  route 0.967ns (39.946%))
  Logic Levels:           2  (LUT2=1 OBUF=1)
  Clock Uncertainty:      0.025ns  ((TSJ^2 + TIJ^2)^1/2 + DJ) / 2 + PE
    Total System Jitter     (TSJ):    0.050ns
    Total Input Jitter      (TIJ):    0.000ns
    Discrete Jitter          (DJ):    0.000ns
    Phase Error              (PE):    0.000ns

    Location             Delay type                Incr(ns)  Path(ns)    Netlist Resource(s)
  -------------------------------------------------------------------    -------------------
                         (clock sys_clk_pin rise edge)
                                                      0.000     0.000 r  
    W5                                                0.000     0.000 r  clk (IN)
                         net (fo=0)                   0.000     0.000    clk
    W5                   IBUF (Prop_ibuf_I_O)         0.226     0.226 r  clk_IBUF_inst/O
                         net (fo=1, routed)           0.631     0.858    clk_IBUF
    BUFGCTRL_X0Y0        BUFG (Prop_bufg_I_O)         0.026     0.884 r  clk_IBUF_BUFG_inst/O
                         net (fo=35, routed)          0.559     1.442    clk_IBUF_BUFG
    SLICE_X57Y29         FDRE                                         r  active_digit_reg[0]/C
  -------------------------------------------------------------------    -------------------
    SLICE_X57Y29         FDRE (Prop_fdre_C_Q)         0.141     1.583 r  active_digit_reg[0]/Q
                         net (fo=16, routed)          0.341     1.924    active_digit[0]
    SLICE_X52Y29         LUT2 (Prop_lut2_I0_O)        0.043     1.967 r  an_OBUF[0]_inst_i_1/O
                         net (fo=1, routed)           0.627     2.593    an_OBUF[0]
    U2                   OBUF (Prop_obuf_I_O)         1.270     3.863 r  an_OBUF[0]_inst/O
                         net (fo=0)                   0.000     3.863    an[0]
    U2                                                                r  an[0] (OUT)
  -------------------------------------------------------------------    -------------------

Slack:                    inf
  Source:                 active_digit_reg[0]/C
                            (rising edge-triggered cell FDRE clocked by sys_clk_pin  {rise@0.000ns fall@5.000ns period=10.000ns})
  Destination:            an[2]
                            (output port)
  Path Group:             (none)
  Path Type:              Min at Fast Process Corner
  Data Path Delay:        2.562ns  (logic 1.477ns (57.658%)  route 1.085ns (42.342%))
  Logic Levels:           2  (LUT2=1 OBUF=1)
  Clock Uncertainty:      0.025ns  ((TSJ^2 + TIJ^2)^1/2 + DJ) / 2 + PE
    Total System Jitter     (TSJ):    0.050ns
    Total Input Jitter      (TIJ):    0.000ns
    Discrete Jitter          (DJ):    0.000ns
    Phase Error              (PE):    0.000ns

    Location             Delay type                Incr(ns)  Path(ns)    Netlist Resource(s)
  -------------------------------------------------------------------    -------------------
                         (clock sys_clk_pin rise edge)
                                                      0.000     0.000 r  
    W5                                                0.000     0.000 r  clk (IN)
                         net (fo=0)                   0.000     0.000    clk
    W5                   IBUF (Prop_ibuf_I_O)         0.226     0.226 r  clk_IBUF_inst/O
                         net (fo=1, routed)           0.631     0.858    clk_IBUF
    BUFGCTRL_X0Y0        BUFG (Prop_bufg_I_O)         0.026     0.884 r  clk_IBUF_BUFG_inst/O
                         net (fo=35, routed)          0.559     1.442    clk_IBUF_BUFG
    SLICE_X57Y29         FDRE                                         r  active_digit_reg[0]/C
  -------------------------------------------------------------------    -------------------
    SLICE_X57Y29         FDRE (Prop_fdre_C_Q)         0.141     1.583 r  active_digit_reg[0]/Q
                         net (fo=16, routed)          0.598     2.181    active_digit[0]
    SLICE_X54Y27         LUT2 (Prop_lut2_I0_O)        0.046     2.227 r  an_OBUF[2]_inst_i_1/O
                         net (fo=1, routed)           0.487     2.714    an_OBUF[2]
    V4                   OBUF (Prop_obuf_I_O)         1.290     4.004 r  an_OBUF[2]_inst/O
                         net (fo=0)                   0.000     4.004    an[2]
    V4                                                                r  an[2] (OUT)
  -------------------------------------------------------------------    -------------------

Slack:                    inf
  Source:                 active_digit_reg[0]/C
                            (rising edge-triggered cell FDRE clocked by sys_clk_pin  {rise@0.000ns fall@5.000ns period=10.000ns})
  Destination:            an[3]
                            (output port)
  Path Group:             (none)
  Path Type:              Min at Fast Process Corner
  Data Path Delay:        2.644ns  (logic 1.462ns (55.303%)  route 1.182ns (44.697%))
  Logic Levels:           2  (LUT2=1 OBUF=1)
  Clock Uncertainty:      0.025ns  ((TSJ^2 + TIJ^2)^1/2 + DJ) / 2 + PE
    Total System Jitter     (TSJ):    0.050ns
    Total Input Jitter      (TIJ):    0.000ns
    Discrete Jitter          (DJ):    0.000ns
    Phase Error              (PE):    0.000ns

    Location             Delay type                Incr(ns)  Path(ns)    Netlist Resource(s)
  -------------------------------------------------------------------    -------------------
                         (clock sys_clk_pin rise edge)
                                                      0.000     0.000 r  
    W5                                                0.000     0.000 r  clk (IN)
                         net (fo=0)                   0.000     0.000    clk
    W5                   IBUF (Prop_ibuf_I_O)         0.226     0.226 r  clk_IBUF_inst/O
                         net (fo=1, routed)           0.631     0.858    clk_IBUF
    BUFGCTRL_X0Y0        BUFG (Prop_bufg_I_O)         0.026     0.884 r  clk_IBUF_BUFG_inst/O
                         net (fo=35, routed)          0.559     1.442    clk_IBUF_BUFG
    SLICE_X57Y29         FDRE                                         r  active_digit_reg[0]/C
  -------------------------------------------------------------------    -------------------
    SLICE_X57Y29         FDRE (Prop_fdre_C_Q)         0.141     1.583 f  active_digit_reg[0]/Q
                         net (fo=16, routed)          0.462     2.045    active_digit[0]
    SLICE_X53Y28         LUT2 (Prop_lut2_I0_O)        0.043     2.088 r  an_OBUF[3]_inst_i_1/O
                         net (fo=1, routed)           0.720     2.808    an_OBUF[3]
    W4                   OBUF (Prop_obuf_I_O)         1.278     4.086 r  an_OBUF[3]_inst/O
                         net (fo=0)                   0.000     4.086    an[3]
    W4                                                                r  an[3] (OUT)
  -------------------------------------------------------------------    -------------------

Slack:                    inf
  Source:                 active_digit_reg[0]/C
                            (rising edge-triggered cell FDRE clocked by sys_clk_pin  {rise@0.000ns fall@5.000ns period=10.000ns})
  Destination:            seg[4]
                            (output port)
  Path Group:             (none)
  Path Type:              Min at Fast Process Corner
  Data Path Delay:        2.900ns  (logic 1.452ns (50.066%)  route 1.448ns (49.934%))
  Logic Levels:           3  (LUT4=1 LUT6=1 OBUF=1)
  Clock Uncertainty:      0.025ns  ((TSJ^2 + TIJ^2)^1/2 + DJ) / 2 + PE
    Total System Jitter     (TSJ):    0.050ns
    Total Input Jitter      (TIJ):    0.000ns
    Discrete Jitter          (DJ):    0.000ns
    Phase Error              (PE):    0.000ns

    Location             Delay type                Incr(ns)  Path(ns)    Netlist Resource(s)
  -------------------------------------------------------------------    -------------------
                         (clock sys_clk_pin rise edge)
                                                      0.000     0.000 r  
    W5                                                0.000     0.000 r  clk (IN)
                         net (fo=0)                   0.000     0.000    clk
    W5                   IBUF (Prop_ibuf_I_O)         0.226     0.226 r  clk_IBUF_inst/O
                         net (fo=1, routed)           0.631     0.858    clk_IBUF
    BUFGCTRL_X0Y0        BUFG (Prop_bufg_I_O)         0.026     0.884 r  clk_IBUF_BUFG_inst/O
                         net (fo=35, routed)          0.559     1.442    clk_IBUF_BUFG
    SLICE_X57Y29         FDRE                                         r  active_digit_reg[0]/C
  -------------------------------------------------------------------    -------------------
    SLICE_X57Y29         FDRE (Prop_fdre_C_Q)         0.141     1.583 r  active_digit_reg[0]/Q
                         net (fo=16, routed)          0.587     2.170    active_digit[0]
    SLICE_X54Y27         LUT6 (Prop_lut6_I3_O)        0.045     2.215 f  seg_OBUF[6]_inst_i_3/O
                         net (fo=7, routed)           0.292     2.507    seg_OBUF[6]_inst_i_3_n_0
    SLICE_X54Y24         LUT4 (Prop_lut4_I0_O)        0.045     2.552 r  seg_OBUF[4]_inst_i_1/O
                         net (fo=1, routed)           0.569     3.121    seg_OBUF[4]
    U5                   OBUF (Prop_obuf_I_O)         1.221     4.342 r  seg_OBUF[4]_inst/O
                         net (fo=0)                   0.000     4.342    seg[4]
    U5                                                                r  seg[4] (OUT)
  -------------------------------------------------------------------    -------------------

Slack:                    inf
  Source:                 active_digit_reg[0]/C
                            (rising edge-triggered cell FDRE clocked by sys_clk_pin  {rise@0.000ns fall@5.000ns period=10.000ns})
  Destination:            seg[5]
                            (output port)
  Path Group:             (none)
  Path Type:              Min at Fast Process Corner
  Data Path Delay:        2.935ns  (logic 1.437ns (48.940%)  route 1.499ns (51.060%))
  Logic Levels:           3  (LUT4=1 LUT6=1 OBUF=1)
  Clock Uncertainty:      0.025ns  ((TSJ^2 + TIJ^2)^1/2 + DJ) / 2 + PE
    Total System Jitter     (TSJ):    0.050ns
    Total Input Jitter      (TIJ):    0.000ns
    Discrete Jitter          (DJ):    0.000ns
    Phase Error              (PE):    0.000ns

    Location             Delay type                Incr(ns)  Path(ns)    Netlist Resource(s)
  -------------------------------------------------------------------    -------------------
                         (clock sys_clk_pin rise edge)
                                                      0.000     0.000 r  
    W5                                                0.000     0.000 r  clk (IN)
                         net (fo=0)                   0.000     0.000    clk
    W5                   IBUF (Prop_ibuf_I_O)         0.226     0.226 r  clk_IBUF_inst/O
                         net (fo=1, routed)           0.631     0.858    clk_IBUF
    BUFGCTRL_X0Y0        BUFG (Prop_bufg_I_O)         0.026     0.884 r  clk_IBUF_BUFG_inst/O
                         net (fo=35, routed)          0.559     1.442    clk_IBUF_BUFG
    SLICE_X57Y29         FDRE                                         r  active_digit_reg[0]/C
  -------------------------------------------------------------------    -------------------
    SLICE_X57Y29         FDRE (Prop_fdre_C_Q)         0.141     1.583 r  active_digit_reg[0]/Q
                         net (fo=16, routed)          0.587     2.170    active_digit[0]
    SLICE_X54Y27         LUT6 (Prop_lut6_I3_O)        0.045     2.215 f  seg_OBUF[6]_inst_i_3/O
                         net (fo=7, routed)           0.283     2.498    seg_OBUF[6]_inst_i_3_n_0
    SLICE_X54Y24         LUT4 (Prop_lut4_I0_O)        0.045     2.543 r  seg_OBUF[5]_inst_i_1/O
                         net (fo=1, routed)           0.629     3.172    seg_OBUF[5]
    V5                   OBUF (Prop_obuf_I_O)         1.206     4.377 r  seg_OBUF[5]_inst/O
                         net (fo=0)                   0.000     4.377    seg[5]
    V5                                                                r  seg[5] (OUT)
  -------------------------------------------------------------------    -------------------

Slack:                    inf
  Source:                 active_digit_reg[0]/C
                            (rising edge-triggered cell FDRE clocked by sys_clk_pin  {rise@0.000ns fall@5.000ns period=10.000ns})
  Destination:            seg[1]
                            (output port)
  Path Group:             (none)
  Path Type:              Min at Fast Process Corner
  Data Path Delay:        3.014ns  (logic 1.461ns (48.480%)  route 1.553ns (51.520%))
  Logic Levels:           3  (LUT4=1 LUT6=1 OBUF=1)
  Clock Uncertainty:      0.025ns  ((TSJ^2 + TIJ^2)^1/2 + DJ) / 2 + PE
    Total System Jitter     (TSJ):    0.050ns
    Total Input Jitter      (TIJ):    0.000ns
    Discrete Jitter          (DJ):    0.000ns
    Phase Error              (PE):    0.000ns

    Location             Delay type                Incr(ns)  Path(ns)    Netlist Resource(s)
  -------------------------------------------------------------------    -------------------
                         (clock sys_clk_pin rise edge)
                                                      0.000     0.000 r  
    W5                                                0.000     0.000 r  clk (IN)
                         net (fo=0)                   0.000     0.000    clk
    W5                   IBUF (Prop_ibuf_I_O)         0.226     0.226 r  clk_IBUF_inst/O
                         net (fo=1, routed)           0.631     0.858    clk_IBUF
    BUFGCTRL_X0Y0        BUFG (Prop_bufg_I_O)         0.026     0.884 r  clk_IBUF_BUFG_inst/O
                         net (fo=35, routed)          0.559     1.442    clk_IBUF_BUFG
    SLICE_X57Y29         FDRE                                         r  active_digit_reg[0]/C
  -------------------------------------------------------------------    -------------------
    SLICE_X57Y29         FDRE (Prop_fdre_C_Q)         0.141     1.583 r  active_digit_reg[0]/Q
                         net (fo=16, routed)          0.587     2.170    active_digit[0]
    SLICE_X54Y27         LUT6 (Prop_lut6_I3_O)        0.045     2.215 r  seg_OBUF[6]_inst_i_3/O
                         net (fo=7, routed)           0.432     2.647    seg_OBUF[6]_inst_i_3_n_0
    SLICE_X54Y24         LUT4 (Prop_lut4_I3_O)        0.045     2.692 r  seg_OBUF[1]_inst_i_1/O
                         net (fo=1, routed)           0.534     3.226    seg_OBUF[1]
    W6                   OBUF (Prop_obuf_I_O)         1.230     4.456 r  seg_OBUF[1]_inst/O
                         net (fo=0)                   0.000     4.456    seg[1]
    W6                                                                r  seg[1] (OUT)
  -------------------------------------------------------------------    -------------------

Slack:                    inf
  Source:                 active_digit_reg[0]/C
                            (rising edge-triggered cell FDRE clocked by sys_clk_pin  {rise@0.000ns fall@5.000ns period=10.000ns})
  Destination:            seg[3]
                            (output port)
  Path Group:             (none)
  Path Type:              Min at Fast Process Corner
  Data Path Delay:        3.045ns  (logic 1.467ns (48.192%)  route 1.578ns (51.808%))
  Logic Levels:           3  (LUT4=1 LUT6=1 OBUF=1)
  Clock Uncertainty:      0.025ns  ((TSJ^2 + TIJ^2)^1/2 + DJ) / 2 + PE
    Total System Jitter     (TSJ):    0.050ns
    Total Input Jitter      (TIJ):    0.000ns
    Discrete Jitter          (DJ):    0.000ns
    Phase Error              (PE):    0.000ns

    Location             Delay type                Incr(ns)  Path(ns)    Netlist Resource(s)
  -------------------------------------------------------------------    -------------------
                         (clock sys_clk_pin rise edge)
                                                      0.000     0.000 r  
    W5                                                0.000     0.000 r  clk (IN)
                         net (fo=0)                   0.000     0.000    clk
    W5                   IBUF (Prop_ibuf_I_O)         0.226     0.226 r  clk_IBUF_inst/O
                         net (fo=1, routed)           0.631     0.858    clk_IBUF
    BUFGCTRL_X0Y0        BUFG (Prop_bufg_I_O)         0.026     0.884 r  clk_IBUF_BUFG_inst/O
                         net (fo=35, routed)          0.559     1.442    clk_IBUF_BUFG
    SLICE_X57Y29         FDRE                                         r  active_digit_reg[0]/C
  -------------------------------------------------------------------    -------------------
    SLICE_X57Y29         FDRE (Prop_fdre_C_Q)         0.141     1.583 r  active_digit_reg[0]/Q
                         net (fo=16, routed)          0.587     2.170    active_digit[0]
    SLICE_X54Y27         LUT6 (Prop_lut6_I3_O)        0.045     2.215 r  seg_OBUF[6]_inst_i_3/O
                         net (fo=7, routed)           0.427     2.642    seg_OBUF[6]_inst_i_3_n_0
    SLICE_X54Y24         LUT4 (Prop_lut4_I3_O)        0.045     2.687 r  seg_OBUF[3]_inst_i_1/O
                         net (fo=1, routed)           0.564     3.251    seg_OBUF[3]
    V8                   OBUF (Prop_obuf_I_O)         1.236     4.487 r  seg_OBUF[3]_inst/O
                         net (fo=0)                   0.000     4.487    seg[3]
    V8                                                                r  seg[3] (OUT)
  -------------------------------------------------------------------    -------------------

Slack:                    inf
  Source:                 active_digit_reg[0]/C
                            (rising edge-triggered cell FDRE clocked by sys_clk_pin  {rise@0.000ns fall@5.000ns period=10.000ns})
  Destination:            seg[0]
                            (output port)
  Path Group:             (none)
  Path Type:              Min at Fast Process Corner
  Data Path Delay:        3.070ns  (logic 1.516ns (49.375%)  route 1.554ns (50.625%))
  Logic Levels:           3  (LUT4=1 LUT6=1 OBUF=1)
  Clock Uncertainty:      0.025ns  ((TSJ^2 + TIJ^2)^1/2 + DJ) / 2 + PE
    Total System Jitter     (TSJ):    0.050ns
    Total Input Jitter      (TIJ):    0.000ns
    Discrete Jitter          (DJ):    0.000ns
    Phase Error              (PE):    0.000ns

    Location             Delay type                Incr(ns)  Path(ns)    Netlist Resource(s)
  -------------------------------------------------------------------    -------------------
                         (clock sys_clk_pin rise edge)
                                                      0.000     0.000 r  
    W5                                                0.000     0.000 r  clk (IN)
                         net (fo=0)                   0.000     0.000    clk
    W5                   IBUF (Prop_ibuf_I_O)         0.226     0.226 r  clk_IBUF_inst/O
                         net (fo=1, routed)           0.631     0.858    clk_IBUF
    BUFGCTRL_X0Y0        BUFG (Prop_bufg_I_O)         0.026     0.884 r  clk_IBUF_BUFG_inst/O
                         net (fo=35, routed)          0.559     1.442    clk_IBUF_BUFG
    SLICE_X57Y29         FDRE                                         r  active_digit_reg[0]/C
  -------------------------------------------------------------------    -------------------
    SLICE_X57Y29         FDRE (Prop_fdre_C_Q)         0.141     1.583 r  active_digit_reg[0]/Q
                         net (fo=16, routed)          0.587     2.170    active_digit[0]
    SLICE_X54Y27         LUT6 (Prop_lut6_I3_O)        0.045     2.215 r  seg_OBUF[6]_inst_i_3/O
                         net (fo=7, routed)           0.427     2.642    seg_OBUF[6]_inst_i_3_n_0
    SLICE_X54Y24         LUT4 (Prop_lut4_I0_O)        0.045     2.687 r  seg_OBUF[0]_inst_i_1/O
                         net (fo=1, routed)           0.541     3.227    seg_OBUF[0]
    W7                   OBUF (Prop_obuf_I_O)         1.285     4.512 r  seg_OBUF[0]_inst/O
                         net (fo=0)                   0.000     4.512    seg[0]
    W7                                                                r  seg[0] (OUT)
  -------------------------------------------------------------------    -------------------

Slack:                    inf
  Source:                 active_digit_reg[0]/C
                            (rising edge-triggered cell FDRE clocked by sys_clk_pin  {rise@0.000ns fall@5.000ns period=10.000ns})
  Destination:            seg[6]
                            (output port)
  Path Group:             (none)
  Path Type:              Min at Fast Process Corner
  Data Path Delay:        3.087ns  (logic 1.535ns (49.736%)  route 1.552ns (50.264%))
  Logic Levels:           3  (LUT4=1 LUT6=1 OBUF=1)
  Clock Uncertainty:      0.025ns  ((TSJ^2 + TIJ^2)^1/2 + DJ) / 2 + PE
    Total System Jitter     (TSJ):    0.050ns
    Total Input Jitter      (TIJ):    0.000ns
    Discrete Jitter          (DJ):    0.000ns
    Phase Error              (PE):    0.000ns

    Location             Delay type                Incr(ns)  Path(ns)    Netlist Resource(s)
  -------------------------------------------------------------------    -------------------
                         (clock sys_clk_pin rise edge)
                                                      0.000     0.000 r  
    W5                                                0.000     0.000 r  clk (IN)
                         net (fo=0)                   0.000     0.000    clk
    W5                   IBUF (Prop_ibuf_I_O)         0.226     0.226 r  clk_IBUF_inst/O
                         net (fo=1, routed)           0.631     0.858    clk_IBUF
    BUFGCTRL_X0Y0        BUFG (Prop_bufg_I_O)         0.026     0.884 r  clk_IBUF_BUFG_inst/O
                         net (fo=35, routed)          0.559     1.442    clk_IBUF_BUFG
    SLICE_X57Y29         FDRE                                         r  active_digit_reg[0]/C
  -------------------------------------------------------------------    -------------------
    SLICE_X57Y29         FDRE (Prop_fdre_C_Q)         0.141     1.583 r  active_digit_reg[0]/Q
                         net (fo=16, routed)          0.587     2.170    active_digit[0]
    SLICE_X54Y27         LUT6 (Prop_lut6_I3_O)        0.045     2.215 r  seg_OBUF[6]_inst_i_3/O
                         net (fo=7, routed)           0.292     2.507    seg_OBUF[6]_inst_i_3_n_0
    SLICE_X54Y24         LUT4 (Prop_lut4_I1_O)        0.049     2.556 r  seg_OBUF[6]_inst_i_1/O
                         net (fo=1, routed)           0.673     3.229    seg_OBUF[6]
    U7                   OBUF (Prop_obuf_I_O)         1.300     4.529 r  seg_OBUF[6]_inst/O
                         net (fo=0)                   0.000     4.529    seg[6]
    U7                                                                r  seg[6] (OUT)
  -------------------------------------------------------------------    -------------------





--------------------------------------------------------------------------------------
Path Group:  (none)
From Clock:  
  To Clock:  sys_clk_pin

Max Delay            48 Endpoints
Min Delay            48 Endpoints
--------------------------------------------------------------------------------------


Max Delay Paths
--------------------------------------------------------------------------------------
Slack:                    inf
  Source:                 sw[7]
                            (input port)
  Destination:            B_reg[7]/D
                            (rising edge-triggered cell FDRE clocked by sys_clk_pin  {rise@0.000ns fall@5.000ns period=10.000ns})
  Path Group:             (none)
  Path Type:              Setup (Max at Slow Process Corner)
  Data Path Delay:        4.155ns  (logic 1.459ns (35.113%)  route 2.696ns (64.887%))
  Logic Levels:           1  (IBUF=1)
  Clock Path Skew:        4.778ns (DCD - SCD + CPR)
    Destination Clock Delay (DCD):    4.778ns
    Source Clock Delay      (SCD):    0.000ns
    Clock Pessimism Removal (CPR):    0.000ns
  Clock Uncertainty:      0.025ns  ((TSJ^2 + TIJ^2)^1/2 + DJ) / 2 + PE
    Total System Jitter     (TSJ):    0.050ns
    Total Input Jitter      (TIJ):    0.000ns
    Discrete Jitter          (DJ):    0.000ns
    Phase Error              (PE):    0.000ns

    Location             Delay type                Incr(ns)  Path(ns)    Netlist Resource(s)
  -------------------------------------------------------------------    -------------------
    W13                                               0.000     0.000 r  sw[7] (IN)
                         net (fo=0)                   0.000     0.000    sw[7]
    W13                  IBUF (Prop_ibuf_I_O)         1.459     1.459 r  sw_IBUF[7]_inst/O
                         net (fo=2, routed)           2.696     4.155    sw_IBUF[7]
    SLICE_X45Y19         FDRE                                         r  B_reg[7]/D
  -------------------------------------------------------------------    -------------------

                         (clock sys_clk_pin rise edge)
                                                      0.000     0.000 r  
    W5                                                0.000     0.000 r  clk (IN)
                         net (fo=0)                   0.000     0.000    clk
    W5                   IBUF (Prop_ibuf_I_O)         1.388     1.388 r  clk_IBUF_inst/O
                         net (fo=1, routed)           1.862     3.250    clk_IBUF
    BUFGCTRL_X0Y0        BUFG (Prop_bufg_I_O)         0.091     3.341 r  clk_IBUF_BUFG_inst/O
                         net (fo=35, routed)          1.437     4.778    clk_IBUF_BUFG
    SLICE_X45Y19         FDRE                                         r  B_reg[7]/C

Slack:                    inf
  Source:                 sw[6]
                            (input port)
  Destination:            B_reg[6]/D
                            (rising edge-triggered cell FDRE clocked by sys_clk_pin  {rise@0.000ns fall@5.000ns period=10.000ns})
  Path Group:             (none)
  Path Type:              Setup (Max at Slow Process Corner)
  Data Path Delay:        4.110ns  (logic 1.450ns (35.273%)  route 2.660ns (64.727%))
  Logic Levels:           1  (IBUF=1)
  Clock Path Skew:        4.778ns (DCD - SCD + CPR)
    Destination Clock Delay (DCD):    4.778ns
    Source Clock Delay      (SCD):    0.000ns
    Clock Pessimism Removal (CPR):    0.000ns
  Clock Uncertainty:      0.025ns  ((TSJ^2 + TIJ^2)^1/2 + DJ) / 2 + PE
    Total System Jitter     (TSJ):    0.050ns
    Total Input Jitter      (TIJ):    0.000ns
    Discrete Jitter          (DJ):    0.000ns
    Phase Error              (PE):    0.000ns

    Location             Delay type                Incr(ns)  Path(ns)    Netlist Resource(s)
  -------------------------------------------------------------------    -------------------
    W14                                               0.000     0.000 r  sw[6] (IN)
                         net (fo=0)                   0.000     0.000    sw[6]
    W14                  IBUF (Prop_ibuf_I_O)         1.450     1.450 r  sw_IBUF[6]_inst/O
                         net (fo=2, routed)           2.660     4.110    sw_IBUF[6]
    SLICE_X45Y19         FDRE                                         r  B_reg[6]/D
  -------------------------------------------------------------------    -------------------

                         (clock sys_clk_pin rise edge)
                                                      0.000     0.000 r  
    W5                                                0.000     0.000 r  clk (IN)
                         net (fo=0)                   0.000     0.000    clk
    W5                   IBUF (Prop_ibuf_I_O)         1.388     1.388 r  clk_IBUF_inst/O
                         net (fo=1, routed)           1.862     3.250    clk_IBUF
    BUFGCTRL_X0Y0        BUFG (Prop_bufg_I_O)         0.091     3.341 r  clk_IBUF_BUFG_inst/O
                         net (fo=35, routed)          1.437     4.778    clk_IBUF_BUFG
    SLICE_X45Y19         FDRE                                         r  B_reg[6]/C

Slack:                    inf
  Source:                 sw[2]
                            (input port)
  Destination:            A_reg[2]/D
                            (rising edge-triggered cell FDRE clocked by sys_clk_pin  {rise@0.000ns fall@5.000ns period=10.000ns})
  Path Group:             (none)
  Path Type:              Setup (Max at Slow Process Corner)
  Data Path Delay:        4.102ns  (logic 1.464ns (35.683%)  route 2.638ns (64.317%))
  Logic Levels:           1  (IBUF=1)
  Clock Path Skew:        4.778ns (DCD - SCD + CPR)
    Destination Clock Delay (DCD):    4.778ns
    Source Clock Delay      (SCD):    0.000ns
    Clock Pessimism Removal (CPR):    0.000ns
  Clock Uncertainty:      0.025ns  ((TSJ^2 + TIJ^2)^1/2 + DJ) / 2 + PE
    Total System Jitter     (TSJ):    0.050ns
    Total Input Jitter      (TIJ):    0.000ns
    Discrete Jitter          (DJ):    0.000ns
    Phase Error              (PE):    0.000ns

    Location             Delay type                Incr(ns)  Path(ns)    Netlist Resource(s)
  -------------------------------------------------------------------    -------------------
    W16                                               0.000     0.000 r  sw[2] (IN)
                         net (fo=0)                   0.000     0.000    sw[2]
    W16                  IBUF (Prop_ibuf_I_O)         1.464     1.464 r  sw_IBUF[2]_inst/O
                         net (fo=2, routed)           2.638     4.102    sw_IBUF[2]
    SLICE_X44Y19         FDRE                                         r  A_reg[2]/D
  -------------------------------------------------------------------    -------------------

                         (clock sys_clk_pin rise edge)
                                                      0.000     0.000 r  
    W5                                                0.000     0.000 r  clk (IN)
                         net (fo=0)                   0.000     0.000    clk
    W5                   IBUF (Prop_ibuf_I_O)         1.388     1.388 r  clk_IBUF_inst/O
                         net (fo=1, routed)           1.862     3.250    clk_IBUF
    BUFGCTRL_X0Y0        BUFG (Prop_bufg_I_O)         0.091     3.341 r  clk_IBUF_BUFG_inst/O
                         net (fo=35, routed)          1.437     4.778    clk_IBUF_BUFG
    SLICE_X44Y19         FDRE                                         r  A_reg[2]/C

Slack:                    inf
  Source:                 sw[6]
                            (input port)
  Destination:            A_reg[6]/D
                            (rising edge-triggered cell FDRE clocked by sys_clk_pin  {rise@0.000ns fall@5.000ns period=10.000ns})
  Path Group:             (none)
  Path Type:              Setup (Max at Slow Process Corner)
  Data Path Delay:        3.971ns  (logic 1.450ns (36.505%)  route 2.522ns (63.495%))
  Logic Levels:           1  (IBUF=1)
  Clock Path Skew:        4.778ns (DCD - SCD + CPR)
    Destination Clock Delay (DCD):    4.778ns
    Source Clock Delay      (SCD):    0.000ns
    Clock Pessimism Removal (CPR):    0.000ns
  Clock Uncertainty:      0.025ns  ((TSJ^2 + TIJ^2)^1/2 + DJ) / 2 + PE
    Total System Jitter     (TSJ):    0.050ns
    Total Input Jitter      (TIJ):    0.000ns
    Discrete Jitter          (DJ):    0.000ns
    Phase Error              (PE):    0.000ns

    Location             Delay type                Incr(ns)  Path(ns)    Netlist Resource(s)
  -------------------------------------------------------------------    -------------------
    W14                                               0.000     0.000 r  sw[6] (IN)
                         net (fo=0)                   0.000     0.000    sw[6]
    W14                  IBUF (Prop_ibuf_I_O)         1.450     1.450 r  sw_IBUF[6]_inst/O
                         net (fo=2, routed)           2.522     3.971    sw_IBUF[6]
    SLICE_X44Y19         FDRE                                         r  A_reg[6]/D
  -------------------------------------------------------------------    -------------------

                         (clock sys_clk_pin rise edge)
                                                      0.000     0.000 r  
    W5                                                0.000     0.000 r  clk (IN)
                         net (fo=0)                   0.000     0.000    clk
    W5                   IBUF (Prop_ibuf_I_O)         1.388     1.388 r  clk_IBUF_inst/O
                         net (fo=1, routed)           1.862     3.250    clk_IBUF
    BUFGCTRL_X0Y0        BUFG (Prop_bufg_I_O)         0.091     3.341 r  clk_IBUF_BUFG_inst/O
                         net (fo=35, routed)          1.437     4.778    clk_IBUF_BUFG
    SLICE_X44Y19         FDRE                                         r  A_reg[6]/C

Slack:                    inf
  Source:                 sw[7]
                            (input port)
  Destination:            A_reg[7]/D
                            (rising edge-triggered cell FDRE clocked by sys_clk_pin  {rise@0.000ns fall@5.000ns period=10.000ns})
  Path Group:             (none)
  Path Type:              Setup (Max at Slow Process Corner)
  Data Path Delay:        3.968ns  (logic 1.459ns (36.761%)  route 2.510ns (63.239%))
  Logic Levels:           1  (IBUF=1)
  Clock Path Skew:        4.778ns (DCD - SCD + CPR)
    Destination Clock Delay (DCD):    4.778ns
    Source Clock Delay      (SCD):    0.000ns
    Clock Pessimism Removal (CPR):    0.000ns
  Clock Uncertainty:      0.025ns  ((TSJ^2 + TIJ^2)^1/2 + DJ) / 2 + PE
    Total System Jitter     (TSJ):    0.050ns
    Total Input Jitter      (TIJ):    0.000ns
    Discrete Jitter          (DJ):    0.000ns
    Phase Error              (PE):    0.000ns

    Location             Delay type                Incr(ns)  Path(ns)    Netlist Resource(s)
  -------------------------------------------------------------------    -------------------
    W13                                               0.000     0.000 r  sw[7] (IN)
                         net (fo=0)                   0.000     0.000    sw[7]
    W13                  IBUF (Prop_ibuf_I_O)         1.459     1.459 r  sw_IBUF[7]_inst/O
                         net (fo=2, routed)           2.510     3.968    sw_IBUF[7]
    SLICE_X44Y19         FDRE                                         r  A_reg[7]/D
  -------------------------------------------------------------------    -------------------

                         (clock sys_clk_pin rise edge)
                                                      0.000     0.000 r  
    W5                                                0.000     0.000 r  clk (IN)
                         net (fo=0)                   0.000     0.000    clk
    W5                   IBUF (Prop_ibuf_I_O)         1.388     1.388 r  clk_IBUF_inst/O
                         net (fo=1, routed)           1.862     3.250    clk_IBUF
    BUFGCTRL_X0Y0        BUFG (Prop_bufg_I_O)         0.091     3.341 r  clk_IBUF_BUFG_inst/O
                         net (fo=35, routed)          1.437     4.778    clk_IBUF_BUFG
    SLICE_X44Y19         FDRE                                         r  A_reg[7]/C

Slack:                    inf
  Source:                 sw[0]
                            (input port)
  Destination:            A_reg[0]/D
                            (rising edge-triggered cell FDRE clocked by sys_clk_pin  {rise@0.000ns fall@5.000ns period=10.000ns})
  Path Group:             (none)
  Path Type:              Setup (Max at Slow Process Corner)
  Data Path Delay:        3.938ns  (logic 1.453ns (36.894%)  route 2.485ns (63.106%))
  Logic Levels:           1  (IBUF=1)
  Clock Path Skew:        4.778ns (DCD - SCD + CPR)
    Destination Clock Delay (DCD):    4.778ns
    Source Clock Delay      (SCD):    0.000ns
    Clock Pessimism Removal (CPR):    0.000ns
  Clock Uncertainty:      0.025ns  ((TSJ^2 + TIJ^2)^1/2 + DJ) / 2 + PE
    Total System Jitter     (TSJ):    0.050ns
    Total Input Jitter      (TIJ):    0.000ns
    Discrete Jitter          (DJ):    0.000ns
    Phase Error              (PE):    0.000ns

    Location             Delay type                Incr(ns)  Path(ns)    Netlist Resource(s)
  -------------------------------------------------------------------    -------------------
    V17                                               0.000     0.000 r  sw[0] (IN)
                         net (fo=0)                   0.000     0.000    sw[0]
    V17                  IBUF (Prop_ibuf_I_O)         1.453     1.453 r  sw_IBUF[0]_inst/O
                         net (fo=2, routed)           2.485     3.938    sw_IBUF[0]
    SLICE_X44Y19         FDRE                                         r  A_reg[0]/D
  -------------------------------------------------------------------    -------------------

                         (clock sys_clk_pin rise edge)
                                                      0.000     0.000 r  
    W5                                                0.000     0.000 r  clk (IN)
                         net (fo=0)                   0.000     0.000    clk
    W5                   IBUF (Prop_ibuf_I_O)         1.388     1.388 r  clk_IBUF_inst/O
                         net (fo=1, routed)           1.862     3.250    clk_IBUF
    BUFGCTRL_X0Y0        BUFG (Prop_bufg_I_O)         0.091     3.341 r  clk_IBUF_BUFG_inst/O
                         net (fo=35, routed)          1.437     4.778    clk_IBUF_BUFG
    SLICE_X44Y19         FDRE                                         r  A_reg[0]/C

Slack:                    inf
  Source:                 sw[1]
                            (input port)
  Destination:            B_reg[1]/D
                            (rising edge-triggered cell FDRE clocked by sys_clk_pin  {rise@0.000ns fall@5.000ns period=10.000ns})
  Path Group:             (none)
  Path Type:              Setup (Max at Slow Process Corner)
  Data Path Delay:        3.935ns  (logic 1.461ns (37.138%)  route 2.473ns (62.862%))
  Logic Levels:           1  (IBUF=1)
  Clock Path Skew:        4.778ns (DCD - SCD + CPR)
    Destination Clock Delay (DCD):    4.778ns
    Source Clock Delay      (SCD):    0.000ns
    Clock Pessimism Removal (CPR):    0.000ns
  Clock Uncertainty:      0.025ns  ((TSJ^2 + TIJ^2)^1/2 + DJ) / 2 + PE
    Total System Jitter     (TSJ):    0.050ns
    Total Input Jitter      (TIJ):    0.000ns
    Discrete Jitter          (DJ):    0.000ns
    Phase Error              (PE):    0.000ns

    Location             Delay type                Incr(ns)  Path(ns)    Netlist Resource(s)
  -------------------------------------------------------------------    -------------------
    V16                                               0.000     0.000 r  sw[1] (IN)
                         net (fo=0)                   0.000     0.000    sw[1]
    V16                  IBUF (Prop_ibuf_I_O)         1.461     1.461 r  sw_IBUF[1]_inst/O
                         net (fo=2, routed)           2.473     3.935    sw_IBUF[1]
    SLICE_X45Y19         FDRE                                         r  B_reg[1]/D
  -------------------------------------------------------------------    -------------------

                         (clock sys_clk_pin rise edge)
                                                      0.000     0.000 r  
    W5                                                0.000     0.000 r  clk (IN)
                         net (fo=0)                   0.000     0.000    clk
    W5                   IBUF (Prop_ibuf_I_O)         1.388     1.388 r  clk_IBUF_inst/O
                         net (fo=1, routed)           1.862     3.250    clk_IBUF
    BUFGCTRL_X0Y0        BUFG (Prop_bufg_I_O)         0.091     3.341 r  clk_IBUF_BUFG_inst/O
                         net (fo=35, routed)          1.437     4.778    clk_IBUF_BUFG
    SLICE_X45Y19         FDRE                                         r  B_reg[1]/C

Slack:                    inf
  Source:                 sw[5]
                            (input port)
  Destination:            A_reg[5]/D
                            (rising edge-triggered cell FDRE clocked by sys_clk_pin  {rise@0.000ns fall@5.000ns period=10.000ns})
  Path Group:             (none)
  Path Type:              Setup (Max at Slow Process Corner)
  Data Path Delay:        3.863ns  (logic 1.466ns (37.955%)  route 2.397ns (62.045%))
  Logic Levels:           1  (IBUF=1)
  Clock Path Skew:        4.778ns (DCD - SCD + CPR)
    Destination Clock Delay (DCD):    4.778ns
    Source Clock Delay      (SCD):    0.000ns
    Clock Pessimism Removal (CPR):    0.000ns
  Clock Uncertainty:      0.025ns  ((TSJ^2 + TIJ^2)^1/2 + DJ) / 2 + PE
    Total System Jitter     (TSJ):    0.050ns
    Total Input Jitter      (TIJ):    0.000ns
    Discrete Jitter          (DJ):    0.000ns
    Phase Error              (PE):    0.000ns

    Location             Delay type                Incr(ns)  Path(ns)    Netlist Resource(s)
  -------------------------------------------------------------------    -------------------
    V15                                               0.000     0.000 r  sw[5] (IN)
                         net (fo=0)                   0.000     0.000    sw[5]
    V15                  IBUF (Prop_ibuf_I_O)         1.466     1.466 r  sw_IBUF[5]_inst/O
                         net (fo=2, routed)           2.397     3.863    sw_IBUF[5]
    SLICE_X44Y19         FDRE                                         r  A_reg[5]/D
  -------------------------------------------------------------------    -------------------

                         (clock sys_clk_pin rise edge)
                                                      0.000     0.000 r  
    W5                                                0.000     0.000 r  clk (IN)
                         net (fo=0)                   0.000     0.000    clk
    W5                   IBUF (Prop_ibuf_I_O)         1.388     1.388 r  clk_IBUF_inst/O
                         net (fo=1, routed)           1.862     3.250    clk_IBUF
    BUFGCTRL_X0Y0        BUFG (Prop_bufg_I_O)         0.091     3.341 r  clk_IBUF_BUFG_inst/O
                         net (fo=35, routed)          1.437     4.778    clk_IBUF_BUFG
    SLICE_X44Y19         FDRE                                         r  A_reg[5]/C

Slack:                    inf
  Source:                 sw[5]
                            (input port)
  Destination:            B_reg[5]/D
                            (rising edge-triggered cell FDRE clocked by sys_clk_pin  {rise@0.000ns fall@5.000ns period=10.000ns})
  Path Group:             (none)
  Path Type:              Setup (Max at Slow Process Corner)
  Data Path Delay:        3.863ns  (logic 1.466ns (37.955%)  route 2.397ns (62.045%))
  Logic Levels:           1  (IBUF=1)
  Clock Path Skew:        4.778ns (DCD - SCD + CPR)
    Destination Clock Delay (DCD):    4.778ns
    Source Clock Delay      (SCD):    0.000ns
    Clock Pessimism Removal (CPR):    0.000ns
  Clock Uncertainty:      0.025ns  ((TSJ^2 + TIJ^2)^1/2 + DJ) / 2 + PE
    Total System Jitter     (TSJ):    0.050ns
    Total Input Jitter      (TIJ):    0.000ns
    Discrete Jitter          (DJ):    0.000ns
    Phase Error              (PE):    0.000ns

    Location             Delay type                Incr(ns)  Path(ns)    Netlist Resource(s)
  -------------------------------------------------------------------    -------------------
    V15                                               0.000     0.000 r  sw[5] (IN)
                         net (fo=0)                   0.000     0.000    sw[5]
    V15                  IBUF (Prop_ibuf_I_O)         1.466     1.466 r  sw_IBUF[5]_inst/O
                         net (fo=2, routed)           2.397     3.863    sw_IBUF[5]
    SLICE_X45Y19         FDRE                                         r  B_reg[5]/D
  -------------------------------------------------------------------    -------------------

                         (clock sys_clk_pin rise edge)
                                                      0.000     0.000 r  
    W5                                                0.000     0.000 r  clk (IN)
                         net (fo=0)                   0.000     0.000    clk
    W5                   IBUF (Prop_ibuf_I_O)         1.388     1.388 r  clk_IBUF_inst/O
                         net (fo=1, routed)           1.862     3.250    clk_IBUF
    BUFGCTRL_X0Y0        BUFG (Prop_bufg_I_O)         0.091     3.341 r  clk_IBUF_BUFG_inst/O
                         net (fo=35, routed)          1.437     4.778    clk_IBUF_BUFG
    SLICE_X45Y19         FDRE                                         r  B_reg[5]/C

Slack:                    inf
  Source:                 sw[3]
                            (input port)
  Destination:            A_reg[3]/D
                            (rising edge-triggered cell FDRE clocked by sys_clk_pin  {rise@0.000ns fall@5.000ns period=10.000ns})
  Path Group:             (none)
  Path Type:              Setup (Max at Slow Process Corner)
  Data Path Delay:        3.767ns  (logic 1.448ns (38.450%)  route 2.319ns (61.550%))
  Logic Levels:           1  (IBUF=1)
  Clock Path Skew:        4.778ns (DCD - SCD + CPR)
    Destination Clock Delay (DCD):    4.778ns
    Source Clock Delay      (SCD):    0.000ns
    Clock Pessimism Removal (CPR):    0.000ns
  Clock Uncertainty:      0.025ns  ((TSJ^2 + TIJ^2)^1/2 + DJ) / 2 + PE
    Total System Jitter     (TSJ):    0.050ns
    Total Input Jitter      (TIJ):    0.000ns
    Discrete Jitter          (DJ):    0.000ns
    Phase Error              (PE):    0.000ns

    Location             Delay type                Incr(ns)  Path(ns)    Netlist Resource(s)
  -------------------------------------------------------------------    -------------------
    W17                                               0.000     0.000 r  sw[3] (IN)
                         net (fo=0)                   0.000     0.000    sw[3]
    W17                  IBUF (Prop_ibuf_I_O)         1.448     1.448 r  sw_IBUF[3]_inst/O
                         net (fo=2, routed)           2.319     3.767    sw_IBUF[3]
    SLICE_X44Y19         FDRE                                         r  A_reg[3]/D
  -------------------------------------------------------------------    -------------------

                         (clock sys_clk_pin rise edge)
                                                      0.000     0.000 r  
    W5                                                0.000     0.000 r  clk (IN)
                         net (fo=0)                   0.000     0.000    clk
    W5                   IBUF (Prop_ibuf_I_O)         1.388     1.388 r  clk_IBUF_inst/O
                         net (fo=1, routed)           1.862     3.250    clk_IBUF
    BUFGCTRL_X0Y0        BUFG (Prop_bufg_I_O)         0.091     3.341 r  clk_IBUF_BUFG_inst/O
                         net (fo=35, routed)          1.437     4.778    clk_IBUF_BUFG
    SLICE_X44Y19         FDRE                                         r  A_reg[3]/C





Min Delay Paths
--------------------------------------------------------------------------------------
Slack:                    inf
  Source:                 btn[3]
                            (input port)
  Destination:            B_reg[0]/R
                            (rising edge-triggered cell FDRE clocked by sys_clk_pin  {rise@0.000ns fall@5.000ns period=10.000ns})
  Path Group:             (none)
  Path Type:              Hold (Min at Fast Process Corner)
  Data Path Delay:        1.174ns  (logic 0.219ns (18.691%)  route 0.954ns (81.309%))
  Logic Levels:           1  (IBUF=1)
  Clock Path Skew:        1.951ns (DCD - SCD - CPR)
    Destination Clock Delay (DCD):    1.951ns
    Source Clock Delay      (SCD):    0.000ns
    Clock Pessimism Removal (CPR):    -0.000ns

    Location             Delay type                Incr(ns)  Path(ns)    Netlist Resource(s)
  -------------------------------------------------------------------    -------------------
    W19                                               0.000     0.000 r  btn[3] (IN)
                         net (fo=0)                   0.000     0.000    btn[3]
    W19                  IBUF (Prop_ibuf_I_O)         0.219     0.219 r  btn_IBUF[3]_inst/O
                         net (fo=16, routed)          0.954     1.174    btn_IBUF[3]
    SLICE_X45Y19         FDRE                                         r  B_reg[0]/R
  -------------------------------------------------------------------    -------------------

                         (clock sys_clk_pin rise edge)
                                                      0.000     0.000 r  
    W5                                                0.000     0.000 r  clk (IN)
                         net (fo=0)                   0.000     0.000    clk
    W5                   IBUF (Prop_ibuf_I_O)         0.414     0.414 r  clk_IBUF_inst/O
                         net (fo=1, routed)           0.685     1.099    clk_IBUF
    BUFGCTRL_X0Y0        BUFG (Prop_bufg_I_O)         0.029     1.128 r  clk_IBUF_BUFG_inst/O
                         net (fo=35, routed)          0.824     1.951    clk_IBUF_BUFG
    SLICE_X45Y19         FDRE                                         r  B_reg[0]/C

Slack:                    inf
  Source:                 btn[3]
                            (input port)
  Destination:            B_reg[1]/R
                            (rising edge-triggered cell FDRE clocked by sys_clk_pin  {rise@0.000ns fall@5.000ns period=10.000ns})
  Path Group:             (none)
  Path Type:              Hold (Min at Fast Process Corner)
  Data Path Delay:        1.174ns  (logic 0.219ns (18.691%)  route 0.954ns (81.309%))
  Logic Levels:           1  (IBUF=1)
  Clock Path Skew:        1.951ns (DCD - SCD - CPR)
    Destination Clock Delay (DCD):    1.951ns
    Source Clock Delay      (SCD):    0.000ns
    Clock Pessimism Removal (CPR):    -0.000ns

    Location             Delay type                Incr(ns)  Path(ns)    Netlist Resource(s)
  -------------------------------------------------------------------    -------------------
    W19                                               0.000     0.000 r  btn[3] (IN)
                         net (fo=0)                   0.000     0.000    btn[3]
    W19                  IBUF (Prop_ibuf_I_O)         0.219     0.219 r  btn_IBUF[3]_inst/O
                         net (fo=16, routed)          0.954     1.174    btn_IBUF[3]
    SLICE_X45Y19         FDRE                                         r  B_reg[1]/R
  -------------------------------------------------------------------    -------------------

                         (clock sys_clk_pin rise edge)
                                                      0.000     0.000 r  
    W5                                                0.000     0.000 r  clk (IN)
                         net (fo=0)                   0.000     0.000    clk
    W5                   IBUF (Prop_ibuf_I_O)         0.414     0.414 r  clk_IBUF_inst/O
                         net (fo=1, routed)           0.685     1.099    clk_IBUF
    BUFGCTRL_X0Y0        BUFG (Prop_bufg_I_O)         0.029     1.128 r  clk_IBUF_BUFG_inst/O
                         net (fo=35, routed)          0.824     1.951    clk_IBUF_BUFG
    SLICE_X45Y19         FDRE                                         r  B_reg[1]/C

Slack:                    inf
  Source:                 btn[3]
                            (input port)
  Destination:            B_reg[2]/R
                            (rising edge-triggered cell FDRE clocked by sys_clk_pin  {rise@0.000ns fall@5.000ns period=10.000ns})
  Path Group:             (none)
  Path Type:              Hold (Min at Fast Process Corner)
  Data Path Delay:        1.174ns  (logic 0.219ns (18.691%)  route 0.954ns (81.309%))
  Logic Levels:           1  (IBUF=1)
  Clock Path Skew:        1.951ns (DCD - SCD - CPR)
    Destination Clock Delay (DCD):    1.951ns
    Source Clock Delay      (SCD):    0.000ns
    Clock Pessimism Removal (CPR):    -0.000ns

    Location             Delay type                Incr(ns)  Path(ns)    Netlist Resource(s)
  -------------------------------------------------------------------    -------------------
    W19                                               0.000     0.000 r  btn[3] (IN)
                         net (fo=0)                   0.000     0.000    btn[3]
    W19                  IBUF (Prop_ibuf_I_O)         0.219     0.219 r  btn_IBUF[3]_inst/O
                         net (fo=16, routed)          0.954     1.174    btn_IBUF[3]
    SLICE_X45Y19         FDRE                                         r  B_reg[2]/R
  -------------------------------------------------------------------    -------------------

                         (clock sys_clk_pin rise edge)
                                                      0.000     0.000 r  
    W5                                                0.000     0.000 r  clk (IN)
                         net (fo=0)                   0.000     0.000    clk
    W5                   IBUF (Prop_ibuf_I_O)         0.414     0.414 r  clk_IBUF_inst/O
                         net (fo=1, routed)           0.685     1.099    clk_IBUF
    BUFGCTRL_X0Y0        BUFG (Prop_bufg_I_O)         0.029     1.128 r  clk_IBUF_BUFG_inst/O
                         net (fo=35, routed)          0.824     1.951    clk_IBUF_BUFG
    SLICE_X45Y19         FDRE                                         r  B_reg[2]/C

Slack:                    inf
  Source:                 btn[3]
                            (input port)
  Destination:            B_reg[3]/R
                            (rising edge-triggered cell FDRE clocked by sys_clk_pin  {rise@0.000ns fall@5.000ns period=10.000ns})
  Path Group:             (none)
  Path Type:              Hold (Min at Fast Process Corner)
  Data Path Delay:        1.174ns  (logic 0.219ns (18.691%)  route 0.954ns (81.309%))
  Logic Levels:           1  (IBUF=1)
  Clock Path Skew:        1.951ns (DCD - SCD - CPR)
    Destination Clock Delay (DCD):    1.951ns
    Source Clock Delay      (SCD):    0.000ns
    Clock Pessimism Removal (CPR):    -0.000ns

    Location             Delay type                Incr(ns)  Path(ns)    Netlist Resource(s)
  -------------------------------------------------------------------    -------------------
    W19                                               0.000     0.000 r  btn[3] (IN)
                         net (fo=0)                   0.000     0.000    btn[3]
    W19                  IBUF (Prop_ibuf_I_O)         0.219     0.219 r  btn_IBUF[3]_inst/O
                         net (fo=16, routed)          0.954     1.174    btn_IBUF[3]
    SLICE_X45Y19         FDRE                                         r  B_reg[3]/R
  -------------------------------------------------------------------    -------------------

                         (clock sys_clk_pin rise edge)
                                                      0.000     0.000 r  
    W5                                                0.000     0.000 r  clk (IN)
                         net (fo=0)                   0.000     0.000    clk
    W5                   IBUF (Prop_ibuf_I_O)         0.414     0.414 r  clk_IBUF_inst/O
                         net (fo=1, routed)           0.685     1.099    clk_IBUF
    BUFGCTRL_X0Y0        BUFG (Prop_bufg_I_O)         0.029     1.128 r  clk_IBUF_BUFG_inst/O
                         net (fo=35, routed)          0.824     1.951    clk_IBUF_BUFG
    SLICE_X45Y19         FDRE                                         r  B_reg[3]/C

Slack:                    inf
  Source:                 btn[3]
                            (input port)
  Destination:            B_reg[4]/R
                            (rising edge-triggered cell FDRE clocked by sys_clk_pin  {rise@0.000ns fall@5.000ns period=10.000ns})
  Path Group:             (none)
  Path Type:              Hold (Min at Fast Process Corner)
  Data Path Delay:        1.174ns  (logic 0.219ns (18.691%)  route 0.954ns (81.309%))
  Logic Levels:           1  (IBUF=1)
  Clock Path Skew:        1.951ns (DCD - SCD - CPR)
    Destination Clock Delay (DCD):    1.951ns
    Source Clock Delay      (SCD):    0.000ns
    Clock Pessimism Removal (CPR):    -0.000ns

    Location             Delay type                Incr(ns)  Path(ns)    Netlist Resource(s)
  -------------------------------------------------------------------    -------------------
    W19                                               0.000     0.000 r  btn[3] (IN)
                         net (fo=0)                   0.000     0.000    btn[3]
    W19                  IBUF (Prop_ibuf_I_O)         0.219     0.219 r  btn_IBUF[3]_inst/O
                         net (fo=16, routed)          0.954     1.174    btn_IBUF[3]
    SLICE_X45Y19         FDRE                                         r  B_reg[4]/R
  -------------------------------------------------------------------    -------------------

                         (clock sys_clk_pin rise edge)
                                                      0.000     0.000 r  
    W5                                                0.000     0.000 r  clk (IN)
                         net (fo=0)                   0.000     0.000    clk
    W5                   IBUF (Prop_ibuf_I_O)         0.414     0.414 r  clk_IBUF_inst/O
                         net (fo=1, routed)           0.685     1.099    clk_IBUF
    BUFGCTRL_X0Y0        BUFG (Prop_bufg_I_O)         0.029     1.128 r  clk_IBUF_BUFG_inst/O
                         net (fo=35, routed)          0.824     1.951    clk_IBUF_BUFG
    SLICE_X45Y19         FDRE                                         r  B_reg[4]/C

Slack:                    inf
  Source:                 btn[3]
                            (input port)
  Destination:            B_reg[5]/R
                            (rising edge-triggered cell FDRE clocked by sys_clk_pin  {rise@0.000ns fall@5.000ns period=10.000ns})
  Path Group:             (none)
  Path Type:              Hold (Min at Fast Process Corner)
  Data Path Delay:        1.174ns  (logic 0.219ns (18.691%)  route 0.954ns (81.309%))
  Logic Levels:           1  (IBUF=1)
  Clock Path Skew:        1.951ns (DCD - SCD - CPR)
    Destination Clock Delay (DCD):    1.951ns
    Source Clock Delay      (SCD):    0.000ns
    Clock Pessimism Removal (CPR):    -0.000ns

    Location             Delay type                Incr(ns)  Path(ns)    Netlist Resource(s)
  -------------------------------------------------------------------    -------------------
    W19                                               0.000     0.000 r  btn[3] (IN)
                         net (fo=0)                   0.000     0.000    btn[3]
    W19                  IBUF (Prop_ibuf_I_O)         0.219     0.219 r  btn_IBUF[3]_inst/O
                         net (fo=16, routed)          0.954     1.174    btn_IBUF[3]
    SLICE_X45Y19         FDRE                                         r  B_reg[5]/R
  -------------------------------------------------------------------    -------------------

                         (clock sys_clk_pin rise edge)
                                                      0.000     0.000 r  
    W5                                                0.000     0.000 r  clk (IN)
                         net (fo=0)                   0.000     0.000    clk
    W5                   IBUF (Prop_ibuf_I_O)         0.414     0.414 r  clk_IBUF_inst/O
                         net (fo=1, routed)           0.685     1.099    clk_IBUF
    BUFGCTRL_X0Y0        BUFG (Prop_bufg_I_O)         0.029     1.128 r  clk_IBUF_BUFG_inst/O
                         net (fo=35, routed)          0.824     1.951    clk_IBUF_BUFG
    SLICE_X45Y19         FDRE                                         r  B_reg[5]/C

Slack:                    inf
  Source:                 btn[3]
                            (input port)
  Destination:            B_reg[6]/R
                            (rising edge-triggered cell FDRE clocked by sys_clk_pin  {rise@0.000ns fall@5.000ns period=10.000ns})
  Path Group:             (none)
  Path Type:              Hold (Min at Fast Process Corner)
  Data Path Delay:        1.174ns  (logic 0.219ns (18.691%)  route 0.954ns (81.309%))
  Logic Levels:           1  (IBUF=1)
  Clock Path Skew:        1.951ns (DCD - SCD - CPR)
    Destination Clock Delay (DCD):    1.951ns
    Source Clock Delay      (SCD):    0.000ns
    Clock Pessimism Removal (CPR):    -0.000ns

    Location             Delay type                Incr(ns)  Path(ns)    Netlist Resource(s)
  -------------------------------------------------------------------    -------------------
    W19                                               0.000     0.000 r  btn[3] (IN)
                         net (fo=0)                   0.000     0.000    btn[3]
    W19                  IBUF (Prop_ibuf_I_O)         0.219     0.219 r  btn_IBUF[3]_inst/O
                         net (fo=16, routed)          0.954     1.174    btn_IBUF[3]
    SLICE_X45Y19         FDRE                                         r  B_reg[6]/R
  -------------------------------------------------------------------    -------------------

                         (clock sys_clk_pin rise edge)
                                                      0.000     0.000 r  
    W5                                                0.000     0.000 r  clk (IN)
                         net (fo=0)                   0.000     0.000    clk
    W5                   IBUF (Prop_ibuf_I_O)         0.414     0.414 r  clk_IBUF_inst/O
                         net (fo=1, routed)           0.685     1.099    clk_IBUF
    BUFGCTRL_X0Y0        BUFG (Prop_bufg_I_O)         0.029     1.128 r  clk_IBUF_BUFG_inst/O
                         net (fo=35, routed)          0.824     1.951    clk_IBUF_BUFG
    SLICE_X45Y19         FDRE                                         r  B_reg[6]/C

Slack:                    inf
  Source:                 btn[3]
                            (input port)
  Destination:            B_reg[7]/R
                            (rising edge-triggered cell FDRE clocked by sys_clk_pin  {rise@0.000ns fall@5.000ns period=10.000ns})
  Path Group:             (none)
  Path Type:              Hold (Min at Fast Process Corner)
  Data Path Delay:        1.174ns  (logic 0.219ns (18.691%)  route 0.954ns (81.309%))
  Logic Levels:           1  (IBUF=1)
  Clock Path Skew:        1.951ns (DCD - SCD - CPR)
    Destination Clock Delay (DCD):    1.951ns
    Source Clock Delay      (SCD):    0.000ns
    Clock Pessimism Removal (CPR):    -0.000ns

    Location             Delay type                Incr(ns)  Path(ns)    Netlist Resource(s)
  -------------------------------------------------------------------    -------------------
    W19                                               0.000     0.000 r  btn[3] (IN)
                         net (fo=0)                   0.000     0.000    btn[3]
    W19                  IBUF (Prop_ibuf_I_O)         0.219     0.219 r  btn_IBUF[3]_inst/O
                         net (fo=16, routed)          0.954     1.174    btn_IBUF[3]
    SLICE_X45Y19         FDRE                                         r  B_reg[7]/R
  -------------------------------------------------------------------    -------------------

                         (clock sys_clk_pin rise edge)
                                                      0.000     0.000 r  
    W5                                                0.000     0.000 r  clk (IN)
                         net (fo=0)                   0.000     0.000    clk
    W5                   IBUF (Prop_ibuf_I_O)         0.414     0.414 r  clk_IBUF_inst/O
                         net (fo=1, routed)           0.685     1.099    clk_IBUF
    BUFGCTRL_X0Y0        BUFG (Prop_bufg_I_O)         0.029     1.128 r  clk_IBUF_BUFG_inst/O
                         net (fo=35, routed)          0.824     1.951    clk_IBUF_BUFG
    SLICE_X45Y19         FDRE                                         r  B_reg[7]/C

Slack:                    inf
  Source:                 btn[0]
                            (input port)
  Destination:            A_reg[0]/CE
                            (rising edge-triggered cell FDRE clocked by sys_clk_pin  {rise@0.000ns fall@5.000ns period=10.000ns})
  Path Group:             (none)
  Path Type:              Hold (Min at Fast Process Corner)
  Data Path Delay:        1.174ns  (logic 0.222ns (18.899%)  route 0.952ns (81.101%))
  Logic Levels:           1  (IBUF=1)
  Clock Path Skew:        1.951ns (DCD - SCD - CPR)
    Destination Clock Delay (DCD):    1.951ns
    Source Clock Delay      (SCD):    0.000ns
    Clock Pessimism Removal (CPR):    -0.000ns

    Location             Delay type                Incr(ns)  Path(ns)    Netlist Resource(s)
  -------------------------------------------------------------------    -------------------
    T18                                               0.000     0.000 r  btn[0] (IN)
                         net (fo=0)                   0.000     0.000    btn[0]
    T18                  IBUF (Prop_ibuf_I_O)         0.222     0.222 r  btn_IBUF[0]_inst/O
                         net (fo=8, routed)           0.952     1.174    btn_IBUF[0]
    SLICE_X44Y19         FDRE                                         r  A_reg[0]/CE
  -------------------------------------------------------------------    -------------------

                         (clock sys_clk_pin rise edge)
                                                      0.000     0.000 r  
    W5                                                0.000     0.000 r  clk (IN)
                         net (fo=0)                   0.000     0.000    clk
    W5                   IBUF (Prop_ibuf_I_O)         0.414     0.414 r  clk_IBUF_inst/O
                         net (fo=1, routed)           0.685     1.099    clk_IBUF
    BUFGCTRL_X0Y0        BUFG (Prop_bufg_I_O)         0.029     1.128 r  clk_IBUF_BUFG_inst/O
                         net (fo=35, routed)          0.824     1.951    clk_IBUF_BUFG
    SLICE_X44Y19         FDRE                                         r  A_reg[0]/C

Slack:                    inf
  Source:                 btn[0]
                            (input port)
  Destination:            A_reg[1]/CE
                            (rising edge-triggered cell FDRE clocked by sys_clk_pin  {rise@0.000ns fall@5.000ns period=10.000ns})
  Path Group:             (none)
  Path Type:              Hold (Min at Fast Process Corner)
  Data Path Delay:        1.174ns  (logic 0.222ns (18.899%)  route 0.952ns (81.101%))
  Logic Levels:           1  (IBUF=1)
  Clock Path Skew:        1.951ns (DCD - SCD - CPR)
    Destination Clock Delay (DCD):    1.951ns
    Source Clock Delay      (SCD):    0.000ns
    Clock Pessimism Removal (CPR):    -0.000ns

    Location             Delay type                Incr(ns)  Path(ns)    Netlist Resource(s)
  -------------------------------------------------------------------    -------------------
    T18                                               0.000     0.000 r  btn[0] (IN)
                         net (fo=0)                   0.000     0.000    btn[0]
    T18                  IBUF (Prop_ibuf_I_O)         0.222     0.222 r  btn_IBUF[0]_inst/O
                         net (fo=8, routed)           0.952     1.174    btn_IBUF[0]
    SLICE_X44Y19         FDRE                                         r  A_reg[1]/CE
  -------------------------------------------------------------------    -------------------

                         (clock sys_clk_pin rise edge)
                                                      0.000     0.000 r  
    W5                                                0.000     0.000 r  clk (IN)
                         net (fo=0)                   0.000     0.000    clk
    W5                   IBUF (Prop_ibuf_I_O)         0.414     0.414 r  clk_IBUF_inst/O
                         net (fo=1, routed)           0.685     1.099    clk_IBUF
    BUFGCTRL_X0Y0        BUFG (Prop_bufg_I_O)         0.029     1.128 r  clk_IBUF_BUFG_inst/O
                         net (fo=35, routed)          0.824     1.951    clk_IBUF_BUFG
    SLICE_X44Y19         FDRE                                         r  A_reg[1]/C





