Copyright 1986-2022 Xilinx, Inc. All Rights Reserved.
---------------------------------------------------------------------------------------------------------------------------------------------------------------------------
| Tool Version : Vivado v.2022.1 (win64) Build 3526262 Mon Apr 18 15:48:16 MDT 2022
| Date         : Sat Mar 28 13:06:06 2026
| Host         : DESKTOP-TM7VUND running 64-bit major release  (build 9200)
| Command      : report_bus_skew -warn_on_violation -file system_wrapper_bus_skew_routed.rpt -pb system_wrapper_bus_skew_routed.pb -rpx system_wrapper_bus_skew_routed.rpx
| Design       : system_wrapper
| Device       : 7z020-clg484
| Speed File   : -1  PRODUCTION 1.12 2019-11-22
---------------------------------------------------------------------------------------------------------------------------------------------------------------------------

Bus Skew Report

Table of Contents
-----------------
1. Bus Skew Report Summary
2. Bus Skew Report Per Constraint

1. Bus Skew Report Summary
--------------------------

Id  Position  From                            To                              Corner  Requirement(ns)  Actual(ns)  Slack(ns)
--  --------  ------------------------------  ------------------------------  ------  ---------------  ----------  ---------
1   95        [get_cells [list {system_i/MIPI_CSI_2_RX_A/U0/MIPI_CSI2_Rx_inst/LLP_inst/DataFIFO/U0/inst_fifo_gen/gaxis_fifo.gaxisf.axisf/grf.rf/gntv_or_sync_fifo.gcx.clkx/rd_pntr_cdc_inst/src_gray_ff_reg[0]} {system_i/MIPI_CSI_2_RX_A/U0/MIPI_CSI2_Rx_inst/LLP_inst/DataFIFO/U0/inst_fifo_gen/gaxis_fifo.gaxisf.axisf/grf.rf/gntv_or_sync_fifo.gcx.clkx/rd_pntr_cdc_inst/src_gray_ff_reg[1]} {system_i/MIPI_CSI_2_RX_A/U0/MIPI_CSI2_Rx_inst/LLP_inst/DataFIFO/U0/inst_fifo_gen/gaxis_fifo.gaxisf.axisf/grf.rf/gntv_or_sync_fifo.gcx.clkx/rd_pntr_cdc_inst/src_gray_ff_reg[2]} {system_i/MIPI_CSI_2_RX_A/U0/MIPI_CSI2_Rx_inst/LLP_inst/DataFIFO/U0/inst_fifo_gen/gaxis_fifo.gaxisf.axisf/grf.rf/gntv_or_sync_fifo.gcx.clkx/rd_pntr_cdc_inst/src_gray_ff_reg[3]} {system_i/MIPI_CSI_2_RX_A/U0/MIPI_CSI2_Rx_inst/LLP_inst/DataFIFO/U0/inst_fifo_gen/gaxis_fifo.gaxisf.axisf/grf.rf/gntv_or_sync_fifo.gcx.clkx/rd_pntr_cdc_inst/src_gray_ff_reg[4]}]]
                                              [get_cells [list {system_i/MIPI_CSI_2_RX_A/U0/MIPI_CSI2_Rx_inst/LLP_inst/DataFIFO/U0/inst_fifo_gen/gaxis_fifo.gaxisf.axisf/grf.rf/gntv_or_sync_fifo.gcx.clkx/rd_pntr_cdc_inst/dest_graysync_ff_reg[0][0]} {system_i/MIPI_CSI_2_RX_A/U0/MIPI_CSI2_Rx_inst/LLP_inst/DataFIFO/U0/inst_fifo_gen/gaxis_fifo.gaxisf.axisf/grf.rf/gntv_or_sync_fifo.gcx.clkx/rd_pntr_cdc_inst/dest_graysync_ff_reg[0][1]} {system_i/MIPI_CSI_2_RX_A/U0/MIPI_CSI2_Rx_inst/LLP_inst/DataFIFO/U0/inst_fifo_gen/gaxis_fifo.gaxisf.axisf/grf.rf/gntv_or_sync_fifo.gcx.clkx/rd_pntr_cdc_inst/dest_graysync_ff_reg[0][2]} {system_i/MIPI_CSI_2_RX_A/U0/MIPI_CSI2_Rx_inst/LLP_inst/DataFIFO/U0/inst_fifo_gen/gaxis_fifo.gaxisf.axisf/grf.rf/gntv_or_sync_fifo.gcx.clkx/rd_pntr_cdc_inst/dest_graysync_ff_reg[0][3]} {system_i/MIPI_CSI_2_RX_A/U0/MIPI_CSI2_Rx_inst/LLP_inst/DataFIFO/U0/inst_fifo_gen/gaxis_fifo.gaxisf.axisf/grf.rf/gntv_or_sync_fifo.gcx.clkx/rd_pntr_cdc_inst/dest_graysync_ff_reg[0][4]}]]
                                                                              Slow              6.667       0.745      5.922
2   97        [get_cells [list {system_i/MIPI_CSI_2_RX_A/U0/MIPI_CSI2_Rx_inst/LLP_inst/DataFIFO/U0/inst_fifo_gen/gaxis_fifo.gaxisf.axisf/grf.rf/gntv_or_sync_fifo.gcx.clkx/wr_pntr_cdc_inst/src_gray_ff_reg[0]} {system_i/MIPI_CSI_2_RX_A/U0/MIPI_CSI2_Rx_inst/LLP_inst/DataFIFO/U0/inst_fifo_gen/gaxis_fifo.gaxisf.axisf/grf.rf/gntv_or_sync_fifo.gcx.clkx/wr_pntr_cdc_inst/src_gray_ff_reg[1]} {system_i/MIPI_CSI_2_RX_A/U0/MIPI_CSI2_Rx_inst/LLP_inst/DataFIFO/U0/inst_fifo_gen/gaxis_fifo.gaxisf.axisf/grf.rf/gntv_or_sync_fifo.gcx.clkx/wr_pntr_cdc_inst/src_gray_ff_reg[2]} {system_i/MIPI_CSI_2_RX_A/U0/MIPI_CSI2_Rx_inst/LLP_inst/DataFIFO/U0/inst_fifo_gen/gaxis_fifo.gaxisf.axisf/grf.rf/gntv_or_sync_fifo.gcx.clkx/wr_pntr_cdc_inst/src_gray_ff_reg[3]} {system_i/MIPI_CSI_2_RX_A/U0/MIPI_CSI2_Rx_inst/LLP_inst/DataFIFO/U0/inst_fifo_gen/gaxis_fifo.gaxisf.axisf/grf.rf/gntv_or_sync_fifo.gcx.clkx/wr_pntr_cdc_inst/src_gray_ff_reg[4]}]]
                                              [get_cells [list {system_i/MIPI_CSI_2_RX_A/U0/MIPI_CSI2_Rx_inst/LLP_inst/DataFIFO/U0/inst_fifo_gen/gaxis_fifo.gaxisf.axisf/grf.rf/gntv_or_sync_fifo.gcx.clkx/wr_pntr_cdc_inst/dest_graysync_ff_reg[0][0]} {system_i/MIPI_CSI_2_RX_A/U0/MIPI_CSI2_Rx_inst/LLP_inst/DataFIFO/U0/inst_fifo_gen/gaxis_fifo.gaxisf.axisf/grf.rf/gntv_or_sync_fifo.gcx.clkx/wr_pntr_cdc_inst/dest_graysync_ff_reg[0][1]} {system_i/MIPI_CSI_2_RX_A/U0/MIPI_CSI2_Rx_inst/LLP_inst/DataFIFO/U0/inst_fifo_gen/gaxis_fifo.gaxisf.axisf/grf.rf/gntv_or_sync_fifo.gcx.clkx/wr_pntr_cdc_inst/dest_graysync_ff_reg[0][2]} {system_i/MIPI_CSI_2_RX_A/U0/MIPI_CSI2_Rx_inst/LLP_inst/DataFIFO/U0/inst_fifo_gen/gaxis_fifo.gaxisf.axisf/grf.rf/gntv_or_sync_fifo.gcx.clkx/wr_pntr_cdc_inst/dest_graysync_ff_reg[0][3]} {system_i/MIPI_CSI_2_RX_A/U0/MIPI_CSI2_Rx_inst/LLP_inst/DataFIFO/U0/inst_fifo_gen/gaxis_fifo.gaxisf.axisf/grf.rf/gntv_or_sync_fifo.gcx.clkx/wr_pntr_cdc_inst/dest_graysync_ff_reg[0][4]}]]
                                                                              Slow              6.667       0.959      5.708
3   99        [get_cells [list {system_i/MIPI_CSI_2_RX_B/U0/MIPI_CSI2_Rx_inst/LLP_inst/DataFIFO/U0/inst_fifo_gen/gaxis_fifo.gaxisf.axisf/grf.rf/gntv_or_sync_fifo.gcx.clkx/rd_pntr_cdc_inst/src_gray_ff_reg[0]} {system_i/MIPI_CSI_2_RX_B/U0/MIPI_CSI2_Rx_inst/LLP_inst/DataFIFO/U0/inst_fifo_gen/gaxis_fifo.gaxisf.axisf/grf.rf/gntv_or_sync_fifo.gcx.clkx/rd_pntr_cdc_inst/src_gray_ff_reg[1]} {system_i/MIPI_CSI_2_RX_B/U0/MIPI_CSI2_Rx_inst/LLP_inst/DataFIFO/U0/inst_fifo_gen/gaxis_fifo.gaxisf.axisf/grf.rf/gntv_or_sync_fifo.gcx.clkx/rd_pntr_cdc_inst/src_gray_ff_reg[2]} {system_i/MIPI_CSI_2_RX_B/U0/MIPI_CSI2_Rx_inst/LLP_inst/DataFIFO/U0/inst_fifo_gen/gaxis_fifo.gaxisf.axisf/grf.rf/gntv_or_sync_fifo.gcx.clkx/rd_pntr_cdc_inst/src_gray_ff_reg[3]} {system_i/MIPI_CSI_2_RX_B/U0/MIPI_CSI2_Rx_inst/LLP_inst/DataFIFO/U0/inst_fifo_gen/gaxis_fifo.gaxisf.axisf/grf.rf/gntv_or_sync_fifo.gcx.clkx/rd_pntr_cdc_inst/src_gray_ff_reg[4]}]]
                                              [get_cells [list {system_i/MIPI_CSI_2_RX_B/U0/MIPI_CSI2_Rx_inst/LLP_inst/DataFIFO/U0/inst_fifo_gen/gaxis_fifo.gaxisf.axisf/grf.rf/gntv_or_sync_fifo.gcx.clkx/rd_pntr_cdc_inst/dest_graysync_ff_reg[0][0]} {system_i/MIPI_CSI_2_RX_B/U0/MIPI_CSI2_Rx_inst/LLP_inst/DataFIFO/U0/inst_fifo_gen/gaxis_fifo.gaxisf.axisf/grf.rf/gntv_or_sync_fifo.gcx.clkx/rd_pntr_cdc_inst/dest_graysync_ff_reg[0][1]} {system_i/MIPI_CSI_2_RX_B/U0/MIPI_CSI2_Rx_inst/LLP_inst/DataFIFO/U0/inst_fifo_gen/gaxis_fifo.gaxisf.axisf/grf.rf/gntv_or_sync_fifo.gcx.clkx/rd_pntr_cdc_inst/dest_graysync_ff_reg[0][2]} {system_i/MIPI_CSI_2_RX_B/U0/MIPI_CSI2_Rx_inst/LLP_inst/DataFIFO/U0/inst_fifo_gen/gaxis_fifo.gaxisf.axisf/grf.rf/gntv_or_sync_fifo.gcx.clkx/rd_pntr_cdc_inst/dest_graysync_ff_reg[0][3]} {system_i/MIPI_CSI_2_RX_B/U0/MIPI_CSI2_Rx_inst/LLP_inst/DataFIFO/U0/inst_fifo_gen/gaxis_fifo.gaxisf.axisf/grf.rf/gntv_or_sync_fifo.gcx.clkx/rd_pntr_cdc_inst/dest_graysync_ff_reg[0][4]}]]
                                                                              Slow              6.667       0.830      5.837
4   101       [get_cells [list {system_i/MIPI_CSI_2_RX_B/U0/MIPI_CSI2_Rx_inst/LLP_inst/DataFIFO/U0/inst_fifo_gen/gaxis_fifo.gaxisf.axisf/grf.rf/gntv_or_sync_fifo.gcx.clkx/wr_pntr_cdc_inst/src_gray_ff_reg[0]} {system_i/MIPI_CSI_2_RX_B/U0/MIPI_CSI2_Rx_inst/LLP_inst/DataFIFO/U0/inst_fifo_gen/gaxis_fifo.gaxisf.axisf/grf.rf/gntv_or_sync_fifo.gcx.clkx/wr_pntr_cdc_inst/src_gray_ff_reg[1]} {system_i/MIPI_CSI_2_RX_B/U0/MIPI_CSI2_Rx_inst/LLP_inst/DataFIFO/U0/inst_fifo_gen/gaxis_fifo.gaxisf.axisf/grf.rf/gntv_or_sync_fifo.gcx.clkx/wr_pntr_cdc_inst/src_gray_ff_reg[2]} {system_i/MIPI_CSI_2_RX_B/U0/MIPI_CSI2_Rx_inst/LLP_inst/DataFIFO/U0/inst_fifo_gen/gaxis_fifo.gaxisf.axisf/grf.rf/gntv_or_sync_fifo.gcx.clkx/wr_pntr_cdc_inst/src_gray_ff_reg[3]} {system_i/MIPI_CSI_2_RX_B/U0/MIPI_CSI2_Rx_inst/LLP_inst/DataFIFO/U0/inst_fifo_gen/gaxis_fifo.gaxisf.axisf/grf.rf/gntv_or_sync_fifo.gcx.clkx/wr_pntr_cdc_inst/src_gray_ff_reg[4]}]]
                                              [get_cells [list {system_i/MIPI_CSI_2_RX_B/U0/MIPI_CSI2_Rx_inst/LLP_inst/DataFIFO/U0/inst_fifo_gen/gaxis_fifo.gaxisf.axisf/grf.rf/gntv_or_sync_fifo.gcx.clkx/wr_pntr_cdc_inst/dest_graysync_ff_reg[0][0]} {system_i/MIPI_CSI_2_RX_B/U0/MIPI_CSI2_Rx_inst/LLP_inst/DataFIFO/U0/inst_fifo_gen/gaxis_fifo.gaxisf.axisf/grf.rf/gntv_or_sync_fifo.gcx.clkx/wr_pntr_cdc_inst/dest_graysync_ff_reg[0][1]} {system_i/MIPI_CSI_2_RX_B/U0/MIPI_CSI2_Rx_inst/LLP_inst/DataFIFO/U0/inst_fifo_gen/gaxis_fifo.gaxisf.axisf/grf.rf/gntv_or_sync_fifo.gcx.clkx/wr_pntr_cdc_inst/dest_graysync_ff_reg[0][2]} {system_i/MIPI_CSI_2_RX_B/U0/MIPI_CSI2_Rx_inst/LLP_inst/DataFIFO/U0/inst_fifo_gen/gaxis_fifo.gaxisf.axisf/grf.rf/gntv_or_sync_fifo.gcx.clkx/wr_pntr_cdc_inst/dest_graysync_ff_reg[0][3]} {system_i/MIPI_CSI_2_RX_B/U0/MIPI_CSI2_Rx_inst/LLP_inst/DataFIFO/U0/inst_fifo_gen/gaxis_fifo.gaxisf.axisf/grf.rf/gntv_or_sync_fifo.gcx.clkx/wr_pntr_cdc_inst/dest_graysync_ff_reg[0][4]}]]
                                                                              Slow              6.667       0.862      5.805
5   103       [get_cells [list {system_i/MIPI_CSI_2_RX_C/U0/MIPI_CSI2_Rx_inst/LLP_inst/DataFIFO/U0/inst_fifo_gen/gaxis_fifo.gaxisf.axisf/grf.rf/gntv_or_sync_fifo.gcx.clkx/rd_pntr_cdc_inst/src_gray_ff_reg[0]} {system_i/MIPI_CSI_2_RX_C/U0/MIPI_CSI2_Rx_inst/LLP_inst/DataFIFO/U0/inst_fifo_gen/gaxis_fifo.gaxisf.axisf/grf.rf/gntv_or_sync_fifo.gcx.clkx/rd_pntr_cdc_inst/src_gray_ff_reg[1]} {system_i/MIPI_CSI_2_RX_C/U0/MIPI_CSI2_Rx_inst/LLP_inst/DataFIFO/U0/inst_fifo_gen/gaxis_fifo.gaxisf.axisf/grf.rf/gntv_or_sync_fifo.gcx.clkx/rd_pntr_cdc_inst/src_gray_ff_reg[2]} {system_i/MIPI_CSI_2_RX_C/U0/MIPI_CSI2_Rx_inst/LLP_inst/DataFIFO/U0/inst_fifo_gen/gaxis_fifo.gaxisf.axisf/grf.rf/gntv_or_sync_fifo.gcx.clkx/rd_pntr_cdc_inst/src_gray_ff_reg[3]} {system_i/MIPI_CSI_2_RX_C/U0/MIPI_CSI2_Rx_inst/LLP_inst/DataFIFO/U0/inst_fifo_gen/gaxis_fifo.gaxisf.axisf/grf.rf/gntv_or_sync_fifo.gcx.clkx/rd_pntr_cdc_inst/src_gray_ff_reg[4]}]]
                                              [get_cells [list {system_i/MIPI_CSI_2_RX_C/U0/MIPI_CSI2_Rx_inst/LLP_inst/DataFIFO/U0/inst_fifo_gen/gaxis_fifo.gaxisf.axisf/grf.rf/gntv_or_sync_fifo.gcx.clkx/rd_pntr_cdc_inst/dest_graysync_ff_reg[0][0]} {system_i/MIPI_CSI_2_RX_C/U0/MIPI_CSI2_Rx_inst/LLP_inst/DataFIFO/U0/inst_fifo_gen/gaxis_fifo.gaxisf.axisf/grf.rf/gntv_or_sync_fifo.gcx.clkx/rd_pntr_cdc_inst/dest_graysync_ff_reg[0][1]} {system_i/MIPI_CSI_2_RX_C/U0/MIPI_CSI2_Rx_inst/LLP_inst/DataFIFO/U0/inst_fifo_gen/gaxis_fifo.gaxisf.axisf/grf.rf/gntv_or_sync_fifo.gcx.clkx/rd_pntr_cdc_inst/dest_graysync_ff_reg[0][2]} {system_i/MIPI_CSI_2_RX_C/U0/MIPI_CSI2_Rx_inst/LLP_inst/DataFIFO/U0/inst_fifo_gen/gaxis_fifo.gaxisf.axisf/grf.rf/gntv_or_sync_fifo.gcx.clkx/rd_pntr_cdc_inst/dest_graysync_ff_reg[0][3]} {system_i/MIPI_CSI_2_RX_C/U0/MIPI_CSI2_Rx_inst/LLP_inst/DataFIFO/U0/inst_fifo_gen/gaxis_fifo.gaxisf.axisf/grf.rf/gntv_or_sync_fifo.gcx.clkx/rd_pntr_cdc_inst/dest_graysync_ff_reg[0][4]}]]
                                                                              Slow              6.667       1.085      5.582
6   105       [get_cells [list {system_i/MIPI_CSI_2_RX_C/U0/MIPI_CSI2_Rx_inst/LLP_inst/DataFIFO/U0/inst_fifo_gen/gaxis_fifo.gaxisf.axisf/grf.rf/gntv_or_sync_fifo.gcx.clkx/wr_pntr_cdc_inst/src_gray_ff_reg[0]} {system_i/MIPI_CSI_2_RX_C/U0/MIPI_CSI2_Rx_inst/LLP_inst/DataFIFO/U0/inst_fifo_gen/gaxis_fifo.gaxisf.axisf/grf.rf/gntv_or_sync_fifo.gcx.clkx/wr_pntr_cdc_inst/src_gray_ff_reg[1]} {system_i/MIPI_CSI_2_RX_C/U0/MIPI_CSI2_Rx_inst/LLP_inst/DataFIFO/U0/inst_fifo_gen/gaxis_fifo.gaxisf.axisf/grf.rf/gntv_or_sync_fifo.gcx.clkx/wr_pntr_cdc_inst/src_gray_ff_reg[2]} {system_i/MIPI_CSI_2_RX_C/U0/MIPI_CSI2_Rx_inst/LLP_inst/DataFIFO/U0/inst_fifo_gen/gaxis_fifo.gaxisf.axisf/grf.rf/gntv_or_sync_fifo.gcx.clkx/wr_pntr_cdc_inst/src_gray_ff_reg[3]} {system_i/MIPI_CSI_2_RX_C/U0/MIPI_CSI2_Rx_inst/LLP_inst/DataFIFO/U0/inst_fifo_gen/gaxis_fifo.gaxisf.axisf/grf.rf/gntv_or_sync_fifo.gcx.clkx/wr_pntr_cdc_inst/src_gray_ff_reg[4]}]]
                                              [get_cells [list {system_i/MIPI_CSI_2_RX_C/U0/MIPI_CSI2_Rx_inst/LLP_inst/DataFIFO/U0/inst_fifo_gen/gaxis_fifo.gaxisf.axisf/grf.rf/gntv_or_sync_fifo.gcx.clkx/wr_pntr_cdc_inst/dest_graysync_ff_reg[0][0]} {system_i/MIPI_CSI_2_RX_C/U0/MIPI_CSI2_Rx_inst/LLP_inst/DataFIFO/U0/inst_fifo_gen/gaxis_fifo.gaxisf.axisf/grf.rf/gntv_or_sync_fifo.gcx.clkx/wr_pntr_cdc_inst/dest_graysync_ff_reg[0][1]} {system_i/MIPI_CSI_2_RX_C/U0/MIPI_CSI2_Rx_inst/LLP_inst/DataFIFO/U0/inst_fifo_gen/gaxis_fifo.gaxisf.axisf/grf.rf/gntv_or_sync_fifo.gcx.clkx/wr_pntr_cdc_inst/dest_graysync_ff_reg[0][2]} {system_i/MIPI_CSI_2_RX_C/U0/MIPI_CSI2_Rx_inst/LLP_inst/DataFIFO/U0/inst_fifo_gen/gaxis_fifo.gaxisf.axisf/grf.rf/gntv_or_sync_fifo.gcx.clkx/wr_pntr_cdc_inst/dest_graysync_ff_reg[0][3]} {system_i/MIPI_CSI_2_RX_C/U0/MIPI_CSI2_Rx_inst/LLP_inst/DataFIFO/U0/inst_fifo_gen/gaxis_fifo.gaxisf.axisf/grf.rf/gntv_or_sync_fifo.gcx.clkx/wr_pntr_cdc_inst/dest_graysync_ff_reg[0][4]}]]
                                                                              Slow              6.667       0.657      6.010
7   107       [get_cells [list {system_i/MIPI_CSI_2_RX_D/U0/MIPI_CSI2_Rx_inst/LLP_inst/DataFIFO/U0/inst_fifo_gen/gaxis_fifo.gaxisf.axisf/grf.rf/gntv_or_sync_fifo.gcx.clkx/rd_pntr_cdc_inst/src_gray_ff_reg[0]} {system_i/MIPI_CSI_2_RX_D/U0/MIPI_CSI2_Rx_inst/LLP_inst/DataFIFO/U0/inst_fifo_gen/gaxis_fifo.gaxisf.axisf/grf.rf/gntv_or_sync_fifo.gcx.clkx/rd_pntr_cdc_inst/src_gray_ff_reg[1]} {system_i/MIPI_CSI_2_RX_D/U0/MIPI_CSI2_Rx_inst/LLP_inst/DataFIFO/U0/inst_fifo_gen/gaxis_fifo.gaxisf.axisf/grf.rf/gntv_or_sync_fifo.gcx.clkx/rd_pntr_cdc_inst/src_gray_ff_reg[2]} {system_i/MIPI_CSI_2_RX_D/U0/MIPI_CSI2_Rx_inst/LLP_inst/DataFIFO/U0/inst_fifo_gen/gaxis_fifo.gaxisf.axisf/grf.rf/gntv_or_sync_fifo.gcx.clkx/rd_pntr_cdc_inst/src_gray_ff_reg[3]} {system_i/MIPI_CSI_2_RX_D/U0/MIPI_CSI2_Rx_inst/LLP_inst/DataFIFO/U0/inst_fifo_gen/gaxis_fifo.gaxisf.axisf/grf.rf/gntv_or_sync_fifo.gcx.clkx/rd_pntr_cdc_inst/src_gray_ff_reg[4]}]]
                                              [get_cells [list {system_i/MIPI_CSI_2_RX_D/U0/MIPI_CSI2_Rx_inst/LLP_inst/DataFIFO/U0/inst_fifo_gen/gaxis_fifo.gaxisf.axisf/grf.rf/gntv_or_sync_fifo.gcx.clkx/rd_pntr_cdc_inst/dest_graysync_ff_reg[0][0]} {system_i/MIPI_CSI_2_RX_D/U0/MIPI_CSI2_Rx_inst/LLP_inst/DataFIFO/U0/inst_fifo_gen/gaxis_fifo.gaxisf.axisf/grf.rf/gntv_or_sync_fifo.gcx.clkx/rd_pntr_cdc_inst/dest_graysync_ff_reg[0][1]} {system_i/MIPI_CSI_2_RX_D/U0/MIPI_CSI2_Rx_inst/LLP_inst/DataFIFO/U0/inst_fifo_gen/gaxis_fifo.gaxisf.axisf/grf.rf/gntv_or_sync_fifo.gcx.clkx/rd_pntr_cdc_inst/dest_graysync_ff_reg[0][2]} {system_i/MIPI_CSI_2_RX_D/U0/MIPI_CSI2_Rx_inst/LLP_inst/DataFIFO/U0/inst_fifo_gen/gaxis_fifo.gaxisf.axisf/grf.rf/gntv_or_sync_fifo.gcx.clkx/rd_pntr_cdc_inst/dest_graysync_ff_reg[0][3]} {system_i/MIPI_CSI_2_RX_D/U0/MIPI_CSI2_Rx_inst/LLP_inst/DataFIFO/U0/inst_fifo_gen/gaxis_fifo.gaxisf.axisf/grf.rf/gntv_or_sync_fifo.gcx.clkx/rd_pntr_cdc_inst/dest_graysync_ff_reg[0][4]}]]
                                                                              Slow              6.667       1.012      5.655
8   109       [get_cells [list {system_i/MIPI_CSI_2_RX_D/U0/MIPI_CSI2_Rx_inst/LLP_inst/DataFIFO/U0/inst_fifo_gen/gaxis_fifo.gaxisf.axisf/grf.rf/gntv_or_sync_fifo.gcx.clkx/wr_pntr_cdc_inst/src_gray_ff_reg[0]} {system_i/MIPI_CSI_2_RX_D/U0/MIPI_CSI2_Rx_inst/LLP_inst/DataFIFO/U0/inst_fifo_gen/gaxis_fifo.gaxisf.axisf/grf.rf/gntv_or_sync_fifo.gcx.clkx/wr_pntr_cdc_inst/src_gray_ff_reg[1]} {system_i/MIPI_CSI_2_RX_D/U0/MIPI_CSI2_Rx_inst/LLP_inst/DataFIFO/U0/inst_fifo_gen/gaxis_fifo.gaxisf.axisf/grf.rf/gntv_or_sync_fifo.gcx.clkx/wr_pntr_cdc_inst/src_gray_ff_reg[2]} {system_i/MIPI_CSI_2_RX_D/U0/MIPI_CSI2_Rx_inst/LLP_inst/DataFIFO/U0/inst_fifo_gen/gaxis_fifo.gaxisf.axisf/grf.rf/gntv_or_sync_fifo.gcx.clkx/wr_pntr_cdc_inst/src_gray_ff_reg[3]} {system_i/MIPI_CSI_2_RX_D/U0/MIPI_CSI2_Rx_inst/LLP_inst/DataFIFO/U0/inst_fifo_gen/gaxis_fifo.gaxisf.axisf/grf.rf/gntv_or_sync_fifo.gcx.clkx/wr_pntr_cdc_inst/src_gray_ff_reg[4]}]]
                                              [get_cells [list {system_i/MIPI_CSI_2_RX_D/U0/MIPI_CSI2_Rx_inst/LLP_inst/DataFIFO/U0/inst_fifo_gen/gaxis_fifo.gaxisf.axisf/grf.rf/gntv_or_sync_fifo.gcx.clkx/wr_pntr_cdc_inst/dest_graysync_ff_reg[0][0]} {system_i/MIPI_CSI_2_RX_D/U0/MIPI_CSI2_Rx_inst/LLP_inst/DataFIFO/U0/inst_fifo_gen/gaxis_fifo.gaxisf.axisf/grf.rf/gntv_or_sync_fifo.gcx.clkx/wr_pntr_cdc_inst/dest_graysync_ff_reg[0][1]} {system_i/MIPI_CSI_2_RX_D/U0/MIPI_CSI2_Rx_inst/LLP_inst/DataFIFO/U0/inst_fifo_gen/gaxis_fifo.gaxisf.axisf/grf.rf/gntv_or_sync_fifo.gcx.clkx/wr_pntr_cdc_inst/dest_graysync_ff_reg[0][2]} {system_i/MIPI_CSI_2_RX_D/U0/MIPI_CSI2_Rx_inst/LLP_inst/DataFIFO/U0/inst_fifo_gen/gaxis_fifo.gaxisf.axisf/grf.rf/gntv_or_sync_fifo.gcx.clkx/wr_pntr_cdc_inst/dest_graysync_ff_reg[0][3]} {system_i/MIPI_CSI_2_RX_D/U0/MIPI_CSI2_Rx_inst/LLP_inst/DataFIFO/U0/inst_fifo_gen/gaxis_fifo.gaxisf.axisf/grf.rf/gntv_or_sync_fifo.gcx.clkx/wr_pntr_cdc_inst/dest_graysync_ff_reg[0][4]}]]
                                                                              Slow              6.667       1.032      5.635
9   111       [get_cells [list {system_i/v_axi4s_vid_out_0/inst/COUPLER_INST/generate_async_fifo.FIFO_INST/XPM_FIFO_ASYNC_INST/gnuram_async_fifo.xpm_fifo_base_inst/gen_cdc_pntr.rd_pntr_cdc_inst/src_gray_ff_reg[0]} {system_i/v_axi4s_vid_out_0/inst/COUPLER_INST/generate_async_fifo.FIFO_INST/XPM_FIFO_ASYNC_INST/gnuram_async_fifo.xpm_fifo_base_inst/gen_cdc_pntr.rd_pntr_cdc_inst/src_gray_ff_reg[1]} {system_i/v_axi4s_vid_out_0/inst/COUPLER_INST/generate_async_fifo.FIFO_INST/XPM_FIFO_ASYNC_INST/gnuram_async_fifo.xpm_fifo_base_inst/gen_cdc_pntr.rd_pntr_cdc_inst/src_gray_ff_reg[2]} {system_i/v_axi4s_vid_out_0/inst/COUPLER_INST/generate_async_fifo.FIFO_INST/XPM_FIFO_ASYNC_INST/gnuram_async_fifo.xpm_fifo_base_inst/gen_cdc_pntr.rd_pntr_cdc_inst/src_gray_ff_reg[3]} {system_i/v_axi4s_vid_out_0/inst/COUPLER_INST/generate_async_fifo.FIFO_INST/XPM_FIFO_ASYNC_INST/gnuram_async_fifo.xpm_fifo_base_inst/gen_cdc_pntr.rd_pntr_cdc_inst/src_gray_ff_reg[4]} {system_i/v_axi4s_vid_out_0/inst/COUPLER_INST/generate_async_fifo.FIFO_INST/XPM_FIFO_ASYNC_INST/gnuram_async_fifo.xpm_fifo_base_inst/gen_cdc_pntr.rd_pntr_cdc_inst/src_gray_ff_reg[5]} {system_i/v_axi4s_vid_out_0/inst/COUPLER_INST/generate_async_fifo.FIFO_INST/XPM_FIFO_ASYNC_INST/gnuram_async_fifo.xpm_fifo_base_inst/gen_cdc_pntr.rd_pntr_cdc_inst/src_gray_ff_reg[6]} {system_i/v_axi4s_vid_out_0/inst/COUPLER_INST/generate_async_fifo.FIFO_INST/XPM_FIFO_ASYNC_INST/gnuram_async_fifo.xpm_fifo_base_inst/gen_cdc_pntr.rd_pntr_cdc_inst/src_gray_ff_reg[7]} {system_i/v_axi4s_vid_out_0/inst/COUPLER_INST/generate_async_fifo.FIFO_INST/XPM_FIFO_ASYNC_INST/gnuram_async_fifo.xpm_fifo_base_inst/gen_cdc_pntr.rd_pntr_cdc_inst/src_gray_ff_reg[8]} {system_i/v_axi4s_vid_out_0/inst/COUPLER_INST/generate_async_fifo.FIFO_INST/XPM_FIFO_ASYNC_INST/gnuram_async_fifo.xpm_fifo_base_inst/gen_cdc_pntr.rd_pntr_cdc_inst/src_gray_ff_reg[9]}]]
                                              [get_cells [list {system_i/v_axi4s_vid_out_0/inst/COUPLER_INST/generate_async_fifo.FIFO_INST/XPM_FIFO_ASYNC_INST/gnuram_async_fifo.xpm_fifo_base_inst/gen_cdc_pntr.rd_pntr_cdc_inst/dest_graysync_ff_reg[0][0]} {system_i/v_axi4s_vid_out_0/inst/COUPLER_INST/generate_async_fifo.FIFO_INST/XPM_FIFO_ASYNC_INST/gnuram_async_fifo.xpm_fifo_base_inst/gen_cdc_pntr.rd_pntr_cdc_inst/dest_graysync_ff_reg[0][1]} {system_i/v_axi4s_vid_out_0/inst/COUPLER_INST/generate_async_fifo.FIFO_INST/XPM_FIFO_ASYNC_INST/gnuram_async_fifo.xpm_fifo_base_inst/gen_cdc_pntr.rd_pntr_cdc_inst/dest_graysync_ff_reg[0][2]} {system_i/v_axi4s_vid_out_0/inst/COUPLER_INST/generate_async_fifo.FIFO_INST/XPM_FIFO_ASYNC_INST/gnuram_async_fifo.xpm_fifo_base_inst/gen_cdc_pntr.rd_pntr_cdc_inst/dest_graysync_ff_reg[0][3]} {system_i/v_axi4s_vid_out_0/inst/COUPLER_INST/generate_async_fifo.FIFO_INST/XPM_FIFO_ASYNC_INST/gnuram_async_fifo.xpm_fifo_base_inst/gen_cdc_pntr.rd_pntr_cdc_inst/dest_graysync_ff_reg[0][4]} {system_i/v_axi4s_vid_out_0/inst/COUPLER_INST/generate_async_fifo.FIFO_INST/XPM_FIFO_ASYNC_INST/gnuram_async_fifo.xpm_fifo_base_inst/gen_cdc_pntr.rd_pntr_cdc_inst/dest_graysync_ff_reg[0][5]} {system_i/v_axi4s_vid_out_0/inst/COUPLER_INST/generate_async_fifo.FIFO_INST/XPM_FIFO_ASYNC_INST/gnuram_async_fifo.xpm_fifo_base_inst/gen_cdc_pntr.rd_pntr_cdc_inst/dest_graysync_ff_reg[0][6]} {system_i/v_axi4s_vid_out_0/inst/COUPLER_INST/generate_async_fifo.FIFO_INST/XPM_FIFO_ASYNC_INST/gnuram_async_fifo.xpm_fifo_base_inst/gen_cdc_pntr.rd_pntr_cdc_inst/dest_graysync_ff_reg[0][7]} {system_i/v_axi4s_vid_out_0/inst/COUPLER_INST/generate_async_fifo.FIFO_INST/XPM_FIFO_ASYNC_INST/gnuram_async_fifo.xpm_fifo_base_inst/gen_cdc_pntr.rd_pntr_cdc_inst/dest_graysync_ff_reg[0][8]} {system_i/v_axi4s_vid_out_0/inst/COUPLER_INST/generate_async_fifo.FIFO_INST/XPM_FIFO_ASYNC_INST/gnuram_async_fifo.xpm_fifo_base_inst/gen_cdc_pntr.rd_pntr_cdc_inst/dest_graysync_ff_reg[0][9]}]]
                                                                              Slow              6.667       0.825      5.842
10  113       [get_cells [list {system_i/v_axi4s_vid_out_0/inst/COUPLER_INST/generate_async_fifo.FIFO_INST/XPM_FIFO_ASYNC_INST/gnuram_async_fifo.xpm_fifo_base_inst/gen_cdc_pntr.wr_pntr_cdc_inst/src_gray_ff_reg[0]} {system_i/v_axi4s_vid_out_0/inst/COUPLER_INST/generate_async_fifo.FIFO_INST/XPM_FIFO_ASYNC_INST/gnuram_async_fifo.xpm_fifo_base_inst/gen_cdc_pntr.wr_pntr_cdc_inst/src_gray_ff_reg[1]} {system_i/v_axi4s_vid_out_0/inst/COUPLER_INST/generate_async_fifo.FIFO_INST/XPM_FIFO_ASYNC_INST/gnuram_async_fifo.xpm_fifo_base_inst/gen_cdc_pntr.wr_pntr_cdc_inst/src_gray_ff_reg[2]} {system_i/v_axi4s_vid_out_0/inst/COUPLER_INST/generate_async_fifo.FIFO_INST/XPM_FIFO_ASYNC_INST/gnuram_async_fifo.xpm_fifo_base_inst/gen_cdc_pntr.wr_pntr_cdc_inst/src_gray_ff_reg[3]} {system_i/v_axi4s_vid_out_0/inst/COUPLER_INST/generate_async_fifo.FIFO_INST/XPM_FIFO_ASYNC_INST/gnuram_async_fifo.xpm_fifo_base_inst/gen_cdc_pntr.wr_pntr_cdc_inst/src_gray_ff_reg[4]} {system_i/v_axi4s_vid_out_0/inst/COUPLER_INST/generate_async_fifo.FIFO_INST/XPM_FIFO_ASYNC_INST/gnuram_async_fifo.xpm_fifo_base_inst/gen_cdc_pntr.wr_pntr_cdc_inst/src_gray_ff_reg[5]} {system_i/v_axi4s_vid_out_0/inst/COUPLER_INST/generate_async_fifo.FIFO_INST/XPM_FIFO_ASYNC_INST/gnuram_async_fifo.xpm_fifo_base_inst/gen_cdc_pntr.wr_pntr_cdc_inst/src_gray_ff_reg[6]} {system_i/v_axi4s_vid_out_0/inst/COUPLER_INST/generate_async_fifo.FIFO_INST/XPM_FIFO_ASYNC_INST/gnuram_async_fifo.xpm_fifo_base_inst/gen_cdc_pntr.wr_pntr_cdc_inst/src_gray_ff_reg[7]} {system_i/v_axi4s_vid_out_0/inst/COUPLER_INST/generate_async_fifo.FIFO_INST/XPM_FIFO_ASYNC_INST/gnuram_async_fifo.xpm_fifo_base_inst/gen_cdc_pntr.wr_pntr_cdc_inst/src_gray_ff_reg[8]} {system_i/v_axi4s_vid_out_0/inst/COUPLER_INST/generate_async_fifo.FIFO_INST/XPM_FIFO_ASYNC_INST/gnuram_async_fifo.xpm_fifo_base_inst/gen_cdc_pntr.wr_pntr_cdc_inst/src_gray_ff_reg[9]}]]
                                              [get_cells [list {system_i/v_axi4s_vid_out_0/inst/COUPLER_INST/generate_async_fifo.FIFO_INST/XPM_FIFO_ASYNC_INST/gnuram_async_fifo.xpm_fifo_base_inst/gen_cdc_pntr.wr_pntr_cdc_inst/dest_graysync_ff_reg[0][0]} {system_i/v_axi4s_vid_out_0/inst/COUPLER_INST/generate_async_fifo.FIFO_INST/XPM_FIFO_ASYNC_INST/gnuram_async_fifo.xpm_fifo_base_inst/gen_cdc_pntr.wr_pntr_cdc_inst/dest_graysync_ff_reg[0][1]} {system_i/v_axi4s_vid_out_0/inst/COUPLER_INST/generate_async_fifo.FIFO_INST/XPM_FIFO_ASYNC_INST/gnuram_async_fifo.xpm_fifo_base_inst/gen_cdc_pntr.wr_pntr_cdc_inst/dest_graysync_ff_reg[0][2]} {system_i/v_axi4s_vid_out_0/inst/COUPLER_INST/generate_async_fifo.FIFO_INST/XPM_FIFO_ASYNC_INST/gnuram_async_fifo.xpm_fifo_base_inst/gen_cdc_pntr.wr_pntr_cdc_inst/dest_graysync_ff_reg[0][3]} {system_i/v_axi4s_vid_out_0/inst/COUPLER_INST/generate_async_fifo.FIFO_INST/XPM_FIFO_ASYNC_INST/gnuram_async_fifo.xpm_fifo_base_inst/gen_cdc_pntr.wr_pntr_cdc_inst/dest_graysync_ff_reg[0][4]} {system_i/v_axi4s_vid_out_0/inst/COUPLER_INST/generate_async_fifo.FIFO_INST/XPM_FIFO_ASYNC_INST/gnuram_async_fifo.xpm_fifo_base_inst/gen_cdc_pntr.wr_pntr_cdc_inst/dest_graysync_ff_reg[0][5]} {system_i/v_axi4s_vid_out_0/inst/COUPLER_INST/generate_async_fifo.FIFO_INST/XPM_FIFO_ASYNC_INST/gnuram_async_fifo.xpm_fifo_base_inst/gen_cdc_pntr.wr_pntr_cdc_inst/dest_graysync_ff_reg[0][6]} {system_i/v_axi4s_vid_out_0/inst/COUPLER_INST/generate_async_fifo.FIFO_INST/XPM_FIFO_ASYNC_INST/gnuram_async_fifo.xpm_fifo_base_inst/gen_cdc_pntr.wr_pntr_cdc_inst/dest_graysync_ff_reg[0][7]} {system_i/v_axi4s_vid_out_0/inst/COUPLER_INST/generate_async_fifo.FIFO_INST/XPM_FIFO_ASYNC_INST/gnuram_async_fifo.xpm_fifo_base_inst/gen_cdc_pntr.wr_pntr_cdc_inst/dest_graysync_ff_reg[0][8]} {system_i/v_axi4s_vid_out_0/inst/COUPLER_INST/generate_async_fifo.FIFO_INST/XPM_FIFO_ASYNC_INST/gnuram_async_fifo.xpm_fifo_base_inst/gen_cdc_pntr.wr_pntr_cdc_inst/dest_graysync_ff_reg[0][9]}]]
                                                                              Slow              6.667       1.178      5.489
11  115       [get_cells [list {system_i/v_axi4s_vid_out_0/inst/COUPLER_INST/generate_async_fifo.FIFO_INST/XPM_FIFO_ASYNC_INST/gnuram_async_fifo.xpm_fifo_base_inst/gen_cdc_pntr.wr_pntr_cdc_dc_inst/src_gray_ff_reg[0]} \
          {system_i/v_axi4s_vid_out_0/inst/COUPLER_INST/generate_async_fifo.FIFO_INST/XPM_FIFO_ASYNC_INST/gnuram_async_fifo.xpm_fifo_base_inst/gen_cdc_pntr.wr_pntr_cdc_dc_inst/src_gray_ff_reg[10]} \
          {system_i/v_axi4s_vid_out_0/inst/COUPLER_INST/generate_async_fifo.FIFO_INST/XPM_FIFO_ASYNC_INST/gnuram_async_fifo.xpm_fifo_base_inst/gen_cdc_pntr.wr_pntr_cdc_dc_inst/src_gray_ff_reg[1]} \
          {system_i/v_axi4s_vid_out_0/inst/COUPLER_INST/generate_async_fifo.FIFO_INST/XPM_FIFO_ASYNC_INST/gnuram_async_fifo.xpm_fifo_base_inst/gen_cdc_pntr.wr_pntr_cdc_dc_inst/src_gray_ff_reg[2]} \
          {system_i/v_axi4s_vid_out_0/inst/COUPLER_INST/generate_async_fifo.FIFO_INST/XPM_FIFO_ASYNC_INST/gnuram_async_fifo.xpm_fifo_base_inst/gen_cdc_pntr.wr_pntr_cdc_dc_inst/src_gray_ff_reg[3]} \
          {system_i/v_axi4s_vid_out_0/inst/COUPLER_INST/generate_async_fifo.FIFO_INST/XPM_FIFO_ASYNC_INST/gnuram_async_fifo.xpm_fifo_base_inst/gen_cdc_pntr.wr_pntr_cdc_dc_inst/src_gray_ff_reg[4]} \
          {system_i/v_axi4s_vid_out_0/inst/COUPLER_INST/generate_async_fifo.FIFO_INST/XPM_FIFO_ASYNC_INST/gnuram_async_fifo.xpm_fifo_base_inst/gen_cdc_pntr.wr_pntr_cdc_dc_inst/src_gray_ff_reg[5]} \
          {system_i/v_axi4s_vid_out_0/inst/COUPLER_INST/generate_async_fifo.FIFO_INST/XPM_FIFO_ASYNC_INST/gnuram_async_fifo.xpm_fifo_base_inst/gen_cdc_pntr.wr_pntr_cdc_dc_inst/src_gray_ff_reg[6]} \
          {system_i/v_axi4s_vid_out_0/inst/COUPLER_INST/generate_async_fifo.FIFO_INST/XPM_FIFO_ASYNC_INST/gnuram_async_fifo.xpm_fifo_base_inst/gen_cdc_pntr.wr_pntr_cdc_dc_inst/src_gray_ff_reg[7]} \
          {system_i/v_axi4s_vid_out_0/inst/COUPLER_INST/generate_async_fifo.FIFO_INST/XPM_FIFO_ASYNC_INST/gnuram_async_fifo.xpm_fifo_base_inst/gen_cdc_pntr.wr_pntr_cdc_dc_inst/src_gray_ff_reg[8]} \
          {system_i/v_axi4s_vid_out_0/inst/COUPLER_INST/generate_async_fifo.FIFO_INST/XPM_FIFO_ASYNC_INST/gnuram_async_fifo.xpm_fifo_base_inst/gen_cdc_pntr.wr_pntr_cdc_dc_inst/src_gray_ff_reg[9]}]]
                                              [get_cells [list {system_i/v_axi4s_vid_out_0/inst/COUPLER_INST/generate_async_fifo.FIFO_INST/XPM_FIFO_ASYNC_INST/gnuram_async_fifo.xpm_fifo_base_inst/gen_cdc_pntr.wr_pntr_cdc_dc_inst/dest_graysync_ff_reg[0][0]} \
          {system_i/v_axi4s_vid_out_0/inst/COUPLER_INST/generate_async_fifo.FIFO_INST/XPM_FIFO_ASYNC_INST/gnuram_async_fifo.xpm_fifo_base_inst/gen_cdc_pntr.wr_pntr_cdc_dc_inst/dest_graysync_ff_reg[0][10]} \
          {system_i/v_axi4s_vid_out_0/inst/COUPLER_INST/generate_async_fifo.FIFO_INST/XPM_FIFO_ASYNC_INST/gnuram_async_fifo.xpm_fifo_base_inst/gen_cdc_pntr.wr_pntr_cdc_dc_inst/dest_graysync_ff_reg[0][1]} \
          {system_i/v_axi4s_vid_out_0/inst/COUPLER_INST/generate_async_fifo.FIFO_INST/XPM_FIFO_ASYNC_INST/gnuram_async_fifo.xpm_fifo_base_inst/gen_cdc_pntr.wr_pntr_cdc_dc_inst/dest_graysync_ff_reg[0][2]} \
          {system_i/v_axi4s_vid_out_0/inst/COUPLER_INST/generate_async_fifo.FIFO_INST/XPM_FIFO_ASYNC_INST/gnuram_async_fifo.xpm_fifo_base_inst/gen_cdc_pntr.wr_pntr_cdc_dc_inst/dest_graysync_ff_reg[0][3]} \
          {system_i/v_axi4s_vid_out_0/inst/COUPLER_INST/generate_async_fifo.FIFO_INST/XPM_FIFO_ASYNC_INST/gnuram_async_fifo.xpm_fifo_base_inst/gen_cdc_pntr.wr_pntr_cdc_dc_inst/dest_graysync_ff_reg[0][4]} \
          {system_i/v_axi4s_vid_out_0/inst/COUPLER_INST/generate_async_fifo.FIFO_INST/XPM_FIFO_ASYNC_INST/gnuram_async_fifo.xpm_fifo_base_inst/gen_cdc_pntr.wr_pntr_cdc_dc_inst/dest_graysync_ff_reg[0][5]} \
          {system_i/v_axi4s_vid_out_0/inst/COUPLER_INST/generate_async_fifo.FIFO_INST/XPM_FIFO_ASYNC_INST/gnuram_async_fifo.xpm_fifo_base_inst/gen_cdc_pntr.wr_pntr_cdc_dc_inst/dest_graysync_ff_reg[0][6]} \
          {system_i/v_axi4s_vid_out_0/inst/COUPLER_INST/generate_async_fifo.FIFO_INST/XPM_FIFO_ASYNC_INST/gnuram_async_fifo.xpm_fifo_base_inst/gen_cdc_pntr.wr_pntr_cdc_dc_inst/dest_graysync_ff_reg[0][7]} \
          {system_i/v_axi4s_vid_out_0/inst/COUPLER_INST/generate_async_fifo.FIFO_INST/XPM_FIFO_ASYNC_INST/gnuram_async_fifo.xpm_fifo_base_inst/gen_cdc_pntr.wr_pntr_cdc_dc_inst/dest_graysync_ff_reg[0][8]} \
          {system_i/v_axi4s_vid_out_0/inst/COUPLER_INST/generate_async_fifo.FIFO_INST/XPM_FIFO_ASYNC_INST/gnuram_async_fifo.xpm_fifo_base_inst/gen_cdc_pntr.wr_pntr_cdc_dc_inst/dest_graysync_ff_reg[0][9]}]]
                                                                              Slow              6.667       1.150      5.517


2. Bus Skew Report Per Constraint
---------------------------------

Id: 1
set_bus_skew -from [get_cells [list {system_i/MIPI_CSI_2_RX_A/U0/MIPI_CSI2_Rx_inst/LLP_inst/DataFIFO/U0/inst_fifo_gen/gaxis_fifo.gaxisf.axisf/grf.rf/gntv_or_sync_fifo.gcx.clkx/rd_pntr_cdc_inst/src_gray_ff_reg[0]} {system_i/MIPI_CSI_2_RX_A/U0/MIPI_CSI2_Rx_inst/LLP_inst/DataFIFO/U0/inst_fifo_gen/gaxis_fifo.gaxisf.axisf/grf.rf/gntv_or_sync_fifo.gcx.clkx/rd_pntr_cdc_inst/src_gray_ff_reg[1]} {system_i/MIPI_CSI_2_RX_A/U0/MIPI_CSI2_Rx_inst/LLP_inst/DataFIFO/U0/inst_fifo_gen/gaxis_fifo.gaxisf.axisf/grf.rf/gntv_or_sync_fifo.gcx.clkx/rd_pntr_cdc_inst/src_gray_ff_reg[2]} {system_i/MIPI_CSI_2_RX_A/U0/MIPI_CSI2_Rx_inst/LLP_inst/DataFIFO/U0/inst_fifo_gen/gaxis_fifo.gaxisf.axisf/grf.rf/gntv_or_sync_fifo.gcx.clkx/rd_pntr_cdc_inst/src_gray_ff_reg[3]} {system_i/MIPI_CSI_2_RX_A/U0/MIPI_CSI2_Rx_inst/LLP_inst/DataFIFO/U0/inst_fifo_gen/gaxis_fifo.gaxisf.axisf/grf.rf/gntv_or_sync_fifo.gcx.clkx/rd_pntr_cdc_inst/src_gray_ff_reg[4]}]] -to [get_cells [list {system_i/MIPI_CSI_2_RX_A/U0/MIPI_CSI2_Rx_inst/LLP_inst/DataFIFO/U0/inst_fifo_gen/gaxis_fifo.gaxisf.axisf/grf.rf/gntv_or_sync_fifo.gcx.clkx/rd_pntr_cdc_inst/dest_graysync_ff_reg[0][0]} {system_i/MIPI_CSI_2_RX_A/U0/MIPI_CSI2_Rx_inst/LLP_inst/DataFIFO/U0/inst_fifo_gen/gaxis_fifo.gaxisf.axisf/grf.rf/gntv_or_sync_fifo.gcx.clkx/rd_pntr_cdc_inst/dest_graysync_ff_reg[0][1]} {system_i/MIPI_CSI_2_RX_A/U0/MIPI_CSI2_Rx_inst/LLP_inst/DataFIFO/U0/inst_fifo_gen/gaxis_fifo.gaxisf.axisf/grf.rf/gntv_or_sync_fifo.gcx.clkx/rd_pntr_cdc_inst/dest_graysync_ff_reg[0][2]} {system_i/MIPI_CSI_2_RX_A/U0/MIPI_CSI2_Rx_inst/LLP_inst/DataFIFO/U0/inst_fifo_gen/gaxis_fifo.gaxisf.axisf/grf.rf/gntv_or_sync_fifo.gcx.clkx/rd_pntr_cdc_inst/dest_graysync_ff_reg[0][3]} {system_i/MIPI_CSI_2_RX_A/U0/MIPI_CSI2_Rx_inst/LLP_inst/DataFIFO/U0/inst_fifo_gen/gaxis_fifo.gaxisf.axisf/grf.rf/gntv_or_sync_fifo.gcx.clkx/rd_pntr_cdc_inst/dest_graysync_ff_reg[0][4]}]] 6.667
Requirement: 6.667ns
Endpoints: 5

From Clock            To Clock              Endpoint Pin                    Reference Pin                   Corner  Actual(ns)  Slack(ns)
--------------------  --------------------  ------------------------------  ------------------------------  ------  ----------  ---------
clk_out2_system_clk_wiz_0_0
                      MIPI_D_PHY_RX_0_RxByteClkHS
                                            system_i/MIPI_CSI_2_RX_A/U0/MIPI_CSI2_Rx_inst/LLP_inst/DataFIFO/U0/inst_fifo_gen/gaxis_fifo.gaxisf.axisf/grf.rf/gntv_or_sync_fifo.gcx.clkx/rd_pntr_cdc_inst/dest_graysync_ff_reg[0][0]/D
                                                                            system_i/MIPI_CSI_2_RX_A/U0/MIPI_CSI2_Rx_inst/LLP_inst/DataFIFO/U0/inst_fifo_gen/gaxis_fifo.gaxisf.axisf/grf.rf/gntv_or_sync_fifo.gcx.clkx/rd_pntr_cdc_inst/dest_graysync_ff_reg[0][4]/D
                                                                                                            Slow         0.745      5.922


Slack (MET) :             5.922ns  (requirement - actual skew)
  Endpoint Source:        system_i/MIPI_CSI_2_RX_A/U0/MIPI_CSI2_Rx_inst/LLP_inst/DataFIFO/U0/inst_fifo_gen/gaxis_fifo.gaxisf.axisf/grf.rf/gntv_or_sync_fifo.gcx.clkx/rd_pntr_cdc_inst/src_gray_ff_reg[0]/C
                            (rising edge-triggered cell FDRE clocked by clk_out2_system_clk_wiz_0_0)
  Endpoint Destination:   system_i/MIPI_CSI_2_RX_A/U0/MIPI_CSI2_Rx_inst/LLP_inst/DataFIFO/U0/inst_fifo_gen/gaxis_fifo.gaxisf.axisf/grf.rf/gntv_or_sync_fifo.gcx.clkx/rd_pntr_cdc_inst/dest_graysync_ff_reg[0][0]/D
                            (rising edge-triggered cell FDRE clocked by MIPI_D_PHY_RX_0_RxByteClkHS)
  Reference Source:       system_i/MIPI_CSI_2_RX_A/U0/MIPI_CSI2_Rx_inst/LLP_inst/DataFIFO/U0/inst_fifo_gen/gaxis_fifo.gaxisf.axisf/grf.rf/gntv_or_sync_fifo.gcx.clkx/rd_pntr_cdc_inst/src_gray_ff_reg[4]/C
                            (rising edge-triggered cell FDRE clocked by clk_out2_system_clk_wiz_0_0)
  Reference Destination:  system_i/MIPI_CSI_2_RX_A/U0/MIPI_CSI2_Rx_inst/LLP_inst/DataFIFO/U0/inst_fifo_gen/gaxis_fifo.gaxisf.axisf/grf.rf/gntv_or_sync_fifo.gcx.clkx/rd_pntr_cdc_inst/dest_graysync_ff_reg[0][4]/D
                            (rising edge-triggered cell FDRE clocked by MIPI_D_PHY_RX_0_RxByteClkHS)
  Path Type:              Bus Skew (Max at Slow Process Corner)
  Requirement:            6.667ns
  Endpoint Relative Delay:    4.367ns
  Reference Relative Delay:   2.752ns
  Relative CRPR:              0.870ns
  Actual Bus Skew:            0.745ns  (Endpoint Relative Delay - Reference Relative Delay - Relative CRPR)

Endpoint path:
    Location             Delay type                Incr(ns)  Path(ns)    Netlist Resource(s)
  -------------------------------------------------------------------    -------------------
                         (clock clk_out2_system_clk_wiz_0_0 rise edge)
                                                      0.000     0.000 r  
    PS7_X0Y0             PS7                          0.000     0.000 r  system_i/processing_system7_0/inst/PS7_i/FCLKCLK[0]
                         net (fo=1, routed)           1.193     1.193    system_i/processing_system7_0/inst/FCLK_CLK_unbuffered[0]
    BUFGCTRL_X0Y16       BUFG (Prop_bufg_I_O)         0.101     1.294 r  system_i/processing_system7_0/inst/buffer_fclk_clk_0.FCLK_CLK_0_BUFG/O
                         net (fo=2, routed)           1.806     3.100    system_i/clk_wiz_0/inst/clk_in1
    MMCME2_ADV_X1Y0      MMCME2_ADV (Prop_mmcme2_adv_CLKIN1_CLKOUT1)
                                                      0.088     3.188 r  system_i/clk_wiz_0/inst/mmcm_adv_inst/CLKOUT1
                         net (fo=1, routed)           1.889     5.077    system_i/clk_wiz_0/inst/clk_out2_system_clk_wiz_0_0
    BUFGCTRL_X0Y0        BUFG (Prop_bufg_I_O)         0.101     5.178 r  system_i/clk_wiz_0/inst/clkout2_buf/O
                         net (fo=50854, routed)       1.786     6.964    system_i/MIPI_CSI_2_RX_A/U0/MIPI_CSI2_Rx_inst/LLP_inst/DataFIFO/U0/inst_fifo_gen/gaxis_fifo.gaxisf.axisf/grf.rf/gntv_or_sync_fifo.gcx.clkx/rd_pntr_cdc_inst/src_clk
    SLICE_X97Y57         FDRE                                         r  system_i/MIPI_CSI_2_RX_A/U0/MIPI_CSI2_Rx_inst/LLP_inst/DataFIFO/U0/inst_fifo_gen/gaxis_fifo.gaxisf.axisf/grf.rf/gntv_or_sync_fifo.gcx.clkx/rd_pntr_cdc_inst/src_gray_ff_reg[0]/C
  -------------------------------------------------------------------    -------------------
    SLICE_X97Y57         FDRE (Prop_fdre_C_Q)         0.456     7.420 r  system_i/MIPI_CSI_2_RX_A/U0/MIPI_CSI2_Rx_inst/LLP_inst/DataFIFO/U0/inst_fifo_gen/gaxis_fifo.gaxisf.axisf/grf.rf/gntv_or_sync_fifo.gcx.clkx/rd_pntr_cdc_inst/src_gray_ff_reg[0]/Q
                         net (fo=1, routed)           0.757     8.177    system_i/MIPI_CSI_2_RX_A/U0/MIPI_CSI2_Rx_inst/LLP_inst/DataFIFO/U0/inst_fifo_gen/gaxis_fifo.gaxisf.axisf/grf.rf/gntv_or_sync_fifo.gcx.clkx/rd_pntr_cdc_inst/async_path[0]
    SLICE_X102Y57        FDRE                                         r  system_i/MIPI_CSI_2_RX_A/U0/MIPI_CSI2_Rx_inst/LLP_inst/DataFIFO/U0/inst_fifo_gen/gaxis_fifo.gaxisf.axisf/grf.rf/gntv_or_sync_fifo.gcx.clkx/rd_pntr_cdc_inst/dest_graysync_ff_reg[0][0]/D
  -------------------------------------------------------------------    -------------------

                         (clock MIPI_D_PHY_RX_0_RxByteClkHS rise edge)
                                                      0.000     0.000 r  
    N19                                               0.000     0.000 r  dphy_a_hs_clock_clk_p (IN)
                         net (fo=0)                   0.000     0.000    system_i/MIPI_D_PHY_RX_A/U0/ClockInputBuffer/dphy_clk_hs_p
    N19                  IBUFDS (Prop_ibufds_I_O)     0.892     0.892 r  system_i/MIPI_D_PHY_RX_A/U0/ClockInputBuffer/LaneHighSpeed/O
                         net (fo=1, routed)           0.000     0.892    system_i/MIPI_D_PHY_RX_A/U0/ClockLane/HSClockingX/aHS
    IDELAY_X1Y72         IDELAYE2 (Prop_idelaye2_IDATAIN_DATAOUT)
                                                      0.756     1.648 r  system_i/MIPI_D_PHY_RX_A/U0/ClockLane/HSClockingX/InputDelay/DATAOUT
                         net (fo=2, routed)           0.467     2.115    system_i/MIPI_D_PHY_RX_A/U0/ClockLane/HSClockingX/HS_ClockDly
    BUFR_X1Y4            BUFR (Prop_bufr_I_O)         0.918     3.033 r  system_i/MIPI_D_PHY_RX_A/U0/ClockLane/HSClockingX/DivClkBuffer/O
                         net (fo=373, routed)         0.824     3.857    system_i/MIPI_CSI_2_RX_A/U0/MIPI_CSI2_Rx_inst/LLP_inst/DataFIFO/U0/inst_fifo_gen/gaxis_fifo.gaxisf.axisf/grf.rf/gntv_or_sync_fifo.gcx.clkx/rd_pntr_cdc_inst/dest_clk
    SLICE_X102Y57        FDRE                                         r  system_i/MIPI_CSI_2_RX_A/U0/MIPI_CSI2_Rx_inst/LLP_inst/DataFIFO/U0/inst_fifo_gen/gaxis_fifo.gaxisf.axisf/grf.rf/gntv_or_sync_fifo.gcx.clkx/rd_pntr_cdc_inst/dest_graysync_ff_reg[0][0]/C
                         clock pessimism              0.000     3.857    
    SLICE_X102Y57        FDRE (Setup_fdre_C_D)       -0.047     3.810    system_i/MIPI_CSI_2_RX_A/U0/MIPI_CSI2_Rx_inst/LLP_inst/DataFIFO/U0/inst_fifo_gen/gaxis_fifo.gaxisf.axisf/grf.rf/gntv_or_sync_fifo.gcx.clkx/rd_pntr_cdc_inst/dest_graysync_ff_reg[0][0]
  -------------------------------------------------------------------
                         data arrival                           8.177    
                         clock arrival                          3.810    
  -------------------------------------------------------------------
                         relative delay                         4.367    

Reference path:
    Location             Delay type                Incr(ns)  Path(ns)    Netlist Resource(s)
  -------------------------------------------------------------------    -------------------
                         (clock clk_out2_system_clk_wiz_0_0 rise edge)
                                                      0.000     0.000 r  
    PS7_X0Y0             PS7                          0.000     0.000 r  system_i/processing_system7_0/inst/PS7_i/FCLKCLK[0]
                         net (fo=1, routed)           1.088     1.088    system_i/processing_system7_0/inst/FCLK_CLK_unbuffered[0]
    BUFGCTRL_X0Y16       BUFG (Prop_bufg_I_O)         0.091     1.179 r  system_i/processing_system7_0/inst/buffer_fclk_clk_0.FCLK_CLK_0_BUFG/O
                         net (fo=2, routed)           1.612     2.791    system_i/clk_wiz_0/inst/clk_in1
    MMCME2_ADV_X1Y0      MMCME2_ADV (Prop_mmcme2_adv_CLKIN1_CLKOUT1)
                                                      0.083     2.874 r  system_i/clk_wiz_0/inst/mmcm_adv_inst/CLKOUT1
                         net (fo=1, routed)           1.725     4.600    system_i/clk_wiz_0/inst/clk_out2_system_clk_wiz_0_0
    BUFGCTRL_X0Y0        BUFG (Prop_bufg_I_O)         0.091     4.691 r  system_i/clk_wiz_0/inst/clkout2_buf/O
                         net (fo=50854, routed)       1.611     6.301    system_i/MIPI_CSI_2_RX_A/U0/MIPI_CSI2_Rx_inst/LLP_inst/DataFIFO/U0/inst_fifo_gen/gaxis_fifo.gaxisf.axisf/grf.rf/gntv_or_sync_fifo.gcx.clkx/rd_pntr_cdc_inst/src_clk
    SLICE_X103Y57        FDRE                                         r  system_i/MIPI_CSI_2_RX_A/U0/MIPI_CSI2_Rx_inst/LLP_inst/DataFIFO/U0/inst_fifo_gen/gaxis_fifo.gaxisf.axisf/grf.rf/gntv_or_sync_fifo.gcx.clkx/rd_pntr_cdc_inst/src_gray_ff_reg[4]/C
  -------------------------------------------------------------------    -------------------
    SLICE_X103Y57        FDRE (Prop_fdre_C_Q)         0.367     6.668 r  system_i/MIPI_CSI_2_RX_A/U0/MIPI_CSI2_Rx_inst/LLP_inst/DataFIFO/U0/inst_fifo_gen/gaxis_fifo.gaxisf.axisf/grf.rf/gntv_or_sync_fifo.gcx.clkx/rd_pntr_cdc_inst/src_gray_ff_reg[4]/Q
                         net (fo=1, routed)           0.500     7.168    system_i/MIPI_CSI_2_RX_A/U0/MIPI_CSI2_Rx_inst/LLP_inst/DataFIFO/U0/inst_fifo_gen/gaxis_fifo.gaxisf.axisf/grf.rf/gntv_or_sync_fifo.gcx.clkx/rd_pntr_cdc_inst/async_path[4]
    SLICE_X104Y59        FDRE                                         r  system_i/MIPI_CSI_2_RX_A/U0/MIPI_CSI2_Rx_inst/LLP_inst/DataFIFO/U0/inst_fifo_gen/gaxis_fifo.gaxisf.axisf/grf.rf/gntv_or_sync_fifo.gcx.clkx/rd_pntr_cdc_inst/dest_graysync_ff_reg[0][4]/D
  -------------------------------------------------------------------    -------------------

                         (clock MIPI_D_PHY_RX_0_RxByteClkHS rise edge)
                                                      0.000     0.000 r  
    N19                                               0.000     0.000 r  dphy_a_hs_clock_clk_p (IN)
                         net (fo=0)                   0.000     0.000    system_i/MIPI_D_PHY_RX_A/U0/ClockInputBuffer/dphy_clk_hs_p
    N19                  IBUFDS (Prop_ibufds_I_O)     0.935     0.935 r  system_i/MIPI_D_PHY_RX_A/U0/ClockInputBuffer/LaneHighSpeed/O
                         net (fo=1, routed)           0.000     0.935    system_i/MIPI_D_PHY_RX_A/U0/ClockLane/HSClockingX/aHS
    IDELAY_X1Y72         IDELAYE2 (Prop_idelaye2_IDATAIN_DATAOUT)
                                                      0.816     1.751 r  system_i/MIPI_D_PHY_RX_A/U0/ClockLane/HSClockingX/InputDelay/DATAOUT
                         net (fo=2, routed)           0.519     2.270    system_i/MIPI_D_PHY_RX_A/U0/ClockLane/HSClockingX/HS_ClockDly
    BUFR_X1Y4            BUFR (Prop_bufr_I_O)         1.031     3.301 r  system_i/MIPI_D_PHY_RX_A/U0/ClockLane/HSClockingX/DivClkBuffer/O
                         net (fo=373, routed)         0.885     4.186    system_i/MIPI_CSI_2_RX_A/U0/MIPI_CSI2_Rx_inst/LLP_inst/DataFIFO/U0/inst_fifo_gen/gaxis_fifo.gaxisf.axisf/grf.rf/gntv_or_sync_fifo.gcx.clkx/rd_pntr_cdc_inst/dest_clk
    SLICE_X104Y59        FDRE                                         r  system_i/MIPI_CSI_2_RX_A/U0/MIPI_CSI2_Rx_inst/LLP_inst/DataFIFO/U0/inst_fifo_gen/gaxis_fifo.gaxisf.axisf/grf.rf/gntv_or_sync_fifo.gcx.clkx/rd_pntr_cdc_inst/dest_graysync_ff_reg[0][4]/C
                         clock pessimism              0.000     4.186    
    SLICE_X104Y59        FDRE (Hold_fdre_C_D)         0.230     4.416    system_i/MIPI_CSI_2_RX_A/U0/MIPI_CSI2_Rx_inst/LLP_inst/DataFIFO/U0/inst_fifo_gen/gaxis_fifo.gaxisf.axisf/grf.rf/gntv_or_sync_fifo.gcx.clkx/rd_pntr_cdc_inst/dest_graysync_ff_reg[0][4]
  -------------------------------------------------------------------
                         data arrival                           7.168    
                         clock arrival                          4.416    
  -------------------------------------------------------------------
                         relative delay                         2.752    



Id: 2
set_bus_skew -from [get_cells [list {system_i/MIPI_CSI_2_RX_A/U0/MIPI_CSI2_Rx_inst/LLP_inst/DataFIFO/U0/inst_fifo_gen/gaxis_fifo.gaxisf.axisf/grf.rf/gntv_or_sync_fifo.gcx.clkx/wr_pntr_cdc_inst/src_gray_ff_reg[0]} {system_i/MIPI_CSI_2_RX_A/U0/MIPI_CSI2_Rx_inst/LLP_inst/DataFIFO/U0/inst_fifo_gen/gaxis_fifo.gaxisf.axisf/grf.rf/gntv_or_sync_fifo.gcx.clkx/wr_pntr_cdc_inst/src_gray_ff_reg[1]} {system_i/MIPI_CSI_2_RX_A/U0/MIPI_CSI2_Rx_inst/LLP_inst/DataFIFO/U0/inst_fifo_gen/gaxis_fifo.gaxisf.axisf/grf.rf/gntv_or_sync_fifo.gcx.clkx/wr_pntr_cdc_inst/src_gray_ff_reg[2]} {system_i/MIPI_CSI_2_RX_A/U0/MIPI_CSI2_Rx_inst/LLP_inst/DataFIFO/U0/inst_fifo_gen/gaxis_fifo.gaxisf.axisf/grf.rf/gntv_or_sync_fifo.gcx.clkx/wr_pntr_cdc_inst/src_gray_ff_reg[3]} {system_i/MIPI_CSI_2_RX_A/U0/MIPI_CSI2_Rx_inst/LLP_inst/DataFIFO/U0/inst_fifo_gen/gaxis_fifo.gaxisf.axisf/grf.rf/gntv_or_sync_fifo.gcx.clkx/wr_pntr_cdc_inst/src_gray_ff_reg[4]}]] -to [get_cells [list {system_i/MIPI_CSI_2_RX_A/U0/MIPI_CSI2_Rx_inst/LLP_inst/DataFIFO/U0/inst_fifo_gen/gaxis_fifo.gaxisf.axisf/grf.rf/gntv_or_sync_fifo.gcx.clkx/wr_pntr_cdc_inst/dest_graysync_ff_reg[0][0]} {system_i/MIPI_CSI_2_RX_A/U0/MIPI_CSI2_Rx_inst/LLP_inst/DataFIFO/U0/inst_fifo_gen/gaxis_fifo.gaxisf.axisf/grf.rf/gntv_or_sync_fifo.gcx.clkx/wr_pntr_cdc_inst/dest_graysync_ff_reg[0][1]} {system_i/MIPI_CSI_2_RX_A/U0/MIPI_CSI2_Rx_inst/LLP_inst/DataFIFO/U0/inst_fifo_gen/gaxis_fifo.gaxisf.axisf/grf.rf/gntv_or_sync_fifo.gcx.clkx/wr_pntr_cdc_inst/dest_graysync_ff_reg[0][2]} {system_i/MIPI_CSI_2_RX_A/U0/MIPI_CSI2_Rx_inst/LLP_inst/DataFIFO/U0/inst_fifo_gen/gaxis_fifo.gaxisf.axisf/grf.rf/gntv_or_sync_fifo.gcx.clkx/wr_pntr_cdc_inst/dest_graysync_ff_reg[0][3]} {system_i/MIPI_CSI_2_RX_A/U0/MIPI_CSI2_Rx_inst/LLP_inst/DataFIFO/U0/inst_fifo_gen/gaxis_fifo.gaxisf.axisf/grf.rf/gntv_or_sync_fifo.gcx.clkx/wr_pntr_cdc_inst/dest_graysync_ff_reg[0][4]}]] 6.667
Requirement: 6.667ns
Endpoints: 5

From Clock            To Clock              Endpoint Pin                    Reference Pin                   Corner  Actual(ns)  Slack(ns)
--------------------  --------------------  ------------------------------  ------------------------------  ------  ----------  ---------
MIPI_D_PHY_RX_0_RxByteClkHS
                      clk_out2_system_clk_wiz_0_0
                                            system_i/MIPI_CSI_2_RX_A/U0/MIPI_CSI2_Rx_inst/LLP_inst/DataFIFO/U0/inst_fifo_gen/gaxis_fifo.gaxisf.axisf/grf.rf/gntv_or_sync_fifo.gcx.clkx/wr_pntr_cdc_inst/dest_graysync_ff_reg[0][3]/D
                                                                            system_i/MIPI_CSI_2_RX_A/U0/MIPI_CSI2_Rx_inst/LLP_inst/DataFIFO/U0/inst_fifo_gen/gaxis_fifo.gaxisf.axisf/grf.rf/gntv_or_sync_fifo.gcx.clkx/wr_pntr_cdc_inst/dest_graysync_ff_reg[0][4]/D
                                                                                                            Slow         0.959      5.708


Slack (MET) :             5.708ns  (requirement - actual skew)
  Endpoint Source:        system_i/MIPI_CSI_2_RX_A/U0/MIPI_CSI2_Rx_inst/LLP_inst/DataFIFO/U0/inst_fifo_gen/gaxis_fifo.gaxisf.axisf/grf.rf/gntv_or_sync_fifo.gcx.clkx/wr_pntr_cdc_inst/src_gray_ff_reg[3]/C
                            (rising edge-triggered cell FDRE clocked by MIPI_D_PHY_RX_0_RxByteClkHS)
  Endpoint Destination:   system_i/MIPI_CSI_2_RX_A/U0/MIPI_CSI2_Rx_inst/LLP_inst/DataFIFO/U0/inst_fifo_gen/gaxis_fifo.gaxisf.axisf/grf.rf/gntv_or_sync_fifo.gcx.clkx/wr_pntr_cdc_inst/dest_graysync_ff_reg[0][3]/D
                            (rising edge-triggered cell FDRE clocked by clk_out2_system_clk_wiz_0_0)
  Reference Source:       system_i/MIPI_CSI_2_RX_A/U0/MIPI_CSI2_Rx_inst/LLP_inst/DataFIFO/U0/inst_fifo_gen/gaxis_fifo.gaxisf.axisf/grf.rf/gntv_or_sync_fifo.gcx.clkx/wr_pntr_cdc_inst/src_gray_ff_reg[4]/C
                            (rising edge-triggered cell FDRE clocked by MIPI_D_PHY_RX_0_RxByteClkHS)
  Reference Destination:  system_i/MIPI_CSI_2_RX_A/U0/MIPI_CSI2_Rx_inst/LLP_inst/DataFIFO/U0/inst_fifo_gen/gaxis_fifo.gaxisf.axisf/grf.rf/gntv_or_sync_fifo.gcx.clkx/wr_pntr_cdc_inst/dest_graysync_ff_reg[0][4]/D
                            (rising edge-triggered cell FDRE clocked by clk_out2_system_clk_wiz_0_0)
  Path Type:              Bus Skew (Max at Slow Process Corner)
  Requirement:            6.667ns
  Endpoint Relative Delay:   -0.519ns
  Reference Relative Delay:  -2.348ns
  Relative CRPR:              0.870ns
  Actual Bus Skew:            0.959ns  (Endpoint Relative Delay - Reference Relative Delay - Relative CRPR)

Endpoint path:
    Location             Delay type                Incr(ns)  Path(ns)    Netlist Resource(s)
  -------------------------------------------------------------------    -------------------
                         (clock MIPI_D_PHY_RX_0_RxByteClkHS rise edge)
                                                      0.000     0.000 r  
    N19                                               0.000     0.000 r  dphy_a_hs_clock_clk_p (IN)
                         net (fo=0)                   0.000     0.000    system_i/MIPI_D_PHY_RX_A/U0/ClockInputBuffer/dphy_clk_hs_p
    N19                  IBUFDS (Prop_ibufds_I_O)     0.935     0.935 r  system_i/MIPI_D_PHY_RX_A/U0/ClockInputBuffer/LaneHighSpeed/O
                         net (fo=1, routed)           0.000     0.935    system_i/MIPI_D_PHY_RX_A/U0/ClockLane/HSClockingX/aHS
    IDELAY_X1Y72         IDELAYE2 (Prop_idelaye2_IDATAIN_DATAOUT)
                                                      0.816     1.751 r  system_i/MIPI_D_PHY_RX_A/U0/ClockLane/HSClockingX/InputDelay/DATAOUT
                         net (fo=2, routed)           0.519     2.270    system_i/MIPI_D_PHY_RX_A/U0/ClockLane/HSClockingX/HS_ClockDly
    BUFR_X1Y4            BUFR (Prop_bufr_I_O)         1.031     3.301 r  system_i/MIPI_D_PHY_RX_A/U0/ClockLane/HSClockingX/DivClkBuffer/O
                         net (fo=373, routed)         0.885     4.186    system_i/MIPI_CSI_2_RX_A/U0/MIPI_CSI2_Rx_inst/LLP_inst/DataFIFO/U0/inst_fifo_gen/gaxis_fifo.gaxisf.axisf/grf.rf/gntv_or_sync_fifo.gcx.clkx/wr_pntr_cdc_inst/src_clk
    SLICE_X104Y59        FDRE                                         r  system_i/MIPI_CSI_2_RX_A/U0/MIPI_CSI2_Rx_inst/LLP_inst/DataFIFO/U0/inst_fifo_gen/gaxis_fifo.gaxisf.axisf/grf.rf/gntv_or_sync_fifo.gcx.clkx/wr_pntr_cdc_inst/src_gray_ff_reg[3]/C
  -------------------------------------------------------------------    -------------------
    SLICE_X104Y59        FDRE (Prop_fdre_C_Q)         0.478     4.664 r  system_i/MIPI_CSI_2_RX_A/U0/MIPI_CSI2_Rx_inst/LLP_inst/DataFIFO/U0/inst_fifo_gen/gaxis_fifo.gaxisf.axisf/grf.rf/gntv_or_sync_fifo.gcx.clkx/wr_pntr_cdc_inst/src_gray_ff_reg[3]/Q
                         net (fo=1, routed)           0.896     5.561    system_i/MIPI_CSI_2_RX_A/U0/MIPI_CSI2_Rx_inst/LLP_inst/DataFIFO/U0/inst_fifo_gen/gaxis_fifo.gaxisf.axisf/grf.rf/gntv_or_sync_fifo.gcx.clkx/wr_pntr_cdc_inst/async_path[3]
    SLICE_X96Y64         FDRE                                         r  system_i/MIPI_CSI_2_RX_A/U0/MIPI_CSI2_Rx_inst/LLP_inst/DataFIFO/U0/inst_fifo_gen/gaxis_fifo.gaxisf.axisf/grf.rf/gntv_or_sync_fifo.gcx.clkx/wr_pntr_cdc_inst/dest_graysync_ff_reg[0][3]/D
  -------------------------------------------------------------------    -------------------

                         (clock clk_out2_system_clk_wiz_0_0 rise edge)
                                                      0.000     0.000 r  
    PS7_X0Y0             PS7                          0.000     0.000 r  system_i/processing_system7_0/inst/PS7_i/FCLKCLK[0]
                         net (fo=1, routed)           1.088     1.088    system_i/processing_system7_0/inst/FCLK_CLK_unbuffered[0]
    BUFGCTRL_X0Y16       BUFG (Prop_bufg_I_O)         0.091     1.179 r  system_i/processing_system7_0/inst/buffer_fclk_clk_0.FCLK_CLK_0_BUFG/O
                         net (fo=2, routed)           1.612     2.791    system_i/clk_wiz_0/inst/clk_in1
    MMCME2_ADV_X1Y0      MMCME2_ADV (Prop_mmcme2_adv_CLKIN1_CLKOUT1)
                                                      0.083     2.874 r  system_i/clk_wiz_0/inst/mmcm_adv_inst/CLKOUT1
                         net (fo=1, routed)           1.725     4.600    system_i/clk_wiz_0/inst/clk_out2_system_clk_wiz_0_0
    BUFGCTRL_X0Y0        BUFG (Prop_bufg_I_O)         0.091     4.691 r  system_i/clk_wiz_0/inst/clkout2_buf/O
                         net (fo=50854, routed)       1.606     6.296    system_i/MIPI_CSI_2_RX_A/U0/MIPI_CSI2_Rx_inst/LLP_inst/DataFIFO/U0/inst_fifo_gen/gaxis_fifo.gaxisf.axisf/grf.rf/gntv_or_sync_fifo.gcx.clkx/wr_pntr_cdc_inst/dest_clk
    SLICE_X96Y64         FDRE                                         r  system_i/MIPI_CSI_2_RX_A/U0/MIPI_CSI2_Rx_inst/LLP_inst/DataFIFO/U0/inst_fifo_gen/gaxis_fifo.gaxisf.axisf/grf.rf/gntv_or_sync_fifo.gcx.clkx/wr_pntr_cdc_inst/dest_graysync_ff_reg[0][3]/C
                         clock pessimism              0.000     6.296    
    SLICE_X96Y64         FDRE (Setup_fdre_C_D)       -0.217     6.079    system_i/MIPI_CSI_2_RX_A/U0/MIPI_CSI2_Rx_inst/LLP_inst/DataFIFO/U0/inst_fifo_gen/gaxis_fifo.gaxisf.axisf/grf.rf/gntv_or_sync_fifo.gcx.clkx/wr_pntr_cdc_inst/dest_graysync_ff_reg[0][3]
  -------------------------------------------------------------------
                         data arrival                           5.561    
                         clock arrival                          6.079    
  -------------------------------------------------------------------
                         relative delay                        -0.519    

Reference path:
    Location             Delay type                Incr(ns)  Path(ns)    Netlist Resource(s)
  -------------------------------------------------------------------    -------------------
                         (clock MIPI_D_PHY_RX_0_RxByteClkHS rise edge)
                                                      0.000     0.000 r  
    N19                                               0.000     0.000 r  dphy_a_hs_clock_clk_p (IN)
                         net (fo=0)                   0.000     0.000    system_i/MIPI_D_PHY_RX_A/U0/ClockInputBuffer/dphy_clk_hs_p
    N19                  IBUFDS (Prop_ibufds_I_O)     0.892     0.892 r  system_i/MIPI_D_PHY_RX_A/U0/ClockInputBuffer/LaneHighSpeed/O
                         net (fo=1, routed)           0.000     0.892    system_i/MIPI_D_PHY_RX_A/U0/ClockLane/HSClockingX/aHS
    IDELAY_X1Y72         IDELAYE2 (Prop_idelaye2_IDATAIN_DATAOUT)
                                                      0.756     1.648 r  system_i/MIPI_D_PHY_RX_A/U0/ClockLane/HSClockingX/InputDelay/DATAOUT
                         net (fo=2, routed)           0.467     2.115    system_i/MIPI_D_PHY_RX_A/U0/ClockLane/HSClockingX/HS_ClockDly
    BUFR_X1Y4            BUFR (Prop_bufr_I_O)         0.918     3.033 r  system_i/MIPI_D_PHY_RX_A/U0/ClockLane/HSClockingX/DivClkBuffer/O
                         net (fo=373, routed)         0.824     3.857    system_i/MIPI_CSI_2_RX_A/U0/MIPI_CSI2_Rx_inst/LLP_inst/DataFIFO/U0/inst_fifo_gen/gaxis_fifo.gaxisf.axisf/grf.rf/gntv_or_sync_fifo.gcx.clkx/wr_pntr_cdc_inst/src_clk
    SLICE_X102Y57        FDRE                                         r  system_i/MIPI_CSI_2_RX_A/U0/MIPI_CSI2_Rx_inst/LLP_inst/DataFIFO/U0/inst_fifo_gen/gaxis_fifo.gaxisf.axisf/grf.rf/gntv_or_sync_fifo.gcx.clkx/wr_pntr_cdc_inst/src_gray_ff_reg[4]/C
  -------------------------------------------------------------------    -------------------
    SLICE_X102Y57        FDRE (Prop_fdre_C_Q)         0.418     4.275 r  system_i/MIPI_CSI_2_RX_A/U0/MIPI_CSI2_Rx_inst/LLP_inst/DataFIFO/U0/inst_fifo_gen/gaxis_fifo.gaxisf.axisf/grf.rf/gntv_or_sync_fifo.gcx.clkx/wr_pntr_cdc_inst/src_gray_ff_reg[4]/Q
                         net (fo=1, routed)           0.512     4.787    system_i/MIPI_CSI_2_RX_A/U0/MIPI_CSI2_Rx_inst/LLP_inst/DataFIFO/U0/inst_fifo_gen/gaxis_fifo.gaxisf.axisf/grf.rf/gntv_or_sync_fifo.gcx.clkx/wr_pntr_cdc_inst/async_path[4]
    SLICE_X101Y60        FDRE                                         r  system_i/MIPI_CSI_2_RX_A/U0/MIPI_CSI2_Rx_inst/LLP_inst/DataFIFO/U0/inst_fifo_gen/gaxis_fifo.gaxisf.axisf/grf.rf/gntv_or_sync_fifo.gcx.clkx/wr_pntr_cdc_inst/dest_graysync_ff_reg[0][4]/D
  -------------------------------------------------------------------    -------------------

                         (clock clk_out2_system_clk_wiz_0_0 rise edge)
                                                      0.000     0.000 r  
    PS7_X0Y0             PS7                          0.000     0.000 r  system_i/processing_system7_0/inst/PS7_i/FCLKCLK[0]
                         net (fo=1, routed)           1.193     1.193    system_i/processing_system7_0/inst/FCLK_CLK_unbuffered[0]
    BUFGCTRL_X0Y16       BUFG (Prop_bufg_I_O)         0.101     1.294 r  system_i/processing_system7_0/inst/buffer_fclk_clk_0.FCLK_CLK_0_BUFG/O
                         net (fo=2, routed)           1.806     3.100    system_i/clk_wiz_0/inst/clk_in1
    MMCME2_ADV_X1Y0      MMCME2_ADV (Prop_mmcme2_adv_CLKIN1_CLKOUT1)
                                                      0.088     3.188 r  system_i/clk_wiz_0/inst/mmcm_adv_inst/CLKOUT1
                         net (fo=1, routed)           1.889     5.077    system_i/clk_wiz_0/inst/clk_out2_system_clk_wiz_0_0
    BUFGCTRL_X0Y0        BUFG (Prop_bufg_I_O)         0.101     5.178 r  system_i/clk_wiz_0/inst/clkout2_buf/O
                         net (fo=50854, routed)       1.786     6.964    system_i/MIPI_CSI_2_RX_A/U0/MIPI_CSI2_Rx_inst/LLP_inst/DataFIFO/U0/inst_fifo_gen/gaxis_fifo.gaxisf.axisf/grf.rf/gntv_or_sync_fifo.gcx.clkx/wr_pntr_cdc_inst/dest_clk
    SLICE_X101Y60        FDRE                                         r  system_i/MIPI_CSI_2_RX_A/U0/MIPI_CSI2_Rx_inst/LLP_inst/DataFIFO/U0/inst_fifo_gen/gaxis_fifo.gaxisf.axisf/grf.rf/gntv_or_sync_fifo.gcx.clkx/wr_pntr_cdc_inst/dest_graysync_ff_reg[0][4]/C
                         clock pessimism              0.000     6.964    
    SLICE_X101Y60        FDRE (Hold_fdre_C_D)         0.171     7.135    system_i/MIPI_CSI_2_RX_A/U0/MIPI_CSI2_Rx_inst/LLP_inst/DataFIFO/U0/inst_fifo_gen/gaxis_fifo.gaxisf.axisf/grf.rf/gntv_or_sync_fifo.gcx.clkx/wr_pntr_cdc_inst/dest_graysync_ff_reg[0][4]
  -------------------------------------------------------------------
                         data arrival                           4.787    
                         clock arrival                          7.135    
  -------------------------------------------------------------------
                         relative delay                        -2.348    



Id: 3
set_bus_skew -from [get_cells [list {system_i/MIPI_CSI_2_RX_B/U0/MIPI_CSI2_Rx_inst/LLP_inst/DataFIFO/U0/inst_fifo_gen/gaxis_fifo.gaxisf.axisf/grf.rf/gntv_or_sync_fifo.gcx.clkx/rd_pntr_cdc_inst/src_gray_ff_reg[0]} {system_i/MIPI_CSI_2_RX_B/U0/MIPI_CSI2_Rx_inst/LLP_inst/DataFIFO/U0/inst_fifo_gen/gaxis_fifo.gaxisf.axisf/grf.rf/gntv_or_sync_fifo.gcx.clkx/rd_pntr_cdc_inst/src_gray_ff_reg[1]} {system_i/MIPI_CSI_2_RX_B/U0/MIPI_CSI2_Rx_inst/LLP_inst/DataFIFO/U0/inst_fifo_gen/gaxis_fifo.gaxisf.axisf/grf.rf/gntv_or_sync_fifo.gcx.clkx/rd_pntr_cdc_inst/src_gray_ff_reg[2]} {system_i/MIPI_CSI_2_RX_B/U0/MIPI_CSI2_Rx_inst/LLP_inst/DataFIFO/U0/inst_fifo_gen/gaxis_fifo.gaxisf.axisf/grf.rf/gntv_or_sync_fifo.gcx.clkx/rd_pntr_cdc_inst/src_gray_ff_reg[3]} {system_i/MIPI_CSI_2_RX_B/U0/MIPI_CSI2_Rx_inst/LLP_inst/DataFIFO/U0/inst_fifo_gen/gaxis_fifo.gaxisf.axisf/grf.rf/gntv_or_sync_fifo.gcx.clkx/rd_pntr_cdc_inst/src_gray_ff_reg[4]}]] -to [get_cells [list {system_i/MIPI_CSI_2_RX_B/U0/MIPI_CSI2_Rx_inst/LLP_inst/DataFIFO/U0/inst_fifo_gen/gaxis_fifo.gaxisf.axisf/grf.rf/gntv_or_sync_fifo.gcx.clkx/rd_pntr_cdc_inst/dest_graysync_ff_reg[0][0]} {system_i/MIPI_CSI_2_RX_B/U0/MIPI_CSI2_Rx_inst/LLP_inst/DataFIFO/U0/inst_fifo_gen/gaxis_fifo.gaxisf.axisf/grf.rf/gntv_or_sync_fifo.gcx.clkx/rd_pntr_cdc_inst/dest_graysync_ff_reg[0][1]} {system_i/MIPI_CSI_2_RX_B/U0/MIPI_CSI2_Rx_inst/LLP_inst/DataFIFO/U0/inst_fifo_gen/gaxis_fifo.gaxisf.axisf/grf.rf/gntv_or_sync_fifo.gcx.clkx/rd_pntr_cdc_inst/dest_graysync_ff_reg[0][2]} {system_i/MIPI_CSI_2_RX_B/U0/MIPI_CSI2_Rx_inst/LLP_inst/DataFIFO/U0/inst_fifo_gen/gaxis_fifo.gaxisf.axisf/grf.rf/gntv_or_sync_fifo.gcx.clkx/rd_pntr_cdc_inst/dest_graysync_ff_reg[0][3]} {system_i/MIPI_CSI_2_RX_B/U0/MIPI_CSI2_Rx_inst/LLP_inst/DataFIFO/U0/inst_fifo_gen/gaxis_fifo.gaxisf.axisf/grf.rf/gntv_or_sync_fifo.gcx.clkx/rd_pntr_cdc_inst/dest_graysync_ff_reg[0][4]}]] 6.667
Requirement: 6.667ns
Endpoints: 5

From Clock            To Clock              Endpoint Pin                    Reference Pin                   Corner  Actual(ns)  Slack(ns)
--------------------  --------------------  ------------------------------  ------------------------------  ------  ----------  ---------
clk_out2_system_clk_wiz_0_0
                      MIPI_D_PHY_RX_1_RxByteClkHS
                                            system_i/MIPI_CSI_2_RX_B/U0/MIPI_CSI2_Rx_inst/LLP_inst/DataFIFO/U0/inst_fifo_gen/gaxis_fifo.gaxisf.axisf/grf.rf/gntv_or_sync_fifo.gcx.clkx/rd_pntr_cdc_inst/dest_graysync_ff_reg[0][3]/D
                                                                            system_i/MIPI_CSI_2_RX_B/U0/MIPI_CSI2_Rx_inst/LLP_inst/DataFIFO/U0/inst_fifo_gen/gaxis_fifo.gaxisf.axisf/grf.rf/gntv_or_sync_fifo.gcx.clkx/rd_pntr_cdc_inst/dest_graysync_ff_reg[0][0]/D
                                                                                                            Slow         0.830      5.837


Slack (MET) :             5.837ns  (requirement - actual skew)
  Endpoint Source:        system_i/MIPI_CSI_2_RX_B/U0/MIPI_CSI2_Rx_inst/LLP_inst/DataFIFO/U0/inst_fifo_gen/gaxis_fifo.gaxisf.axisf/grf.rf/gntv_or_sync_fifo.gcx.clkx/rd_pntr_cdc_inst/src_gray_ff_reg[3]/C
                            (rising edge-triggered cell FDRE clocked by clk_out2_system_clk_wiz_0_0)
  Endpoint Destination:   system_i/MIPI_CSI_2_RX_B/U0/MIPI_CSI2_Rx_inst/LLP_inst/DataFIFO/U0/inst_fifo_gen/gaxis_fifo.gaxisf.axisf/grf.rf/gntv_or_sync_fifo.gcx.clkx/rd_pntr_cdc_inst/dest_graysync_ff_reg[0][3]/D
                            (rising edge-triggered cell FDRE clocked by MIPI_D_PHY_RX_1_RxByteClkHS)
  Reference Source:       system_i/MIPI_CSI_2_RX_B/U0/MIPI_CSI2_Rx_inst/LLP_inst/DataFIFO/U0/inst_fifo_gen/gaxis_fifo.gaxisf.axisf/grf.rf/gntv_or_sync_fifo.gcx.clkx/rd_pntr_cdc_inst/src_gray_ff_reg[0]/C
                            (rising edge-triggered cell FDRE clocked by clk_out2_system_clk_wiz_0_0)
  Reference Destination:  system_i/MIPI_CSI_2_RX_B/U0/MIPI_CSI2_Rx_inst/LLP_inst/DataFIFO/U0/inst_fifo_gen/gaxis_fifo.gaxisf.axisf/grf.rf/gntv_or_sync_fifo.gcx.clkx/rd_pntr_cdc_inst/dest_graysync_ff_reg[0][0]/D
                            (rising edge-triggered cell FDRE clocked by MIPI_D_PHY_RX_1_RxByteClkHS)
  Path Type:              Bus Skew (Max at Slow Process Corner)
  Requirement:            6.667ns
  Endpoint Relative Delay:    4.424ns
  Reference Relative Delay:   2.724ns
  Relative CRPR:              0.870ns
  Actual Bus Skew:            0.830ns  (Endpoint Relative Delay - Reference Relative Delay - Relative CRPR)

Endpoint path:
    Location             Delay type                Incr(ns)  Path(ns)    Netlist Resource(s)
  -------------------------------------------------------------------    -------------------
                         (clock clk_out2_system_clk_wiz_0_0 rise edge)
                                                      0.000     0.000 r  
    PS7_X0Y0             PS7                          0.000     0.000 r  system_i/processing_system7_0/inst/PS7_i/FCLKCLK[0]
                         net (fo=1, routed)           1.193     1.193    system_i/processing_system7_0/inst/FCLK_CLK_unbuffered[0]
    BUFGCTRL_X0Y16       BUFG (Prop_bufg_I_O)         0.101     1.294 r  system_i/processing_system7_0/inst/buffer_fclk_clk_0.FCLK_CLK_0_BUFG/O
                         net (fo=2, routed)           1.806     3.100    system_i/clk_wiz_0/inst/clk_in1
    MMCME2_ADV_X1Y0      MMCME2_ADV (Prop_mmcme2_adv_CLKIN1_CLKOUT1)
                                                      0.088     3.188 r  system_i/clk_wiz_0/inst/mmcm_adv_inst/CLKOUT1
                         net (fo=1, routed)           1.889     5.077    system_i/clk_wiz_0/inst/clk_out2_system_clk_wiz_0_0
    BUFGCTRL_X0Y0        BUFG (Prop_bufg_I_O)         0.101     5.178 r  system_i/clk_wiz_0/inst/clkout2_buf/O
                         net (fo=50854, routed)       1.786     6.964    system_i/MIPI_CSI_2_RX_B/U0/MIPI_CSI2_Rx_inst/LLP_inst/DataFIFO/U0/inst_fifo_gen/gaxis_fifo.gaxisf.axisf/grf.rf/gntv_or_sync_fifo.gcx.clkx/rd_pntr_cdc_inst/src_clk
    SLICE_X97Y57         FDRE                                         r  system_i/MIPI_CSI_2_RX_B/U0/MIPI_CSI2_Rx_inst/LLP_inst/DataFIFO/U0/inst_fifo_gen/gaxis_fifo.gaxisf.axisf/grf.rf/gntv_or_sync_fifo.gcx.clkx/rd_pntr_cdc_inst/src_gray_ff_reg[3]/C
  -------------------------------------------------------------------    -------------------
    SLICE_X97Y57         FDRE (Prop_fdre_C_Q)         0.419     7.383 r  system_i/MIPI_CSI_2_RX_B/U0/MIPI_CSI2_Rx_inst/LLP_inst/DataFIFO/U0/inst_fifo_gen/gaxis_fifo.gaxisf.axisf/grf.rf/gntv_or_sync_fifo.gcx.clkx/rd_pntr_cdc_inst/src_gray_ff_reg[3]/Q
                         net (fo=1, routed)           0.652     8.035    system_i/MIPI_CSI_2_RX_B/U0/MIPI_CSI2_Rx_inst/LLP_inst/DataFIFO/U0/inst_fifo_gen/gaxis_fifo.gaxisf.axisf/grf.rf/gntv_or_sync_fifo.gcx.clkx/rd_pntr_cdc_inst/async_path[3]
    SLICE_X98Y57         FDRE                                         r  system_i/MIPI_CSI_2_RX_B/U0/MIPI_CSI2_Rx_inst/LLP_inst/DataFIFO/U0/inst_fifo_gen/gaxis_fifo.gaxisf.axisf/grf.rf/gntv_or_sync_fifo.gcx.clkx/rd_pntr_cdc_inst/dest_graysync_ff_reg[0][3]/D
  -------------------------------------------------------------------    -------------------

                         (clock MIPI_D_PHY_RX_1_RxByteClkHS rise edge)
                                                      0.000     0.000 r  
    M19                                               0.000     0.000 r  dphy_b_hs_clock_clk_p (IN)
                         net (fo=0)                   0.000     0.000    system_i/MIPI_D_PHY_RX_B/U0/ClockInputBuffer/dphy_clk_hs_p
    M19                  IBUFDS (Prop_ibufds_I_O)     0.862     0.862 r  system_i/MIPI_D_PHY_RX_B/U0/ClockInputBuffer/LaneHighSpeed/O
                         net (fo=1, routed)           0.000     0.862    system_i/MIPI_D_PHY_RX_B/U0/ClockLane/HSClockingX/aHS
    IDELAY_X1Y74         IDELAYE2 (Prop_idelaye2_IDATAIN_DATAOUT)
                                                      0.756     1.618 r  system_i/MIPI_D_PHY_RX_B/U0/ClockLane/HSClockingX/InputDelay/DATAOUT
                         net (fo=2, routed)           0.467     2.085    system_i/MIPI_D_PHY_RX_B/U0/ClockLane/HSClockingX/HS_ClockDly
    BUFR_X1Y5            BUFR (Prop_bufr_I_O)         0.918     3.003 r  system_i/MIPI_D_PHY_RX_B/U0/ClockLane/HSClockingX/DivClkBuffer/O
                         net (fo=373, routed)         0.826     3.829    system_i/MIPI_CSI_2_RX_B/U0/MIPI_CSI2_Rx_inst/LLP_inst/DataFIFO/U0/inst_fifo_gen/gaxis_fifo.gaxisf.axisf/grf.rf/gntv_or_sync_fifo.gcx.clkx/rd_pntr_cdc_inst/dest_clk
    SLICE_X98Y57         FDRE                                         r  system_i/MIPI_CSI_2_RX_B/U0/MIPI_CSI2_Rx_inst/LLP_inst/DataFIFO/U0/inst_fifo_gen/gaxis_fifo.gaxisf.axisf/grf.rf/gntv_or_sync_fifo.gcx.clkx/rd_pntr_cdc_inst/dest_graysync_ff_reg[0][3]/C
                         clock pessimism              0.000     3.829    
    SLICE_X98Y57         FDRE (Setup_fdre_C_D)       -0.218     3.611    system_i/MIPI_CSI_2_RX_B/U0/MIPI_CSI2_Rx_inst/LLP_inst/DataFIFO/U0/inst_fifo_gen/gaxis_fifo.gaxisf.axisf/grf.rf/gntv_or_sync_fifo.gcx.clkx/rd_pntr_cdc_inst/dest_graysync_ff_reg[0][3]
  -------------------------------------------------------------------
                         data arrival                           8.035    
                         clock arrival                          3.611    
  -------------------------------------------------------------------
                         relative delay                         4.424    

Reference path:
    Location             Delay type                Incr(ns)  Path(ns)    Netlist Resource(s)
  -------------------------------------------------------------------    -------------------
                         (clock clk_out2_system_clk_wiz_0_0 rise edge)
                                                      0.000     0.000 r  
    PS7_X0Y0             PS7                          0.000     0.000 r  system_i/processing_system7_0/inst/PS7_i/FCLKCLK[0]
                         net (fo=1, routed)           1.088     1.088    system_i/processing_system7_0/inst/FCLK_CLK_unbuffered[0]
    BUFGCTRL_X0Y16       BUFG (Prop_bufg_I_O)         0.091     1.179 r  system_i/processing_system7_0/inst/buffer_fclk_clk_0.FCLK_CLK_0_BUFG/O
                         net (fo=2, routed)           1.612     2.791    system_i/clk_wiz_0/inst/clk_in1
    MMCME2_ADV_X1Y0      MMCME2_ADV (Prop_mmcme2_adv_CLKIN1_CLKOUT1)
                                                      0.083     2.874 r  system_i/clk_wiz_0/inst/mmcm_adv_inst/CLKOUT1
                         net (fo=1, routed)           1.725     4.600    system_i/clk_wiz_0/inst/clk_out2_system_clk_wiz_0_0
    BUFGCTRL_X0Y0        BUFG (Prop_bufg_I_O)         0.091     4.691 r  system_i/clk_wiz_0/inst/clkout2_buf/O
                         net (fo=50854, routed)       1.608     6.298    system_i/MIPI_CSI_2_RX_B/U0/MIPI_CSI2_Rx_inst/LLP_inst/DataFIFO/U0/inst_fifo_gen/gaxis_fifo.gaxisf.axisf/grf.rf/gntv_or_sync_fifo.gcx.clkx/rd_pntr_cdc_inst/src_clk
    SLICE_X93Y57         FDRE                                         r  system_i/MIPI_CSI_2_RX_B/U0/MIPI_CSI2_Rx_inst/LLP_inst/DataFIFO/U0/inst_fifo_gen/gaxis_fifo.gaxisf.axisf/grf.rf/gntv_or_sync_fifo.gcx.clkx/rd_pntr_cdc_inst/src_gray_ff_reg[0]/C
  -------------------------------------------------------------------    -------------------
    SLICE_X93Y57         FDRE (Prop_fdre_C_Q)         0.367     6.665 r  system_i/MIPI_CSI_2_RX_B/U0/MIPI_CSI2_Rx_inst/LLP_inst/DataFIFO/U0/inst_fifo_gen/gaxis_fifo.gaxisf.axisf/grf.rf/gntv_or_sync_fifo.gcx.clkx/rd_pntr_cdc_inst/src_gray_ff_reg[0]/Q
                         net (fo=1, routed)           0.392     7.057    system_i/MIPI_CSI_2_RX_B/U0/MIPI_CSI2_Rx_inst/LLP_inst/DataFIFO/U0/inst_fifo_gen/gaxis_fifo.gaxisf.axisf/grf.rf/gntv_or_sync_fifo.gcx.clkx/rd_pntr_cdc_inst/async_path[0]
    SLICE_X93Y56         FDRE                                         r  system_i/MIPI_CSI_2_RX_B/U0/MIPI_CSI2_Rx_inst/LLP_inst/DataFIFO/U0/inst_fifo_gen/gaxis_fifo.gaxisf.axisf/grf.rf/gntv_or_sync_fifo.gcx.clkx/rd_pntr_cdc_inst/dest_graysync_ff_reg[0][0]/D
  -------------------------------------------------------------------    -------------------

                         (clock MIPI_D_PHY_RX_1_RxByteClkHS rise edge)
                                                      0.000     0.000 r  
    M19                                               0.000     0.000 r  dphy_b_hs_clock_clk_p (IN)
                         net (fo=0)                   0.000     0.000    system_i/MIPI_D_PHY_RX_B/U0/ClockInputBuffer/dphy_clk_hs_p
    M19                  IBUFDS (Prop_ibufds_I_O)     0.905     0.905 r  system_i/MIPI_D_PHY_RX_B/U0/ClockInputBuffer/LaneHighSpeed/O
                         net (fo=1, routed)           0.000     0.905    system_i/MIPI_D_PHY_RX_B/U0/ClockLane/HSClockingX/aHS
    IDELAY_X1Y74         IDELAYE2 (Prop_idelaye2_IDATAIN_DATAOUT)
                                                      0.816     1.721 r  system_i/MIPI_D_PHY_RX_B/U0/ClockLane/HSClockingX/InputDelay/DATAOUT
                         net (fo=2, routed)           0.519     2.240    system_i/MIPI_D_PHY_RX_B/U0/ClockLane/HSClockingX/HS_ClockDly
    BUFR_X1Y5            BUFR (Prop_bufr_I_O)         1.031     3.271 r  system_i/MIPI_D_PHY_RX_B/U0/ClockLane/HSClockingX/DivClkBuffer/O
                         net (fo=373, routed)         0.892     4.163    system_i/MIPI_CSI_2_RX_B/U0/MIPI_CSI2_Rx_inst/LLP_inst/DataFIFO/U0/inst_fifo_gen/gaxis_fifo.gaxisf.axisf/grf.rf/gntv_or_sync_fifo.gcx.clkx/rd_pntr_cdc_inst/dest_clk
    SLICE_X93Y56         FDRE                                         r  system_i/MIPI_CSI_2_RX_B/U0/MIPI_CSI2_Rx_inst/LLP_inst/DataFIFO/U0/inst_fifo_gen/gaxis_fifo.gaxisf.axisf/grf.rf/gntv_or_sync_fifo.gcx.clkx/rd_pntr_cdc_inst/dest_graysync_ff_reg[0][0]/C
                         clock pessimism              0.000     4.163    
    SLICE_X93Y56         FDRE (Hold_fdre_C_D)         0.170     4.333    system_i/MIPI_CSI_2_RX_B/U0/MIPI_CSI2_Rx_inst/LLP_inst/DataFIFO/U0/inst_fifo_gen/gaxis_fifo.gaxisf.axisf/grf.rf/gntv_or_sync_fifo.gcx.clkx/rd_pntr_cdc_inst/dest_graysync_ff_reg[0][0]
  -------------------------------------------------------------------
                         data arrival                           7.057    
                         clock arrival                          4.333    
  -------------------------------------------------------------------
                         relative delay                         2.724    



Id: 4
set_bus_skew -from [get_cells [list {system_i/MIPI_CSI_2_RX_B/U0/MIPI_CSI2_Rx_inst/LLP_inst/DataFIFO/U0/inst_fifo_gen/gaxis_fifo.gaxisf.axisf/grf.rf/gntv_or_sync_fifo.gcx.clkx/wr_pntr_cdc_inst/src_gray_ff_reg[0]} {system_i/MIPI_CSI_2_RX_B/U0/MIPI_CSI2_Rx_inst/LLP_inst/DataFIFO/U0/inst_fifo_gen/gaxis_fifo.gaxisf.axisf/grf.rf/gntv_or_sync_fifo.gcx.clkx/wr_pntr_cdc_inst/src_gray_ff_reg[1]} {system_i/MIPI_CSI_2_RX_B/U0/MIPI_CSI2_Rx_inst/LLP_inst/DataFIFO/U0/inst_fifo_gen/gaxis_fifo.gaxisf.axisf/grf.rf/gntv_or_sync_fifo.gcx.clkx/wr_pntr_cdc_inst/src_gray_ff_reg[2]} {system_i/MIPI_CSI_2_RX_B/U0/MIPI_CSI2_Rx_inst/LLP_inst/DataFIFO/U0/inst_fifo_gen/gaxis_fifo.gaxisf.axisf/grf.rf/gntv_or_sync_fifo.gcx.clkx/wr_pntr_cdc_inst/src_gray_ff_reg[3]} {system_i/MIPI_CSI_2_RX_B/U0/MIPI_CSI2_Rx_inst/LLP_inst/DataFIFO/U0/inst_fifo_gen/gaxis_fifo.gaxisf.axisf/grf.rf/gntv_or_sync_fifo.gcx.clkx/wr_pntr_cdc_inst/src_gray_ff_reg[4]}]] -to [get_cells [list {system_i/MIPI_CSI_2_RX_B/U0/MIPI_CSI2_Rx_inst/LLP_inst/DataFIFO/U0/inst_fifo_gen/gaxis_fifo.gaxisf.axisf/grf.rf/gntv_or_sync_fifo.gcx.clkx/wr_pntr_cdc_inst/dest_graysync_ff_reg[0][0]} {system_i/MIPI_CSI_2_RX_B/U0/MIPI_CSI2_Rx_inst/LLP_inst/DataFIFO/U0/inst_fifo_gen/gaxis_fifo.gaxisf.axisf/grf.rf/gntv_or_sync_fifo.gcx.clkx/wr_pntr_cdc_inst/dest_graysync_ff_reg[0][1]} {system_i/MIPI_CSI_2_RX_B/U0/MIPI_CSI2_Rx_inst/LLP_inst/DataFIFO/U0/inst_fifo_gen/gaxis_fifo.gaxisf.axisf/grf.rf/gntv_or_sync_fifo.gcx.clkx/wr_pntr_cdc_inst/dest_graysync_ff_reg[0][2]} {system_i/MIPI_CSI_2_RX_B/U0/MIPI_CSI2_Rx_inst/LLP_inst/DataFIFO/U0/inst_fifo_gen/gaxis_fifo.gaxisf.axisf/grf.rf/gntv_or_sync_fifo.gcx.clkx/wr_pntr_cdc_inst/dest_graysync_ff_reg[0][3]} {system_i/MIPI_CSI_2_RX_B/U0/MIPI_CSI2_Rx_inst/LLP_inst/DataFIFO/U0/inst_fifo_gen/gaxis_fifo.gaxisf.axisf/grf.rf/gntv_or_sync_fifo.gcx.clkx/wr_pntr_cdc_inst/dest_graysync_ff_reg[0][4]}]] 6.667
Requirement: 6.667ns
Endpoints: 5

From Clock            To Clock              Endpoint Pin                    Reference Pin                   Corner  Actual(ns)  Slack(ns)
--------------------  --------------------  ------------------------------  ------------------------------  ------  ----------  ---------
MIPI_D_PHY_RX_1_RxByteClkHS
                      clk_out2_system_clk_wiz_0_0
                                            system_i/MIPI_CSI_2_RX_B/U0/MIPI_CSI2_Rx_inst/LLP_inst/DataFIFO/U0/inst_fifo_gen/gaxis_fifo.gaxisf.axisf/grf.rf/gntv_or_sync_fifo.gcx.clkx/wr_pntr_cdc_inst/dest_graysync_ff_reg[0][3]/D
                                                                            system_i/MIPI_CSI_2_RX_B/U0/MIPI_CSI2_Rx_inst/LLP_inst/DataFIFO/U0/inst_fifo_gen/gaxis_fifo.gaxisf.axisf/grf.rf/gntv_or_sync_fifo.gcx.clkx/wr_pntr_cdc_inst/dest_graysync_ff_reg[0][0]/D
                                                                                                            Slow         0.862      5.805


Slack (MET) :             5.805ns  (requirement - actual skew)
  Endpoint Source:        system_i/MIPI_CSI_2_RX_B/U0/MIPI_CSI2_Rx_inst/LLP_inst/DataFIFO/U0/inst_fifo_gen/gaxis_fifo.gaxisf.axisf/grf.rf/gntv_or_sync_fifo.gcx.clkx/wr_pntr_cdc_inst/src_gray_ff_reg[3]/C
                            (rising edge-triggered cell FDRE clocked by MIPI_D_PHY_RX_1_RxByteClkHS)
  Endpoint Destination:   system_i/MIPI_CSI_2_RX_B/U0/MIPI_CSI2_Rx_inst/LLP_inst/DataFIFO/U0/inst_fifo_gen/gaxis_fifo.gaxisf.axisf/grf.rf/gntv_or_sync_fifo.gcx.clkx/wr_pntr_cdc_inst/dest_graysync_ff_reg[0][3]/D
                            (rising edge-triggered cell FDRE clocked by clk_out2_system_clk_wiz_0_0)
  Reference Source:       system_i/MIPI_CSI_2_RX_B/U0/MIPI_CSI2_Rx_inst/LLP_inst/DataFIFO/U0/inst_fifo_gen/gaxis_fifo.gaxisf.axisf/grf.rf/gntv_or_sync_fifo.gcx.clkx/wr_pntr_cdc_inst/src_gray_ff_reg[0]/C
                            (rising edge-triggered cell FDRE clocked by MIPI_D_PHY_RX_1_RxByteClkHS)
  Reference Destination:  system_i/MIPI_CSI_2_RX_B/U0/MIPI_CSI2_Rx_inst/LLP_inst/DataFIFO/U0/inst_fifo_gen/gaxis_fifo.gaxisf.axisf/grf.rf/gntv_or_sync_fifo.gcx.clkx/wr_pntr_cdc_inst/dest_graysync_ff_reg[0][0]/D
                            (rising edge-triggered cell FDRE clocked by clk_out2_system_clk_wiz_0_0)
  Path Type:              Bus Skew (Max at Slow Process Corner)
  Requirement:            6.667ns
  Endpoint Relative Delay:   -0.685ns
  Reference Relative Delay:  -2.517ns
  Relative CRPR:              0.971ns
  Actual Bus Skew:            0.862ns  (Endpoint Relative Delay - Reference Relative Delay - Relative CRPR)

Endpoint path:
    Location             Delay type                Incr(ns)  Path(ns)    Netlist Resource(s)
  -------------------------------------------------------------------    -------------------
                         (clock MIPI_D_PHY_RX_1_RxByteClkHS rise edge)
                                                      0.000     0.000 r  
    M19                                               0.000     0.000 r  dphy_b_hs_clock_clk_p (IN)
                         net (fo=0)                   0.000     0.000    system_i/MIPI_D_PHY_RX_B/U0/ClockInputBuffer/dphy_clk_hs_p
    M19                  IBUFDS (Prop_ibufds_I_O)     0.905     0.905 r  system_i/MIPI_D_PHY_RX_B/U0/ClockInputBuffer/LaneHighSpeed/O
                         net (fo=1, routed)           0.000     0.905    system_i/MIPI_D_PHY_RX_B/U0/ClockLane/HSClockingX/aHS
    IDELAY_X1Y74         IDELAYE2 (Prop_idelaye2_IDATAIN_DATAOUT)
                                                      0.816     1.721 r  system_i/MIPI_D_PHY_RX_B/U0/ClockLane/HSClockingX/InputDelay/DATAOUT
                         net (fo=2, routed)           0.519     2.240    system_i/MIPI_D_PHY_RX_B/U0/ClockLane/HSClockingX/HS_ClockDly
    BUFR_X1Y5            BUFR (Prop_bufr_I_O)         1.031     3.271 r  system_i/MIPI_D_PHY_RX_B/U0/ClockLane/HSClockingX/DivClkBuffer/O
                         net (fo=373, routed)         0.892     4.163    system_i/MIPI_CSI_2_RX_B/U0/MIPI_CSI2_Rx_inst/LLP_inst/DataFIFO/U0/inst_fifo_gen/gaxis_fifo.gaxisf.axisf/grf.rf/gntv_or_sync_fifo.gcx.clkx/wr_pntr_cdc_inst/src_clk
    SLICE_X92Y54         FDRE                                         r  system_i/MIPI_CSI_2_RX_B/U0/MIPI_CSI2_Rx_inst/LLP_inst/DataFIFO/U0/inst_fifo_gen/gaxis_fifo.gaxisf.axisf/grf.rf/gntv_or_sync_fifo.gcx.clkx/wr_pntr_cdc_inst/src_gray_ff_reg[3]/C
  -------------------------------------------------------------------    -------------------
    SLICE_X92Y54         FDRE (Prop_fdre_C_Q)         0.478     4.641 r  system_i/MIPI_CSI_2_RX_B/U0/MIPI_CSI2_Rx_inst/LLP_inst/DataFIFO/U0/inst_fifo_gen/gaxis_fifo.gaxisf.axisf/grf.rf/gntv_or_sync_fifo.gcx.clkx/wr_pntr_cdc_inst/src_gray_ff_reg[3]/Q
                         net (fo=1, routed)           0.740     5.382    system_i/MIPI_CSI_2_RX_B/U0/MIPI_CSI2_Rx_inst/LLP_inst/DataFIFO/U0/inst_fifo_gen/gaxis_fifo.gaxisf.axisf/grf.rf/gntv_or_sync_fifo.gcx.clkx/wr_pntr_cdc_inst/async_path[3]
    SLICE_X92Y58         FDRE                                         r  system_i/MIPI_CSI_2_RX_B/U0/MIPI_CSI2_Rx_inst/LLP_inst/DataFIFO/U0/inst_fifo_gen/gaxis_fifo.gaxisf.axisf/grf.rf/gntv_or_sync_fifo.gcx.clkx/wr_pntr_cdc_inst/dest_graysync_ff_reg[0][3]/D
  -------------------------------------------------------------------    -------------------

                         (clock clk_out2_system_clk_wiz_0_0 rise edge)
                                                      0.000     0.000 r  
    PS7_X0Y0             PS7                          0.000     0.000 r  system_i/processing_system7_0/inst/PS7_i/FCLKCLK[0]
                         net (fo=1, routed)           1.088     1.088    system_i/processing_system7_0/inst/FCLK_CLK_unbuffered[0]
    BUFGCTRL_X0Y16       BUFG (Prop_bufg_I_O)         0.091     1.179 r  system_i/processing_system7_0/inst/buffer_fclk_clk_0.FCLK_CLK_0_BUFG/O
                         net (fo=2, routed)           1.612     2.791    system_i/clk_wiz_0/inst/clk_in1
    MMCME2_ADV_X1Y0      MMCME2_ADV (Prop_mmcme2_adv_CLKIN1_CLKOUT1)
                                                      0.083     2.874 r  system_i/clk_wiz_0/inst/mmcm_adv_inst/CLKOUT1
                         net (fo=1, routed)           1.725     4.600    system_i/clk_wiz_0/inst/clk_out2_system_clk_wiz_0_0
    BUFGCTRL_X0Y0        BUFG (Prop_bufg_I_O)         0.091     4.691 r  system_i/clk_wiz_0/inst/clkout2_buf/O
                         net (fo=50854, routed)       1.608     6.298    system_i/MIPI_CSI_2_RX_B/U0/MIPI_CSI2_Rx_inst/LLP_inst/DataFIFO/U0/inst_fifo_gen/gaxis_fifo.gaxisf.axisf/grf.rf/gntv_or_sync_fifo.gcx.clkx/wr_pntr_cdc_inst/dest_clk
    SLICE_X92Y58         FDRE                                         r  system_i/MIPI_CSI_2_RX_B/U0/MIPI_CSI2_Rx_inst/LLP_inst/DataFIFO/U0/inst_fifo_gen/gaxis_fifo.gaxisf.axisf/grf.rf/gntv_or_sync_fifo.gcx.clkx/wr_pntr_cdc_inst/dest_graysync_ff_reg[0][3]/C
                         clock pessimism              0.000     6.298    
    SLICE_X92Y58         FDRE (Setup_fdre_C_D)       -0.232     6.066    system_i/MIPI_CSI_2_RX_B/U0/MIPI_CSI2_Rx_inst/LLP_inst/DataFIFO/U0/inst_fifo_gen/gaxis_fifo.gaxisf.axisf/grf.rf/gntv_or_sync_fifo.gcx.clkx/wr_pntr_cdc_inst/dest_graysync_ff_reg[0][3]
  -------------------------------------------------------------------
                         data arrival                           5.382    
                         clock arrival                          6.066    
  -------------------------------------------------------------------
                         relative delay                        -0.685    

Reference path:
    Location             Delay type                Incr(ns)  Path(ns)    Netlist Resource(s)
  -------------------------------------------------------------------    -------------------
                         (clock MIPI_D_PHY_RX_1_RxByteClkHS rise edge)
                                                      0.000     0.000 r  
    M19                                               0.000     0.000 r  dphy_b_hs_clock_clk_p (IN)
                         net (fo=0)                   0.000     0.000    system_i/MIPI_D_PHY_RX_B/U0/ClockInputBuffer/dphy_clk_hs_p
    M19                  IBUFDS (Prop_ibufds_I_O)     0.862     0.862 r  system_i/MIPI_D_PHY_RX_B/U0/ClockInputBuffer/LaneHighSpeed/O
                         net (fo=1, routed)           0.000     0.862    system_i/MIPI_D_PHY_RX_B/U0/ClockLane/HSClockingX/aHS
    IDELAY_X1Y74         IDELAYE2 (Prop_idelaye2_IDATAIN_DATAOUT)
                                                      0.756     1.618 r  system_i/MIPI_D_PHY_RX_B/U0/ClockLane/HSClockingX/InputDelay/DATAOUT
                         net (fo=2, routed)           0.467     2.085    system_i/MIPI_D_PHY_RX_B/U0/ClockLane/HSClockingX/HS_ClockDly
    BUFR_X1Y5            BUFR (Prop_bufr_I_O)         0.918     3.003 r  system_i/MIPI_D_PHY_RX_B/U0/ClockLane/HSClockingX/DivClkBuffer/O
                         net (fo=373, routed)         0.829     3.832    system_i/MIPI_CSI_2_RX_B/U0/MIPI_CSI2_Rx_inst/LLP_inst/DataFIFO/U0/inst_fifo_gen/gaxis_fifo.gaxisf.axisf/grf.rf/gntv_or_sync_fifo.gcx.clkx/wr_pntr_cdc_inst/src_clk
    SLICE_X92Y54         FDRE                                         r  system_i/MIPI_CSI_2_RX_B/U0/MIPI_CSI2_Rx_inst/LLP_inst/DataFIFO/U0/inst_fifo_gen/gaxis_fifo.gaxisf.axisf/grf.rf/gntv_or_sync_fifo.gcx.clkx/wr_pntr_cdc_inst/src_gray_ff_reg[0]/C
  -------------------------------------------------------------------    -------------------
    SLICE_X92Y54         FDRE (Prop_fdre_C_Q)         0.418     4.250 r  system_i/MIPI_CSI_2_RX_B/U0/MIPI_CSI2_Rx_inst/LLP_inst/DataFIFO/U0/inst_fifo_gen/gaxis_fifo.gaxisf.axisf/grf.rf/gntv_or_sync_fifo.gcx.clkx/wr_pntr_cdc_inst/src_gray_ff_reg[0]/Q
                         net (fo=1, routed)           0.365     4.616    system_i/MIPI_CSI_2_RX_B/U0/MIPI_CSI2_Rx_inst/LLP_inst/DataFIFO/U0/inst_fifo_gen/gaxis_fifo.gaxisf.axisf/grf.rf/gntv_or_sync_fifo.gcx.clkx/wr_pntr_cdc_inst/async_path[0]
    SLICE_X93Y57         FDRE                                         r  system_i/MIPI_CSI_2_RX_B/U0/MIPI_CSI2_Rx_inst/LLP_inst/DataFIFO/U0/inst_fifo_gen/gaxis_fifo.gaxisf.axisf/grf.rf/gntv_or_sync_fifo.gcx.clkx/wr_pntr_cdc_inst/dest_graysync_ff_reg[0][0]/D
  -------------------------------------------------------------------    -------------------

                         (clock clk_out2_system_clk_wiz_0_0 rise edge)
                                                      0.000     0.000 r  
    PS7_X0Y0             PS7                          0.000     0.000 r  system_i/processing_system7_0/inst/PS7_i/FCLKCLK[0]
                         net (fo=1, routed)           1.193     1.193    system_i/processing_system7_0/inst/FCLK_CLK_unbuffered[0]
    BUFGCTRL_X0Y16       BUFG (Prop_bufg_I_O)         0.101     1.294 r  system_i/processing_system7_0/inst/buffer_fclk_clk_0.FCLK_CLK_0_BUFG/O
                         net (fo=2, routed)           1.806     3.100    system_i/clk_wiz_0/inst/clk_in1
    MMCME2_ADV_X1Y0      MMCME2_ADV (Prop_mmcme2_adv_CLKIN1_CLKOUT1)
                                                      0.088     3.188 r  system_i/clk_wiz_0/inst/mmcm_adv_inst/CLKOUT1
                         net (fo=1, routed)           1.889     5.077    system_i/clk_wiz_0/inst/clk_out2_system_clk_wiz_0_0
    BUFGCTRL_X0Y0        BUFG (Prop_bufg_I_O)         0.101     5.178 r  system_i/clk_wiz_0/inst/clkout2_buf/O
                         net (fo=50854, routed)       1.785     6.963    system_i/MIPI_CSI_2_RX_B/U0/MIPI_CSI2_Rx_inst/LLP_inst/DataFIFO/U0/inst_fifo_gen/gaxis_fifo.gaxisf.axisf/grf.rf/gntv_or_sync_fifo.gcx.clkx/wr_pntr_cdc_inst/dest_clk
    SLICE_X93Y57         FDRE                                         r  system_i/MIPI_CSI_2_RX_B/U0/MIPI_CSI2_Rx_inst/LLP_inst/DataFIFO/U0/inst_fifo_gen/gaxis_fifo.gaxisf.axisf/grf.rf/gntv_or_sync_fifo.gcx.clkx/wr_pntr_cdc_inst/dest_graysync_ff_reg[0][0]/C
                         clock pessimism              0.000     6.963    
    SLICE_X93Y57         FDRE (Hold_fdre_C_D)         0.170     7.133    system_i/MIPI_CSI_2_RX_B/U0/MIPI_CSI2_Rx_inst/LLP_inst/DataFIFO/U0/inst_fifo_gen/gaxis_fifo.gaxisf.axisf/grf.rf/gntv_or_sync_fifo.gcx.clkx/wr_pntr_cdc_inst/dest_graysync_ff_reg[0][0]
  -------------------------------------------------------------------
                         data arrival                           4.616    
                         clock arrival                          7.133    
  -------------------------------------------------------------------
                         relative delay                        -2.517    



Id: 5
set_bus_skew -from [get_cells [list {system_i/MIPI_CSI_2_RX_C/U0/MIPI_CSI2_Rx_inst/LLP_inst/DataFIFO/U0/inst_fifo_gen/gaxis_fifo.gaxisf.axisf/grf.rf/gntv_or_sync_fifo.gcx.clkx/rd_pntr_cdc_inst/src_gray_ff_reg[0]} {system_i/MIPI_CSI_2_RX_C/U0/MIPI_CSI2_Rx_inst/LLP_inst/DataFIFO/U0/inst_fifo_gen/gaxis_fifo.gaxisf.axisf/grf.rf/gntv_or_sync_fifo.gcx.clkx/rd_pntr_cdc_inst/src_gray_ff_reg[1]} {system_i/MIPI_CSI_2_RX_C/U0/MIPI_CSI2_Rx_inst/LLP_inst/DataFIFO/U0/inst_fifo_gen/gaxis_fifo.gaxisf.axisf/grf.rf/gntv_or_sync_fifo.gcx.clkx/rd_pntr_cdc_inst/src_gray_ff_reg[2]} {system_i/MIPI_CSI_2_RX_C/U0/MIPI_CSI2_Rx_inst/LLP_inst/DataFIFO/U0/inst_fifo_gen/gaxis_fifo.gaxisf.axisf/grf.rf/gntv_or_sync_fifo.gcx.clkx/rd_pntr_cdc_inst/src_gray_ff_reg[3]} {system_i/MIPI_CSI_2_RX_C/U0/MIPI_CSI2_Rx_inst/LLP_inst/DataFIFO/U0/inst_fifo_gen/gaxis_fifo.gaxisf.axisf/grf.rf/gntv_or_sync_fifo.gcx.clkx/rd_pntr_cdc_inst/src_gray_ff_reg[4]}]] -to [get_cells [list {system_i/MIPI_CSI_2_RX_C/U0/MIPI_CSI2_Rx_inst/LLP_inst/DataFIFO/U0/inst_fifo_gen/gaxis_fifo.gaxisf.axisf/grf.rf/gntv_or_sync_fifo.gcx.clkx/rd_pntr_cdc_inst/dest_graysync_ff_reg[0][0]} {system_i/MIPI_CSI_2_RX_C/U0/MIPI_CSI2_Rx_inst/LLP_inst/DataFIFO/U0/inst_fifo_gen/gaxis_fifo.gaxisf.axisf/grf.rf/gntv_or_sync_fifo.gcx.clkx/rd_pntr_cdc_inst/dest_graysync_ff_reg[0][1]} {system_i/MIPI_CSI_2_RX_C/U0/MIPI_CSI2_Rx_inst/LLP_inst/DataFIFO/U0/inst_fifo_gen/gaxis_fifo.gaxisf.axisf/grf.rf/gntv_or_sync_fifo.gcx.clkx/rd_pntr_cdc_inst/dest_graysync_ff_reg[0][2]} {system_i/MIPI_CSI_2_RX_C/U0/MIPI_CSI2_Rx_inst/LLP_inst/DataFIFO/U0/inst_fifo_gen/gaxis_fifo.gaxisf.axisf/grf.rf/gntv_or_sync_fifo.gcx.clkx/rd_pntr_cdc_inst/dest_graysync_ff_reg[0][3]} {system_i/MIPI_CSI_2_RX_C/U0/MIPI_CSI2_Rx_inst/LLP_inst/DataFIFO/U0/inst_fifo_gen/gaxis_fifo.gaxisf.axisf/grf.rf/gntv_or_sync_fifo.gcx.clkx/rd_pntr_cdc_inst/dest_graysync_ff_reg[0][4]}]] 6.667
Requirement: 6.667ns
Endpoints: 5

From Clock            To Clock              Endpoint Pin                    Reference Pin                   Corner  Actual(ns)  Slack(ns)
--------------------  --------------------  ------------------------------  ------------------------------  ------  ----------  ---------
clk_out2_system_clk_wiz_0_0
                      MIPI_D_PHY_RX_2_RxByteClkHS
                                            system_i/MIPI_CSI_2_RX_C/U0/MIPI_CSI2_Rx_inst/LLP_inst/DataFIFO/U0/inst_fifo_gen/gaxis_fifo.gaxisf.axisf/grf.rf/gntv_or_sync_fifo.gcx.clkx/rd_pntr_cdc_inst/dest_graysync_ff_reg[0][1]/D
                                                                            system_i/MIPI_CSI_2_RX_C/U0/MIPI_CSI2_Rx_inst/LLP_inst/DataFIFO/U0/inst_fifo_gen/gaxis_fifo.gaxisf.axisf/grf.rf/gntv_or_sync_fifo.gcx.clkx/rd_pntr_cdc_inst/dest_graysync_ff_reg[0][4]/D
                                                                                                            Slow         1.085      5.582


Slack (MET) :             5.582ns  (requirement - actual skew)
  Endpoint Source:        system_i/MIPI_CSI_2_RX_C/U0/MIPI_CSI2_Rx_inst/LLP_inst/DataFIFO/U0/inst_fifo_gen/gaxis_fifo.gaxisf.axisf/grf.rf/gntv_or_sync_fifo.gcx.clkx/rd_pntr_cdc_inst/src_gray_ff_reg[1]/C
                            (rising edge-triggered cell FDRE clocked by clk_out2_system_clk_wiz_0_0)
  Endpoint Destination:   system_i/MIPI_CSI_2_RX_C/U0/MIPI_CSI2_Rx_inst/LLP_inst/DataFIFO/U0/inst_fifo_gen/gaxis_fifo.gaxisf.axisf/grf.rf/gntv_or_sync_fifo.gcx.clkx/rd_pntr_cdc_inst/dest_graysync_ff_reg[0][1]/D
                            (rising edge-triggered cell FDRE clocked by MIPI_D_PHY_RX_2_RxByteClkHS)
  Reference Source:       system_i/MIPI_CSI_2_RX_C/U0/MIPI_CSI2_Rx_inst/LLP_inst/DataFIFO/U0/inst_fifo_gen/gaxis_fifo.gaxisf.axisf/grf.rf/gntv_or_sync_fifo.gcx.clkx/rd_pntr_cdc_inst/src_gray_ff_reg[4]/C
                            (rising edge-triggered cell FDRE clocked by clk_out2_system_clk_wiz_0_0)
  Reference Destination:  system_i/MIPI_CSI_2_RX_C/U0/MIPI_CSI2_Rx_inst/LLP_inst/DataFIFO/U0/inst_fifo_gen/gaxis_fifo.gaxisf.axisf/grf.rf/gntv_or_sync_fifo.gcx.clkx/rd_pntr_cdc_inst/dest_graysync_ff_reg[0][4]/D
                            (rising edge-triggered cell FDRE clocked by MIPI_D_PHY_RX_2_RxByteClkHS)
  Path Type:              Bus Skew (Max at Slow Process Corner)
  Requirement:            6.667ns
  Endpoint Relative Delay:    4.956ns
  Reference Relative Delay:   2.983ns
  Relative CRPR:              0.888ns
  Actual Bus Skew:            1.085ns  (Endpoint Relative Delay - Reference Relative Delay - Relative CRPR)

Endpoint path:
    Location             Delay type                Incr(ns)  Path(ns)    Netlist Resource(s)
  -------------------------------------------------------------------    -------------------
                         (clock clk_out2_system_clk_wiz_0_0 rise edge)
                                                      0.000     0.000 r  
    PS7_X0Y0             PS7                          0.000     0.000 r  system_i/processing_system7_0/inst/PS7_i/FCLKCLK[0]
                         net (fo=1, routed)           1.193     1.193    system_i/processing_system7_0/inst/FCLK_CLK_unbuffered[0]
    BUFGCTRL_X0Y16       BUFG (Prop_bufg_I_O)         0.101     1.294 r  system_i/processing_system7_0/inst/buffer_fclk_clk_0.FCLK_CLK_0_BUFG/O
                         net (fo=2, routed)           1.806     3.100    system_i/clk_wiz_0/inst/clk_in1
    MMCME2_ADV_X1Y0      MMCME2_ADV (Prop_mmcme2_adv_CLKIN1_CLKOUT1)
                                                      0.088     3.188 r  system_i/clk_wiz_0/inst/mmcm_adv_inst/CLKOUT1
                         net (fo=1, routed)           1.889     5.077    system_i/clk_wiz_0/inst/clk_out2_system_clk_wiz_0_0
    BUFGCTRL_X0Y0        BUFG (Prop_bufg_I_O)         0.101     5.178 r  system_i/clk_wiz_0/inst/clkout2_buf/O
                         net (fo=50854, routed)       2.045     7.223    system_i/MIPI_CSI_2_RX_C/U0/MIPI_CSI2_Rx_inst/LLP_inst/DataFIFO/U0/inst_fifo_gen/gaxis_fifo.gaxisf.axisf/grf.rf/gntv_or_sync_fifo.gcx.clkx/rd_pntr_cdc_inst/src_clk
    SLICE_X107Y120       FDRE                                         r  system_i/MIPI_CSI_2_RX_C/U0/MIPI_CSI2_Rx_inst/LLP_inst/DataFIFO/U0/inst_fifo_gen/gaxis_fifo.gaxisf.axisf/grf.rf/gntv_or_sync_fifo.gcx.clkx/rd_pntr_cdc_inst/src_gray_ff_reg[1]/C
  -------------------------------------------------------------------    -------------------
    SLICE_X107Y120       FDRE (Prop_fdre_C_Q)         0.419     7.642 r  system_i/MIPI_CSI_2_RX_C/U0/MIPI_CSI2_Rx_inst/LLP_inst/DataFIFO/U0/inst_fifo_gen/gaxis_fifo.gaxisf.axisf/grf.rf/gntv_or_sync_fifo.gcx.clkx/rd_pntr_cdc_inst/src_gray_ff_reg[1]/Q
                         net (fo=1, routed)           0.846     8.488    system_i/MIPI_CSI_2_RX_C/U0/MIPI_CSI2_Rx_inst/LLP_inst/DataFIFO/U0/inst_fifo_gen/gaxis_fifo.gaxisf.axisf/grf.rf/gntv_or_sync_fifo.gcx.clkx/rd_pntr_cdc_inst/async_path[1]
    SLICE_X106Y114       FDRE                                         r  system_i/MIPI_CSI_2_RX_C/U0/MIPI_CSI2_Rx_inst/LLP_inst/DataFIFO/U0/inst_fifo_gen/gaxis_fifo.gaxisf.axisf/grf.rf/gntv_or_sync_fifo.gcx.clkx/rd_pntr_cdc_inst/dest_graysync_ff_reg[0][1]/D
  -------------------------------------------------------------------    -------------------

                         (clock MIPI_D_PHY_RX_2_RxByteClkHS rise edge)
                                                      0.000     0.000 r  
    B19                                               0.000     0.000 r  dphy_c_hs_clock_clk_p (IN)
                         net (fo=0)                   0.000     0.000    system_i/MIPI_D_PHY_RX_C/U0/ClockInputBuffer/dphy_clk_hs_p
    B19                  IBUFDS (Prop_ibufds_I_O)     0.902     0.902 r  system_i/MIPI_D_PHY_RX_C/U0/ClockInputBuffer/LaneHighSpeed/O
                         net (fo=1, routed)           0.000     0.902    system_i/MIPI_D_PHY_RX_C/U0/ClockLane/HSClockingX/aHS
    IDELAY_X1Y124        IDELAYE2 (Prop_idelaye2_IDATAIN_DATAOUT)
                                                      0.756     1.658 r  system_i/MIPI_D_PHY_RX_C/U0/ClockLane/HSClockingX/InputDelay/DATAOUT
                         net (fo=2, routed)           0.467     2.125    system_i/MIPI_D_PHY_RX_C/U0/ClockLane/HSClockingX/HS_ClockDly
    BUFR_X1Y8            BUFR (Prop_bufr_I_O)         0.918     3.043 r  system_i/MIPI_D_PHY_RX_C/U0/ClockLane/HSClockingX/DivClkBuffer/O
                         net (fo=373, routed)         0.757     3.800    system_i/MIPI_CSI_2_RX_C/U0/MIPI_CSI2_Rx_inst/LLP_inst/DataFIFO/U0/inst_fifo_gen/gaxis_fifo.gaxisf.axisf/grf.rf/gntv_or_sync_fifo.gcx.clkx/rd_pntr_cdc_inst/dest_clk
    SLICE_X106Y114       FDRE                                         r  system_i/MIPI_CSI_2_RX_C/U0/MIPI_CSI2_Rx_inst/LLP_inst/DataFIFO/U0/inst_fifo_gen/gaxis_fifo.gaxisf.axisf/grf.rf/gntv_or_sync_fifo.gcx.clkx/rd_pntr_cdc_inst/dest_graysync_ff_reg[0][1]/C
                         clock pessimism              0.000     3.800    
    SLICE_X106Y114       FDRE (Setup_fdre_C_D)       -0.268     3.532    system_i/MIPI_CSI_2_RX_C/U0/MIPI_CSI2_Rx_inst/LLP_inst/DataFIFO/U0/inst_fifo_gen/gaxis_fifo.gaxisf.axisf/grf.rf/gntv_or_sync_fifo.gcx.clkx/rd_pntr_cdc_inst/dest_graysync_ff_reg[0][1]
  -------------------------------------------------------------------
                         data arrival                           8.488    
                         clock arrival                          3.532    
  -------------------------------------------------------------------
                         relative delay                         4.956    

Reference path:
    Location             Delay type                Incr(ns)  Path(ns)    Netlist Resource(s)
  -------------------------------------------------------------------    -------------------
                         (clock clk_out2_system_clk_wiz_0_0 rise edge)
                                                      0.000     0.000 r  
    PS7_X0Y0             PS7                          0.000     0.000 r  system_i/processing_system7_0/inst/PS7_i/FCLKCLK[0]
                         net (fo=1, routed)           1.088     1.088    system_i/processing_system7_0/inst/FCLK_CLK_unbuffered[0]
    BUFGCTRL_X0Y16       BUFG (Prop_bufg_I_O)         0.091     1.179 r  system_i/processing_system7_0/inst/buffer_fclk_clk_0.FCLK_CLK_0_BUFG/O
                         net (fo=2, routed)           1.612     2.791    system_i/clk_wiz_0/inst/clk_in1
    MMCME2_ADV_X1Y0      MMCME2_ADV (Prop_mmcme2_adv_CLKIN1_CLKOUT1)
                                                      0.083     2.874 r  system_i/clk_wiz_0/inst/mmcm_adv_inst/CLKOUT1
                         net (fo=1, routed)           1.725     4.600    system_i/clk_wiz_0/inst/clk_out2_system_clk_wiz_0_0
    BUFGCTRL_X0Y0        BUFG (Prop_bufg_I_O)         0.091     4.691 r  system_i/clk_wiz_0/inst/clkout2_buf/O
                         net (fo=50854, routed)       1.784     6.475    system_i/MIPI_CSI_2_RX_C/U0/MIPI_CSI2_Rx_inst/LLP_inst/DataFIFO/U0/inst_fifo_gen/gaxis_fifo.gaxisf.axisf/grf.rf/gntv_or_sync_fifo.gcx.clkx/rd_pntr_cdc_inst/src_clk
    SLICE_X103Y110       FDRE                                         r  system_i/MIPI_CSI_2_RX_C/U0/MIPI_CSI2_Rx_inst/LLP_inst/DataFIFO/U0/inst_fifo_gen/gaxis_fifo.gaxisf.axisf/grf.rf/gntv_or_sync_fifo.gcx.clkx/rd_pntr_cdc_inst/src_gray_ff_reg[4]/C
  -------------------------------------------------------------------    -------------------
    SLICE_X103Y110       FDRE (Prop_fdre_C_Q)         0.367     6.842 r  system_i/MIPI_CSI_2_RX_C/U0/MIPI_CSI2_Rx_inst/LLP_inst/DataFIFO/U0/inst_fifo_gen/gaxis_fifo.gaxisf.axisf/grf.rf/gntv_or_sync_fifo.gcx.clkx/rd_pntr_cdc_inst/src_gray_ff_reg[4]/Q
                         net (fo=1, routed)           0.568     7.409    system_i/MIPI_CSI_2_RX_C/U0/MIPI_CSI2_Rx_inst/LLP_inst/DataFIFO/U0/inst_fifo_gen/gaxis_fifo.gaxisf.axisf/grf.rf/gntv_or_sync_fifo.gcx.clkx/rd_pntr_cdc_inst/async_path[4]
    SLICE_X102Y114       FDRE                                         r  system_i/MIPI_CSI_2_RX_C/U0/MIPI_CSI2_Rx_inst/LLP_inst/DataFIFO/U0/inst_fifo_gen/gaxis_fifo.gaxisf.axisf/grf.rf/gntv_or_sync_fifo.gcx.clkx/rd_pntr_cdc_inst/dest_graysync_ff_reg[0][4]/D
  -------------------------------------------------------------------    -------------------

                         (clock MIPI_D_PHY_RX_2_RxByteClkHS rise edge)
                                                      0.000     0.000 r  
    B19                                               0.000     0.000 r  dphy_c_hs_clock_clk_p (IN)
                         net (fo=0)                   0.000     0.000    system_i/MIPI_D_PHY_RX_C/U0/ClockInputBuffer/dphy_clk_hs_p
    B19                  IBUFDS (Prop_ibufds_I_O)     0.945     0.945 r  system_i/MIPI_D_PHY_RX_C/U0/ClockInputBuffer/LaneHighSpeed/O
                         net (fo=1, routed)           0.000     0.945    system_i/MIPI_D_PHY_RX_C/U0/ClockLane/HSClockingX/aHS
    IDELAY_X1Y124        IDELAYE2 (Prop_idelaye2_IDATAIN_DATAOUT)
                                                      0.816     1.761 r  system_i/MIPI_D_PHY_RX_C/U0/ClockLane/HSClockingX/InputDelay/DATAOUT
                         net (fo=2, routed)           0.519     2.280    system_i/MIPI_D_PHY_RX_C/U0/ClockLane/HSClockingX/HS_ClockDly
    BUFR_X1Y8            BUFR (Prop_bufr_I_O)         1.031     3.311 r  system_i/MIPI_D_PHY_RX_C/U0/ClockLane/HSClockingX/DivClkBuffer/O
                         net (fo=373, routed)         0.885     4.196    system_i/MIPI_CSI_2_RX_C/U0/MIPI_CSI2_Rx_inst/LLP_inst/DataFIFO/U0/inst_fifo_gen/gaxis_fifo.gaxisf.axisf/grf.rf/gntv_or_sync_fifo.gcx.clkx/rd_pntr_cdc_inst/dest_clk
    SLICE_X102Y114       FDRE                                         r  system_i/MIPI_CSI_2_RX_C/U0/MIPI_CSI2_Rx_inst/LLP_inst/DataFIFO/U0/inst_fifo_gen/gaxis_fifo.gaxisf.axisf/grf.rf/gntv_or_sync_fifo.gcx.clkx/rd_pntr_cdc_inst/dest_graysync_ff_reg[0][4]/C
                         clock pessimism              0.000     4.196    
    SLICE_X102Y114       FDRE (Hold_fdre_C_D)         0.230     4.426    system_i/MIPI_CSI_2_RX_C/U0/MIPI_CSI2_Rx_inst/LLP_inst/DataFIFO/U0/inst_fifo_gen/gaxis_fifo.gaxisf.axisf/grf.rf/gntv_or_sync_fifo.gcx.clkx/rd_pntr_cdc_inst/dest_graysync_ff_reg[0][4]
  -------------------------------------------------------------------
                         data arrival                           7.409    
                         clock arrival                          4.426    
  -------------------------------------------------------------------
                         relative delay                         2.983    



Id: 6
set_bus_skew -from [get_cells [list {system_i/MIPI_CSI_2_RX_C/U0/MIPI_CSI2_Rx_inst/LLP_inst/DataFIFO/U0/inst_fifo_gen/gaxis_fifo.gaxisf.axisf/grf.rf/gntv_or_sync_fifo.gcx.clkx/wr_pntr_cdc_inst/src_gray_ff_reg[0]} {system_i/MIPI_CSI_2_RX_C/U0/MIPI_CSI2_Rx_inst/LLP_inst/DataFIFO/U0/inst_fifo_gen/gaxis_fifo.gaxisf.axisf/grf.rf/gntv_or_sync_fifo.gcx.clkx/wr_pntr_cdc_inst/src_gray_ff_reg[1]} {system_i/MIPI_CSI_2_RX_C/U0/MIPI_CSI2_Rx_inst/LLP_inst/DataFIFO/U0/inst_fifo_gen/gaxis_fifo.gaxisf.axisf/grf.rf/gntv_or_sync_fifo.gcx.clkx/wr_pntr_cdc_inst/src_gray_ff_reg[2]} {system_i/MIPI_CSI_2_RX_C/U0/MIPI_CSI2_Rx_inst/LLP_inst/DataFIFO/U0/inst_fifo_gen/gaxis_fifo.gaxisf.axisf/grf.rf/gntv_or_sync_fifo.gcx.clkx/wr_pntr_cdc_inst/src_gray_ff_reg[3]} {system_i/MIPI_CSI_2_RX_C/U0/MIPI_CSI2_Rx_inst/LLP_inst/DataFIFO/U0/inst_fifo_gen/gaxis_fifo.gaxisf.axisf/grf.rf/gntv_or_sync_fifo.gcx.clkx/wr_pntr_cdc_inst/src_gray_ff_reg[4]}]] -to [get_cells [list {system_i/MIPI_CSI_2_RX_C/U0/MIPI_CSI2_Rx_inst/LLP_inst/DataFIFO/U0/inst_fifo_gen/gaxis_fifo.gaxisf.axisf/grf.rf/gntv_or_sync_fifo.gcx.clkx/wr_pntr_cdc_inst/dest_graysync_ff_reg[0][0]} {system_i/MIPI_CSI_2_RX_C/U0/MIPI_CSI2_Rx_inst/LLP_inst/DataFIFO/U0/inst_fifo_gen/gaxis_fifo.gaxisf.axisf/grf.rf/gntv_or_sync_fifo.gcx.clkx/wr_pntr_cdc_inst/dest_graysync_ff_reg[0][1]} {system_i/MIPI_CSI_2_RX_C/U0/MIPI_CSI2_Rx_inst/LLP_inst/DataFIFO/U0/inst_fifo_gen/gaxis_fifo.gaxisf.axisf/grf.rf/gntv_or_sync_fifo.gcx.clkx/wr_pntr_cdc_inst/dest_graysync_ff_reg[0][2]} {system_i/MIPI_CSI_2_RX_C/U0/MIPI_CSI2_Rx_inst/LLP_inst/DataFIFO/U0/inst_fifo_gen/gaxis_fifo.gaxisf.axisf/grf.rf/gntv_or_sync_fifo.gcx.clkx/wr_pntr_cdc_inst/dest_graysync_ff_reg[0][3]} {system_i/MIPI_CSI_2_RX_C/U0/MIPI_CSI2_Rx_inst/LLP_inst/DataFIFO/U0/inst_fifo_gen/gaxis_fifo.gaxisf.axisf/grf.rf/gntv_or_sync_fifo.gcx.clkx/wr_pntr_cdc_inst/dest_graysync_ff_reg[0][4]}]] 6.667
Requirement: 6.667ns
Endpoints: 5

From Clock            To Clock              Endpoint Pin                    Reference Pin                   Corner  Actual(ns)  Slack(ns)
--------------------  --------------------  ------------------------------  ------------------------------  ------  ----------  ---------
MIPI_D_PHY_RX_2_RxByteClkHS
                      clk_out2_system_clk_wiz_0_0
                                            system_i/MIPI_CSI_2_RX_C/U0/MIPI_CSI2_Rx_inst/LLP_inst/DataFIFO/U0/inst_fifo_gen/gaxis_fifo.gaxisf.axisf/grf.rf/gntv_or_sync_fifo.gcx.clkx/wr_pntr_cdc_inst/dest_graysync_ff_reg[0][1]/D
                                                                            system_i/MIPI_CSI_2_RX_C/U0/MIPI_CSI2_Rx_inst/LLP_inst/DataFIFO/U0/inst_fifo_gen/gaxis_fifo.gaxisf.axisf/grf.rf/gntv_or_sync_fifo.gcx.clkx/wr_pntr_cdc_inst/dest_graysync_ff_reg[0][2]/D
                                                                                                            Slow         0.657      6.010


Slack (MET) :             6.010ns  (requirement - actual skew)
  Endpoint Source:        system_i/MIPI_CSI_2_RX_C/U0/MIPI_CSI2_Rx_inst/LLP_inst/DataFIFO/U0/inst_fifo_gen/gaxis_fifo.gaxisf.axisf/grf.rf/gntv_or_sync_fifo.gcx.clkx/wr_pntr_cdc_inst/src_gray_ff_reg[1]/C
                            (rising edge-triggered cell FDRE clocked by MIPI_D_PHY_RX_2_RxByteClkHS)
  Endpoint Destination:   system_i/MIPI_CSI_2_RX_C/U0/MIPI_CSI2_Rx_inst/LLP_inst/DataFIFO/U0/inst_fifo_gen/gaxis_fifo.gaxisf.axisf/grf.rf/gntv_or_sync_fifo.gcx.clkx/wr_pntr_cdc_inst/dest_graysync_ff_reg[0][1]/D
                            (rising edge-triggered cell FDRE clocked by clk_out2_system_clk_wiz_0_0)
  Reference Source:       system_i/MIPI_CSI_2_RX_C/U0/MIPI_CSI2_Rx_inst/LLP_inst/DataFIFO/U0/inst_fifo_gen/gaxis_fifo.gaxisf.axisf/grf.rf/gntv_or_sync_fifo.gcx.clkx/wr_pntr_cdc_inst/src_gray_ff_reg[2]/C
                            (rising edge-triggered cell FDRE clocked by MIPI_D_PHY_RX_2_RxByteClkHS)
  Reference Destination:  system_i/MIPI_CSI_2_RX_C/U0/MIPI_CSI2_Rx_inst/LLP_inst/DataFIFO/U0/inst_fifo_gen/gaxis_fifo.gaxisf.axisf/grf.rf/gntv_or_sync_fifo.gcx.clkx/wr_pntr_cdc_inst/dest_graysync_ff_reg[0][2]/D
                            (rising edge-triggered cell FDRE clocked by clk_out2_system_clk_wiz_0_0)
  Path Type:              Bus Skew (Max at Slow Process Corner)
  Requirement:            6.667ns
  Endpoint Relative Delay:   -1.094ns
  Reference Relative Delay:  -2.699ns
  Relative CRPR:              0.948ns
  Actual Bus Skew:            0.657ns  (Endpoint Relative Delay - Reference Relative Delay - Relative CRPR)

Endpoint path:
    Location             Delay type                Incr(ns)  Path(ns)    Netlist Resource(s)
  -------------------------------------------------------------------    -------------------
                         (clock MIPI_D_PHY_RX_2_RxByteClkHS rise edge)
                                                      0.000     0.000 r  
    B19                                               0.000     0.000 r  dphy_c_hs_clock_clk_p (IN)
                         net (fo=0)                   0.000     0.000    system_i/MIPI_D_PHY_RX_C/U0/ClockInputBuffer/dphy_clk_hs_p
    B19                  IBUFDS (Prop_ibufds_I_O)     0.945     0.945 r  system_i/MIPI_D_PHY_RX_C/U0/ClockInputBuffer/LaneHighSpeed/O
                         net (fo=1, routed)           0.000     0.945    system_i/MIPI_D_PHY_RX_C/U0/ClockLane/HSClockingX/aHS
    IDELAY_X1Y124        IDELAYE2 (Prop_idelaye2_IDATAIN_DATAOUT)
                                                      0.816     1.761 r  system_i/MIPI_D_PHY_RX_C/U0/ClockLane/HSClockingX/InputDelay/DATAOUT
                         net (fo=2, routed)           0.519     2.280    system_i/MIPI_D_PHY_RX_C/U0/ClockLane/HSClockingX/HS_ClockDly
    BUFR_X1Y8            BUFR (Prop_bufr_I_O)         1.031     3.311 r  system_i/MIPI_D_PHY_RX_C/U0/ClockLane/HSClockingX/DivClkBuffer/O
                         net (fo=373, routed)         0.815     4.126    system_i/MIPI_CSI_2_RX_C/U0/MIPI_CSI2_Rx_inst/LLP_inst/DataFIFO/U0/inst_fifo_gen/gaxis_fifo.gaxisf.axisf/grf.rf/gntv_or_sync_fifo.gcx.clkx/wr_pntr_cdc_inst/src_clk
    SLICE_X112Y116       FDRE                                         r  system_i/MIPI_CSI_2_RX_C/U0/MIPI_CSI2_Rx_inst/LLP_inst/DataFIFO/U0/inst_fifo_gen/gaxis_fifo.gaxisf.axisf/grf.rf/gntv_or_sync_fifo.gcx.clkx/wr_pntr_cdc_inst/src_gray_ff_reg[1]/C
  -------------------------------------------------------------------    -------------------
    SLICE_X112Y116       FDRE (Prop_fdre_C_Q)         0.478     4.604 r  system_i/MIPI_CSI_2_RX_C/U0/MIPI_CSI2_Rx_inst/LLP_inst/DataFIFO/U0/inst_fifo_gen/gaxis_fifo.gaxisf.axisf/grf.rf/gntv_or_sync_fifo.gcx.clkx/wr_pntr_cdc_inst/src_gray_ff_reg[1]/Q
                         net (fo=1, routed)           0.579     5.183    system_i/MIPI_CSI_2_RX_C/U0/MIPI_CSI2_Rx_inst/LLP_inst/DataFIFO/U0/inst_fifo_gen/gaxis_fifo.gaxisf.axisf/grf.rf/gntv_or_sync_fifo.gcx.clkx/wr_pntr_cdc_inst/async_path[1]
    SLICE_X109Y117       FDRE                                         r  system_i/MIPI_CSI_2_RX_C/U0/MIPI_CSI2_Rx_inst/LLP_inst/DataFIFO/U0/inst_fifo_gen/gaxis_fifo.gaxisf.axisf/grf.rf/gntv_or_sync_fifo.gcx.clkx/wr_pntr_cdc_inst/dest_graysync_ff_reg[0][1]/D
  -------------------------------------------------------------------    -------------------

                         (clock clk_out2_system_clk_wiz_0_0 rise edge)
                                                      0.000     0.000 r  
    PS7_X0Y0             PS7                          0.000     0.000 r  system_i/processing_system7_0/inst/PS7_i/FCLKCLK[0]
                         net (fo=1, routed)           1.088     1.088    system_i/processing_system7_0/inst/FCLK_CLK_unbuffered[0]
    BUFGCTRL_X0Y16       BUFG (Prop_bufg_I_O)         0.091     1.179 r  system_i/processing_system7_0/inst/buffer_fclk_clk_0.FCLK_CLK_0_BUFG/O
                         net (fo=2, routed)           1.612     2.791    system_i/clk_wiz_0/inst/clk_in1
    MMCME2_ADV_X1Y0      MMCME2_ADV (Prop_mmcme2_adv_CLKIN1_CLKOUT1)
                                                      0.083     2.874 r  system_i/clk_wiz_0/inst/mmcm_adv_inst/CLKOUT1
                         net (fo=1, routed)           1.725     4.600    system_i/clk_wiz_0/inst/clk_out2_system_clk_wiz_0_0
    BUFGCTRL_X0Y0        BUFG (Prop_bufg_I_O)         0.091     4.691 r  system_i/clk_wiz_0/inst/clkout2_buf/O
                         net (fo=50854, routed)       1.852     6.543    system_i/MIPI_CSI_2_RX_C/U0/MIPI_CSI2_Rx_inst/LLP_inst/DataFIFO/U0/inst_fifo_gen/gaxis_fifo.gaxisf.axisf/grf.rf/gntv_or_sync_fifo.gcx.clkx/wr_pntr_cdc_inst/dest_clk
    SLICE_X109Y117       FDRE                                         r  system_i/MIPI_CSI_2_RX_C/U0/MIPI_CSI2_Rx_inst/LLP_inst/DataFIFO/U0/inst_fifo_gen/gaxis_fifo.gaxisf.axisf/grf.rf/gntv_or_sync_fifo.gcx.clkx/wr_pntr_cdc_inst/dest_graysync_ff_reg[0][1]/C
                         clock pessimism              0.000     6.543    
    SLICE_X109Y117       FDRE (Setup_fdre_C_D)       -0.266     6.277    system_i/MIPI_CSI_2_RX_C/U0/MIPI_CSI2_Rx_inst/LLP_inst/DataFIFO/U0/inst_fifo_gen/gaxis_fifo.gaxisf.axisf/grf.rf/gntv_or_sync_fifo.gcx.clkx/wr_pntr_cdc_inst/dest_graysync_ff_reg[0][1]
  -------------------------------------------------------------------
                         data arrival                           5.183    
                         clock arrival                          6.277    
  -------------------------------------------------------------------
                         relative delay                        -1.094    

Reference path:
    Location             Delay type                Incr(ns)  Path(ns)    Netlist Resource(s)
  -------------------------------------------------------------------    -------------------
                         (clock MIPI_D_PHY_RX_2_RxByteClkHS rise edge)
                                                      0.000     0.000 r  
    B19                                               0.000     0.000 r  dphy_c_hs_clock_clk_p (IN)
                         net (fo=0)                   0.000     0.000    system_i/MIPI_D_PHY_RX_C/U0/ClockInputBuffer/dphy_clk_hs_p
    B19                  IBUFDS (Prop_ibufds_I_O)     0.902     0.902 r  system_i/MIPI_D_PHY_RX_C/U0/ClockInputBuffer/LaneHighSpeed/O
                         net (fo=1, routed)           0.000     0.902    system_i/MIPI_D_PHY_RX_C/U0/ClockLane/HSClockingX/aHS
    IDELAY_X1Y124        IDELAYE2 (Prop_idelaye2_IDATAIN_DATAOUT)
                                                      0.756     1.658 r  system_i/MIPI_D_PHY_RX_C/U0/ClockLane/HSClockingX/InputDelay/DATAOUT
                         net (fo=2, routed)           0.467     2.125    system_i/MIPI_D_PHY_RX_C/U0/ClockLane/HSClockingX/HS_ClockDly
    BUFR_X1Y8            BUFR (Prop_bufr_I_O)         0.918     3.043 r  system_i/MIPI_D_PHY_RX_C/U0/ClockLane/HSClockingX/DivClkBuffer/O
                         net (fo=373, routed)         0.755     3.798    system_i/MIPI_CSI_2_RX_C/U0/MIPI_CSI2_Rx_inst/LLP_inst/DataFIFO/U0/inst_fifo_gen/gaxis_fifo.gaxisf.axisf/grf.rf/gntv_or_sync_fifo.gcx.clkx/wr_pntr_cdc_inst/src_clk
    SLICE_X112Y116       FDRE                                         r  system_i/MIPI_CSI_2_RX_C/U0/MIPI_CSI2_Rx_inst/LLP_inst/DataFIFO/U0/inst_fifo_gen/gaxis_fifo.gaxisf.axisf/grf.rf/gntv_or_sync_fifo.gcx.clkx/wr_pntr_cdc_inst/src_gray_ff_reg[2]/C
  -------------------------------------------------------------------    -------------------
    SLICE_X112Y116       FDRE (Prop_fdre_C_Q)         0.418     4.216 r  system_i/MIPI_CSI_2_RX_C/U0/MIPI_CSI2_Rx_inst/LLP_inst/DataFIFO/U0/inst_fifo_gen/gaxis_fifo.gaxisf.axisf/grf.rf/gntv_or_sync_fifo.gcx.clkx/wr_pntr_cdc_inst/src_gray_ff_reg[2]/Q
                         net (fo=1, routed)           0.485     4.700    system_i/MIPI_CSI_2_RX_C/U0/MIPI_CSI2_Rx_inst/LLP_inst/DataFIFO/U0/inst_fifo_gen/gaxis_fifo.gaxisf.axisf/grf.rf/gntv_or_sync_fifo.gcx.clkx/wr_pntr_cdc_inst/async_path[2]
    SLICE_X110Y117       FDRE                                         r  system_i/MIPI_CSI_2_RX_C/U0/MIPI_CSI2_Rx_inst/LLP_inst/DataFIFO/U0/inst_fifo_gen/gaxis_fifo.gaxisf.axisf/grf.rf/gntv_or_sync_fifo.gcx.clkx/wr_pntr_cdc_inst/dest_graysync_ff_reg[0][2]/D
  -------------------------------------------------------------------    -------------------

                         (clock clk_out2_system_clk_wiz_0_0 rise edge)
                                                      0.000     0.000 r  
    PS7_X0Y0             PS7                          0.000     0.000 r  system_i/processing_system7_0/inst/PS7_i/FCLKCLK[0]
                         net (fo=1, routed)           1.193     1.193    system_i/processing_system7_0/inst/FCLK_CLK_unbuffered[0]
    BUFGCTRL_X0Y16       BUFG (Prop_bufg_I_O)         0.101     1.294 r  system_i/processing_system7_0/inst/buffer_fclk_clk_0.FCLK_CLK_0_BUFG/O
                         net (fo=2, routed)           1.806     3.100    system_i/clk_wiz_0/inst/clk_in1
    MMCME2_ADV_X1Y0      MMCME2_ADV (Prop_mmcme2_adv_CLKIN1_CLKOUT1)
                                                      0.088     3.188 r  system_i/clk_wiz_0/inst/mmcm_adv_inst/CLKOUT1
                         net (fo=1, routed)           1.889     5.077    system_i/clk_wiz_0/inst/clk_out2_system_clk_wiz_0_0
    BUFGCTRL_X0Y0        BUFG (Prop_bufg_I_O)         0.101     5.178 r  system_i/clk_wiz_0/inst/clkout2_buf/O
                         net (fo=50854, routed)       2.051     7.229    system_i/MIPI_CSI_2_RX_C/U0/MIPI_CSI2_Rx_inst/LLP_inst/DataFIFO/U0/inst_fifo_gen/gaxis_fifo.gaxisf.axisf/grf.rf/gntv_or_sync_fifo.gcx.clkx/wr_pntr_cdc_inst/dest_clk
    SLICE_X110Y117       FDRE                                         r  system_i/MIPI_CSI_2_RX_C/U0/MIPI_CSI2_Rx_inst/LLP_inst/DataFIFO/U0/inst_fifo_gen/gaxis_fifo.gaxisf.axisf/grf.rf/gntv_or_sync_fifo.gcx.clkx/wr_pntr_cdc_inst/dest_graysync_ff_reg[0][2]/C
                         clock pessimism              0.000     7.229    
    SLICE_X110Y117       FDRE (Hold_fdre_C_D)         0.170     7.399    system_i/MIPI_CSI_2_RX_C/U0/MIPI_CSI2_Rx_inst/LLP_inst/DataFIFO/U0/inst_fifo_gen/gaxis_fifo.gaxisf.axisf/grf.rf/gntv_or_sync_fifo.gcx.clkx/wr_pntr_cdc_inst/dest_graysync_ff_reg[0][2]
  -------------------------------------------------------------------
                         data arrival                           4.700    
                         clock arrival                          7.399    
  -------------------------------------------------------------------
                         relative delay                        -2.699    



Id: 7
set_bus_skew -from [get_cells [list {system_i/MIPI_CSI_2_RX_D/U0/MIPI_CSI2_Rx_inst/LLP_inst/DataFIFO/U0/inst_fifo_gen/gaxis_fifo.gaxisf.axisf/grf.rf/gntv_or_sync_fifo.gcx.clkx/rd_pntr_cdc_inst/src_gray_ff_reg[0]} {system_i/MIPI_CSI_2_RX_D/U0/MIPI_CSI2_Rx_inst/LLP_inst/DataFIFO/U0/inst_fifo_gen/gaxis_fifo.gaxisf.axisf/grf.rf/gntv_or_sync_fifo.gcx.clkx/rd_pntr_cdc_inst/src_gray_ff_reg[1]} {system_i/MIPI_CSI_2_RX_D/U0/MIPI_CSI2_Rx_inst/LLP_inst/DataFIFO/U0/inst_fifo_gen/gaxis_fifo.gaxisf.axisf/grf.rf/gntv_or_sync_fifo.gcx.clkx/rd_pntr_cdc_inst/src_gray_ff_reg[2]} {system_i/MIPI_CSI_2_RX_D/U0/MIPI_CSI2_Rx_inst/LLP_inst/DataFIFO/U0/inst_fifo_gen/gaxis_fifo.gaxisf.axisf/grf.rf/gntv_or_sync_fifo.gcx.clkx/rd_pntr_cdc_inst/src_gray_ff_reg[3]} {system_i/MIPI_CSI_2_RX_D/U0/MIPI_CSI2_Rx_inst/LLP_inst/DataFIFO/U0/inst_fifo_gen/gaxis_fifo.gaxisf.axisf/grf.rf/gntv_or_sync_fifo.gcx.clkx/rd_pntr_cdc_inst/src_gray_ff_reg[4]}]] -to [get_cells [list {system_i/MIPI_CSI_2_RX_D/U0/MIPI_CSI2_Rx_inst/LLP_inst/DataFIFO/U0/inst_fifo_gen/gaxis_fifo.gaxisf.axisf/grf.rf/gntv_or_sync_fifo.gcx.clkx/rd_pntr_cdc_inst/dest_graysync_ff_reg[0][0]} {system_i/MIPI_CSI_2_RX_D/U0/MIPI_CSI2_Rx_inst/LLP_inst/DataFIFO/U0/inst_fifo_gen/gaxis_fifo.gaxisf.axisf/grf.rf/gntv_or_sync_fifo.gcx.clkx/rd_pntr_cdc_inst/dest_graysync_ff_reg[0][1]} {system_i/MIPI_CSI_2_RX_D/U0/MIPI_CSI2_Rx_inst/LLP_inst/DataFIFO/U0/inst_fifo_gen/gaxis_fifo.gaxisf.axisf/grf.rf/gntv_or_sync_fifo.gcx.clkx/rd_pntr_cdc_inst/dest_graysync_ff_reg[0][2]} {system_i/MIPI_CSI_2_RX_D/U0/MIPI_CSI2_Rx_inst/LLP_inst/DataFIFO/U0/inst_fifo_gen/gaxis_fifo.gaxisf.axisf/grf.rf/gntv_or_sync_fifo.gcx.clkx/rd_pntr_cdc_inst/dest_graysync_ff_reg[0][3]} {system_i/MIPI_CSI_2_RX_D/U0/MIPI_CSI2_Rx_inst/LLP_inst/DataFIFO/U0/inst_fifo_gen/gaxis_fifo.gaxisf.axisf/grf.rf/gntv_or_sync_fifo.gcx.clkx/rd_pntr_cdc_inst/dest_graysync_ff_reg[0][4]}]] 6.667
Requirement: 6.667ns
Endpoints: 5

From Clock            To Clock              Endpoint Pin                    Reference Pin                   Corner  Actual(ns)  Slack(ns)
--------------------  --------------------  ------------------------------  ------------------------------  ------  ----------  ---------
clk_out2_system_clk_wiz_0_0
                      MIPI_D_PHY_RX_3_RxByteClkHS
                                            system_i/MIPI_CSI_2_RX_D/U0/MIPI_CSI2_Rx_inst/LLP_inst/DataFIFO/U0/inst_fifo_gen/gaxis_fifo.gaxisf.axisf/grf.rf/gntv_or_sync_fifo.gcx.clkx/rd_pntr_cdc_inst/dest_graysync_ff_reg[0][1]/D
                                                                            system_i/MIPI_CSI_2_RX_D/U0/MIPI_CSI2_Rx_inst/LLP_inst/DataFIFO/U0/inst_fifo_gen/gaxis_fifo.gaxisf.axisf/grf.rf/gntv_or_sync_fifo.gcx.clkx/rd_pntr_cdc_inst/dest_graysync_ff_reg[0][4]/D
                                                                                                            Slow         1.012      5.655


Slack (MET) :             5.655ns  (requirement - actual skew)
  Endpoint Source:        system_i/MIPI_CSI_2_RX_D/U0/MIPI_CSI2_Rx_inst/LLP_inst/DataFIFO/U0/inst_fifo_gen/gaxis_fifo.gaxisf.axisf/grf.rf/gntv_or_sync_fifo.gcx.clkx/rd_pntr_cdc_inst/src_gray_ff_reg[1]/C
                            (rising edge-triggered cell FDRE clocked by clk_out2_system_clk_wiz_0_0)
  Endpoint Destination:   system_i/MIPI_CSI_2_RX_D/U0/MIPI_CSI2_Rx_inst/LLP_inst/DataFIFO/U0/inst_fifo_gen/gaxis_fifo.gaxisf.axisf/grf.rf/gntv_or_sync_fifo.gcx.clkx/rd_pntr_cdc_inst/dest_graysync_ff_reg[0][1]/D
                            (rising edge-triggered cell FDRE clocked by MIPI_D_PHY_RX_3_RxByteClkHS)
  Reference Source:       system_i/MIPI_CSI_2_RX_D/U0/MIPI_CSI2_Rx_inst/LLP_inst/DataFIFO/U0/inst_fifo_gen/gaxis_fifo.gaxisf.axisf/grf.rf/gntv_or_sync_fifo.gcx.clkx/rd_pntr_cdc_inst/src_gray_ff_reg[4]/C
                            (rising edge-triggered cell FDRE clocked by clk_out2_system_clk_wiz_0_0)
  Reference Destination:  system_i/MIPI_CSI_2_RX_D/U0/MIPI_CSI2_Rx_inst/LLP_inst/DataFIFO/U0/inst_fifo_gen/gaxis_fifo.gaxisf.axisf/grf.rf/gntv_or_sync_fifo.gcx.clkx/rd_pntr_cdc_inst/dest_graysync_ff_reg[0][4]/D
                            (rising edge-triggered cell FDRE clocked by MIPI_D_PHY_RX_3_RxByteClkHS)
  Path Type:              Bus Skew (Max at Slow Process Corner)
  Requirement:            6.667ns
  Endpoint Relative Delay:    4.961ns
  Reference Relative Delay:   3.000ns
  Relative CRPR:              0.949ns
  Actual Bus Skew:            1.012ns  (Endpoint Relative Delay - Reference Relative Delay - Relative CRPR)

Endpoint path:
    Location             Delay type                Incr(ns)  Path(ns)    Netlist Resource(s)
  -------------------------------------------------------------------    -------------------
                         (clock clk_out2_system_clk_wiz_0_0 rise edge)
                                                      0.000     0.000 r  
    PS7_X0Y0             PS7                          0.000     0.000 r  system_i/processing_system7_0/inst/PS7_i/FCLKCLK[0]
                         net (fo=1, routed)           1.193     1.193    system_i/processing_system7_0/inst/FCLK_CLK_unbuffered[0]
    BUFGCTRL_X0Y16       BUFG (Prop_bufg_I_O)         0.101     1.294 r  system_i/processing_system7_0/inst/buffer_fclk_clk_0.FCLK_CLK_0_BUFG/O
                         net (fo=2, routed)           1.806     3.100    system_i/clk_wiz_0/inst/clk_in1
    MMCME2_ADV_X1Y0      MMCME2_ADV (Prop_mmcme2_adv_CLKIN1_CLKOUT1)
                                                      0.088     3.188 r  system_i/clk_wiz_0/inst/mmcm_adv_inst/CLKOUT1
                         net (fo=1, routed)           1.889     5.077    system_i/clk_wiz_0/inst/clk_out2_system_clk_wiz_0_0
    BUFGCTRL_X0Y0        BUFG (Prop_bufg_I_O)         0.101     5.178 r  system_i/clk_wiz_0/inst/clkout2_buf/O
                         net (fo=50854, routed)       2.050     7.228    system_i/MIPI_CSI_2_RX_D/U0/MIPI_CSI2_Rx_inst/LLP_inst/DataFIFO/U0/inst_fifo_gen/gaxis_fifo.gaxisf.axisf/grf.rf/gntv_or_sync_fifo.gcx.clkx/rd_pntr_cdc_inst/src_clk
    SLICE_X106Y133       FDRE                                         r  system_i/MIPI_CSI_2_RX_D/U0/MIPI_CSI2_Rx_inst/LLP_inst/DataFIFO/U0/inst_fifo_gen/gaxis_fifo.gaxisf.axisf/grf.rf/gntv_or_sync_fifo.gcx.clkx/rd_pntr_cdc_inst/src_gray_ff_reg[1]/C
  -------------------------------------------------------------------    -------------------
    SLICE_X106Y133       FDRE (Prop_fdre_C_Q)         0.419     7.647 r  system_i/MIPI_CSI_2_RX_D/U0/MIPI_CSI2_Rx_inst/LLP_inst/DataFIFO/U0/inst_fifo_gen/gaxis_fifo.gaxisf.axisf/grf.rf/gntv_or_sync_fifo.gcx.clkx/rd_pntr_cdc_inst/src_gray_ff_reg[1]/Q
                         net (fo=1, routed)           0.848     8.495    system_i/MIPI_CSI_2_RX_D/U0/MIPI_CSI2_Rx_inst/LLP_inst/DataFIFO/U0/inst_fifo_gen/gaxis_fifo.gaxisf.axisf/grf.rf/gntv_or_sync_fifo.gcx.clkx/rd_pntr_cdc_inst/async_path[1]
    SLICE_X106Y137       FDRE                                         r  system_i/MIPI_CSI_2_RX_D/U0/MIPI_CSI2_Rx_inst/LLP_inst/DataFIFO/U0/inst_fifo_gen/gaxis_fifo.gaxisf.axisf/grf.rf/gntv_or_sync_fifo.gcx.clkx/rd_pntr_cdc_inst/dest_graysync_ff_reg[0][1]/D
  -------------------------------------------------------------------    -------------------

                         (clock MIPI_D_PHY_RX_3_RxByteClkHS rise edge)
                                                      0.000     0.000 r  
    D20                                               0.000     0.000 r  dphy_d_hs_clock_clk_p (IN)
                         net (fo=0)                   0.000     0.000    system_i/MIPI_D_PHY_RX_D/U0/ClockInputBuffer/dphy_clk_hs_p
    D20                  IBUFDS (Prop_ibufds_I_O)     0.905     0.905 r  system_i/MIPI_D_PHY_RX_D/U0/ClockInputBuffer/LaneHighSpeed/O
                         net (fo=1, routed)           0.000     0.905    system_i/MIPI_D_PHY_RX_D/U0/ClockLane/HSClockingX/aHS
    IDELAY_X1Y122        IDELAYE2 (Prop_idelaye2_IDATAIN_DATAOUT)
                                                      0.756     1.661 r  system_i/MIPI_D_PHY_RX_D/U0/ClockLane/HSClockingX/InputDelay/DATAOUT
                         net (fo=2, routed)           0.467     2.128    system_i/MIPI_D_PHY_RX_D/U0/ClockLane/HSClockingX/HS_ClockDly
    BUFR_X1Y9            BUFR (Prop_bufr_I_O)         0.918     3.046 r  system_i/MIPI_D_PHY_RX_D/U0/ClockLane/HSClockingX/DivClkBuffer/O
                         net (fo=373, routed)         0.758     3.804    system_i/MIPI_CSI_2_RX_D/U0/MIPI_CSI2_Rx_inst/LLP_inst/DataFIFO/U0/inst_fifo_gen/gaxis_fifo.gaxisf.axisf/grf.rf/gntv_or_sync_fifo.gcx.clkx/rd_pntr_cdc_inst/dest_clk
    SLICE_X106Y137       FDRE                                         r  system_i/MIPI_CSI_2_RX_D/U0/MIPI_CSI2_Rx_inst/LLP_inst/DataFIFO/U0/inst_fifo_gen/gaxis_fifo.gaxisf.axisf/grf.rf/gntv_or_sync_fifo.gcx.clkx/rd_pntr_cdc_inst/dest_graysync_ff_reg[0][1]/C
                         clock pessimism              0.000     3.804    
    SLICE_X106Y137       FDRE (Setup_fdre_C_D)       -0.270     3.534    system_i/MIPI_CSI_2_RX_D/U0/MIPI_CSI2_Rx_inst/LLP_inst/DataFIFO/U0/inst_fifo_gen/gaxis_fifo.gaxisf.axisf/grf.rf/gntv_or_sync_fifo.gcx.clkx/rd_pntr_cdc_inst/dest_graysync_ff_reg[0][1]
  -------------------------------------------------------------------
                         data arrival                           8.495    
                         clock arrival                          3.534    
  -------------------------------------------------------------------
                         relative delay                         4.961    

Reference path:
    Location             Delay type                Incr(ns)  Path(ns)    Netlist Resource(s)
  -------------------------------------------------------------------    -------------------
                         (clock clk_out2_system_clk_wiz_0_0 rise edge)
                                                      0.000     0.000 r  
    PS7_X0Y0             PS7                          0.000     0.000 r  system_i/processing_system7_0/inst/PS7_i/FCLKCLK[0]
                         net (fo=1, routed)           1.088     1.088    system_i/processing_system7_0/inst/FCLK_CLK_unbuffered[0]
    BUFGCTRL_X0Y16       BUFG (Prop_bufg_I_O)         0.091     1.179 r  system_i/processing_system7_0/inst/buffer_fclk_clk_0.FCLK_CLK_0_BUFG/O
                         net (fo=2, routed)           1.612     2.791    system_i/clk_wiz_0/inst/clk_in1
    MMCME2_ADV_X1Y0      MMCME2_ADV (Prop_mmcme2_adv_CLKIN1_CLKOUT1)
                                                      0.083     2.874 r  system_i/clk_wiz_0/inst/mmcm_adv_inst/CLKOUT1
                         net (fo=1, routed)           1.725     4.600    system_i/clk_wiz_0/inst/clk_out2_system_clk_wiz_0_0
    BUFGCTRL_X0Y0        BUFG (Prop_bufg_I_O)         0.091     4.691 r  system_i/clk_wiz_0/inst/clkout2_buf/O
                         net (fo=50854, routed)       1.783     6.474    system_i/MIPI_CSI_2_RX_D/U0/MIPI_CSI2_Rx_inst/LLP_inst/DataFIFO/U0/inst_fifo_gen/gaxis_fifo.gaxisf.axisf/grf.rf/gntv_or_sync_fifo.gcx.clkx/rd_pntr_cdc_inst/src_clk
    SLICE_X105Y138       FDRE                                         r  system_i/MIPI_CSI_2_RX_D/U0/MIPI_CSI2_Rx_inst/LLP_inst/DataFIFO/U0/inst_fifo_gen/gaxis_fifo.gaxisf.axisf/grf.rf/gntv_or_sync_fifo.gcx.clkx/rd_pntr_cdc_inst/src_gray_ff_reg[4]/C
  -------------------------------------------------------------------    -------------------
    SLICE_X105Y138       FDRE (Prop_fdre_C_Q)         0.367     6.841 r  system_i/MIPI_CSI_2_RX_D/U0/MIPI_CSI2_Rx_inst/LLP_inst/DataFIFO/U0/inst_fifo_gen/gaxis_fifo.gaxisf.axisf/grf.rf/gntv_or_sync_fifo.gcx.clkx/rd_pntr_cdc_inst/src_gray_ff_reg[4]/Q
                         net (fo=1, routed)           0.463     7.303    system_i/MIPI_CSI_2_RX_D/U0/MIPI_CSI2_Rx_inst/LLP_inst/DataFIFO/U0/inst_fifo_gen/gaxis_fifo.gaxisf.axisf/grf.rf/gntv_or_sync_fifo.gcx.clkx/rd_pntr_cdc_inst/async_path[4]
    SLICE_X106Y137       FDRE                                         r  system_i/MIPI_CSI_2_RX_D/U0/MIPI_CSI2_Rx_inst/LLP_inst/DataFIFO/U0/inst_fifo_gen/gaxis_fifo.gaxisf.axisf/grf.rf/gntv_or_sync_fifo.gcx.clkx/rd_pntr_cdc_inst/dest_graysync_ff_reg[0][4]/D
  -------------------------------------------------------------------    -------------------

                         (clock MIPI_D_PHY_RX_3_RxByteClkHS rise edge)
                                                      0.000     0.000 r  
    D20                                               0.000     0.000 r  dphy_d_hs_clock_clk_p (IN)
                         net (fo=0)                   0.000     0.000    system_i/MIPI_D_PHY_RX_D/U0/ClockInputBuffer/dphy_clk_hs_p
    D20                  IBUFDS (Prop_ibufds_I_O)     0.948     0.948 r  system_i/MIPI_D_PHY_RX_D/U0/ClockInputBuffer/LaneHighSpeed/O
                         net (fo=1, routed)           0.000     0.948    system_i/MIPI_D_PHY_RX_D/U0/ClockLane/HSClockingX/aHS
    IDELAY_X1Y122        IDELAYE2 (Prop_idelaye2_IDATAIN_DATAOUT)
                                                      0.816     1.764 r  system_i/MIPI_D_PHY_RX_D/U0/ClockLane/HSClockingX/InputDelay/DATAOUT
                         net (fo=2, routed)           0.519     2.283    system_i/MIPI_D_PHY_RX_D/U0/ClockLane/HSClockingX/HS_ClockDly
    BUFR_X1Y9            BUFR (Prop_bufr_I_O)         1.031     3.314 r  system_i/MIPI_D_PHY_RX_D/U0/ClockLane/HSClockingX/DivClkBuffer/O
                         net (fo=373, routed)         0.819     4.133    system_i/MIPI_CSI_2_RX_D/U0/MIPI_CSI2_Rx_inst/LLP_inst/DataFIFO/U0/inst_fifo_gen/gaxis_fifo.gaxisf.axisf/grf.rf/gntv_or_sync_fifo.gcx.clkx/rd_pntr_cdc_inst/dest_clk
    SLICE_X106Y137       FDRE                                         r  system_i/MIPI_CSI_2_RX_D/U0/MIPI_CSI2_Rx_inst/LLP_inst/DataFIFO/U0/inst_fifo_gen/gaxis_fifo.gaxisf.axisf/grf.rf/gntv_or_sync_fifo.gcx.clkx/rd_pntr_cdc_inst/dest_graysync_ff_reg[0][4]/C
                         clock pessimism              0.000     4.133    
    SLICE_X106Y137       FDRE (Hold_fdre_C_D)         0.170     4.303    system_i/MIPI_CSI_2_RX_D/U0/MIPI_CSI2_Rx_inst/LLP_inst/DataFIFO/U0/inst_fifo_gen/gaxis_fifo.gaxisf.axisf/grf.rf/gntv_or_sync_fifo.gcx.clkx/rd_pntr_cdc_inst/dest_graysync_ff_reg[0][4]
  -------------------------------------------------------------------
                         data arrival                           7.303    
                         clock arrival                          4.303    
  -------------------------------------------------------------------
                         relative delay                         3.000    



Id: 8
set_bus_skew -from [get_cells [list {system_i/MIPI_CSI_2_RX_D/U0/MIPI_CSI2_Rx_inst/LLP_inst/DataFIFO/U0/inst_fifo_gen/gaxis_fifo.gaxisf.axisf/grf.rf/gntv_or_sync_fifo.gcx.clkx/wr_pntr_cdc_inst/src_gray_ff_reg[0]} {system_i/MIPI_CSI_2_RX_D/U0/MIPI_CSI2_Rx_inst/LLP_inst/DataFIFO/U0/inst_fifo_gen/gaxis_fifo.gaxisf.axisf/grf.rf/gntv_or_sync_fifo.gcx.clkx/wr_pntr_cdc_inst/src_gray_ff_reg[1]} {system_i/MIPI_CSI_2_RX_D/U0/MIPI_CSI2_Rx_inst/LLP_inst/DataFIFO/U0/inst_fifo_gen/gaxis_fifo.gaxisf.axisf/grf.rf/gntv_or_sync_fifo.gcx.clkx/wr_pntr_cdc_inst/src_gray_ff_reg[2]} {system_i/MIPI_CSI_2_RX_D/U0/MIPI_CSI2_Rx_inst/LLP_inst/DataFIFO/U0/inst_fifo_gen/gaxis_fifo.gaxisf.axisf/grf.rf/gntv_or_sync_fifo.gcx.clkx/wr_pntr_cdc_inst/src_gray_ff_reg[3]} {system_i/MIPI_CSI_2_RX_D/U0/MIPI_CSI2_Rx_inst/LLP_inst/DataFIFO/U0/inst_fifo_gen/gaxis_fifo.gaxisf.axisf/grf.rf/gntv_or_sync_fifo.gcx.clkx/wr_pntr_cdc_inst/src_gray_ff_reg[4]}]] -to [get_cells [list {system_i/MIPI_CSI_2_RX_D/U0/MIPI_CSI2_Rx_inst/LLP_inst/DataFIFO/U0/inst_fifo_gen/gaxis_fifo.gaxisf.axisf/grf.rf/gntv_or_sync_fifo.gcx.clkx/wr_pntr_cdc_inst/dest_graysync_ff_reg[0][0]} {system_i/MIPI_CSI_2_RX_D/U0/MIPI_CSI2_Rx_inst/LLP_inst/DataFIFO/U0/inst_fifo_gen/gaxis_fifo.gaxisf.axisf/grf.rf/gntv_or_sync_fifo.gcx.clkx/wr_pntr_cdc_inst/dest_graysync_ff_reg[0][1]} {system_i/MIPI_CSI_2_RX_D/U0/MIPI_CSI2_Rx_inst/LLP_inst/DataFIFO/U0/inst_fifo_gen/gaxis_fifo.gaxisf.axisf/grf.rf/gntv_or_sync_fifo.gcx.clkx/wr_pntr_cdc_inst/dest_graysync_ff_reg[0][2]} {system_i/MIPI_CSI_2_RX_D/U0/MIPI_CSI2_Rx_inst/LLP_inst/DataFIFO/U0/inst_fifo_gen/gaxis_fifo.gaxisf.axisf/grf.rf/gntv_or_sync_fifo.gcx.clkx/wr_pntr_cdc_inst/dest_graysync_ff_reg[0][3]} {system_i/MIPI_CSI_2_RX_D/U0/MIPI_CSI2_Rx_inst/LLP_inst/DataFIFO/U0/inst_fifo_gen/gaxis_fifo.gaxisf.axisf/grf.rf/gntv_or_sync_fifo.gcx.clkx/wr_pntr_cdc_inst/dest_graysync_ff_reg[0][4]}]] 6.667
Requirement: 6.667ns
Endpoints: 5

From Clock            To Clock              Endpoint Pin                    Reference Pin                   Corner  Actual(ns)  Slack(ns)
--------------------  --------------------  ------------------------------  ------------------------------  ------  ----------  ---------
MIPI_D_PHY_RX_3_RxByteClkHS
                      clk_out2_system_clk_wiz_0_0
                                            system_i/MIPI_CSI_2_RX_D/U0/MIPI_CSI2_Rx_inst/LLP_inst/DataFIFO/U0/inst_fifo_gen/gaxis_fifo.gaxisf.axisf/grf.rf/gntv_or_sync_fifo.gcx.clkx/wr_pntr_cdc_inst/dest_graysync_ff_reg[0][2]/D
                                                                            system_i/MIPI_CSI_2_RX_D/U0/MIPI_CSI2_Rx_inst/LLP_inst/DataFIFO/U0/inst_fifo_gen/gaxis_fifo.gaxisf.axisf/grf.rf/gntv_or_sync_fifo.gcx.clkx/wr_pntr_cdc_inst/dest_graysync_ff_reg[0][0]/D
                                                                                                            Slow         1.032      5.635


Slack (MET) :             5.635ns  (requirement - actual skew)
  Endpoint Source:        system_i/MIPI_CSI_2_RX_D/U0/MIPI_CSI2_Rx_inst/LLP_inst/DataFIFO/U0/inst_fifo_gen/gaxis_fifo.gaxisf.axisf/grf.rf/gntv_or_sync_fifo.gcx.clkx/wr_pntr_cdc_inst/src_gray_ff_reg[2]/C
                            (rising edge-triggered cell FDRE clocked by MIPI_D_PHY_RX_3_RxByteClkHS)
  Endpoint Destination:   system_i/MIPI_CSI_2_RX_D/U0/MIPI_CSI2_Rx_inst/LLP_inst/DataFIFO/U0/inst_fifo_gen/gaxis_fifo.gaxisf.axisf/grf.rf/gntv_or_sync_fifo.gcx.clkx/wr_pntr_cdc_inst/dest_graysync_ff_reg[0][2]/D
                            (rising edge-triggered cell FDRE clocked by clk_out2_system_clk_wiz_0_0)
  Reference Source:       system_i/MIPI_CSI_2_RX_D/U0/MIPI_CSI2_Rx_inst/LLP_inst/DataFIFO/U0/inst_fifo_gen/gaxis_fifo.gaxisf.axisf/grf.rf/gntv_or_sync_fifo.gcx.clkx/wr_pntr_cdc_inst/src_gray_ff_reg[0]/C
                            (rising edge-triggered cell FDRE clocked by MIPI_D_PHY_RX_3_RxByteClkHS)
  Reference Destination:  system_i/MIPI_CSI_2_RX_D/U0/MIPI_CSI2_Rx_inst/LLP_inst/DataFIFO/U0/inst_fifo_gen/gaxis_fifo.gaxisf.axisf/grf.rf/gntv_or_sync_fifo.gcx.clkx/wr_pntr_cdc_inst/dest_graysync_ff_reg[0][0]/D
                            (rising edge-triggered cell FDRE clocked by clk_out2_system_clk_wiz_0_0)
  Path Type:              Bus Skew (Max at Slow Process Corner)
  Requirement:            6.667ns
  Endpoint Relative Delay:   -0.814ns
  Reference Relative Delay:  -2.815ns
  Relative CRPR:              0.969ns
  Actual Bus Skew:            1.032ns  (Endpoint Relative Delay - Reference Relative Delay - Relative CRPR)

Endpoint path:
    Location             Delay type                Incr(ns)  Path(ns)    Netlist Resource(s)
  -------------------------------------------------------------------    -------------------
                         (clock MIPI_D_PHY_RX_3_RxByteClkHS rise edge)
                                                      0.000     0.000 r  
    D20                                               0.000     0.000 r  dphy_d_hs_clock_clk_p (IN)
                         net (fo=0)                   0.000     0.000    system_i/MIPI_D_PHY_RX_D/U0/ClockInputBuffer/dphy_clk_hs_p
    D20                  IBUFDS (Prop_ibufds_I_O)     0.948     0.948 r  system_i/MIPI_D_PHY_RX_D/U0/ClockInputBuffer/LaneHighSpeed/O
                         net (fo=1, routed)           0.000     0.948    system_i/MIPI_D_PHY_RX_D/U0/ClockLane/HSClockingX/aHS
    IDELAY_X1Y122        IDELAYE2 (Prop_idelaye2_IDATAIN_DATAOUT)
                                                      0.816     1.764 r  system_i/MIPI_D_PHY_RX_D/U0/ClockLane/HSClockingX/InputDelay/DATAOUT
                         net (fo=2, routed)           0.519     2.283    system_i/MIPI_D_PHY_RX_D/U0/ClockLane/HSClockingX/HS_ClockDly
    BUFR_X1Y9            BUFR (Prop_bufr_I_O)         1.031     3.314 r  system_i/MIPI_D_PHY_RX_D/U0/ClockLane/HSClockingX/DivClkBuffer/O
                         net (fo=373, routed)         0.816     4.130    system_i/MIPI_CSI_2_RX_D/U0/MIPI_CSI2_Rx_inst/LLP_inst/DataFIFO/U0/inst_fifo_gen/gaxis_fifo.gaxisf.axisf/grf.rf/gntv_or_sync_fifo.gcx.clkx/wr_pntr_cdc_inst/src_clk
    SLICE_X108Y134       FDRE                                         r  system_i/MIPI_CSI_2_RX_D/U0/MIPI_CSI2_Rx_inst/LLP_inst/DataFIFO/U0/inst_fifo_gen/gaxis_fifo.gaxisf.axisf/grf.rf/gntv_or_sync_fifo.gcx.clkx/wr_pntr_cdc_inst/src_gray_ff_reg[2]/C
  -------------------------------------------------------------------    -------------------
    SLICE_X108Y134       FDRE (Prop_fdre_C_Q)         0.518     4.648 r  system_i/MIPI_CSI_2_RX_D/U0/MIPI_CSI2_Rx_inst/LLP_inst/DataFIFO/U0/inst_fifo_gen/gaxis_fifo.gaxisf.axisf/grf.rf/gntv_or_sync_fifo.gcx.clkx/wr_pntr_cdc_inst/src_gray_ff_reg[2]/Q
                         net (fo=1, routed)           1.039     5.687    system_i/MIPI_CSI_2_RX_D/U0/MIPI_CSI2_Rx_inst/LLP_inst/DataFIFO/U0/inst_fifo_gen/gaxis_fifo.gaxisf.axisf/grf.rf/gntv_or_sync_fifo.gcx.clkx/wr_pntr_cdc_inst/async_path[2]
    SLICE_X108Y133       FDRE                                         r  system_i/MIPI_CSI_2_RX_D/U0/MIPI_CSI2_Rx_inst/LLP_inst/DataFIFO/U0/inst_fifo_gen/gaxis_fifo.gaxisf.axisf/grf.rf/gntv_or_sync_fifo.gcx.clkx/wr_pntr_cdc_inst/dest_graysync_ff_reg[0][2]/D
  -------------------------------------------------------------------    -------------------

                         (clock clk_out2_system_clk_wiz_0_0 rise edge)
                                                      0.000     0.000 r  
    PS7_X0Y0             PS7                          0.000     0.000 r  system_i/processing_system7_0/inst/PS7_i/FCLKCLK[0]
                         net (fo=1, routed)           1.088     1.088    system_i/processing_system7_0/inst/FCLK_CLK_unbuffered[0]
    BUFGCTRL_X0Y16       BUFG (Prop_bufg_I_O)         0.091     1.179 r  system_i/processing_system7_0/inst/buffer_fclk_clk_0.FCLK_CLK_0_BUFG/O
                         net (fo=2, routed)           1.612     2.791    system_i/clk_wiz_0/inst/clk_in1
    MMCME2_ADV_X1Y0      MMCME2_ADV (Prop_mmcme2_adv_CLKIN1_CLKOUT1)
                                                      0.083     2.874 r  system_i/clk_wiz_0/inst/mmcm_adv_inst/CLKOUT1
                         net (fo=1, routed)           1.725     4.600    system_i/clk_wiz_0/inst/clk_out2_system_clk_wiz_0_0
    BUFGCTRL_X0Y0        BUFG (Prop_bufg_I_O)         0.091     4.691 r  system_i/clk_wiz_0/inst/clkout2_buf/O
                         net (fo=50854, routed)       1.853     6.544    system_i/MIPI_CSI_2_RX_D/U0/MIPI_CSI2_Rx_inst/LLP_inst/DataFIFO/U0/inst_fifo_gen/gaxis_fifo.gaxisf.axisf/grf.rf/gntv_or_sync_fifo.gcx.clkx/wr_pntr_cdc_inst/dest_clk
    SLICE_X108Y133       FDRE                                         r  system_i/MIPI_CSI_2_RX_D/U0/MIPI_CSI2_Rx_inst/LLP_inst/DataFIFO/U0/inst_fifo_gen/gaxis_fifo.gaxisf.axisf/grf.rf/gntv_or_sync_fifo.gcx.clkx/wr_pntr_cdc_inst/dest_graysync_ff_reg[0][2]/C
                         clock pessimism              0.000     6.544    
    SLICE_X108Y133       FDRE (Setup_fdre_C_D)       -0.043     6.501    system_i/MIPI_CSI_2_RX_D/U0/MIPI_CSI2_Rx_inst/LLP_inst/DataFIFO/U0/inst_fifo_gen/gaxis_fifo.gaxisf.axisf/grf.rf/gntv_or_sync_fifo.gcx.clkx/wr_pntr_cdc_inst/dest_graysync_ff_reg[0][2]
  -------------------------------------------------------------------
                         data arrival                           5.687    
                         clock arrival                          6.501    
  -------------------------------------------------------------------
                         relative delay                        -0.814    

Reference path:
    Location             Delay type                Incr(ns)  Path(ns)    Netlist Resource(s)
  -------------------------------------------------------------------    -------------------
                         (clock MIPI_D_PHY_RX_3_RxByteClkHS rise edge)
                                                      0.000     0.000 r  
    D20                                               0.000     0.000 r  dphy_d_hs_clock_clk_p (IN)
                         net (fo=0)                   0.000     0.000    system_i/MIPI_D_PHY_RX_D/U0/ClockInputBuffer/dphy_clk_hs_p
    D20                  IBUFDS (Prop_ibufds_I_O)     0.905     0.905 r  system_i/MIPI_D_PHY_RX_D/U0/ClockInputBuffer/LaneHighSpeed/O
                         net (fo=1, routed)           0.000     0.905    system_i/MIPI_D_PHY_RX_D/U0/ClockLane/HSClockingX/aHS
    IDELAY_X1Y122        IDELAYE2 (Prop_idelaye2_IDATAIN_DATAOUT)
                                                      0.756     1.661 r  system_i/MIPI_D_PHY_RX_D/U0/ClockLane/HSClockingX/InputDelay/DATAOUT
                         net (fo=2, routed)           0.467     2.128    system_i/MIPI_D_PHY_RX_D/U0/ClockLane/HSClockingX/HS_ClockDly
    BUFR_X1Y9            BUFR (Prop_bufr_I_O)         0.918     3.046 r  system_i/MIPI_D_PHY_RX_D/U0/ClockLane/HSClockingX/DivClkBuffer/O
                         net (fo=373, routed)         0.756     3.802    system_i/MIPI_CSI_2_RX_D/U0/MIPI_CSI2_Rx_inst/LLP_inst/DataFIFO/U0/inst_fifo_gen/gaxis_fifo.gaxisf.axisf/grf.rf/gntv_or_sync_fifo.gcx.clkx/wr_pntr_cdc_inst/src_clk
    SLICE_X109Y134       FDRE                                         r  system_i/MIPI_CSI_2_RX_D/U0/MIPI_CSI2_Rx_inst/LLP_inst/DataFIFO/U0/inst_fifo_gen/gaxis_fifo.gaxisf.axisf/grf.rf/gntv_or_sync_fifo.gcx.clkx/wr_pntr_cdc_inst/src_gray_ff_reg[0]/C
  -------------------------------------------------------------------    -------------------
    SLICE_X109Y134       FDRE (Prop_fdre_C_Q)         0.367     4.169 r  system_i/MIPI_CSI_2_RX_D/U0/MIPI_CSI2_Rx_inst/LLP_inst/DataFIFO/U0/inst_fifo_gen/gaxis_fifo.gaxisf.axisf/grf.rf/gntv_or_sync_fifo.gcx.clkx/wr_pntr_cdc_inst/src_gray_ff_reg[0]/Q
                         net (fo=1, routed)           0.413     4.582    system_i/MIPI_CSI_2_RX_D/U0/MIPI_CSI2_Rx_inst/LLP_inst/DataFIFO/U0/inst_fifo_gen/gaxis_fifo.gaxisf.axisf/grf.rf/gntv_or_sync_fifo.gcx.clkx/wr_pntr_cdc_inst/async_path[0]
    SLICE_X109Y133       FDRE                                         r  system_i/MIPI_CSI_2_RX_D/U0/MIPI_CSI2_Rx_inst/LLP_inst/DataFIFO/U0/inst_fifo_gen/gaxis_fifo.gaxisf.axisf/grf.rf/gntv_or_sync_fifo.gcx.clkx/wr_pntr_cdc_inst/dest_graysync_ff_reg[0][0]/D
  -------------------------------------------------------------------    -------------------

                         (clock clk_out2_system_clk_wiz_0_0 rise edge)
                                                      0.000     0.000 r  
    PS7_X0Y0             PS7                          0.000     0.000 r  system_i/processing_system7_0/inst/PS7_i/FCLKCLK[0]
                         net (fo=1, routed)           1.193     1.193    system_i/processing_system7_0/inst/FCLK_CLK_unbuffered[0]
    BUFGCTRL_X0Y16       BUFG (Prop_bufg_I_O)         0.101     1.294 r  system_i/processing_system7_0/inst/buffer_fclk_clk_0.FCLK_CLK_0_BUFG/O
                         net (fo=2, routed)           1.806     3.100    system_i/clk_wiz_0/inst/clk_in1
    MMCME2_ADV_X1Y0      MMCME2_ADV (Prop_mmcme2_adv_CLKIN1_CLKOUT1)
                                                      0.088     3.188 r  system_i/clk_wiz_0/inst/mmcm_adv_inst/CLKOUT1
                         net (fo=1, routed)           1.889     5.077    system_i/clk_wiz_0/inst/clk_out2_system_clk_wiz_0_0
    BUFGCTRL_X0Y0        BUFG (Prop_bufg_I_O)         0.101     5.178 r  system_i/clk_wiz_0/inst/clkout2_buf/O
                         net (fo=50854, routed)       2.050     7.228    system_i/MIPI_CSI_2_RX_D/U0/MIPI_CSI2_Rx_inst/LLP_inst/DataFIFO/U0/inst_fifo_gen/gaxis_fifo.gaxisf.axisf/grf.rf/gntv_or_sync_fifo.gcx.clkx/wr_pntr_cdc_inst/dest_clk
    SLICE_X109Y133       FDRE                                         r  system_i/MIPI_CSI_2_RX_D/U0/MIPI_CSI2_Rx_inst/LLP_inst/DataFIFO/U0/inst_fifo_gen/gaxis_fifo.gaxisf.axisf/grf.rf/gntv_or_sync_fifo.gcx.clkx/wr_pntr_cdc_inst/dest_graysync_ff_reg[0][0]/C
                         clock pessimism              0.000     7.228    
    SLICE_X109Y133       FDRE (Hold_fdre_C_D)         0.169     7.397    system_i/MIPI_CSI_2_RX_D/U0/MIPI_CSI2_Rx_inst/LLP_inst/DataFIFO/U0/inst_fifo_gen/gaxis_fifo.gaxisf.axisf/grf.rf/gntv_or_sync_fifo.gcx.clkx/wr_pntr_cdc_inst/dest_graysync_ff_reg[0][0]
  -------------------------------------------------------------------
                         data arrival                           4.582    
                         clock arrival                          7.397    
  -------------------------------------------------------------------
                         relative delay                        -2.815    



Id: 9
set_bus_skew -from [get_cells [list {system_i/v_axi4s_vid_out_0/inst/COUPLER_INST/generate_async_fifo.FIFO_INST/XPM_FIFO_ASYNC_INST/gnuram_async_fifo.xpm_fifo_base_inst/gen_cdc_pntr.rd_pntr_cdc_inst/src_gray_ff_reg[0]} {system_i/v_axi4s_vid_out_0/inst/COUPLER_INST/generate_async_fifo.FIFO_INST/XPM_FIFO_ASYNC_INST/gnuram_async_fifo.xpm_fifo_base_inst/gen_cdc_pntr.rd_pntr_cdc_inst/src_gray_ff_reg[1]} {system_i/v_axi4s_vid_out_0/inst/COUPLER_INST/generate_async_fifo.FIFO_INST/XPM_FIFO_ASYNC_INST/gnuram_async_fifo.xpm_fifo_base_inst/gen_cdc_pntr.rd_pntr_cdc_inst/src_gray_ff_reg[2]} {system_i/v_axi4s_vid_out_0/inst/COUPLER_INST/generate_async_fifo.FIFO_INST/XPM_FIFO_ASYNC_INST/gnuram_async_fifo.xpm_fifo_base_inst/gen_cdc_pntr.rd_pntr_cdc_inst/src_gray_ff_reg[3]} {system_i/v_axi4s_vid_out_0/inst/COUPLER_INST/generate_async_fifo.FIFO_INST/XPM_FIFO_ASYNC_INST/gnuram_async_fifo.xpm_fifo_base_inst/gen_cdc_pntr.rd_pntr_cdc_inst/src_gray_ff_reg[4]} {system_i/v_axi4s_vid_out_0/inst/COUPLER_INST/generate_async_fifo.FIFO_INST/XPM_FIFO_ASYNC_INST/gnuram_async_fifo.xpm_fifo_base_inst/gen_cdc_pntr.rd_pntr_cdc_inst/src_gray_ff_reg[5]} {system_i/v_axi4s_vid_out_0/inst/COUPLER_INST/generate_async_fifo.FIFO_INST/XPM_FIFO_ASYNC_INST/gnuram_async_fifo.xpm_fifo_base_inst/gen_cdc_pntr.rd_pntr_cdc_inst/src_gray_ff_reg[6]} {system_i/v_axi4s_vid_out_0/inst/COUPLER_INST/generate_async_fifo.FIFO_INST/XPM_FIFO_ASYNC_INST/gnuram_async_fifo.xpm_fifo_base_inst/gen_cdc_pntr.rd_pntr_cdc_inst/src_gray_ff_reg[7]} {system_i/v_axi4s_vid_out_0/inst/COUPLER_INST/generate_async_fifo.FIFO_INST/XPM_FIFO_ASYNC_INST/gnuram_async_fifo.xpm_fifo_base_inst/gen_cdc_pntr.rd_pntr_cdc_inst/src_gray_ff_reg[8]} {system_i/v_axi4s_vid_out_0/inst/COUPLER_INST/generate_async_fifo.FIFO_INST/XPM_FIFO_ASYNC_INST/gnuram_async_fifo.xpm_fifo_base_inst/gen_cdc_pntr.rd_pntr_cdc_inst/src_gray_ff_reg[9]}]] -to [get_cells [list {system_i/v_axi4s_vid_out_0/inst/COUPLER_INST/generate_async_fifo.FIFO_INST/XPM_FIFO_ASYNC_INST/gnuram_async_fifo.xpm_fifo_base_inst/gen_cdc_pntr.rd_pntr_cdc_inst/dest_graysync_ff_reg[0][0]} {system_i/v_axi4s_vid_out_0/inst/COUPLER_INST/generate_async_fifo.FIFO_INST/XPM_FIFO_ASYNC_INST/gnuram_async_fifo.xpm_fifo_base_inst/gen_cdc_pntr.rd_pntr_cdc_inst/dest_graysync_ff_reg[0][1]} {system_i/v_axi4s_vid_out_0/inst/COUPLER_INST/generate_async_fifo.FIFO_INST/XPM_FIFO_ASYNC_INST/gnuram_async_fifo.xpm_fifo_base_inst/gen_cdc_pntr.rd_pntr_cdc_inst/dest_graysync_ff_reg[0][2]} {system_i/v_axi4s_vid_out_0/inst/COUPLER_INST/generate_async_fifo.FIFO_INST/XPM_FIFO_ASYNC_INST/gnuram_async_fifo.xpm_fifo_base_inst/gen_cdc_pntr.rd_pntr_cdc_inst/dest_graysync_ff_reg[0][3]} {system_i/v_axi4s_vid_out_0/inst/COUPLER_INST/generate_async_fifo.FIFO_INST/XPM_FIFO_ASYNC_INST/gnuram_async_fifo.xpm_fifo_base_inst/gen_cdc_pntr.rd_pntr_cdc_inst/dest_graysync_ff_reg[0][4]} {system_i/v_axi4s_vid_out_0/inst/COUPLER_INST/generate_async_fifo.FIFO_INST/XPM_FIFO_ASYNC_INST/gnuram_async_fifo.xpm_fifo_base_inst/gen_cdc_pntr.rd_pntr_cdc_inst/dest_graysync_ff_reg[0][5]} {system_i/v_axi4s_vid_out_0/inst/COUPLER_INST/generate_async_fifo.FIFO_INST/XPM_FIFO_ASYNC_INST/gnuram_async_fifo.xpm_fifo_base_inst/gen_cdc_pntr.rd_pntr_cdc_inst/dest_graysync_ff_reg[0][6]} {system_i/v_axi4s_vid_out_0/inst/COUPLER_INST/generate_async_fifo.FIFO_INST/XPM_FIFO_ASYNC_INST/gnuram_async_fifo.xpm_fifo_base_inst/gen_cdc_pntr.rd_pntr_cdc_inst/dest_graysync_ff_reg[0][7]} {system_i/v_axi4s_vid_out_0/inst/COUPLER_INST/generate_async_fifo.FIFO_INST/XPM_FIFO_ASYNC_INST/gnuram_async_fifo.xpm_fifo_base_inst/gen_cdc_pntr.rd_pntr_cdc_inst/dest_graysync_ff_reg[0][8]} {system_i/v_axi4s_vid_out_0/inst/COUPLER_INST/generate_async_fifo.FIFO_INST/XPM_FIFO_ASYNC_INST/gnuram_async_fifo.xpm_fifo_base_inst/gen_cdc_pntr.rd_pntr_cdc_inst/dest_graysync_ff_reg[0][9]}]] 6.667
Requirement: 6.667ns
Endpoints: 10

From Clock            To Clock              Endpoint Pin                    Reference Pin                   Corner  Actual(ns)  Slack(ns)
--------------------  --------------------  ------------------------------  ------------------------------  ------  ----------  ---------
pixel_dynclk          clk_out2_system_clk_wiz_0_0
                                            system_i/v_axi4s_vid_out_0/inst/COUPLER_INST/generate_async_fifo.FIFO_INST/XPM_FIFO_ASYNC_INST/gnuram_async_fifo.xpm_fifo_base_inst/gen_cdc_pntr.rd_pntr_cdc_inst/dest_graysync_ff_reg[0][9]/D
                                                                            system_i/v_axi4s_vid_out_0/inst/COUPLER_INST/generate_async_fifo.FIFO_INST/XPM_FIFO_ASYNC_INST/gnuram_async_fifo.xpm_fifo_base_inst/gen_cdc_pntr.rd_pntr_cdc_inst/dest_graysync_ff_reg[0][2]/D
                                                                                                            Slow         0.825      5.842


Slack (MET) :             5.842ns  (requirement - actual skew)
  Endpoint Source:        system_i/v_axi4s_vid_out_0/inst/COUPLER_INST/generate_async_fifo.FIFO_INST/XPM_FIFO_ASYNC_INST/gnuram_async_fifo.xpm_fifo_base_inst/gen_cdc_pntr.rd_pntr_cdc_inst/src_gray_ff_reg[9]/C
                            (rising edge-triggered cell FDRE clocked by pixel_dynclk)
  Endpoint Destination:   system_i/v_axi4s_vid_out_0/inst/COUPLER_INST/generate_async_fifo.FIFO_INST/XPM_FIFO_ASYNC_INST/gnuram_async_fifo.xpm_fifo_base_inst/gen_cdc_pntr.rd_pntr_cdc_inst/dest_graysync_ff_reg[0][9]/D
                            (rising edge-triggered cell FDRE clocked by clk_out2_system_clk_wiz_0_0)
  Reference Source:       system_i/v_axi4s_vid_out_0/inst/COUPLER_INST/generate_async_fifo.FIFO_INST/XPM_FIFO_ASYNC_INST/gnuram_async_fifo.xpm_fifo_base_inst/gen_cdc_pntr.rd_pntr_cdc_inst/src_gray_ff_reg[2]/C
                            (rising edge-triggered cell FDRE clocked by pixel_dynclk)
  Reference Destination:  system_i/v_axi4s_vid_out_0/inst/COUPLER_INST/generate_async_fifo.FIFO_INST/XPM_FIFO_ASYNC_INST/gnuram_async_fifo.xpm_fifo_base_inst/gen_cdc_pntr.rd_pntr_cdc_inst/dest_graysync_ff_reg[0][2]/D
                            (rising edge-triggered cell FDRE clocked by clk_out2_system_clk_wiz_0_0)
  Path Type:              Bus Skew (Max at Slow Process Corner)
  Requirement:            6.667ns
  Endpoint Relative Delay:   -3.688ns
  Reference Relative Delay:  -5.165ns
  Relative CRPR:              0.652ns
  Actual Bus Skew:            0.825ns  (Endpoint Relative Delay - Reference Relative Delay - Relative CRPR)

Endpoint path:
    Location             Delay type                Incr(ns)  Path(ns)    Netlist Resource(s)
  -------------------------------------------------------------------    -------------------
                         (clock pixel_dynclk rise edge)
                                                      0.000     0.000 r  
    BUFR_X1Y11           BUFR                         0.000     0.000 r  system_i/DVIClocking_0/U0/PixelClkBuffer/O
                         net (fo=2706, routed)        1.024     1.024    system_i/v_axi4s_vid_out_0/inst/COUPLER_INST/generate_async_fifo.FIFO_INST/XPM_FIFO_ASYNC_INST/gnuram_async_fifo.xpm_fifo_base_inst/gen_cdc_pntr.rd_pntr_cdc_inst/src_clk
    SLICE_X53Y100        FDRE                                         r  system_i/v_axi4s_vid_out_0/inst/COUPLER_INST/generate_async_fifo.FIFO_INST/XPM_FIFO_ASYNC_INST/gnuram_async_fifo.xpm_fifo_base_inst/gen_cdc_pntr.rd_pntr_cdc_inst/src_gray_ff_reg[9]/C
  -------------------------------------------------------------------    -------------------
    SLICE_X53Y100        FDRE (Prop_fdre_C_Q)         0.419     1.443 r  system_i/v_axi4s_vid_out_0/inst/COUPLER_INST/generate_async_fifo.FIFO_INST/XPM_FIFO_ASYNC_INST/gnuram_async_fifo.xpm_fifo_base_inst/gen_cdc_pntr.rd_pntr_cdc_inst/src_gray_ff_reg[9]/Q
                         net (fo=1, routed)           0.947     2.390    system_i/v_axi4s_vid_out_0/inst/COUPLER_INST/generate_async_fifo.FIFO_INST/XPM_FIFO_ASYNC_INST/gnuram_async_fifo.xpm_fifo_base_inst/gen_cdc_pntr.rd_pntr_cdc_inst/async_path[9]
    SLICE_X41Y106        FDRE                                         r  system_i/v_axi4s_vid_out_0/inst/COUPLER_INST/generate_async_fifo.FIFO_INST/XPM_FIFO_ASYNC_INST/gnuram_async_fifo.xpm_fifo_base_inst/gen_cdc_pntr.rd_pntr_cdc_inst/dest_graysync_ff_reg[0][9]/D
  -------------------------------------------------------------------    -------------------

                         (clock clk_out2_system_clk_wiz_0_0 rise edge)
                                                      0.000     0.000 r  
    PS7_X0Y0             PS7                          0.000     0.000 r  system_i/processing_system7_0/inst/PS7_i/FCLKCLK[0]
                         net (fo=1, routed)           1.088     1.088    system_i/processing_system7_0/inst/FCLK_CLK_unbuffered[0]
    BUFGCTRL_X0Y16       BUFG (Prop_bufg_I_O)         0.091     1.179 r  system_i/processing_system7_0/inst/buffer_fclk_clk_0.FCLK_CLK_0_BUFG/O
                         net (fo=2, routed)           1.612     2.791    system_i/clk_wiz_0/inst/clk_in1
    MMCME2_ADV_X1Y0      MMCME2_ADV (Prop_mmcme2_adv_CLKIN1_CLKOUT1)
                                                      0.083     2.874 r  system_i/clk_wiz_0/inst/mmcm_adv_inst/CLKOUT1
                         net (fo=1, routed)           1.725     4.600    system_i/clk_wiz_0/inst/clk_out2_system_clk_wiz_0_0
    BUFGCTRL_X0Y0        BUFG (Prop_bufg_I_O)         0.091     4.691 r  system_i/clk_wiz_0/inst/clkout2_buf/O
                         net (fo=50854, routed)       1.656     6.347    system_i/v_axi4s_vid_out_0/inst/COUPLER_INST/generate_async_fifo.FIFO_INST/XPM_FIFO_ASYNC_INST/gnuram_async_fifo.xpm_fifo_base_inst/gen_cdc_pntr.rd_pntr_cdc_inst/dest_clk
    SLICE_X41Y106        FDRE                                         r  system_i/v_axi4s_vid_out_0/inst/COUPLER_INST/generate_async_fifo.FIFO_INST/XPM_FIFO_ASYNC_INST/gnuram_async_fifo.xpm_fifo_base_inst/gen_cdc_pntr.rd_pntr_cdc_inst/dest_graysync_ff_reg[0][9]/C
                         clock pessimism              0.000     6.347    
    SLICE_X41Y106        FDRE (Setup_fdre_C_D)       -0.268     6.079    system_i/v_axi4s_vid_out_0/inst/COUPLER_INST/generate_async_fifo.FIFO_INST/XPM_FIFO_ASYNC_INST/gnuram_async_fifo.xpm_fifo_base_inst/gen_cdc_pntr.rd_pntr_cdc_inst/dest_graysync_ff_reg[0][9]
  -------------------------------------------------------------------
                         data arrival                           2.390    
                         clock arrival                          6.079    
  -------------------------------------------------------------------
                         relative delay                        -3.688    

Reference path:
    Location             Delay type                Incr(ns)  Path(ns)    Netlist Resource(s)
  -------------------------------------------------------------------    -------------------
                         (clock pixel_dynclk rise edge)
                                                      0.000     0.000 r  
    BUFR_X1Y11           BUFR                         0.000     0.000 r  system_i/DVIClocking_0/U0/PixelClkBuffer/O
                         net (fo=2706, routed)        0.910     0.910    system_i/v_axi4s_vid_out_0/inst/COUPLER_INST/generate_async_fifo.FIFO_INST/XPM_FIFO_ASYNC_INST/gnuram_async_fifo.xpm_fifo_base_inst/gen_cdc_pntr.rd_pntr_cdc_inst/src_clk
    SLICE_X56Y106        FDRE                                         r  system_i/v_axi4s_vid_out_0/inst/COUPLER_INST/generate_async_fifo.FIFO_INST/XPM_FIFO_ASYNC_INST/gnuram_async_fifo.xpm_fifo_base_inst/gen_cdc_pntr.rd_pntr_cdc_inst/src_gray_ff_reg[2]/C
  -------------------------------------------------------------------    -------------------
    SLICE_X56Y106        FDRE (Prop_fdre_C_Q)         0.367     1.277 r  system_i/v_axi4s_vid_out_0/inst/COUPLER_INST/generate_async_fifo.FIFO_INST/XPM_FIFO_ASYNC_INST/gnuram_async_fifo.xpm_fifo_base_inst/gen_cdc_pntr.rd_pntr_cdc_inst/src_gray_ff_reg[2]/Q
                         net (fo=1, routed)           0.751     2.028    system_i/v_axi4s_vid_out_0/inst/COUPLER_INST/generate_async_fifo.FIFO_INST/XPM_FIFO_ASYNC_INST/gnuram_async_fifo.xpm_fifo_base_inst/gen_cdc_pntr.rd_pntr_cdc_inst/async_path[2]
    SLICE_X43Y106        FDRE                                         r  system_i/v_axi4s_vid_out_0/inst/COUPLER_INST/generate_async_fifo.FIFO_INST/XPM_FIFO_ASYNC_INST/gnuram_async_fifo.xpm_fifo_base_inst/gen_cdc_pntr.rd_pntr_cdc_inst/dest_graysync_ff_reg[0][2]/D
  -------------------------------------------------------------------    -------------------

                         (clock clk_out2_system_clk_wiz_0_0 rise edge)
                                                      0.000     0.000 r  
    PS7_X0Y0             PS7                          0.000     0.000 r  system_i/processing_system7_0/inst/PS7_i/FCLKCLK[0]
                         net (fo=1, routed)           1.193     1.193    system_i/processing_system7_0/inst/FCLK_CLK_unbuffered[0]
    BUFGCTRL_X0Y16       BUFG (Prop_bufg_I_O)         0.101     1.294 r  system_i/processing_system7_0/inst/buffer_fclk_clk_0.FCLK_CLK_0_BUFG/O
                         net (fo=2, routed)           1.806     3.100    system_i/clk_wiz_0/inst/clk_in1
    MMCME2_ADV_X1Y0      MMCME2_ADV (Prop_mmcme2_adv_CLKIN1_CLKOUT1)
                                                      0.088     3.188 r  system_i/clk_wiz_0/inst/mmcm_adv_inst/CLKOUT1
                         net (fo=1, routed)           1.889     5.077    system_i/clk_wiz_0/inst/clk_out2_system_clk_wiz_0_0
    BUFGCTRL_X0Y0        BUFG (Prop_bufg_I_O)         0.101     5.178 r  system_i/clk_wiz_0/inst/clkout2_buf/O
                         net (fo=50854, routed)       1.846     7.024    system_i/v_axi4s_vid_out_0/inst/COUPLER_INST/generate_async_fifo.FIFO_INST/XPM_FIFO_ASYNC_INST/gnuram_async_fifo.xpm_fifo_base_inst/gen_cdc_pntr.rd_pntr_cdc_inst/dest_clk
    SLICE_X43Y106        FDRE                                         r  system_i/v_axi4s_vid_out_0/inst/COUPLER_INST/generate_async_fifo.FIFO_INST/XPM_FIFO_ASYNC_INST/gnuram_async_fifo.xpm_fifo_base_inst/gen_cdc_pntr.rd_pntr_cdc_inst/dest_graysync_ff_reg[0][2]/C
                         clock pessimism              0.000     7.024    
    SLICE_X43Y106        FDRE (Hold_fdre_C_D)         0.169     7.193    system_i/v_axi4s_vid_out_0/inst/COUPLER_INST/generate_async_fifo.FIFO_INST/XPM_FIFO_ASYNC_INST/gnuram_async_fifo.xpm_fifo_base_inst/gen_cdc_pntr.rd_pntr_cdc_inst/dest_graysync_ff_reg[0][2]
  -------------------------------------------------------------------
                         data arrival                           2.028    
                         clock arrival                          7.193    
  -------------------------------------------------------------------
                         relative delay                        -5.165    



Id: 10
set_bus_skew -from [get_cells [list {system_i/v_axi4s_vid_out_0/inst/COUPLER_INST/generate_async_fifo.FIFO_INST/XPM_FIFO_ASYNC_INST/gnuram_async_fifo.xpm_fifo_base_inst/gen_cdc_pntr.wr_pntr_cdc_inst/src_gray_ff_reg[0]} {system_i/v_axi4s_vid_out_0/inst/COUPLER_INST/generate_async_fifo.FIFO_INST/XPM_FIFO_ASYNC_INST/gnuram_async_fifo.xpm_fifo_base_inst/gen_cdc_pntr.wr_pntr_cdc_inst/src_gray_ff_reg[1]} {system_i/v_axi4s_vid_out_0/inst/COUPLER_INST/generate_async_fifo.FIFO_INST/XPM_FIFO_ASYNC_INST/gnuram_async_fifo.xpm_fifo_base_inst/gen_cdc_pntr.wr_pntr_cdc_inst/src_gray_ff_reg[2]} {system_i/v_axi4s_vid_out_0/inst/COUPLER_INST/generate_async_fifo.FIFO_INST/XPM_FIFO_ASYNC_INST/gnuram_async_fifo.xpm_fifo_base_inst/gen_cdc_pntr.wr_pntr_cdc_inst/src_gray_ff_reg[3]} {system_i/v_axi4s_vid_out_0/inst/COUPLER_INST/generate_async_fifo.FIFO_INST/XPM_FIFO_ASYNC_INST/gnuram_async_fifo.xpm_fifo_base_inst/gen_cdc_pntr.wr_pntr_cdc_inst/src_gray_ff_reg[4]} {system_i/v_axi4s_vid_out_0/inst/COUPLER_INST/generate_async_fifo.FIFO_INST/XPM_FIFO_ASYNC_INST/gnuram_async_fifo.xpm_fifo_base_inst/gen_cdc_pntr.wr_pntr_cdc_inst/src_gray_ff_reg[5]} {system_i/v_axi4s_vid_out_0/inst/COUPLER_INST/generate_async_fifo.FIFO_INST/XPM_FIFO_ASYNC_INST/gnuram_async_fifo.xpm_fifo_base_inst/gen_cdc_pntr.wr_pntr_cdc_inst/src_gray_ff_reg[6]} {system_i/v_axi4s_vid_out_0/inst/COUPLER_INST/generate_async_fifo.FIFO_INST/XPM_FIFO_ASYNC_INST/gnuram_async_fifo.xpm_fifo_base_inst/gen_cdc_pntr.wr_pntr_cdc_inst/src_gray_ff_reg[7]} {system_i/v_axi4s_vid_out_0/inst/COUPLER_INST/generate_async_fifo.FIFO_INST/XPM_FIFO_ASYNC_INST/gnuram_async_fifo.xpm_fifo_base_inst/gen_cdc_pntr.wr_pntr_cdc_inst/src_gray_ff_reg[8]} {system_i/v_axi4s_vid_out_0/inst/COUPLER_INST/generate_async_fifo.FIFO_INST/XPM_FIFO_ASYNC_INST/gnuram_async_fifo.xpm_fifo_base_inst/gen_cdc_pntr.wr_pntr_cdc_inst/src_gray_ff_reg[9]}]] -to [get_cells [list {system_i/v_axi4s_vid_out_0/inst/COUPLER_INST/generate_async_fifo.FIFO_INST/XPM_FIFO_ASYNC_INST/gnuram_async_fifo.xpm_fifo_base_inst/gen_cdc_pntr.wr_pntr_cdc_inst/dest_graysync_ff_reg[0][0]} {system_i/v_axi4s_vid_out_0/inst/COUPLER_INST/generate_async_fifo.FIFO_INST/XPM_FIFO_ASYNC_INST/gnuram_async_fifo.xpm_fifo_base_inst/gen_cdc_pntr.wr_pntr_cdc_inst/dest_graysync_ff_reg[0][1]} {system_i/v_axi4s_vid_out_0/inst/COUPLER_INST/generate_async_fifo.FIFO_INST/XPM_FIFO_ASYNC_INST/gnuram_async_fifo.xpm_fifo_base_inst/gen_cdc_pntr.wr_pntr_cdc_inst/dest_graysync_ff_reg[0][2]} {system_i/v_axi4s_vid_out_0/inst/COUPLER_INST/generate_async_fifo.FIFO_INST/XPM_FIFO_ASYNC_INST/gnuram_async_fifo.xpm_fifo_base_inst/gen_cdc_pntr.wr_pntr_cdc_inst/dest_graysync_ff_reg[0][3]} {system_i/v_axi4s_vid_out_0/inst/COUPLER_INST/generate_async_fifo.FIFO_INST/XPM_FIFO_ASYNC_INST/gnuram_async_fifo.xpm_fifo_base_inst/gen_cdc_pntr.wr_pntr_cdc_inst/dest_graysync_ff_reg[0][4]} {system_i/v_axi4s_vid_out_0/inst/COUPLER_INST/generate_async_fifo.FIFO_INST/XPM_FIFO_ASYNC_INST/gnuram_async_fifo.xpm_fifo_base_inst/gen_cdc_pntr.wr_pntr_cdc_inst/dest_graysync_ff_reg[0][5]} {system_i/v_axi4s_vid_out_0/inst/COUPLER_INST/generate_async_fifo.FIFO_INST/XPM_FIFO_ASYNC_INST/gnuram_async_fifo.xpm_fifo_base_inst/gen_cdc_pntr.wr_pntr_cdc_inst/dest_graysync_ff_reg[0][6]} {system_i/v_axi4s_vid_out_0/inst/COUPLER_INST/generate_async_fifo.FIFO_INST/XPM_FIFO_ASYNC_INST/gnuram_async_fifo.xpm_fifo_base_inst/gen_cdc_pntr.wr_pntr_cdc_inst/dest_graysync_ff_reg[0][7]} {system_i/v_axi4s_vid_out_0/inst/COUPLER_INST/generate_async_fifo.FIFO_INST/XPM_FIFO_ASYNC_INST/gnuram_async_fifo.xpm_fifo_base_inst/gen_cdc_pntr.wr_pntr_cdc_inst/dest_graysync_ff_reg[0][8]} {system_i/v_axi4s_vid_out_0/inst/COUPLER_INST/generate_async_fifo.FIFO_INST/XPM_FIFO_ASYNC_INST/gnuram_async_fifo.xpm_fifo_base_inst/gen_cdc_pntr.wr_pntr_cdc_inst/dest_graysync_ff_reg[0][9]}]] 6.667
Requirement: 6.667ns
Endpoints: 10

From Clock            To Clock              Endpoint Pin                    Reference Pin                   Corner  Actual(ns)  Slack(ns)
--------------------  --------------------  ------------------------------  ------------------------------  ------  ----------  ---------
clk_out2_system_clk_wiz_0_0
                      pixel_dynclk          system_i/v_axi4s_vid_out_0/inst/COUPLER_INST/generate_async_fifo.FIFO_INST/XPM_FIFO_ASYNC_INST/gnuram_async_fifo.xpm_fifo_base_inst/gen_cdc_pntr.wr_pntr_cdc_inst/dest_graysync_ff_reg[0][5]/D
                                                                            system_i/v_axi4s_vid_out_0/inst/COUPLER_INST/generate_async_fifo.FIFO_INST/XPM_FIFO_ASYNC_INST/gnuram_async_fifo.xpm_fifo_base_inst/gen_cdc_pntr.wr_pntr_cdc_inst/dest_graysync_ff_reg[0][2]/D
                                                                                                            Slow         1.178      5.489


Slack (MET) :             5.489ns  (requirement - actual skew)
  Endpoint Source:        system_i/v_axi4s_vid_out_0/inst/COUPLER_INST/generate_async_fifo.FIFO_INST/XPM_FIFO_ASYNC_INST/gnuram_async_fifo.xpm_fifo_base_inst/gen_cdc_pntr.wr_pntr_cdc_inst/src_gray_ff_reg[5]/C
                            (rising edge-triggered cell FDRE clocked by clk_out2_system_clk_wiz_0_0)
  Endpoint Destination:   system_i/v_axi4s_vid_out_0/inst/COUPLER_INST/generate_async_fifo.FIFO_INST/XPM_FIFO_ASYNC_INST/gnuram_async_fifo.xpm_fifo_base_inst/gen_cdc_pntr.wr_pntr_cdc_inst/dest_graysync_ff_reg[0][5]/D
                            (rising edge-triggered cell FDRE clocked by pixel_dynclk)
  Reference Source:       system_i/v_axi4s_vid_out_0/inst/COUPLER_INST/generate_async_fifo.FIFO_INST/XPM_FIFO_ASYNC_INST/gnuram_async_fifo.xpm_fifo_base_inst/gen_cdc_pntr.wr_pntr_cdc_inst/src_gray_ff_reg[2]/C
                            (rising edge-triggered cell FDRE clocked by clk_out2_system_clk_wiz_0_0)
  Reference Destination:  system_i/v_axi4s_vid_out_0/inst/COUPLER_INST/generate_async_fifo.FIFO_INST/XPM_FIFO_ASYNC_INST/gnuram_async_fifo.xpm_fifo_base_inst/gen_cdc_pntr.wr_pntr_cdc_inst/dest_graysync_ff_reg[0][2]/D
                            (rising edge-triggered cell FDRE clocked by pixel_dynclk)
  Path Type:              Bus Skew (Max at Slow Process Corner)
  Requirement:            6.667ns
  Endpoint Relative Delay:    7.657ns
  Reference Relative Delay:   5.936ns
  Relative CRPR:              0.543ns
  Actual Bus Skew:            1.178ns  (Endpoint Relative Delay - Reference Relative Delay - Relative CRPR)

Endpoint path:
    Location             Delay type                Incr(ns)  Path(ns)    Netlist Resource(s)
  -------------------------------------------------------------------    -------------------
                         (clock clk_out2_system_clk_wiz_0_0 rise edge)
                                                      0.000     0.000 r  
    PS7_X0Y0             PS7                          0.000     0.000 r  system_i/processing_system7_0/inst/PS7_i/FCLKCLK[0]
                         net (fo=1, routed)           1.193     1.193    system_i/processing_system7_0/inst/FCLK_CLK_unbuffered[0]
    BUFGCTRL_X0Y16       BUFG (Prop_bufg_I_O)         0.101     1.294 r  system_i/processing_system7_0/inst/buffer_fclk_clk_0.FCLK_CLK_0_BUFG/O
                         net (fo=2, routed)           1.806     3.100    system_i/clk_wiz_0/inst/clk_in1
    MMCME2_ADV_X1Y0      MMCME2_ADV (Prop_mmcme2_adv_CLKIN1_CLKOUT1)
                                                      0.088     3.188 r  system_i/clk_wiz_0/inst/mmcm_adv_inst/CLKOUT1
                         net (fo=1, routed)           1.889     5.077    system_i/clk_wiz_0/inst/clk_out2_system_clk_wiz_0_0
    BUFGCTRL_X0Y0        BUFG (Prop_bufg_I_O)         0.101     5.178 r  system_i/clk_wiz_0/inst/clkout2_buf/O
                         net (fo=50854, routed)       1.835     7.013    system_i/v_axi4s_vid_out_0/inst/COUPLER_INST/generate_async_fifo.FIFO_INST/XPM_FIFO_ASYNC_INST/gnuram_async_fifo.xpm_fifo_base_inst/gen_cdc_pntr.wr_pntr_cdc_inst/src_clk
    SLICE_X52Y100        FDRE                                         r  system_i/v_axi4s_vid_out_0/inst/COUPLER_INST/generate_async_fifo.FIFO_INST/XPM_FIFO_ASYNC_INST/gnuram_async_fifo.xpm_fifo_base_inst/gen_cdc_pntr.wr_pntr_cdc_inst/src_gray_ff_reg[5]/C
  -------------------------------------------------------------------    -------------------
    SLICE_X52Y100        FDRE (Prop_fdre_C_Q)         0.419     7.432 r  system_i/v_axi4s_vid_out_0/inst/COUPLER_INST/generate_async_fifo.FIFO_INST/XPM_FIFO_ASYNC_INST/gnuram_async_fifo.xpm_fifo_base_inst/gen_cdc_pntr.wr_pntr_cdc_inst/src_gray_ff_reg[5]/Q
                         net (fo=1, routed)           0.867     8.299    system_i/v_axi4s_vid_out_0/inst/COUPLER_INST/generate_async_fifo.FIFO_INST/XPM_FIFO_ASYNC_INST/gnuram_async_fifo.xpm_fifo_base_inst/gen_cdc_pntr.wr_pntr_cdc_inst/async_path[5]
    SLICE_X59Y104        FDRE                                         r  system_i/v_axi4s_vid_out_0/inst/COUPLER_INST/generate_async_fifo.FIFO_INST/XPM_FIFO_ASYNC_INST/gnuram_async_fifo.xpm_fifo_base_inst/gen_cdc_pntr.wr_pntr_cdc_inst/dest_graysync_ff_reg[0][5]/D
  -------------------------------------------------------------------    -------------------

                         (clock pixel_dynclk rise edge)
                                                      0.000     0.000 r  
    BUFR_X1Y11           BUFR                         0.000     0.000 r  system_i/DVIClocking_0/U0/PixelClkBuffer/O
                         net (fo=2706, routed)        0.910     0.910    system_i/v_axi4s_vid_out_0/inst/COUPLER_INST/generate_async_fifo.FIFO_INST/XPM_FIFO_ASYNC_INST/gnuram_async_fifo.xpm_fifo_base_inst/gen_cdc_pntr.wr_pntr_cdc_inst/dest_clk
    SLICE_X59Y104        FDRE                                         r  system_i/v_axi4s_vid_out_0/inst/COUPLER_INST/generate_async_fifo.FIFO_INST/XPM_FIFO_ASYNC_INST/gnuram_async_fifo.xpm_fifo_base_inst/gen_cdc_pntr.wr_pntr_cdc_inst/dest_graysync_ff_reg[0][5]/C
                         clock pessimism              0.000     0.910    
    SLICE_X59Y104        FDRE (Setup_fdre_C_D)       -0.268     0.642    system_i/v_axi4s_vid_out_0/inst/COUPLER_INST/generate_async_fifo.FIFO_INST/XPM_FIFO_ASYNC_INST/gnuram_async_fifo.xpm_fifo_base_inst/gen_cdc_pntr.wr_pntr_cdc_inst/dest_graysync_ff_reg[0][5]
  -------------------------------------------------------------------
                         data arrival                           8.299    
                         clock arrival                          0.642    
  -------------------------------------------------------------------
                         relative delay                         7.657    

Reference path:
    Location             Delay type                Incr(ns)  Path(ns)    Netlist Resource(s)
  -------------------------------------------------------------------    -------------------
                         (clock clk_out2_system_clk_wiz_0_0 rise edge)
                                                      0.000     0.000 r  
    PS7_X0Y0             PS7                          0.000     0.000 r  system_i/processing_system7_0/inst/PS7_i/FCLKCLK[0]
                         net (fo=1, routed)           1.088     1.088    system_i/processing_system7_0/inst/FCLK_CLK_unbuffered[0]
    BUFGCTRL_X0Y16       BUFG (Prop_bufg_I_O)         0.091     1.179 r  system_i/processing_system7_0/inst/buffer_fclk_clk_0.FCLK_CLK_0_BUFG/O
                         net (fo=2, routed)           1.612     2.791    system_i/clk_wiz_0/inst/clk_in1
    MMCME2_ADV_X1Y0      MMCME2_ADV (Prop_mmcme2_adv_CLKIN1_CLKOUT1)
                                                      0.083     2.874 r  system_i/clk_wiz_0/inst/mmcm_adv_inst/CLKOUT1
                         net (fo=1, routed)           1.725     4.600    system_i/clk_wiz_0/inst/clk_out2_system_clk_wiz_0_0
    BUFGCTRL_X0Y0        BUFG (Prop_bufg_I_O)         0.091     4.691 r  system_i/clk_wiz_0/inst/clkout2_buf/O
                         net (fo=50854, routed)       1.541     6.231    system_i/v_axi4s_vid_out_0/inst/COUPLER_INST/generate_async_fifo.FIFO_INST/XPM_FIFO_ASYNC_INST/gnuram_async_fifo.xpm_fifo_base_inst/gen_cdc_pntr.wr_pntr_cdc_inst/src_clk
    SLICE_X56Y98         FDRE                                         r  system_i/v_axi4s_vid_out_0/inst/COUPLER_INST/generate_async_fifo.FIFO_INST/XPM_FIFO_ASYNC_INST/gnuram_async_fifo.xpm_fifo_base_inst/gen_cdc_pntr.wr_pntr_cdc_inst/src_gray_ff_reg[2]/C
  -------------------------------------------------------------------    -------------------
    SLICE_X56Y98         FDRE (Prop_fdre_C_Q)         0.367     6.598 r  system_i/v_axi4s_vid_out_0/inst/COUPLER_INST/generate_async_fifo.FIFO_INST/XPM_FIFO_ASYNC_INST/gnuram_async_fifo.xpm_fifo_base_inst/gen_cdc_pntr.wr_pntr_cdc_inst/src_gray_ff_reg[2]/Q
                         net (fo=1, routed)           0.546     7.144    system_i/v_axi4s_vid_out_0/inst/COUPLER_INST/generate_async_fifo.FIFO_INST/XPM_FIFO_ASYNC_INST/gnuram_async_fifo.xpm_fifo_base_inst/gen_cdc_pntr.wr_pntr_cdc_inst/async_path[2]
    SLICE_X58Y103        FDRE                                         r  system_i/v_axi4s_vid_out_0/inst/COUPLER_INST/generate_async_fifo.FIFO_INST/XPM_FIFO_ASYNC_INST/gnuram_async_fifo.xpm_fifo_base_inst/gen_cdc_pntr.wr_pntr_cdc_inst/dest_graysync_ff_reg[0][2]/D
  -------------------------------------------------------------------    -------------------

                         (clock pixel_dynclk rise edge)
                                                      0.000     0.000 r  
    BUFR_X1Y11           BUFR                         0.000     0.000 r  system_i/DVIClocking_0/U0/PixelClkBuffer/O
                         net (fo=2706, routed)        0.977     0.977    system_i/v_axi4s_vid_out_0/inst/COUPLER_INST/generate_async_fifo.FIFO_INST/XPM_FIFO_ASYNC_INST/gnuram_async_fifo.xpm_fifo_base_inst/gen_cdc_pntr.wr_pntr_cdc_inst/dest_clk
    SLICE_X58Y103        FDRE                                         r  system_i/v_axi4s_vid_out_0/inst/COUPLER_INST/generate_async_fifo.FIFO_INST/XPM_FIFO_ASYNC_INST/gnuram_async_fifo.xpm_fifo_base_inst/gen_cdc_pntr.wr_pntr_cdc_inst/dest_graysync_ff_reg[0][2]/C
                         clock pessimism              0.000     0.977    
    SLICE_X58Y103        FDRE (Hold_fdre_C_D)         0.231     1.208    system_i/v_axi4s_vid_out_0/inst/COUPLER_INST/generate_async_fifo.FIFO_INST/XPM_FIFO_ASYNC_INST/gnuram_async_fifo.xpm_fifo_base_inst/gen_cdc_pntr.wr_pntr_cdc_inst/dest_graysync_ff_reg[0][2]
  -------------------------------------------------------------------
                         data arrival                           7.144    
                         clock arrival                          1.208    
  -------------------------------------------------------------------
                         relative delay                         5.936    



Id: 11
set_bus_skew -from [get_cells [list {system_i/v_axi4s_vid_out_0/inst/COUPLER_INST/generate_async_fifo.FIFO_INST/XPM_FIFO_ASYNC_INST/gnuram_async_fifo.xpm_fifo_base_inst/gen_cdc_pntr.wr_pntr_cdc_dc_inst/src_gray_ff_reg[0]} \
          {system_i/v_axi4s_vid_out_0/inst/COUPLER_INST/generate_async_fifo.FIFO_INST/XPM_FIFO_ASYNC_INST/gnuram_async_fifo.xpm_fifo_base_inst/gen_cdc_pntr.wr_pntr_cdc_dc_inst/src_gray_ff_reg[10]} \
          {system_i/v_axi4s_vid_out_0/inst/COUPLER_INST/generate_async_fifo.FIFO_INST/XPM_FIFO_ASYNC_INST/gnuram_async_fifo.xpm_fifo_base_inst/gen_cdc_pntr.wr_pntr_cdc_dc_inst/src_gray_ff_reg[1]} \
          {system_i/v_axi4s_vid_out_0/inst/COUPLER_INST/generate_async_fifo.FIFO_INST/XPM_FIFO_ASYNC_INST/gnuram_async_fifo.xpm_fifo_base_inst/gen_cdc_pntr.wr_pntr_cdc_dc_inst/src_gray_ff_reg[2]} \
          {system_i/v_axi4s_vid_out_0/inst/COUPLER_INST/generate_async_fifo.FIFO_INST/XPM_FIFO_ASYNC_INST/gnuram_async_fifo.xpm_fifo_base_inst/gen_cdc_pntr.wr_pntr_cdc_dc_inst/src_gray_ff_reg[3]} \
          {system_i/v_axi4s_vid_out_0/inst/COUPLER_INST/generate_async_fifo.FIFO_INST/XPM_FIFO_ASYNC_INST/gnuram_async_fifo.xpm_fifo_base_inst/gen_cdc_pntr.wr_pntr_cdc_dc_inst/src_gray_ff_reg[4]} \
          {system_i/v_axi4s_vid_out_0/inst/COUPLER_INST/generate_async_fifo.FIFO_INST/XPM_FIFO_ASYNC_INST/gnuram_async_fifo.xpm_fifo_base_inst/gen_cdc_pntr.wr_pntr_cdc_dc_inst/src_gray_ff_reg[5]} \
          {system_i/v_axi4s_vid_out_0/inst/COUPLER_INST/generate_async_fifo.FIFO_INST/XPM_FIFO_ASYNC_INST/gnuram_async_fifo.xpm_fifo_base_inst/gen_cdc_pntr.wr_pntr_cdc_dc_inst/src_gray_ff_reg[6]} \
          {system_i/v_axi4s_vid_out_0/inst/COUPLER_INST/generate_async_fifo.FIFO_INST/XPM_FIFO_ASYNC_INST/gnuram_async_fifo.xpm_fifo_base_inst/gen_cdc_pntr.wr_pntr_cdc_dc_inst/src_gray_ff_reg[7]} \
          {system_i/v_axi4s_vid_out_0/inst/COUPLER_INST/generate_async_fifo.FIFO_INST/XPM_FIFO_ASYNC_INST/gnuram_async_fifo.xpm_fifo_base_inst/gen_cdc_pntr.wr_pntr_cdc_dc_inst/src_gray_ff_reg[8]} \
          {system_i/v_axi4s_vid_out_0/inst/COUPLER_INST/generate_async_fifo.FIFO_INST/XPM_FIFO_ASYNC_INST/gnuram_async_fifo.xpm_fifo_base_inst/gen_cdc_pntr.wr_pntr_cdc_dc_inst/src_gray_ff_reg[9]}]] -to [get_cells [list {system_i/v_axi4s_vid_out_0/inst/COUPLER_INST/generate_async_fifo.FIFO_INST/XPM_FIFO_ASYNC_INST/gnuram_async_fifo.xpm_fifo_base_inst/gen_cdc_pntr.wr_pntr_cdc_dc_inst/dest_graysync_ff_reg[0][0]} \
          {system_i/v_axi4s_vid_out_0/inst/COUPLER_INST/generate_async_fifo.FIFO_INST/XPM_FIFO_ASYNC_INST/gnuram_async_fifo.xpm_fifo_base_inst/gen_cdc_pntr.wr_pntr_cdc_dc_inst/dest_graysync_ff_reg[0][10]} \
          {system_i/v_axi4s_vid_out_0/inst/COUPLER_INST/generate_async_fifo.FIFO_INST/XPM_FIFO_ASYNC_INST/gnuram_async_fifo.xpm_fifo_base_inst/gen_cdc_pntr.wr_pntr_cdc_dc_inst/dest_graysync_ff_reg[0][1]} \
          {system_i/v_axi4s_vid_out_0/inst/COUPLER_INST/generate_async_fifo.FIFO_INST/XPM_FIFO_ASYNC_INST/gnuram_async_fifo.xpm_fifo_base_inst/gen_cdc_pntr.wr_pntr_cdc_dc_inst/dest_graysync_ff_reg[0][2]} \
          {system_i/v_axi4s_vid_out_0/inst/COUPLER_INST/generate_async_fifo.FIFO_INST/XPM_FIFO_ASYNC_INST/gnuram_async_fifo.xpm_fifo_base_inst/gen_cdc_pntr.wr_pntr_cdc_dc_inst/dest_graysync_ff_reg[0][3]} \
          {system_i/v_axi4s_vid_out_0/inst/COUPLER_INST/generate_async_fifo.FIFO_INST/XPM_FIFO_ASYNC_INST/gnuram_async_fifo.xpm_fifo_base_inst/gen_cdc_pntr.wr_pntr_cdc_dc_inst/dest_graysync_ff_reg[0][4]} \
          {system_i/v_axi4s_vid_out_0/inst/COUPLER_INST/generate_async_fifo.FIFO_INST/XPM_FIFO_ASYNC_INST/gnuram_async_fifo.xpm_fifo_base_inst/gen_cdc_pntr.wr_pntr_cdc_dc_inst/dest_graysync_ff_reg[0][5]} \
          {system_i/v_axi4s_vid_out_0/inst/COUPLER_INST/generate_async_fifo.FIFO_INST/XPM_FIFO_ASYNC_INST/gnuram_async_fifo.xpm_fifo_base_inst/gen_cdc_pntr.wr_pntr_cdc_dc_inst/dest_graysync_ff_reg[0][6]} \
          {system_i/v_axi4s_vid_out_0/inst/COUPLER_INST/generate_async_fifo.FIFO_INST/XPM_FIFO_ASYNC_INST/gnuram_async_fifo.xpm_fifo_base_inst/gen_cdc_pntr.wr_pntr_cdc_dc_inst/dest_graysync_ff_reg[0][7]} \
          {system_i/v_axi4s_vid_out_0/inst/COUPLER_INST/generate_async_fifo.FIFO_INST/XPM_FIFO_ASYNC_INST/gnuram_async_fifo.xpm_fifo_base_inst/gen_cdc_pntr.wr_pntr_cdc_dc_inst/dest_graysync_ff_reg[0][8]} \
          {system_i/v_axi4s_vid_out_0/inst/COUPLER_INST/generate_async_fifo.FIFO_INST/XPM_FIFO_ASYNC_INST/gnuram_async_fifo.xpm_fifo_base_inst/gen_cdc_pntr.wr_pntr_cdc_dc_inst/dest_graysync_ff_reg[0][9]}]] 6.667
Requirement: 6.667ns
Endpoints: 11

From Clock            To Clock              Endpoint Pin                    Reference Pin                   Corner  Actual(ns)  Slack(ns)
--------------------  --------------------  ------------------------------  ------------------------------  ------  ----------  ---------
clk_out2_system_clk_wiz_0_0
                      pixel_dynclk          system_i/v_axi4s_vid_out_0/inst/COUPLER_INST/generate_async_fifo.FIFO_INST/XPM_FIFO_ASYNC_INST/gnuram_async_fifo.xpm_fifo_base_inst/gen_cdc_pntr.wr_pntr_cdc_dc_inst/dest_graysync_ff_reg[0][9]/D
                                                                            system_i/v_axi4s_vid_out_0/inst/COUPLER_INST/generate_async_fifo.FIFO_INST/XPM_FIFO_ASYNC_INST/gnuram_async_fifo.xpm_fifo_base_inst/gen_cdc_pntr.wr_pntr_cdc_dc_inst/dest_graysync_ff_reg[0][2]/D
                                                                                                            Slow         1.150      5.517


Slack (MET) :             5.517ns  (requirement - actual skew)
  Endpoint Source:        system_i/v_axi4s_vid_out_0/inst/COUPLER_INST/generate_async_fifo.FIFO_INST/XPM_FIFO_ASYNC_INST/gnuram_async_fifo.xpm_fifo_base_inst/gen_cdc_pntr.wr_pntr_cdc_dc_inst/src_gray_ff_reg[9]/C
                            (rising edge-triggered cell FDRE clocked by clk_out2_system_clk_wiz_0_0)
  Endpoint Destination:   system_i/v_axi4s_vid_out_0/inst/COUPLER_INST/generate_async_fifo.FIFO_INST/XPM_FIFO_ASYNC_INST/gnuram_async_fifo.xpm_fifo_base_inst/gen_cdc_pntr.wr_pntr_cdc_dc_inst/dest_graysync_ff_reg[0][9]/D
                            (rising edge-triggered cell FDRE clocked by pixel_dynclk)
  Reference Source:       system_i/v_axi4s_vid_out_0/inst/COUPLER_INST/generate_async_fifo.FIFO_INST/XPM_FIFO_ASYNC_INST/gnuram_async_fifo.xpm_fifo_base_inst/gen_cdc_pntr.wr_pntr_cdc_dc_inst/src_gray_ff_reg[2]/C
                            (rising edge-triggered cell FDRE clocked by clk_out2_system_clk_wiz_0_0)
  Reference Destination:  system_i/v_axi4s_vid_out_0/inst/COUPLER_INST/generate_async_fifo.FIFO_INST/XPM_FIFO_ASYNC_INST/gnuram_async_fifo.xpm_fifo_base_inst/gen_cdc_pntr.wr_pntr_cdc_dc_inst/dest_graysync_ff_reg[0][2]/D
                            (rising edge-triggered cell FDRE clocked by pixel_dynclk)
  Path Type:              Bus Skew (Max at Slow Process Corner)
  Requirement:            6.667ns
  Endpoint Relative Delay:    7.646ns
  Reference Relative Delay:   5.995ns
  Relative CRPR:              0.501ns
  Actual Bus Skew:            1.150ns  (Endpoint Relative Delay - Reference Relative Delay - Relative CRPR)

Endpoint path:
    Location             Delay type                Incr(ns)  Path(ns)    Netlist Resource(s)
  -------------------------------------------------------------------    -------------------
                         (clock clk_out2_system_clk_wiz_0_0 rise edge)
                                                      0.000     0.000 r  
    PS7_X0Y0             PS7                          0.000     0.000 r  system_i/processing_system7_0/inst/PS7_i/FCLKCLK[0]
                         net (fo=1, routed)           1.193     1.193    system_i/processing_system7_0/inst/FCLK_CLK_unbuffered[0]
    BUFGCTRL_X0Y16       BUFG (Prop_bufg_I_O)         0.101     1.294 r  system_i/processing_system7_0/inst/buffer_fclk_clk_0.FCLK_CLK_0_BUFG/O
                         net (fo=2, routed)           1.806     3.100    system_i/clk_wiz_0/inst/clk_in1
    MMCME2_ADV_X1Y0      MMCME2_ADV (Prop_mmcme2_adv_CLKIN1_CLKOUT1)
                                                      0.088     3.188 r  system_i/clk_wiz_0/inst/mmcm_adv_inst/CLKOUT1
                         net (fo=1, routed)           1.889     5.077    system_i/clk_wiz_0/inst/clk_out2_system_clk_wiz_0_0
    BUFGCTRL_X0Y0        BUFG (Prop_bufg_I_O)         0.101     5.178 r  system_i/clk_wiz_0/inst/clkout2_buf/O
                         net (fo=50854, routed)       1.845     7.023    system_i/v_axi4s_vid_out_0/inst/COUPLER_INST/generate_async_fifo.FIFO_INST/XPM_FIFO_ASYNC_INST/gnuram_async_fifo.xpm_fifo_base_inst/gen_cdc_pntr.wr_pntr_cdc_dc_inst/src_clk
    SLICE_X48Y103        FDRE                                         r  system_i/v_axi4s_vid_out_0/inst/COUPLER_INST/generate_async_fifo.FIFO_INST/XPM_FIFO_ASYNC_INST/gnuram_async_fifo.xpm_fifo_base_inst/gen_cdc_pntr.wr_pntr_cdc_dc_inst/src_gray_ff_reg[9]/C
  -------------------------------------------------------------------    -------------------
    SLICE_X48Y103        FDRE (Prop_fdre_C_Q)         0.419     7.442 r  system_i/v_axi4s_vid_out_0/inst/COUPLER_INST/generate_async_fifo.FIFO_INST/XPM_FIFO_ASYNC_INST/gnuram_async_fifo.xpm_fifo_base_inst/gen_cdc_pntr.wr_pntr_cdc_dc_inst/src_gray_ff_reg[9]/Q
                         net (fo=1, routed)           0.845     8.287    system_i/v_axi4s_vid_out_0/inst/COUPLER_INST/generate_async_fifo.FIFO_INST/XPM_FIFO_ASYNC_INST/gnuram_async_fifo.xpm_fifo_base_inst/gen_cdc_pntr.wr_pntr_cdc_dc_inst/async_path[9]
    SLICE_X55Y104        FDRE                                         r  system_i/v_axi4s_vid_out_0/inst/COUPLER_INST/generate_async_fifo.FIFO_INST/XPM_FIFO_ASYNC_INST/gnuram_async_fifo.xpm_fifo_base_inst/gen_cdc_pntr.wr_pntr_cdc_dc_inst/dest_graysync_ff_reg[0][9]/D
  -------------------------------------------------------------------    -------------------

                         (clock pixel_dynclk rise edge)
                                                      0.000     0.000 r  
    BUFR_X1Y11           BUFR                         0.000     0.000 r  system_i/DVIClocking_0/U0/PixelClkBuffer/O
                         net (fo=2706, routed)        0.909     0.909    system_i/v_axi4s_vid_out_0/inst/COUPLER_INST/generate_async_fifo.FIFO_INST/XPM_FIFO_ASYNC_INST/gnuram_async_fifo.xpm_fifo_base_inst/gen_cdc_pntr.wr_pntr_cdc_dc_inst/dest_clk
    SLICE_X55Y104        FDRE                                         r  system_i/v_axi4s_vid_out_0/inst/COUPLER_INST/generate_async_fifo.FIFO_INST/XPM_FIFO_ASYNC_INST/gnuram_async_fifo.xpm_fifo_base_inst/gen_cdc_pntr.wr_pntr_cdc_dc_inst/dest_graysync_ff_reg[0][9]/C
                         clock pessimism              0.000     0.909    
    SLICE_X55Y104        FDRE (Setup_fdre_C_D)       -0.268     0.641    system_i/v_axi4s_vid_out_0/inst/COUPLER_INST/generate_async_fifo.FIFO_INST/XPM_FIFO_ASYNC_INST/gnuram_async_fifo.xpm_fifo_base_inst/gen_cdc_pntr.wr_pntr_cdc_dc_inst/dest_graysync_ff_reg[0][9]
  -------------------------------------------------------------------
                         data arrival                           8.287    
                         clock arrival                          0.641    
  -------------------------------------------------------------------
                         relative delay                         7.646    

Reference path:
    Location             Delay type                Incr(ns)  Path(ns)    Netlist Resource(s)
  -------------------------------------------------------------------    -------------------
                         (clock clk_out2_system_clk_wiz_0_0 rise edge)
                                                      0.000     0.000 r  
    PS7_X0Y0             PS7                          0.000     0.000 r  system_i/processing_system7_0/inst/PS7_i/FCLKCLK[0]
                         net (fo=1, routed)           1.088     1.088    system_i/processing_system7_0/inst/FCLK_CLK_unbuffered[0]
    BUFGCTRL_X0Y16       BUFG (Prop_bufg_I_O)         0.091     1.179 r  system_i/processing_system7_0/inst/buffer_fclk_clk_0.FCLK_CLK_0_BUFG/O
                         net (fo=2, routed)           1.612     2.791    system_i/clk_wiz_0/inst/clk_in1
    MMCME2_ADV_X1Y0      MMCME2_ADV (Prop_mmcme2_adv_CLKIN1_CLKOUT1)
                                                      0.083     2.874 r  system_i/clk_wiz_0/inst/mmcm_adv_inst/CLKOUT1
                         net (fo=1, routed)           1.725     4.600    system_i/clk_wiz_0/inst/clk_out2_system_clk_wiz_0_0
    BUFGCTRL_X0Y0        BUFG (Prop_bufg_I_O)         0.091     4.691 r  system_i/clk_wiz_0/inst/clkout2_buf/O
                         net (fo=50854, routed)       1.541     6.231    system_i/v_axi4s_vid_out_0/inst/COUPLER_INST/generate_async_fifo.FIFO_INST/XPM_FIFO_ASYNC_INST/gnuram_async_fifo.xpm_fifo_base_inst/gen_cdc_pntr.wr_pntr_cdc_dc_inst/src_clk
    SLICE_X56Y98         FDRE                                         r  system_i/v_axi4s_vid_out_0/inst/COUPLER_INST/generate_async_fifo.FIFO_INST/XPM_FIFO_ASYNC_INST/gnuram_async_fifo.xpm_fifo_base_inst/gen_cdc_pntr.wr_pntr_cdc_dc_inst/src_gray_ff_reg[2]/C
  -------------------------------------------------------------------    -------------------
    SLICE_X56Y98         FDRE (Prop_fdre_C_Q)         0.367     6.598 r  system_i/v_axi4s_vid_out_0/inst/COUPLER_INST/generate_async_fifo.FIFO_INST/XPM_FIFO_ASYNC_INST/gnuram_async_fifo.xpm_fifo_base_inst/gen_cdc_pntr.wr_pntr_cdc_dc_inst/src_gray_ff_reg[2]/Q
                         net (fo=1, routed)           0.542     7.141    system_i/v_axi4s_vid_out_0/inst/COUPLER_INST/generate_async_fifo.FIFO_INST/XPM_FIFO_ASYNC_INST/gnuram_async_fifo.xpm_fifo_base_inst/gen_cdc_pntr.wr_pntr_cdc_dc_inst/async_path[2]
    SLICE_X56Y105        FDRE                                         r  system_i/v_axi4s_vid_out_0/inst/COUPLER_INST/generate_async_fifo.FIFO_INST/XPM_FIFO_ASYNC_INST/gnuram_async_fifo.xpm_fifo_base_inst/gen_cdc_pntr.wr_pntr_cdc_dc_inst/dest_graysync_ff_reg[0][2]/D
  -------------------------------------------------------------------    -------------------

                         (clock pixel_dynclk rise edge)
                                                      0.000     0.000 r  
    BUFR_X1Y11           BUFR                         0.000     0.000 r  system_i/DVIClocking_0/U0/PixelClkBuffer/O
                         net (fo=2706, routed)        0.977     0.977    system_i/v_axi4s_vid_out_0/inst/COUPLER_INST/generate_async_fifo.FIFO_INST/XPM_FIFO_ASYNC_INST/gnuram_async_fifo.xpm_fifo_base_inst/gen_cdc_pntr.wr_pntr_cdc_dc_inst/dest_clk
    SLICE_X56Y105        FDRE                                         r  system_i/v_axi4s_vid_out_0/inst/COUPLER_INST/generate_async_fifo.FIFO_INST/XPM_FIFO_ASYNC_INST/gnuram_async_fifo.xpm_fifo_base_inst/gen_cdc_pntr.wr_pntr_cdc_dc_inst/dest_graysync_ff_reg[0][2]/C
                         clock pessimism              0.000     0.977    
    SLICE_X56Y105        FDRE (Hold_fdre_C_D)         0.169     1.146    system_i/v_axi4s_vid_out_0/inst/COUPLER_INST/generate_async_fifo.FIFO_INST/XPM_FIFO_ASYNC_INST/gnuram_async_fifo.xpm_fifo_base_inst/gen_cdc_pntr.wr_pntr_cdc_dc_inst/dest_graysync_ff_reg[0][2]
  -------------------------------------------------------------------
                         data arrival                           7.141    
                         clock arrival                          1.146    
  -------------------------------------------------------------------
                         relative delay                         5.995    



