Copyright 1986-2022 Xilinx, Inc. All Rights Reserved.
---------------------------------------------------------------------------------------------------------------------------------------------------------------------------------------------------------------------------------------------
| Tool Version : Vivado v.2022.1 (win64) Build 3526262 Mon Apr 18 15:48:16 MDT 2022
| Date         : Tue Apr 21 14:03:20 2026
| Host         : DESKTOP-TM7VUND running 64-bit major release  (build 9200)
| Command      : report_timing_summary -max_paths 10 -report_unconstrained -file design_1_wrapper_timing_summary_routed.rpt -pb design_1_wrapper_timing_summary_routed.pb -rpx design_1_wrapper_timing_summary_routed.rpx -warn_on_violation
| Design       : design_1_wrapper
| Device       : 7a35t-cpg236
| Speed File   : -1  PRODUCTION 1.23 2018-06-13
---------------------------------------------------------------------------------------------------------------------------------------------------------------------------------------------------------------------------------------------

Timing Summary Report

------------------------------------------------------------------------------------------------
| Timer Settings
| --------------
------------------------------------------------------------------------------------------------

  Enable Multi Corner Analysis               :  Yes
  Enable Pessimism Removal                   :  Yes
  Pessimism Removal Resolution               :  Nearest Common Node
  Enable Input Delay Default Clock           :  No
  Enable Preset / Clear Arcs                 :  No
  Disable Flight Delays                      :  No
  Ignore I/O Paths                           :  No
  Timing Early Launch at Borrowing Latches   :  No
  Borrow Time for Max Delay Exceptions       :  Yes
  Merge Timing Exceptions                    :  Yes

  Corner  Analyze    Analyze    
  Name    Max Paths  Min Paths  
  ------  ---------  ---------  
  Slow    Yes        Yes        
  Fast    Yes        Yes        


------------------------------------------------------------------------------------------------
| Report Methodology
| ------------------
------------------------------------------------------------------------------------------------

Rule       Severity  Description                                                       Violations  
---------  --------  ----------------------------------------------------------------  ----------  
CKLD-2     Warning   Clock Net has IO Driver, not a Clock Buf, and/or non-Clock loads  1           
TIMING-18  Warning   Missing input or output delay                                     8           

Note: This report is based on the most recent report_methodology run and may not be up-to-date. Run report_methodology on the current design for the latest report.



check_timing report

Table of Contents
-----------------
1. checking no_clock (0)
2. checking constant_clock (0)
3. checking pulse_width_clock (0)
4. checking unconstrained_internal_endpoints (0)
5. checking no_input_delay (0)
6. checking no_output_delay (8)
7. checking multiple_clock (0)
8. checking generated_clocks (0)
9. checking loops (0)
10. checking partial_input_delay (0)
11. checking partial_output_delay (0)
12. checking latch_loops (0)

1. checking no_clock (0)
------------------------
 There are 0 register/latch pins with no clock.


2. checking constant_clock (0)
------------------------------
 There are 0 register/latch pins with constant_clock.


3. checking pulse_width_clock (0)
---------------------------------
 There are 0 register/latch pins which need pulse_width check


4. checking unconstrained_internal_endpoints (0)
------------------------------------------------
 There are 0 pins that are not constrained for maximum delay.

 There are 0 pins that are not constrained for maximum delay due to constant clock.


5. checking no_input_delay (0)
------------------------------
 There are 0 input ports with no input delay specified.

 There are 0 input ports with no input delay but user has a false path constraint.


6. checking no_output_delay (8)
-------------------------------
 There are 8 ports with no output delay specified. (HIGH)

 There are 0 ports with no output delay but user has a false path constraint

 There are 0 ports with no output delay but with a timing clock defined on it or propagating through it


7. checking multiple_clock (0)
------------------------------
 There are 0 register/latch pins with multiple clocks.


8. checking generated_clocks (0)
--------------------------------
 There are 0 generated clocks that are not connected to a clock source.


9. checking loops (0)
---------------------
 There are 0 combinational loops in the design.


10. checking partial_input_delay (0)
------------------------------------
 There are 0 input ports with partial input delay specified.


11. checking partial_output_delay (0)
-------------------------------------
 There are 0 ports with partial output delay specified.


12. checking latch_loops (0)
----------------------------
 There are 0 combinational latch loops in the design through latch input



------------------------------------------------------------------------------------------------
| Design Timing Summary
| ---------------------
------------------------------------------------------------------------------------------------

    WNS(ns)      TNS(ns)  TNS Failing Endpoints  TNS Total Endpoints      WHS(ns)      THS(ns)  THS Failing Endpoints  THS Total Endpoints     WPWS(ns)     TPWS(ns)  TPWS Failing Endpoints  TPWS Total Endpoints  
    -------      -------  ---------------------  -------------------      -------      -------  ---------------------  -------------------     --------     --------  ----------------------  --------------------  
      7.311        0.000                      0                   28        0.252        0.000                      0                   28        4.500        0.000                       0                    28  


All user specified timing constraints are met.


------------------------------------------------------------------------------------------------
| Clock Summary
| -------------
------------------------------------------------------------------------------------------------

Clock        Waveform(ns)       Period(ns)      Frequency(MHz)
-----        ------------       ----------      --------------
sys_clk_pin  {0.000 5.000}      10.000          100.000         


------------------------------------------------------------------------------------------------
| Intra Clock Table
| -----------------
------------------------------------------------------------------------------------------------

Clock             WNS(ns)      TNS(ns)  TNS Failing Endpoints  TNS Total Endpoints      WHS(ns)      THS(ns)  THS Failing Endpoints  THS Total Endpoints     WPWS(ns)     TPWS(ns)  TPWS Failing Endpoints  TPWS Total Endpoints  
-----             -------      -------  ---------------------  -------------------      -------      -------  ---------------------  -------------------     --------     --------  ----------------------  --------------------  
sys_clk_pin         7.311        0.000                      0                   28        0.252        0.000                      0                   28        4.500        0.000                       0                    28  


------------------------------------------------------------------------------------------------
| Inter Clock Table
| -----------------
------------------------------------------------------------------------------------------------

From Clock    To Clock          WNS(ns)      TNS(ns)  TNS Failing Endpoints  TNS Total Endpoints      WHS(ns)      THS(ns)  THS Failing Endpoints  THS Total Endpoints  
----------    --------          -------      -------  ---------------------  -------------------      -------      -------  ---------------------  -------------------  


------------------------------------------------------------------------------------------------
| Other Path Groups Table
| -----------------------
------------------------------------------------------------------------------------------------

Path Group    From Clock    To Clock          WNS(ns)      TNS(ns)  TNS Failing Endpoints  TNS Total Endpoints      WHS(ns)      THS(ns)  THS Failing Endpoints  THS Total Endpoints  
----------    ----------    --------          -------      -------  ---------------------  -------------------      -------      -------  ---------------------  -------------------  


------------------------------------------------------------------------------------------------
| User Ignored Path Table
| -----------------------
------------------------------------------------------------------------------------------------

Path Group    From Clock    To Clock    
----------    ----------    --------    


------------------------------------------------------------------------------------------------
| Unconstrained Path Table
| ------------------------
------------------------------------------------------------------------------------------------

Path Group    From Clock    To Clock    
----------    ----------    --------    
(none)                                    
(none)        sys_clk_pin                 


------------------------------------------------------------------------------------------------
| Timing Details
| --------------
------------------------------------------------------------------------------------------------


---------------------------------------------------------------------------------------------------
From Clock:  sys_clk_pin
  To Clock:  sys_clk_pin

Setup :            0  Failing Endpoints,  Worst Slack        7.311ns,  Total Violation        0.000ns
Hold  :            0  Failing Endpoints,  Worst Slack        0.252ns,  Total Violation        0.000ns
PW    :            0  Failing Endpoints,  Worst Slack        4.500ns,  Total Violation        0.000ns
---------------------------------------------------------------------------------------------------


Max Delay Paths
--------------------------------------------------------------------------------------
Slack (MET) :             7.311ns  (required time - arrival time)
  Source:                 design_1_i/counter_0/U0/count_reg[1]/C
                            (rising edge-triggered cell FDRE clocked by sys_clk_pin  {rise@0.000ns fall@5.000ns period=10.000ns})
  Destination:            design_1_i/counter_0/U0/count_reg[25]/D
                            (rising edge-triggered cell FDRE clocked by sys_clk_pin  {rise@0.000ns fall@5.000ns period=10.000ns})
  Path Group:             sys_clk_pin
  Path Type:              Setup (Max at Slow Process Corner)
  Requirement:            10.000ns  (sys_clk_pin rise@10.000ns - sys_clk_pin rise@0.000ns)
  Data Path Delay:        2.514ns  (logic 2.034ns (80.891%)  route 0.480ns (19.109%))
  Logic Levels:           7  (CARRY4=7)
  Clock Path Skew:        -0.201ns (DCD - SCD + CPR)
    Destination Clock Delay (DCD):    2.356ns = ( 12.356 - 10.000 ) 
    Source Clock Delay      (SCD):    2.679ns
    Clock Pessimism Removal (CPR):    0.122ns
  Clock Uncertainty:      0.035ns  ((TSJ^2 + TIJ^2)^1/2 + DJ) / 2 + PE
    Total System Jitter     (TSJ):    0.071ns
    Total Input Jitter      (TIJ):    0.000ns
    Discrete Jitter          (DJ):    0.000ns
    Phase Error              (PE):    0.000ns

    Location             Delay type                Incr(ns)  Path(ns)    Netlist Resource(s)
  -------------------------------------------------------------------    -------------------
                         (clock sys_clk_pin rise edge)
                                                      0.000     0.000 r  
    W5                                                0.000     0.000 r  clk (IN)
                         net (fo=0)                   0.000     0.000    clk
    W5                   IBUF (Prop_ibuf_I_O)         1.458     1.458 r  clk_IBUF_inst/O
                         net (fo=28, routed)          1.221     2.679    design_1_i/counter_0/U0/clk
    SLICE_X65Y18         FDRE                                         r  design_1_i/counter_0/U0/count_reg[1]/C
  -------------------------------------------------------------------    -------------------
    SLICE_X65Y18         FDRE (Prop_fdre_C_Q)         0.456     3.135 r  design_1_i/counter_0/U0/count_reg[1]/Q
                         net (fo=1, routed)           0.480     3.616    design_1_i/counter_0/U0/count_reg_n_0_[1]
    SLICE_X65Y18         CARRY4 (Prop_carry4_S[1]_CO[3])
                                                      0.674     4.290 r  design_1_i/counter_0/U0/count_reg[0]_i_1/CO[3]
                         net (fo=1, routed)           0.000     4.290    design_1_i/counter_0/U0/count_reg[0]_i_1_n_0
    SLICE_X65Y19         CARRY4 (Prop_carry4_CI_CO[3])
                                                      0.114     4.404 r  design_1_i/counter_0/U0/count_reg[4]_i_1/CO[3]
                         net (fo=1, routed)           0.000     4.404    design_1_i/counter_0/U0/count_reg[4]_i_1_n_0
    SLICE_X65Y20         CARRY4 (Prop_carry4_CI_CO[3])
                                                      0.114     4.518 r  design_1_i/counter_0/U0/count_reg[8]_i_1/CO[3]
                         net (fo=1, routed)           0.000     4.518    design_1_i/counter_0/U0/count_reg[8]_i_1_n_0
    SLICE_X65Y21         CARRY4 (Prop_carry4_CI_CO[3])
                                                      0.114     4.632 r  design_1_i/counter_0/U0/count_reg[12]_i_1/CO[3]
                         net (fo=1, routed)           0.000     4.632    design_1_i/counter_0/U0/count_reg[12]_i_1_n_0
    SLICE_X65Y22         CARRY4 (Prop_carry4_CI_CO[3])
                                                      0.114     4.746 r  design_1_i/counter_0/U0/count_reg[16]_i_1/CO[3]
                         net (fo=1, routed)           0.000     4.746    design_1_i/counter_0/U0/count_reg[16]_i_1_n_0
    SLICE_X65Y23         CARRY4 (Prop_carry4_CI_CO[3])
                                                      0.114     4.860 r  design_1_i/counter_0/U0/count_reg[20]_i_1/CO[3]
                         net (fo=1, routed)           0.000     4.860    design_1_i/counter_0/U0/count_reg[20]_i_1_n_0
    SLICE_X65Y24         CARRY4 (Prop_carry4_CI_O[1])
                                                      0.334     5.194 r  design_1_i/counter_0/U0/count_reg[27]_i_1/O[1]
                         net (fo=1, routed)           0.000     5.194    design_1_i/counter_0/U0/count_reg[27]_i_1_n_6
    SLICE_X65Y24         FDRE                                         r  design_1_i/counter_0/U0/count_reg[25]/D
  -------------------------------------------------------------------    -------------------

                         (clock sys_clk_pin rise edge)
                                                     10.000    10.000 r  
    W5                                                0.000    10.000 r  clk (IN)
                         net (fo=0)                   0.000    10.000    clk
    W5                   IBUF (Prop_ibuf_I_O)         1.388    11.388 r  clk_IBUF_inst/O
                         net (fo=28, routed)          0.968    12.356    design_1_i/counter_0/U0/clk
    SLICE_X65Y24         FDRE                                         r  design_1_i/counter_0/U0/count_reg[25]/C
                         clock pessimism              0.122    12.478    
                         clock uncertainty           -0.035    12.443    
    SLICE_X65Y24         FDRE (Setup_fdre_C_D)        0.062    12.505    design_1_i/counter_0/U0/count_reg[25]
  -------------------------------------------------------------------
                         required time                         12.505    
                         arrival time                          -5.194    
  -------------------------------------------------------------------
                         slack                                  7.311    

Slack (MET) :             7.332ns  (required time - arrival time)
  Source:                 design_1_i/counter_0/U0/count_reg[1]/C
                            (rising edge-triggered cell FDRE clocked by sys_clk_pin  {rise@0.000ns fall@5.000ns period=10.000ns})
  Destination:            design_1_i/counter_0/U0/count_reg[27]/D
                            (rising edge-triggered cell FDRE clocked by sys_clk_pin  {rise@0.000ns fall@5.000ns period=10.000ns})
  Path Group:             sys_clk_pin
  Path Type:              Setup (Max at Slow Process Corner)
  Requirement:            10.000ns  (sys_clk_pin rise@10.000ns - sys_clk_pin rise@0.000ns)
  Data Path Delay:        2.493ns  (logic 2.013ns (80.730%)  route 0.480ns (19.270%))
  Logic Levels:           7  (CARRY4=7)
  Clock Path Skew:        -0.201ns (DCD - SCD + CPR)
    Destination Clock Delay (DCD):    2.356ns = ( 12.356 - 10.000 ) 
    Source Clock Delay      (SCD):    2.679ns
    Clock Pessimism Removal (CPR):    0.122ns
  Clock Uncertainty:      0.035ns  ((TSJ^2 + TIJ^2)^1/2 + DJ) / 2 + PE
    Total System Jitter     (TSJ):    0.071ns
    Total Input Jitter      (TIJ):    0.000ns
    Discrete Jitter          (DJ):    0.000ns
    Phase Error              (PE):    0.000ns

    Location             Delay type                Incr(ns)  Path(ns)    Netlist Resource(s)
  -------------------------------------------------------------------    -------------------
                         (clock sys_clk_pin rise edge)
                                                      0.000     0.000 r  
    W5                                                0.000     0.000 r  clk (IN)
                         net (fo=0)                   0.000     0.000    clk
    W5                   IBUF (Prop_ibuf_I_O)         1.458     1.458 r  clk_IBUF_inst/O
                         net (fo=28, routed)          1.221     2.679    design_1_i/counter_0/U0/clk
    SLICE_X65Y18         FDRE                                         r  design_1_i/counter_0/U0/count_reg[1]/C
  -------------------------------------------------------------------    -------------------
    SLICE_X65Y18         FDRE (Prop_fdre_C_Q)         0.456     3.135 r  design_1_i/counter_0/U0/count_reg[1]/Q
                         net (fo=1, routed)           0.480     3.616    design_1_i/counter_0/U0/count_reg_n_0_[1]
    SLICE_X65Y18         CARRY4 (Prop_carry4_S[1]_CO[3])
                                                      0.674     4.290 r  design_1_i/counter_0/U0/count_reg[0]_i_1/CO[3]
                         net (fo=1, routed)           0.000     4.290    design_1_i/counter_0/U0/count_reg[0]_i_1_n_0
    SLICE_X65Y19         CARRY4 (Prop_carry4_CI_CO[3])
                                                      0.114     4.404 r  design_1_i/counter_0/U0/count_reg[4]_i_1/CO[3]
                         net (fo=1, routed)           0.000     4.404    design_1_i/counter_0/U0/count_reg[4]_i_1_n_0
    SLICE_X65Y20         CARRY4 (Prop_carry4_CI_CO[3])
                                                      0.114     4.518 r  design_1_i/counter_0/U0/count_reg[8]_i_1/CO[3]
                         net (fo=1, routed)           0.000     4.518    design_1_i/counter_0/U0/count_reg[8]_i_1_n_0
    SLICE_X65Y21         CARRY4 (Prop_carry4_CI_CO[3])
                                                      0.114     4.632 r  design_1_i/counter_0/U0/count_reg[12]_i_1/CO[3]
                         net (fo=1, routed)           0.000     4.632    design_1_i/counter_0/U0/count_reg[12]_i_1_n_0
    SLICE_X65Y22         CARRY4 (Prop_carry4_CI_CO[3])
                                                      0.114     4.746 r  design_1_i/counter_0/U0/count_reg[16]_i_1/CO[3]
                         net (fo=1, routed)           0.000     4.746    design_1_i/counter_0/U0/count_reg[16]_i_1_n_0
    SLICE_X65Y23         CARRY4 (Prop_carry4_CI_CO[3])
                                                      0.114     4.860 r  design_1_i/counter_0/U0/count_reg[20]_i_1/CO[3]
                         net (fo=1, routed)           0.000     4.860    design_1_i/counter_0/U0/count_reg[20]_i_1_n_0
    SLICE_X65Y24         CARRY4 (Prop_carry4_CI_O[3])
                                                      0.313     5.173 r  design_1_i/counter_0/U0/count_reg[27]_i_1/O[3]
                         net (fo=1, routed)           0.000     5.173    design_1_i/counter_0/U0/count_reg[27]_i_1_n_4
    SLICE_X65Y24         FDRE                                         r  design_1_i/counter_0/U0/count_reg[27]/D
  -------------------------------------------------------------------    -------------------

                         (clock sys_clk_pin rise edge)
                                                     10.000    10.000 r  
    W5                                                0.000    10.000 r  clk (IN)
                         net (fo=0)                   0.000    10.000    clk
    W5                   IBUF (Prop_ibuf_I_O)         1.388    11.388 r  clk_IBUF_inst/O
                         net (fo=28, routed)          0.968    12.356    design_1_i/counter_0/U0/clk
    SLICE_X65Y24         FDRE                                         r  design_1_i/counter_0/U0/count_reg[27]/C
                         clock pessimism              0.122    12.478    
                         clock uncertainty           -0.035    12.443    
    SLICE_X65Y24         FDRE (Setup_fdre_C_D)        0.062    12.505    design_1_i/counter_0/U0/count_reg[27]
  -------------------------------------------------------------------
                         required time                         12.505    
                         arrival time                          -5.173    
  -------------------------------------------------------------------
                         slack                                  7.332    

Slack (MET) :             7.406ns  (required time - arrival time)
  Source:                 design_1_i/counter_0/U0/count_reg[1]/C
                            (rising edge-triggered cell FDRE clocked by sys_clk_pin  {rise@0.000ns fall@5.000ns period=10.000ns})
  Destination:            design_1_i/counter_0/U0/count_reg[26]/D
                            (rising edge-triggered cell FDRE clocked by sys_clk_pin  {rise@0.000ns fall@5.000ns period=10.000ns})
  Path Group:             sys_clk_pin
  Path Type:              Setup (Max at Slow Process Corner)
  Requirement:            10.000ns  (sys_clk_pin rise@10.000ns - sys_clk_pin rise@0.000ns)
  Data Path Delay:        2.419ns  (logic 1.939ns (80.141%)  route 0.480ns (19.859%))
  Logic Levels:           7  (CARRY4=7)
  Clock Path Skew:        -0.201ns (DCD - SCD + CPR)
    Destination Clock Delay (DCD):    2.356ns = ( 12.356 - 10.000 ) 
    Source Clock Delay      (SCD):    2.679ns
    Clock Pessimism Removal (CPR):    0.122ns
  Clock Uncertainty:      0.035ns  ((TSJ^2 + TIJ^2)^1/2 + DJ) / 2 + PE
    Total System Jitter     (TSJ):    0.071ns
    Total Input Jitter      (TIJ):    0.000ns
    Discrete Jitter          (DJ):    0.000ns
    Phase Error              (PE):    0.000ns

    Location             Delay type                Incr(ns)  Path(ns)    Netlist Resource(s)
  -------------------------------------------------------------------    -------------------
                         (clock sys_clk_pin rise edge)
                                                      0.000     0.000 r  
    W5                                                0.000     0.000 r  clk (IN)
                         net (fo=0)                   0.000     0.000    clk
    W5                   IBUF (Prop_ibuf_I_O)         1.458     1.458 r  clk_IBUF_inst/O
                         net (fo=28, routed)          1.221     2.679    design_1_i/counter_0/U0/clk
    SLICE_X65Y18         FDRE                                         r  design_1_i/counter_0/U0/count_reg[1]/C
  -------------------------------------------------------------------    -------------------
    SLICE_X65Y18         FDRE (Prop_fdre_C_Q)         0.456     3.135 r  design_1_i/counter_0/U0/count_reg[1]/Q
                         net (fo=1, routed)           0.480     3.616    design_1_i/counter_0/U0/count_reg_n_0_[1]
    SLICE_X65Y18         CARRY4 (Prop_carry4_S[1]_CO[3])
                                                      0.674     4.290 r  design_1_i/counter_0/U0/count_reg[0]_i_1/CO[3]
                         net (fo=1, routed)           0.000     4.290    design_1_i/counter_0/U0/count_reg[0]_i_1_n_0
    SLICE_X65Y19         CARRY4 (Prop_carry4_CI_CO[3])
                                                      0.114     4.404 r  design_1_i/counter_0/U0/count_reg[4]_i_1/CO[3]
                         net (fo=1, routed)           0.000     4.404    design_1_i/counter_0/U0/count_reg[4]_i_1_n_0
    SLICE_X65Y20         CARRY4 (Prop_carry4_CI_CO[3])
                                                      0.114     4.518 r  design_1_i/counter_0/U0/count_reg[8]_i_1/CO[3]
                         net (fo=1, routed)           0.000     4.518    design_1_i/counter_0/U0/count_reg[8]_i_1_n_0
    SLICE_X65Y21         CARRY4 (Prop_carry4_CI_CO[3])
                                                      0.114     4.632 r  design_1_i/counter_0/U0/count_reg[12]_i_1/CO[3]
                         net (fo=1, routed)           0.000     4.632    design_1_i/counter_0/U0/count_reg[12]_i_1_n_0
    SLICE_X65Y22         CARRY4 (Prop_carry4_CI_CO[3])
                                                      0.114     4.746 r  design_1_i/counter_0/U0/count_reg[16]_i_1/CO[3]
                         net (fo=1, routed)           0.000     4.746    design_1_i/counter_0/U0/count_reg[16]_i_1_n_0
    SLICE_X65Y23         CARRY4 (Prop_carry4_CI_CO[3])
                                                      0.114     4.860 r  design_1_i/counter_0/U0/count_reg[20]_i_1/CO[3]
                         net (fo=1, routed)           0.000     4.860    design_1_i/counter_0/U0/count_reg[20]_i_1_n_0
    SLICE_X65Y24         CARRY4 (Prop_carry4_CI_O[2])
                                                      0.239     5.099 r  design_1_i/counter_0/U0/count_reg[27]_i_1/O[2]
                         net (fo=1, routed)           0.000     5.099    design_1_i/counter_0/U0/count_reg[27]_i_1_n_5
    SLICE_X65Y24         FDRE                                         r  design_1_i/counter_0/U0/count_reg[26]/D
  -------------------------------------------------------------------    -------------------

                         (clock sys_clk_pin rise edge)
                                                     10.000    10.000 r  
    W5                                                0.000    10.000 r  clk (IN)
                         net (fo=0)                   0.000    10.000    clk
    W5                   IBUF (Prop_ibuf_I_O)         1.388    11.388 r  clk_IBUF_inst/O
                         net (fo=28, routed)          0.968    12.356    design_1_i/counter_0/U0/clk
    SLICE_X65Y24         FDRE                                         r  design_1_i/counter_0/U0/count_reg[26]/C
                         clock pessimism              0.122    12.478    
                         clock uncertainty           -0.035    12.443    
    SLICE_X65Y24         FDRE (Setup_fdre_C_D)        0.062    12.505    design_1_i/counter_0/U0/count_reg[26]
  -------------------------------------------------------------------
                         required time                         12.505    
                         arrival time                          -5.099    
  -------------------------------------------------------------------
                         slack                                  7.406    

Slack (MET) :             7.422ns  (required time - arrival time)
  Source:                 design_1_i/counter_0/U0/count_reg[1]/C
                            (rising edge-triggered cell FDRE clocked by sys_clk_pin  {rise@0.000ns fall@5.000ns period=10.000ns})
  Destination:            design_1_i/counter_0/U0/count_reg[24]/D
                            (rising edge-triggered cell FDRE clocked by sys_clk_pin  {rise@0.000ns fall@5.000ns period=10.000ns})
  Path Group:             sys_clk_pin
  Path Type:              Setup (Max at Slow Process Corner)
  Requirement:            10.000ns  (sys_clk_pin rise@10.000ns - sys_clk_pin rise@0.000ns)
  Data Path Delay:        2.403ns  (logic 1.923ns (80.009%)  route 0.480ns (19.991%))
  Logic Levels:           7  (CARRY4=7)
  Clock Path Skew:        -0.201ns (DCD - SCD + CPR)
    Destination Clock Delay (DCD):    2.356ns = ( 12.356 - 10.000 ) 
    Source Clock Delay      (SCD):    2.679ns
    Clock Pessimism Removal (CPR):    0.122ns
  Clock Uncertainty:      0.035ns  ((TSJ^2 + TIJ^2)^1/2 + DJ) / 2 + PE
    Total System Jitter     (TSJ):    0.071ns
    Total Input Jitter      (TIJ):    0.000ns
    Discrete Jitter          (DJ):    0.000ns
    Phase Error              (PE):    0.000ns

    Location             Delay type                Incr(ns)  Path(ns)    Netlist Resource(s)
  -------------------------------------------------------------------    -------------------
                         (clock sys_clk_pin rise edge)
                                                      0.000     0.000 r  
    W5                                                0.000     0.000 r  clk (IN)
                         net (fo=0)                   0.000     0.000    clk
    W5                   IBUF (Prop_ibuf_I_O)         1.458     1.458 r  clk_IBUF_inst/O
                         net (fo=28, routed)          1.221     2.679    design_1_i/counter_0/U0/clk
    SLICE_X65Y18         FDRE                                         r  design_1_i/counter_0/U0/count_reg[1]/C
  -------------------------------------------------------------------    -------------------
    SLICE_X65Y18         FDRE (Prop_fdre_C_Q)         0.456     3.135 r  design_1_i/counter_0/U0/count_reg[1]/Q
                         net (fo=1, routed)           0.480     3.616    design_1_i/counter_0/U0/count_reg_n_0_[1]
    SLICE_X65Y18         CARRY4 (Prop_carry4_S[1]_CO[3])
                                                      0.674     4.290 r  design_1_i/counter_0/U0/count_reg[0]_i_1/CO[3]
                         net (fo=1, routed)           0.000     4.290    design_1_i/counter_0/U0/count_reg[0]_i_1_n_0
    SLICE_X65Y19         CARRY4 (Prop_carry4_CI_CO[3])
                                                      0.114     4.404 r  design_1_i/counter_0/U0/count_reg[4]_i_1/CO[3]
                         net (fo=1, routed)           0.000     4.404    design_1_i/counter_0/U0/count_reg[4]_i_1_n_0
    SLICE_X65Y20         CARRY4 (Prop_carry4_CI_CO[3])
                                                      0.114     4.518 r  design_1_i/counter_0/U0/count_reg[8]_i_1/CO[3]
                         net (fo=1, routed)           0.000     4.518    design_1_i/counter_0/U0/count_reg[8]_i_1_n_0
    SLICE_X65Y21         CARRY4 (Prop_carry4_CI_CO[3])
                                                      0.114     4.632 r  design_1_i/counter_0/U0/count_reg[12]_i_1/CO[3]
                         net (fo=1, routed)           0.000     4.632    design_1_i/counter_0/U0/count_reg[12]_i_1_n_0
    SLICE_X65Y22         CARRY4 (Prop_carry4_CI_CO[3])
                                                      0.114     4.746 r  design_1_i/counter_0/U0/count_reg[16]_i_1/CO[3]
                         net (fo=1, routed)           0.000     4.746    design_1_i/counter_0/U0/count_reg[16]_i_1_n_0
    SLICE_X65Y23         CARRY4 (Prop_carry4_CI_CO[3])
                                                      0.114     4.860 r  design_1_i/counter_0/U0/count_reg[20]_i_1/CO[3]
                         net (fo=1, routed)           0.000     4.860    design_1_i/counter_0/U0/count_reg[20]_i_1_n_0
    SLICE_X65Y24         CARRY4 (Prop_carry4_CI_O[0])
                                                      0.223     5.083 r  design_1_i/counter_0/U0/count_reg[27]_i_1/O[0]
                         net (fo=1, routed)           0.000     5.083    design_1_i/counter_0/U0/count_reg[27]_i_1_n_7
    SLICE_X65Y24         FDRE                                         r  design_1_i/counter_0/U0/count_reg[24]/D
  -------------------------------------------------------------------    -------------------

                         (clock sys_clk_pin rise edge)
                                                     10.000    10.000 r  
    W5                                                0.000    10.000 r  clk (IN)
                         net (fo=0)                   0.000    10.000    clk
    W5                   IBUF (Prop_ibuf_I_O)         1.388    11.388 r  clk_IBUF_inst/O
                         net (fo=28, routed)          0.968    12.356    design_1_i/counter_0/U0/clk
    SLICE_X65Y24         FDRE                                         r  design_1_i/counter_0/U0/count_reg[24]/C
                         clock pessimism              0.122    12.478    
                         clock uncertainty           -0.035    12.443    
    SLICE_X65Y24         FDRE (Setup_fdre_C_D)        0.062    12.505    design_1_i/counter_0/U0/count_reg[24]
  -------------------------------------------------------------------
                         required time                         12.505    
                         arrival time                          -5.083    
  -------------------------------------------------------------------
                         slack                                  7.422    

Slack (MET) :             7.442ns  (required time - arrival time)
  Source:                 design_1_i/counter_0/U0/count_reg[1]/C
                            (rising edge-triggered cell FDRE clocked by sys_clk_pin  {rise@0.000ns fall@5.000ns period=10.000ns})
  Destination:            design_1_i/counter_0/U0/count_reg[21]/D
                            (rising edge-triggered cell FDRE clocked by sys_clk_pin  {rise@0.000ns fall@5.000ns period=10.000ns})
  Path Group:             sys_clk_pin
  Path Type:              Setup (Max at Slow Process Corner)
  Requirement:            10.000ns  (sys_clk_pin rise@10.000ns - sys_clk_pin rise@0.000ns)
  Data Path Delay:        2.400ns  (logic 1.920ns (79.984%)  route 0.480ns (20.016%))
  Logic Levels:           6  (CARRY4=6)
  Clock Path Skew:        -0.184ns (DCD - SCD + CPR)
    Destination Clock Delay (DCD):    2.373ns = ( 12.373 - 10.000 ) 
    Source Clock Delay      (SCD):    2.679ns
    Clock Pessimism Removal (CPR):    0.122ns
  Clock Uncertainty:      0.035ns  ((TSJ^2 + TIJ^2)^1/2 + DJ) / 2 + PE
    Total System Jitter     (TSJ):    0.071ns
    Total Input Jitter      (TIJ):    0.000ns
    Discrete Jitter          (DJ):    0.000ns
    Phase Error              (PE):    0.000ns

    Location             Delay type                Incr(ns)  Path(ns)    Netlist Resource(s)
  -------------------------------------------------------------------    -------------------
                         (clock sys_clk_pin rise edge)
                                                      0.000     0.000 r  
    W5                                                0.000     0.000 r  clk (IN)
                         net (fo=0)                   0.000     0.000    clk
    W5                   IBUF (Prop_ibuf_I_O)         1.458     1.458 r  clk_IBUF_inst/O
                         net (fo=28, routed)          1.221     2.679    design_1_i/counter_0/U0/clk
    SLICE_X65Y18         FDRE                                         r  design_1_i/counter_0/U0/count_reg[1]/C
  -------------------------------------------------------------------    -------------------
    SLICE_X65Y18         FDRE (Prop_fdre_C_Q)         0.456     3.135 r  design_1_i/counter_0/U0/count_reg[1]/Q
                         net (fo=1, routed)           0.480     3.616    design_1_i/counter_0/U0/count_reg_n_0_[1]
    SLICE_X65Y18         CARRY4 (Prop_carry4_S[1]_CO[3])
                                                      0.674     4.290 r  design_1_i/counter_0/U0/count_reg[0]_i_1/CO[3]
                         net (fo=1, routed)           0.000     4.290    design_1_i/counter_0/U0/count_reg[0]_i_1_n_0
    SLICE_X65Y19         CARRY4 (Prop_carry4_CI_CO[3])
                                                      0.114     4.404 r  design_1_i/counter_0/U0/count_reg[4]_i_1/CO[3]
                         net (fo=1, routed)           0.000     4.404    design_1_i/counter_0/U0/count_reg[4]_i_1_n_0
    SLICE_X65Y20         CARRY4 (Prop_carry4_CI_CO[3])
                                                      0.114     4.518 r  design_1_i/counter_0/U0/count_reg[8]_i_1/CO[3]
                         net (fo=1, routed)           0.000     4.518    design_1_i/counter_0/U0/count_reg[8]_i_1_n_0
    SLICE_X65Y21         CARRY4 (Prop_carry4_CI_CO[3])
                                                      0.114     4.632 r  design_1_i/counter_0/U0/count_reg[12]_i_1/CO[3]
                         net (fo=1, routed)           0.000     4.632    design_1_i/counter_0/U0/count_reg[12]_i_1_n_0
    SLICE_X65Y22         CARRY4 (Prop_carry4_CI_CO[3])
                                                      0.114     4.746 r  design_1_i/counter_0/U0/count_reg[16]_i_1/CO[3]
                         net (fo=1, routed)           0.000     4.746    design_1_i/counter_0/U0/count_reg[16]_i_1_n_0
    SLICE_X65Y23         CARRY4 (Prop_carry4_CI_O[1])
                                                      0.334     5.080 r  design_1_i/counter_0/U0/count_reg[20]_i_1/O[1]
                         net (fo=1, routed)           0.000     5.080    design_1_i/counter_0/U0/count_reg[20]_i_1_n_6
    SLICE_X65Y23         FDRE                                         r  design_1_i/counter_0/U0/count_reg[21]/D
  -------------------------------------------------------------------    -------------------

                         (clock sys_clk_pin rise edge)
                                                     10.000    10.000 r  
    W5                                                0.000    10.000 r  clk (IN)
                         net (fo=0)                   0.000    10.000    clk
    W5                   IBUF (Prop_ibuf_I_O)         1.388    11.388 r  clk_IBUF_inst/O
                         net (fo=28, routed)          0.985    12.373    design_1_i/counter_0/U0/clk
    SLICE_X65Y23         FDRE                                         r  design_1_i/counter_0/U0/count_reg[21]/C
                         clock pessimism              0.122    12.495    
                         clock uncertainty           -0.035    12.460    
    SLICE_X65Y23         FDRE (Setup_fdre_C_D)        0.062    12.522    design_1_i/counter_0/U0/count_reg[21]
  -------------------------------------------------------------------
                         required time                         12.522    
                         arrival time                          -5.080    
  -------------------------------------------------------------------
                         slack                                  7.442    

Slack (MET) :             7.463ns  (required time - arrival time)
  Source:                 design_1_i/counter_0/U0/count_reg[1]/C
                            (rising edge-triggered cell FDRE clocked by sys_clk_pin  {rise@0.000ns fall@5.000ns period=10.000ns})
  Destination:            design_1_i/counter_0/U0/count_reg[23]/D
                            (rising edge-triggered cell FDRE clocked by sys_clk_pin  {rise@0.000ns fall@5.000ns period=10.000ns})
  Path Group:             sys_clk_pin
  Path Type:              Setup (Max at Slow Process Corner)
  Requirement:            10.000ns  (sys_clk_pin rise@10.000ns - sys_clk_pin rise@0.000ns)
  Data Path Delay:        2.379ns  (logic 1.899ns (79.807%)  route 0.480ns (20.193%))
  Logic Levels:           6  (CARRY4=6)
  Clock Path Skew:        -0.184ns (DCD - SCD + CPR)
    Destination Clock Delay (DCD):    2.373ns = ( 12.373 - 10.000 ) 
    Source Clock Delay      (SCD):    2.679ns
    Clock Pessimism Removal (CPR):    0.122ns
  Clock Uncertainty:      0.035ns  ((TSJ^2 + TIJ^2)^1/2 + DJ) / 2 + PE
    Total System Jitter     (TSJ):    0.071ns
    Total Input Jitter      (TIJ):    0.000ns
    Discrete Jitter          (DJ):    0.000ns
    Phase Error              (PE):    0.000ns

    Location             Delay type                Incr(ns)  Path(ns)    Netlist Resource(s)
  -------------------------------------------------------------------    -------------------
                         (clock sys_clk_pin rise edge)
                                                      0.000     0.000 r  
    W5                                                0.000     0.000 r  clk (IN)
                         net (fo=0)                   0.000     0.000    clk
    W5                   IBUF (Prop_ibuf_I_O)         1.458     1.458 r  clk_IBUF_inst/O
                         net (fo=28, routed)          1.221     2.679    design_1_i/counter_0/U0/clk
    SLICE_X65Y18         FDRE                                         r  design_1_i/counter_0/U0/count_reg[1]/C
  -------------------------------------------------------------------    -------------------
    SLICE_X65Y18         FDRE (Prop_fdre_C_Q)         0.456     3.135 r  design_1_i/counter_0/U0/count_reg[1]/Q
                         net (fo=1, routed)           0.480     3.616    design_1_i/counter_0/U0/count_reg_n_0_[1]
    SLICE_X65Y18         CARRY4 (Prop_carry4_S[1]_CO[3])
                                                      0.674     4.290 r  design_1_i/counter_0/U0/count_reg[0]_i_1/CO[3]
                         net (fo=1, routed)           0.000     4.290    design_1_i/counter_0/U0/count_reg[0]_i_1_n_0
    SLICE_X65Y19         CARRY4 (Prop_carry4_CI_CO[3])
                                                      0.114     4.404 r  design_1_i/counter_0/U0/count_reg[4]_i_1/CO[3]
                         net (fo=1, routed)           0.000     4.404    design_1_i/counter_0/U0/count_reg[4]_i_1_n_0
    SLICE_X65Y20         CARRY4 (Prop_carry4_CI_CO[3])
                                                      0.114     4.518 r  design_1_i/counter_0/U0/count_reg[8]_i_1/CO[3]
                         net (fo=1, routed)           0.000     4.518    design_1_i/counter_0/U0/count_reg[8]_i_1_n_0
    SLICE_X65Y21         CARRY4 (Prop_carry4_CI_CO[3])
                                                      0.114     4.632 r  design_1_i/counter_0/U0/count_reg[12]_i_1/CO[3]
                         net (fo=1, routed)           0.000     4.632    design_1_i/counter_0/U0/count_reg[12]_i_1_n_0
    SLICE_X65Y22         CARRY4 (Prop_carry4_CI_CO[3])
                                                      0.114     4.746 r  design_1_i/counter_0/U0/count_reg[16]_i_1/CO[3]
                         net (fo=1, routed)           0.000     4.746    design_1_i/counter_0/U0/count_reg[16]_i_1_n_0
    SLICE_X65Y23         CARRY4 (Prop_carry4_CI_O[3])
                                                      0.313     5.059 r  design_1_i/counter_0/U0/count_reg[20]_i_1/O[3]
                         net (fo=1, routed)           0.000     5.059    design_1_i/counter_0/U0/count_reg[20]_i_1_n_4
    SLICE_X65Y23         FDRE                                         r  design_1_i/counter_0/U0/count_reg[23]/D
  -------------------------------------------------------------------    -------------------

                         (clock sys_clk_pin rise edge)
                                                     10.000    10.000 r  
    W5                                                0.000    10.000 r  clk (IN)
                         net (fo=0)                   0.000    10.000    clk
    W5                   IBUF (Prop_ibuf_I_O)         1.388    11.388 r  clk_IBUF_inst/O
                         net (fo=28, routed)          0.985    12.373    design_1_i/counter_0/U0/clk
    SLICE_X65Y23         FDRE                                         r  design_1_i/counter_0/U0/count_reg[23]/C
                         clock pessimism              0.122    12.495    
                         clock uncertainty           -0.035    12.460    
    SLICE_X65Y23         FDRE (Setup_fdre_C_D)        0.062    12.522    design_1_i/counter_0/U0/count_reg[23]
  -------------------------------------------------------------------
                         required time                         12.522    
                         arrival time                          -5.059    
  -------------------------------------------------------------------
                         slack                                  7.463    

Slack (MET) :             7.537ns  (required time - arrival time)
  Source:                 design_1_i/counter_0/U0/count_reg[1]/C
                            (rising edge-triggered cell FDRE clocked by sys_clk_pin  {rise@0.000ns fall@5.000ns period=10.000ns})
  Destination:            design_1_i/counter_0/U0/count_reg[22]/D
                            (rising edge-triggered cell FDRE clocked by sys_clk_pin  {rise@0.000ns fall@5.000ns period=10.000ns})
  Path Group:             sys_clk_pin
  Path Type:              Setup (Max at Slow Process Corner)
  Requirement:            10.000ns  (sys_clk_pin rise@10.000ns - sys_clk_pin rise@0.000ns)
  Data Path Delay:        2.305ns  (logic 1.825ns (79.159%)  route 0.480ns (20.841%))
  Logic Levels:           6  (CARRY4=6)
  Clock Path Skew:        -0.184ns (DCD - SCD + CPR)
    Destination Clock Delay (DCD):    2.373ns = ( 12.373 - 10.000 ) 
    Source Clock Delay      (SCD):    2.679ns
    Clock Pessimism Removal (CPR):    0.122ns
  Clock Uncertainty:      0.035ns  ((TSJ^2 + TIJ^2)^1/2 + DJ) / 2 + PE
    Total System Jitter     (TSJ):    0.071ns
    Total Input Jitter      (TIJ):    0.000ns
    Discrete Jitter          (DJ):    0.000ns
    Phase Error              (PE):    0.000ns

    Location             Delay type                Incr(ns)  Path(ns)    Netlist Resource(s)
  -------------------------------------------------------------------    -------------------
                         (clock sys_clk_pin rise edge)
                                                      0.000     0.000 r  
    W5                                                0.000     0.000 r  clk (IN)
                         net (fo=0)                   0.000     0.000    clk
    W5                   IBUF (Prop_ibuf_I_O)         1.458     1.458 r  clk_IBUF_inst/O
                         net (fo=28, routed)          1.221     2.679    design_1_i/counter_0/U0/clk
    SLICE_X65Y18         FDRE                                         r  design_1_i/counter_0/U0/count_reg[1]/C
  -------------------------------------------------------------------    -------------------
    SLICE_X65Y18         FDRE (Prop_fdre_C_Q)         0.456     3.135 r  design_1_i/counter_0/U0/count_reg[1]/Q
                         net (fo=1, routed)           0.480     3.616    design_1_i/counter_0/U0/count_reg_n_0_[1]
    SLICE_X65Y18         CARRY4 (Prop_carry4_S[1]_CO[3])
                                                      0.674     4.290 r  design_1_i/counter_0/U0/count_reg[0]_i_1/CO[3]
                         net (fo=1, routed)           0.000     4.290    design_1_i/counter_0/U0/count_reg[0]_i_1_n_0
    SLICE_X65Y19         CARRY4 (Prop_carry4_CI_CO[3])
                                                      0.114     4.404 r  design_1_i/counter_0/U0/count_reg[4]_i_1/CO[3]
                         net (fo=1, routed)           0.000     4.404    design_1_i/counter_0/U0/count_reg[4]_i_1_n_0
    SLICE_X65Y20         CARRY4 (Prop_carry4_CI_CO[3])
                                                      0.114     4.518 r  design_1_i/counter_0/U0/count_reg[8]_i_1/CO[3]
                         net (fo=1, routed)           0.000     4.518    design_1_i/counter_0/U0/count_reg[8]_i_1_n_0
    SLICE_X65Y21         CARRY4 (Prop_carry4_CI_CO[3])
                                                      0.114     4.632 r  design_1_i/counter_0/U0/count_reg[12]_i_1/CO[3]
                         net (fo=1, routed)           0.000     4.632    design_1_i/counter_0/U0/count_reg[12]_i_1_n_0
    SLICE_X65Y22         CARRY4 (Prop_carry4_CI_CO[3])
                                                      0.114     4.746 r  design_1_i/counter_0/U0/count_reg[16]_i_1/CO[3]
                         net (fo=1, routed)           0.000     4.746    design_1_i/counter_0/U0/count_reg[16]_i_1_n_0
    SLICE_X65Y23         CARRY4 (Prop_carry4_CI_O[2])
                                                      0.239     4.985 r  design_1_i/counter_0/U0/count_reg[20]_i_1/O[2]
                         net (fo=1, routed)           0.000     4.985    design_1_i/counter_0/U0/count_reg[20]_i_1_n_5
    SLICE_X65Y23         FDRE                                         r  design_1_i/counter_0/U0/count_reg[22]/D
  -------------------------------------------------------------------    -------------------

                         (clock sys_clk_pin rise edge)
                                                     10.000    10.000 r  
    W5                                                0.000    10.000 r  clk (IN)
                         net (fo=0)                   0.000    10.000    clk
    W5                   IBUF (Prop_ibuf_I_O)         1.388    11.388 r  clk_IBUF_inst/O
                         net (fo=28, routed)          0.985    12.373    design_1_i/counter_0/U0/clk
    SLICE_X65Y23         FDRE                                         r  design_1_i/counter_0/U0/count_reg[22]/C
                         clock pessimism              0.122    12.495    
                         clock uncertainty           -0.035    12.460    
    SLICE_X65Y23         FDRE (Setup_fdre_C_D)        0.062    12.522    design_1_i/counter_0/U0/count_reg[22]
  -------------------------------------------------------------------
                         required time                         12.522    
                         arrival time                          -4.985    
  -------------------------------------------------------------------
                         slack                                  7.537    

Slack (MET) :             7.553ns  (required time - arrival time)
  Source:                 design_1_i/counter_0/U0/count_reg[1]/C
                            (rising edge-triggered cell FDRE clocked by sys_clk_pin  {rise@0.000ns fall@5.000ns period=10.000ns})
  Destination:            design_1_i/counter_0/U0/count_reg[20]/D
                            (rising edge-triggered cell FDRE clocked by sys_clk_pin  {rise@0.000ns fall@5.000ns period=10.000ns})
  Path Group:             sys_clk_pin
  Path Type:              Setup (Max at Slow Process Corner)
  Requirement:            10.000ns  (sys_clk_pin rise@10.000ns - sys_clk_pin rise@0.000ns)
  Data Path Delay:        2.289ns  (logic 1.809ns (79.013%)  route 0.480ns (20.987%))
  Logic Levels:           6  (CARRY4=6)
  Clock Path Skew:        -0.184ns (DCD - SCD + CPR)
    Destination Clock Delay (DCD):    2.373ns = ( 12.373 - 10.000 ) 
    Source Clock Delay      (SCD):    2.679ns
    Clock Pessimism Removal (CPR):    0.122ns
  Clock Uncertainty:      0.035ns  ((TSJ^2 + TIJ^2)^1/2 + DJ) / 2 + PE
    Total System Jitter     (TSJ):    0.071ns
    Total Input Jitter      (TIJ):    0.000ns
    Discrete Jitter          (DJ):    0.000ns
    Phase Error              (PE):    0.000ns

    Location             Delay type                Incr(ns)  Path(ns)    Netlist Resource(s)
  -------------------------------------------------------------------    -------------------
                         (clock sys_clk_pin rise edge)
                                                      0.000     0.000 r  
    W5                                                0.000     0.000 r  clk (IN)
                         net (fo=0)                   0.000     0.000    clk
    W5                   IBUF (Prop_ibuf_I_O)         1.458     1.458 r  clk_IBUF_inst/O
                         net (fo=28, routed)          1.221     2.679    design_1_i/counter_0/U0/clk
    SLICE_X65Y18         FDRE                                         r  design_1_i/counter_0/U0/count_reg[1]/C
  -------------------------------------------------------------------    -------------------
    SLICE_X65Y18         FDRE (Prop_fdre_C_Q)         0.456     3.135 r  design_1_i/counter_0/U0/count_reg[1]/Q
                         net (fo=1, routed)           0.480     3.616    design_1_i/counter_0/U0/count_reg_n_0_[1]
    SLICE_X65Y18         CARRY4 (Prop_carry4_S[1]_CO[3])
                                                      0.674     4.290 r  design_1_i/counter_0/U0/count_reg[0]_i_1/CO[3]
                         net (fo=1, routed)           0.000     4.290    design_1_i/counter_0/U0/count_reg[0]_i_1_n_0
    SLICE_X65Y19         CARRY4 (Prop_carry4_CI_CO[3])
                                                      0.114     4.404 r  design_1_i/counter_0/U0/count_reg[4]_i_1/CO[3]
                         net (fo=1, routed)           0.000     4.404    design_1_i/counter_0/U0/count_reg[4]_i_1_n_0
    SLICE_X65Y20         CARRY4 (Prop_carry4_CI_CO[3])
                                                      0.114     4.518 r  design_1_i/counter_0/U0/count_reg[8]_i_1/CO[3]
                         net (fo=1, routed)           0.000     4.518    design_1_i/counter_0/U0/count_reg[8]_i_1_n_0
    SLICE_X65Y21         CARRY4 (Prop_carry4_CI_CO[3])
                                                      0.114     4.632 r  design_1_i/counter_0/U0/count_reg[12]_i_1/CO[3]
                         net (fo=1, routed)           0.000     4.632    design_1_i/counter_0/U0/count_reg[12]_i_1_n_0
    SLICE_X65Y22         CARRY4 (Prop_carry4_CI_CO[3])
                                                      0.114     4.746 r  design_1_i/counter_0/U0/count_reg[16]_i_1/CO[3]
                         net (fo=1, routed)           0.000     4.746    design_1_i/counter_0/U0/count_reg[16]_i_1_n_0
    SLICE_X65Y23         CARRY4 (Prop_carry4_CI_O[0])
                                                      0.223     4.969 r  design_1_i/counter_0/U0/count_reg[20]_i_1/O[0]
                         net (fo=1, routed)           0.000     4.969    design_1_i/counter_0/U0/count_reg[20]_i_1_n_7
    SLICE_X65Y23         FDRE                                         r  design_1_i/counter_0/U0/count_reg[20]/D
  -------------------------------------------------------------------    -------------------

                         (clock sys_clk_pin rise edge)
                                                     10.000    10.000 r  
    W5                                                0.000    10.000 r  clk (IN)
                         net (fo=0)                   0.000    10.000    clk
    W5                   IBUF (Prop_ibuf_I_O)         1.388    11.388 r  clk_IBUF_inst/O
                         net (fo=28, routed)          0.985    12.373    design_1_i/counter_0/U0/clk
    SLICE_X65Y23         FDRE                                         r  design_1_i/counter_0/U0/count_reg[20]/C
                         clock pessimism              0.122    12.495    
                         clock uncertainty           -0.035    12.460    
    SLICE_X65Y23         FDRE (Setup_fdre_C_D)        0.062    12.522    design_1_i/counter_0/U0/count_reg[20]
  -------------------------------------------------------------------
                         required time                         12.522    
                         arrival time                          -4.969    
  -------------------------------------------------------------------
                         slack                                  7.553    

Slack (MET) :             7.593ns  (required time - arrival time)
  Source:                 design_1_i/counter_0/U0/count_reg[1]/C
                            (rising edge-triggered cell FDRE clocked by sys_clk_pin  {rise@0.000ns fall@5.000ns period=10.000ns})
  Destination:            design_1_i/counter_0/U0/count_reg[13]/D
                            (rising edge-triggered cell FDRE clocked by sys_clk_pin  {rise@0.000ns fall@5.000ns period=10.000ns})
  Path Group:             sys_clk_pin
  Path Type:              Setup (Max at Slow Process Corner)
  Requirement:            10.000ns  (sys_clk_pin rise@10.000ns - sys_clk_pin rise@0.000ns)
  Data Path Delay:        2.172ns  (logic 1.692ns (77.883%)  route 0.480ns (22.117%))
  Logic Levels:           4  (CARRY4=4)
  Clock Path Skew:        -0.261ns (DCD - SCD + CPR)
    Destination Clock Delay (DCD):    2.296ns = ( 12.296 - 10.000 ) 
    Source Clock Delay      (SCD):    2.679ns
    Clock Pessimism Removal (CPR):    0.122ns
  Clock Uncertainty:      0.035ns  ((TSJ^2 + TIJ^2)^1/2 + DJ) / 2 + PE
    Total System Jitter     (TSJ):    0.071ns
    Total Input Jitter      (TIJ):    0.000ns
    Discrete Jitter          (DJ):    0.000ns
    Phase Error              (PE):    0.000ns

    Location             Delay type                Incr(ns)  Path(ns)    Netlist Resource(s)
  -------------------------------------------------------------------    -------------------
                         (clock sys_clk_pin rise edge)
                                                      0.000     0.000 r  
    W5                                                0.000     0.000 r  clk (IN)
                         net (fo=0)                   0.000     0.000    clk
    W5                   IBUF (Prop_ibuf_I_O)         1.458     1.458 r  clk_IBUF_inst/O
                         net (fo=28, routed)          1.221     2.679    design_1_i/counter_0/U0/clk
    SLICE_X65Y18         FDRE                                         r  design_1_i/counter_0/U0/count_reg[1]/C
  -------------------------------------------------------------------    -------------------
    SLICE_X65Y18         FDRE (Prop_fdre_C_Q)         0.456     3.135 r  design_1_i/counter_0/U0/count_reg[1]/Q
                         net (fo=1, routed)           0.480     3.616    design_1_i/counter_0/U0/count_reg_n_0_[1]
    SLICE_X65Y18         CARRY4 (Prop_carry4_S[1]_CO[3])
                                                      0.674     4.290 r  design_1_i/counter_0/U0/count_reg[0]_i_1/CO[3]
                         net (fo=1, routed)           0.000     4.290    design_1_i/counter_0/U0/count_reg[0]_i_1_n_0
    SLICE_X65Y19         CARRY4 (Prop_carry4_CI_CO[3])
                                                      0.114     4.404 r  design_1_i/counter_0/U0/count_reg[4]_i_1/CO[3]
                         net (fo=1, routed)           0.000     4.404    design_1_i/counter_0/U0/count_reg[4]_i_1_n_0
    SLICE_X65Y20         CARRY4 (Prop_carry4_CI_CO[3])
                                                      0.114     4.518 r  design_1_i/counter_0/U0/count_reg[8]_i_1/CO[3]
                         net (fo=1, routed)           0.000     4.518    design_1_i/counter_0/U0/count_reg[8]_i_1_n_0
    SLICE_X65Y21         CARRY4 (Prop_carry4_CI_O[1])
                                                      0.334     4.852 r  design_1_i/counter_0/U0/count_reg[12]_i_1/O[1]
                         net (fo=1, routed)           0.000     4.852    design_1_i/counter_0/U0/count_reg[12]_i_1_n_6
    SLICE_X65Y21         FDRE                                         r  design_1_i/counter_0/U0/count_reg[13]/D
  -------------------------------------------------------------------    -------------------

                         (clock sys_clk_pin rise edge)
                                                     10.000    10.000 r  
    W5                                                0.000    10.000 r  clk (IN)
                         net (fo=0)                   0.000    10.000    clk
    W5                   IBUF (Prop_ibuf_I_O)         1.388    11.388 r  clk_IBUF_inst/O
                         net (fo=28, routed)          0.908    12.296    design_1_i/counter_0/U0/clk
    SLICE_X65Y21         FDRE                                         r  design_1_i/counter_0/U0/count_reg[13]/C
                         clock pessimism              0.122    12.418    
                         clock uncertainty           -0.035    12.383    
    SLICE_X65Y21         FDRE (Setup_fdre_C_D)        0.062    12.445    design_1_i/counter_0/U0/count_reg[13]
  -------------------------------------------------------------------
                         required time                         12.445    
                         arrival time                          -4.852    
  -------------------------------------------------------------------
                         slack                                  7.593    

Slack (MET) :             7.614ns  (required time - arrival time)
  Source:                 design_1_i/counter_0/U0/count_reg[1]/C
                            (rising edge-triggered cell FDRE clocked by sys_clk_pin  {rise@0.000ns fall@5.000ns period=10.000ns})
  Destination:            design_1_i/counter_0/U0/count_reg[15]/D
                            (rising edge-triggered cell FDRE clocked by sys_clk_pin  {rise@0.000ns fall@5.000ns period=10.000ns})
  Path Group:             sys_clk_pin
  Path Type:              Setup (Max at Slow Process Corner)
  Requirement:            10.000ns  (sys_clk_pin rise@10.000ns - sys_clk_pin rise@0.000ns)
  Data Path Delay:        2.151ns  (logic 1.671ns (77.667%)  route 0.480ns (22.333%))
  Logic Levels:           4  (CARRY4=4)
  Clock Path Skew:        -0.261ns (DCD - SCD + CPR)
    Destination Clock Delay (DCD):    2.296ns = ( 12.296 - 10.000 ) 
    Source Clock Delay      (SCD):    2.679ns
    Clock Pessimism Removal (CPR):    0.122ns
  Clock Uncertainty:      0.035ns  ((TSJ^2 + TIJ^2)^1/2 + DJ) / 2 + PE
    Total System Jitter     (TSJ):    0.071ns
    Total Input Jitter      (TIJ):    0.000ns
    Discrete Jitter          (DJ):    0.000ns
    Phase Error              (PE):    0.000ns

    Location             Delay type                Incr(ns)  Path(ns)    Netlist Resource(s)
  -------------------------------------------------------------------    -------------------
                         (clock sys_clk_pin rise edge)
                                                      0.000     0.000 r  
    W5                                                0.000     0.000 r  clk (IN)
                         net (fo=0)                   0.000     0.000    clk
    W5                   IBUF (Prop_ibuf_I_O)         1.458     1.458 r  clk_IBUF_inst/O
                         net (fo=28, routed)          1.221     2.679    design_1_i/counter_0/U0/clk
    SLICE_X65Y18         FDRE                                         r  design_1_i/counter_0/U0/count_reg[1]/C
  -------------------------------------------------------------------    -------------------
    SLICE_X65Y18         FDRE (Prop_fdre_C_Q)         0.456     3.135 r  design_1_i/counter_0/U0/count_reg[1]/Q
                         net (fo=1, routed)           0.480     3.616    design_1_i/counter_0/U0/count_reg_n_0_[1]
    SLICE_X65Y18         CARRY4 (Prop_carry4_S[1]_CO[3])
                                                      0.674     4.290 r  design_1_i/counter_0/U0/count_reg[0]_i_1/CO[3]
                         net (fo=1, routed)           0.000     4.290    design_1_i/counter_0/U0/count_reg[0]_i_1_n_0
    SLICE_X65Y19         CARRY4 (Prop_carry4_CI_CO[3])
                                                      0.114     4.404 r  design_1_i/counter_0/U0/count_reg[4]_i_1/CO[3]
                         net (fo=1, routed)           0.000     4.404    design_1_i/counter_0/U0/count_reg[4]_i_1_n_0
    SLICE_X65Y20         CARRY4 (Prop_carry4_CI_CO[3])
                                                      0.114     4.518 r  design_1_i/counter_0/U0/count_reg[8]_i_1/CO[3]
                         net (fo=1, routed)           0.000     4.518    design_1_i/counter_0/U0/count_reg[8]_i_1_n_0
    SLICE_X65Y21         CARRY4 (Prop_carry4_CI_O[3])
                                                      0.313     4.831 r  design_1_i/counter_0/U0/count_reg[12]_i_1/O[3]
                         net (fo=1, routed)           0.000     4.831    design_1_i/counter_0/U0/count_reg[12]_i_1_n_4
    SLICE_X65Y21         FDRE                                         r  design_1_i/counter_0/U0/count_reg[15]/D
  -------------------------------------------------------------------    -------------------

                         (clock sys_clk_pin rise edge)
                                                     10.000    10.000 r  
    W5                                                0.000    10.000 r  clk (IN)
                         net (fo=0)                   0.000    10.000    clk
    W5                   IBUF (Prop_ibuf_I_O)         1.388    11.388 r  clk_IBUF_inst/O
                         net (fo=28, routed)          0.908    12.296    design_1_i/counter_0/U0/clk
    SLICE_X65Y21         FDRE                                         r  design_1_i/counter_0/U0/count_reg[15]/C
                         clock pessimism              0.122    12.418    
                         clock uncertainty           -0.035    12.383    
    SLICE_X65Y21         FDRE (Setup_fdre_C_D)        0.062    12.445    design_1_i/counter_0/U0/count_reg[15]
  -------------------------------------------------------------------
                         required time                         12.445    
                         arrival time                          -4.831    
  -------------------------------------------------------------------
                         slack                                  7.614    





Min Delay Paths
--------------------------------------------------------------------------------------
Slack (MET) :             0.252ns  (arrival time - required time)
  Source:                 design_1_i/counter_0/U0/count_reg[3]/C
                            (rising edge-triggered cell FDRE clocked by sys_clk_pin  {rise@0.000ns fall@5.000ns period=10.000ns})
  Destination:            design_1_i/counter_0/U0/count_reg[3]/D
                            (rising edge-triggered cell FDRE clocked by sys_clk_pin  {rise@0.000ns fall@5.000ns period=10.000ns})
  Path Group:             sys_clk_pin
  Path Type:              Hold (Min at Fast Process Corner)
  Requirement:            0.000ns  (sys_clk_pin rise@0.000ns - sys_clk_pin rise@0.000ns)
  Data Path Delay:        0.357ns  (logic 0.249ns (69.714%)  route 0.108ns (30.286%))
  Logic Levels:           1  (CARRY4=1)
  Clock Path Skew:        0.000ns (DCD - SCD - CPR)
    Destination Clock Delay (DCD):    1.046ns
    Source Clock Delay      (SCD):    0.778ns
    Clock Pessimism Removal (CPR):    0.268ns

    Location             Delay type                Incr(ns)  Path(ns)    Netlist Resource(s)
  -------------------------------------------------------------------    -------------------
                         (clock sys_clk_pin rise edge)
                                                      0.000     0.000 r  
    W5                                                0.000     0.000 r  clk (IN)
                         net (fo=0)                   0.000     0.000    clk
    W5                   IBUF (Prop_ibuf_I_O)         0.226     0.226 r  clk_IBUF_inst/O
                         net (fo=28, routed)          0.552     0.778    design_1_i/counter_0/U0/clk
    SLICE_X65Y18         FDRE                                         r  design_1_i/counter_0/U0/count_reg[3]/C
  -------------------------------------------------------------------    -------------------
    SLICE_X65Y18         FDRE (Prop_fdre_C_Q)         0.141     0.919 r  design_1_i/counter_0/U0/count_reg[3]/Q
                         net (fo=1, routed)           0.108     1.027    design_1_i/counter_0/U0/count_reg_n_0_[3]
    SLICE_X65Y18         CARRY4 (Prop_carry4_S[3]_O[3])
                                                      0.108     1.135 r  design_1_i/counter_0/U0/count_reg[0]_i_1/O[3]
                         net (fo=1, routed)           0.000     1.135    design_1_i/counter_0/U0/count_reg[0]_i_1_n_4
    SLICE_X65Y18         FDRE                                         r  design_1_i/counter_0/U0/count_reg[3]/D
  -------------------------------------------------------------------    -------------------

                         (clock sys_clk_pin rise edge)
                                                      0.000     0.000 r  
    W5                                                0.000     0.000 r  clk (IN)
                         net (fo=0)                   0.000     0.000    clk
    W5                   IBUF (Prop_ibuf_I_O)         0.414     0.414 r  clk_IBUF_inst/O
                         net (fo=28, routed)          0.632     1.046    design_1_i/counter_0/U0/clk
    SLICE_X65Y18         FDRE                                         r  design_1_i/counter_0/U0/count_reg[3]/C
                         clock pessimism             -0.268     0.778    
    SLICE_X65Y18         FDRE (Hold_fdre_C_D)         0.105     0.883    design_1_i/counter_0/U0/count_reg[3]
  -------------------------------------------------------------------
                         required time                         -0.883    
                         arrival time                           1.135    
  -------------------------------------------------------------------
                         slack                                  0.252    

Slack (MET) :             0.252ns  (arrival time - required time)
  Source:                 design_1_i/counter_0/U0/count_reg[11]/C
                            (rising edge-triggered cell FDRE clocked by sys_clk_pin  {rise@0.000ns fall@5.000ns period=10.000ns})
  Destination:            design_1_i/counter_0/U0/count_reg[11]/D
                            (rising edge-triggered cell FDRE clocked by sys_clk_pin  {rise@0.000ns fall@5.000ns period=10.000ns})
  Path Group:             sys_clk_pin
  Path Type:              Hold (Min at Fast Process Corner)
  Requirement:            0.000ns  (sys_clk_pin rise@0.000ns - sys_clk_pin rise@0.000ns)
  Data Path Delay:        0.357ns  (logic 0.249ns (69.714%)  route 0.108ns (30.286%))
  Logic Levels:           1  (CARRY4=1)
  Clock Path Skew:        0.000ns (DCD - SCD - CPR)
    Destination Clock Delay (DCD):    1.029ns
    Source Clock Delay      (SCD):    0.763ns
    Clock Pessimism Removal (CPR):    0.266ns

    Location             Delay type                Incr(ns)  Path(ns)    Netlist Resource(s)
  -------------------------------------------------------------------    -------------------
                         (clock sys_clk_pin rise edge)
                                                      0.000     0.000 r  
    W5                                                0.000     0.000 r  clk (IN)
                         net (fo=0)                   0.000     0.000    clk
    W5                   IBUF (Prop_ibuf_I_O)         0.226     0.226 r  clk_IBUF_inst/O
                         net (fo=28, routed)          0.536     0.763    design_1_i/counter_0/U0/clk
    SLICE_X65Y20         FDRE                                         r  design_1_i/counter_0/U0/count_reg[11]/C
  -------------------------------------------------------------------    -------------------
    SLICE_X65Y20         FDRE (Prop_fdre_C_Q)         0.141     0.904 r  design_1_i/counter_0/U0/count_reg[11]/Q
                         net (fo=1, routed)           0.108     1.012    design_1_i/counter_0/U0/count_reg_n_0_[11]
    SLICE_X65Y20         CARRY4 (Prop_carry4_S[3]_O[3])
                                                      0.108     1.120 r  design_1_i/counter_0/U0/count_reg[8]_i_1/O[3]
                         net (fo=1, routed)           0.000     1.120    design_1_i/counter_0/U0/count_reg[8]_i_1_n_4
    SLICE_X65Y20         FDRE                                         r  design_1_i/counter_0/U0/count_reg[11]/D
  -------------------------------------------------------------------    -------------------

                         (clock sys_clk_pin rise edge)
                                                      0.000     0.000 r  
    W5                                                0.000     0.000 r  clk (IN)
                         net (fo=0)                   0.000     0.000    clk
    W5                   IBUF (Prop_ibuf_I_O)         0.414     0.414 r  clk_IBUF_inst/O
                         net (fo=28, routed)          0.614     1.029    design_1_i/counter_0/U0/clk
    SLICE_X65Y20         FDRE                                         r  design_1_i/counter_0/U0/count_reg[11]/C
                         clock pessimism             -0.266     0.763    
    SLICE_X65Y20         FDRE (Hold_fdre_C_D)         0.105     0.868    design_1_i/counter_0/U0/count_reg[11]
  -------------------------------------------------------------------
                         required time                         -0.868    
                         arrival time                           1.120    
  -------------------------------------------------------------------
                         slack                                  0.252    

Slack (MET) :             0.252ns  (arrival time - required time)
  Source:                 design_1_i/counter_0/U0/count_reg[23]/C
                            (rising edge-triggered cell FDRE clocked by sys_clk_pin  {rise@0.000ns fall@5.000ns period=10.000ns})
  Destination:            design_1_i/counter_0/U0/count_reg[23]/D
                            (rising edge-triggered cell FDRE clocked by sys_clk_pin  {rise@0.000ns fall@5.000ns period=10.000ns})
  Path Group:             sys_clk_pin
  Path Type:              Hold (Min at Fast Process Corner)
  Requirement:            0.000ns  (sys_clk_pin rise@0.000ns - sys_clk_pin rise@0.000ns)
  Data Path Delay:        0.357ns  (logic 0.249ns (69.714%)  route 0.108ns (30.286%))
  Logic Levels:           1  (CARRY4=1)
  Clock Path Skew:        0.000ns (DCD - SCD - CPR)
    Destination Clock Delay (DCD):    1.004ns
    Source Clock Delay      (SCD):    0.741ns
    Clock Pessimism Removal (CPR):    0.263ns

    Location             Delay type                Incr(ns)  Path(ns)    Netlist Resource(s)
  -------------------------------------------------------------------    -------------------
                         (clock sys_clk_pin rise edge)
                                                      0.000     0.000 r  
    W5                                                0.000     0.000 r  clk (IN)
                         net (fo=0)                   0.000     0.000    clk
    W5                   IBUF (Prop_ibuf_I_O)         0.226     0.226 r  clk_IBUF_inst/O
                         net (fo=28, routed)          0.515     0.741    design_1_i/counter_0/U0/clk
    SLICE_X65Y23         FDRE                                         r  design_1_i/counter_0/U0/count_reg[23]/C
  -------------------------------------------------------------------    -------------------
    SLICE_X65Y23         FDRE (Prop_fdre_C_Q)         0.141     0.882 r  design_1_i/counter_0/U0/count_reg[23]/Q
                         net (fo=1, routed)           0.108     0.990    design_1_i/counter_0/U0/count_reg_n_0_[23]
    SLICE_X65Y23         CARRY4 (Prop_carry4_S[3]_O[3])
                                                      0.108     1.098 r  design_1_i/counter_0/U0/count_reg[20]_i_1/O[3]
                         net (fo=1, routed)           0.000     1.098    design_1_i/counter_0/U0/count_reg[20]_i_1_n_4
    SLICE_X65Y23         FDRE                                         r  design_1_i/counter_0/U0/count_reg[23]/D
  -------------------------------------------------------------------    -------------------

                         (clock sys_clk_pin rise edge)
                                                      0.000     0.000 r  
    W5                                                0.000     0.000 r  clk (IN)
                         net (fo=0)                   0.000     0.000    clk
    W5                   IBUF (Prop_ibuf_I_O)         0.414     0.414 r  clk_IBUF_inst/O
                         net (fo=28, routed)          0.590     1.004    design_1_i/counter_0/U0/clk
    SLICE_X65Y23         FDRE                                         r  design_1_i/counter_0/U0/count_reg[23]/C
                         clock pessimism             -0.263     0.741    
    SLICE_X65Y23         FDRE (Hold_fdre_C_D)         0.105     0.846    design_1_i/counter_0/U0/count_reg[23]
  -------------------------------------------------------------------
                         required time                         -0.846    
                         arrival time                           1.098    
  -------------------------------------------------------------------
                         slack                                  0.252    

Slack (MET) :             0.252ns  (arrival time - required time)
  Source:                 design_1_i/counter_0/U0/count_reg[7]/C
                            (rising edge-triggered cell FDRE clocked by sys_clk_pin  {rise@0.000ns fall@5.000ns period=10.000ns})
  Destination:            design_1_i/counter_0/U0/count_reg[7]/D
                            (rising edge-triggered cell FDRE clocked by sys_clk_pin  {rise@0.000ns fall@5.000ns period=10.000ns})
  Path Group:             sys_clk_pin
  Path Type:              Hold (Min at Fast Process Corner)
  Requirement:            0.000ns  (sys_clk_pin rise@0.000ns - sys_clk_pin rise@0.000ns)
  Data Path Delay:        0.357ns  (logic 0.249ns (69.714%)  route 0.108ns (30.286%))
  Logic Levels:           1  (CARRY4=1)
  Clock Path Skew:        0.000ns (DCD - SCD - CPR)
    Destination Clock Delay (DCD):    1.026ns
    Source Clock Delay      (SCD):    0.760ns
    Clock Pessimism Removal (CPR):    0.266ns

    Location             Delay type                Incr(ns)  Path(ns)    Netlist Resource(s)
  -------------------------------------------------------------------    -------------------
                         (clock sys_clk_pin rise edge)
                                                      0.000     0.000 r  
    W5                                                0.000     0.000 r  clk (IN)
                         net (fo=0)                   0.000     0.000    clk
    W5                   IBUF (Prop_ibuf_I_O)         0.226     0.226 r  clk_IBUF_inst/O
                         net (fo=28, routed)          0.533     0.760    design_1_i/counter_0/U0/clk
    SLICE_X65Y19         FDRE                                         r  design_1_i/counter_0/U0/count_reg[7]/C
  -------------------------------------------------------------------    -------------------
    SLICE_X65Y19         FDRE (Prop_fdre_C_Q)         0.141     0.901 r  design_1_i/counter_0/U0/count_reg[7]/Q
                         net (fo=1, routed)           0.108     1.009    design_1_i/counter_0/U0/count_reg_n_0_[7]
    SLICE_X65Y19         CARRY4 (Prop_carry4_S[3]_O[3])
                                                      0.108     1.117 r  design_1_i/counter_0/U0/count_reg[4]_i_1/O[3]
                         net (fo=1, routed)           0.000     1.117    design_1_i/counter_0/U0/count_reg[4]_i_1_n_4
    SLICE_X65Y19         FDRE                                         r  design_1_i/counter_0/U0/count_reg[7]/D
  -------------------------------------------------------------------    -------------------

                         (clock sys_clk_pin rise edge)
                                                      0.000     0.000 r  
    W5                                                0.000     0.000 r  clk (IN)
                         net (fo=0)                   0.000     0.000    clk
    W5                   IBUF (Prop_ibuf_I_O)         0.414     0.414 r  clk_IBUF_inst/O
                         net (fo=28, routed)          0.611     1.026    design_1_i/counter_0/U0/clk
    SLICE_X65Y19         FDRE                                         r  design_1_i/counter_0/U0/count_reg[7]/C
                         clock pessimism             -0.266     0.760    
    SLICE_X65Y19         FDRE (Hold_fdre_C_D)         0.105     0.865    design_1_i/counter_0/U0/count_reg[7]
  -------------------------------------------------------------------
                         required time                         -0.865    
                         arrival time                           1.117    
  -------------------------------------------------------------------
                         slack                                  0.252    

Slack (MET) :             0.252ns  (arrival time - required time)
  Source:                 design_1_i/counter_0/U0/count_reg[15]/C
                            (rising edge-triggered cell FDRE clocked by sys_clk_pin  {rise@0.000ns fall@5.000ns period=10.000ns})
  Destination:            design_1_i/counter_0/U0/count_reg[15]/D
                            (rising edge-triggered cell FDRE clocked by sys_clk_pin  {rise@0.000ns fall@5.000ns period=10.000ns})
  Path Group:             sys_clk_pin
  Path Type:              Hold (Min at Fast Process Corner)
  Requirement:            0.000ns  (sys_clk_pin rise@0.000ns - sys_clk_pin rise@0.000ns)
  Data Path Delay:        0.357ns  (logic 0.249ns (69.714%)  route 0.108ns (30.286%))
  Logic Levels:           1  (CARRY4=1)
  Clock Path Skew:        0.000ns (DCD - SCD - CPR)
    Destination Clock Delay (DCD):    0.965ns
    Source Clock Delay      (SCD):    0.709ns
    Clock Pessimism Removal (CPR):    0.256ns

    Location             Delay type                Incr(ns)  Path(ns)    Netlist Resource(s)
  -------------------------------------------------------------------    -------------------
                         (clock sys_clk_pin rise edge)
                                                      0.000     0.000 r  
    W5                                                0.000     0.000 r  clk (IN)
                         net (fo=0)                   0.000     0.000    clk
    W5                   IBUF (Prop_ibuf_I_O)         0.226     0.226 r  clk_IBUF_inst/O
                         net (fo=28, routed)          0.483     0.709    design_1_i/counter_0/U0/clk
    SLICE_X65Y21         FDRE                                         r  design_1_i/counter_0/U0/count_reg[15]/C
  -------------------------------------------------------------------    -------------------
    SLICE_X65Y21         FDRE (Prop_fdre_C_Q)         0.141     0.850 r  design_1_i/counter_0/U0/count_reg[15]/Q
                         net (fo=1, routed)           0.108     0.958    design_1_i/counter_0/U0/count_reg_n_0_[15]
    SLICE_X65Y21         CARRY4 (Prop_carry4_S[3]_O[3])
                                                      0.108     1.066 r  design_1_i/counter_0/U0/count_reg[12]_i_1/O[3]
                         net (fo=1, routed)           0.000     1.066    design_1_i/counter_0/U0/count_reg[12]_i_1_n_4
    SLICE_X65Y21         FDRE                                         r  design_1_i/counter_0/U0/count_reg[15]/D
  -------------------------------------------------------------------    -------------------

                         (clock sys_clk_pin rise edge)
                                                      0.000     0.000 r  
    W5                                                0.000     0.000 r  clk (IN)
                         net (fo=0)                   0.000     0.000    clk
    W5                   IBUF (Prop_ibuf_I_O)         0.414     0.414 r  clk_IBUF_inst/O
                         net (fo=28, routed)          0.551     0.965    design_1_i/counter_0/U0/clk
    SLICE_X65Y21         FDRE                                         r  design_1_i/counter_0/U0/count_reg[15]/C
                         clock pessimism             -0.256     0.709    
    SLICE_X65Y21         FDRE (Hold_fdre_C_D)         0.105     0.814    design_1_i/counter_0/U0/count_reg[15]
  -------------------------------------------------------------------
                         required time                         -0.814    
                         arrival time                           1.066    
  -------------------------------------------------------------------
                         slack                                  0.252    

Slack (MET) :             0.252ns  (arrival time - required time)
  Source:                 design_1_i/counter_0/U0/count_reg[19]/C
                            (rising edge-triggered cell FDRE clocked by sys_clk_pin  {rise@0.000ns fall@5.000ns period=10.000ns})
  Destination:            design_1_i/counter_0/U0/count_reg[19]/D
                            (rising edge-triggered cell FDRE clocked by sys_clk_pin  {rise@0.000ns fall@5.000ns period=10.000ns})
  Path Group:             sys_clk_pin
  Path Type:              Hold (Min at Fast Process Corner)
  Requirement:            0.000ns  (sys_clk_pin rise@0.000ns - sys_clk_pin rise@0.000ns)
  Data Path Delay:        0.357ns  (logic 0.249ns (69.714%)  route 0.108ns (30.286%))
  Logic Levels:           1  (CARRY4=1)
  Clock Path Skew:        0.000ns (DCD - SCD - CPR)
    Destination Clock Delay (DCD):    1.024ns
    Source Clock Delay      (SCD):    0.759ns
    Clock Pessimism Removal (CPR):    0.265ns

    Location             Delay type                Incr(ns)  Path(ns)    Netlist Resource(s)
  -------------------------------------------------------------------    -------------------
                         (clock sys_clk_pin rise edge)
                                                      0.000     0.000 r  
    W5                                                0.000     0.000 r  clk (IN)
                         net (fo=0)                   0.000     0.000    clk
    W5                   IBUF (Prop_ibuf_I_O)         0.226     0.226 r  clk_IBUF_inst/O
                         net (fo=28, routed)          0.533     0.759    design_1_i/counter_0/U0/clk
    SLICE_X65Y22         FDRE                                         r  design_1_i/counter_0/U0/count_reg[19]/C
  -------------------------------------------------------------------    -------------------
    SLICE_X65Y22         FDRE (Prop_fdre_C_Q)         0.141     0.900 r  design_1_i/counter_0/U0/count_reg[19]/Q
                         net (fo=1, routed)           0.108     1.009    design_1_i/counter_0/U0/count_reg_n_0_[19]
    SLICE_X65Y22         CARRY4 (Prop_carry4_S[3]_O[3])
                                                      0.108     1.117 r  design_1_i/counter_0/U0/count_reg[16]_i_1/O[3]
                         net (fo=1, routed)           0.000     1.117    design_1_i/counter_0/U0/count_reg[16]_i_1_n_4
    SLICE_X65Y22         FDRE                                         r  design_1_i/counter_0/U0/count_reg[19]/D
  -------------------------------------------------------------------    -------------------

                         (clock sys_clk_pin rise edge)
                                                      0.000     0.000 r  
    W5                                                0.000     0.000 r  clk (IN)
                         net (fo=0)                   0.000     0.000    clk
    W5                   IBUF (Prop_ibuf_I_O)         0.414     0.414 r  clk_IBUF_inst/O
                         net (fo=28, routed)          0.610     1.024    design_1_i/counter_0/U0/clk
    SLICE_X65Y22         FDRE                                         r  design_1_i/counter_0/U0/count_reg[19]/C
                         clock pessimism             -0.265     0.759    
    SLICE_X65Y22         FDRE (Hold_fdre_C_D)         0.105     0.864    design_1_i/counter_0/U0/count_reg[19]
  -------------------------------------------------------------------
                         required time                         -0.864    
                         arrival time                           1.117    
  -------------------------------------------------------------------
                         slack                                  0.252    

Slack (MET) :             0.256ns  (arrival time - required time)
  Source:                 design_1_i/counter_0/U0/count_reg[20]/C
                            (rising edge-triggered cell FDRE clocked by sys_clk_pin  {rise@0.000ns fall@5.000ns period=10.000ns})
  Destination:            design_1_i/counter_0/U0/count_reg[20]/D
                            (rising edge-triggered cell FDRE clocked by sys_clk_pin  {rise@0.000ns fall@5.000ns period=10.000ns})
  Path Group:             sys_clk_pin
  Path Type:              Hold (Min at Fast Process Corner)
  Requirement:            0.000ns  (sys_clk_pin rise@0.000ns - sys_clk_pin rise@0.000ns)
  Data Path Delay:        0.361ns  (logic 0.256ns (70.880%)  route 0.105ns (29.120%))
  Logic Levels:           1  (CARRY4=1)
  Clock Path Skew:        0.000ns (DCD - SCD - CPR)
    Destination Clock Delay (DCD):    1.004ns
    Source Clock Delay      (SCD):    0.741ns
    Clock Pessimism Removal (CPR):    0.263ns

    Location             Delay type                Incr(ns)  Path(ns)    Netlist Resource(s)
  -------------------------------------------------------------------    -------------------
                         (clock sys_clk_pin rise edge)
                                                      0.000     0.000 r  
    W5                                                0.000     0.000 r  clk (IN)
                         net (fo=0)                   0.000     0.000    clk
    W5                   IBUF (Prop_ibuf_I_O)         0.226     0.226 r  clk_IBUF_inst/O
                         net (fo=28, routed)          0.515     0.741    design_1_i/counter_0/U0/clk
    SLICE_X65Y23         FDRE                                         r  design_1_i/counter_0/U0/count_reg[20]/C
  -------------------------------------------------------------------    -------------------
    SLICE_X65Y23         FDRE (Prop_fdre_C_Q)         0.141     0.882 r  design_1_i/counter_0/U0/count_reg[20]/Q
                         net (fo=1, routed)           0.105     0.987    design_1_i/counter_0/U0/count_reg_n_0_[20]
    SLICE_X65Y23         CARRY4 (Prop_carry4_S[0]_O[0])
                                                      0.115     1.102 r  design_1_i/counter_0/U0/count_reg[20]_i_1/O[0]
                         net (fo=1, routed)           0.000     1.102    design_1_i/counter_0/U0/count_reg[20]_i_1_n_7
    SLICE_X65Y23         FDRE                                         r  design_1_i/counter_0/U0/count_reg[20]/D
  -------------------------------------------------------------------    -------------------

                         (clock sys_clk_pin rise edge)
                                                      0.000     0.000 r  
    W5                                                0.000     0.000 r  clk (IN)
                         net (fo=0)                   0.000     0.000    clk
    W5                   IBUF (Prop_ibuf_I_O)         0.414     0.414 r  clk_IBUF_inst/O
                         net (fo=28, routed)          0.590     1.004    design_1_i/counter_0/U0/clk
    SLICE_X65Y23         FDRE                                         r  design_1_i/counter_0/U0/count_reg[20]/C
                         clock pessimism             -0.263     0.741    
    SLICE_X65Y23         FDRE (Hold_fdre_C_D)         0.105     0.846    design_1_i/counter_0/U0/count_reg[20]
  -------------------------------------------------------------------
                         required time                         -0.846    
                         arrival time                           1.102    
  -------------------------------------------------------------------
                         slack                                  0.256    

Slack (MET) :             0.256ns  (arrival time - required time)
  Source:                 design_1_i/counter_0/U0/count_reg[24]/C
                            (rising edge-triggered cell FDRE clocked by sys_clk_pin  {rise@0.000ns fall@5.000ns period=10.000ns})
  Destination:            design_1_i/counter_0/U0/count_reg[24]/D
                            (rising edge-triggered cell FDRE clocked by sys_clk_pin  {rise@0.000ns fall@5.000ns period=10.000ns})
  Path Group:             sys_clk_pin
  Path Type:              Hold (Min at Fast Process Corner)
  Requirement:            0.000ns  (sys_clk_pin rise@0.000ns - sys_clk_pin rise@0.000ns)
  Data Path Delay:        0.361ns  (logic 0.256ns (70.880%)  route 0.105ns (29.120%))
  Logic Levels:           1  (CARRY4=1)
  Clock Path Skew:        0.000ns (DCD - SCD - CPR)
    Destination Clock Delay (DCD):    0.961ns
    Source Clock Delay      (SCD):    0.703ns
    Clock Pessimism Removal (CPR):    0.258ns

    Location             Delay type                Incr(ns)  Path(ns)    Netlist Resource(s)
  -------------------------------------------------------------------    -------------------
                         (clock sys_clk_pin rise edge)
                                                      0.000     0.000 r  
    W5                                                0.000     0.000 r  clk (IN)
                         net (fo=0)                   0.000     0.000    clk
    W5                   IBUF (Prop_ibuf_I_O)         0.226     0.226 r  clk_IBUF_inst/O
                         net (fo=28, routed)          0.477     0.703    design_1_i/counter_0/U0/clk
    SLICE_X65Y24         FDRE                                         r  design_1_i/counter_0/U0/count_reg[24]/C
  -------------------------------------------------------------------    -------------------
    SLICE_X65Y24         FDRE (Prop_fdre_C_Q)         0.141     0.844 r  design_1_i/counter_0/U0/count_reg[24]/Q
                         net (fo=1, routed)           0.105     0.949    design_1_i/counter_0/U0/count_reg_n_0_[24]
    SLICE_X65Y24         CARRY4 (Prop_carry4_S[0]_O[0])
                                                      0.115     1.064 r  design_1_i/counter_0/U0/count_reg[27]_i_1/O[0]
                         net (fo=1, routed)           0.000     1.064    design_1_i/counter_0/U0/count_reg[27]_i_1_n_7
    SLICE_X65Y24         FDRE                                         r  design_1_i/counter_0/U0/count_reg[24]/D
  -------------------------------------------------------------------    -------------------

                         (clock sys_clk_pin rise edge)
                                                      0.000     0.000 r  
    W5                                                0.000     0.000 r  clk (IN)
                         net (fo=0)                   0.000     0.000    clk
    W5                   IBUF (Prop_ibuf_I_O)         0.414     0.414 r  clk_IBUF_inst/O
                         net (fo=28, routed)          0.547     0.961    design_1_i/counter_0/U0/clk
    SLICE_X65Y24         FDRE                                         r  design_1_i/counter_0/U0/count_reg[24]/C
                         clock pessimism             -0.258     0.703    
    SLICE_X65Y24         FDRE (Hold_fdre_C_D)         0.105     0.808    design_1_i/counter_0/U0/count_reg[24]
  -------------------------------------------------------------------
                         required time                         -0.808    
                         arrival time                           1.064    
  -------------------------------------------------------------------
                         slack                                  0.256    

Slack (MET) :             0.256ns  (arrival time - required time)
  Source:                 design_1_i/counter_0/U0/count_reg[4]/C
                            (rising edge-triggered cell FDRE clocked by sys_clk_pin  {rise@0.000ns fall@5.000ns period=10.000ns})
  Destination:            design_1_i/counter_0/U0/count_reg[4]/D
                            (rising edge-triggered cell FDRE clocked by sys_clk_pin  {rise@0.000ns fall@5.000ns period=10.000ns})
  Path Group:             sys_clk_pin
  Path Type:              Hold (Min at Fast Process Corner)
  Requirement:            0.000ns  (sys_clk_pin rise@0.000ns - sys_clk_pin rise@0.000ns)
  Data Path Delay:        0.361ns  (logic 0.256ns (70.880%)  route 0.105ns (29.120%))
  Logic Levels:           1  (CARRY4=1)
  Clock Path Skew:        0.000ns (DCD - SCD - CPR)
    Destination Clock Delay (DCD):    1.026ns
    Source Clock Delay      (SCD):    0.760ns
    Clock Pessimism Removal (CPR):    0.266ns

    Location             Delay type                Incr(ns)  Path(ns)    Netlist Resource(s)
  -------------------------------------------------------------------    -------------------
                         (clock sys_clk_pin rise edge)
                                                      0.000     0.000 r  
    W5                                                0.000     0.000 r  clk (IN)
                         net (fo=0)                   0.000     0.000    clk
    W5                   IBUF (Prop_ibuf_I_O)         0.226     0.226 r  clk_IBUF_inst/O
                         net (fo=28, routed)          0.533     0.760    design_1_i/counter_0/U0/clk
    SLICE_X65Y19         FDRE                                         r  design_1_i/counter_0/U0/count_reg[4]/C
  -------------------------------------------------------------------    -------------------
    SLICE_X65Y19         FDRE (Prop_fdre_C_Q)         0.141     0.901 r  design_1_i/counter_0/U0/count_reg[4]/Q
                         net (fo=1, routed)           0.105     1.006    design_1_i/counter_0/U0/count_reg_n_0_[4]
    SLICE_X65Y19         CARRY4 (Prop_carry4_S[0]_O[0])
                                                      0.115     1.121 r  design_1_i/counter_0/U0/count_reg[4]_i_1/O[0]
                         net (fo=1, routed)           0.000     1.121    design_1_i/counter_0/U0/count_reg[4]_i_1_n_7
    SLICE_X65Y19         FDRE                                         r  design_1_i/counter_0/U0/count_reg[4]/D
  -------------------------------------------------------------------    -------------------

                         (clock sys_clk_pin rise edge)
                                                      0.000     0.000 r  
    W5                                                0.000     0.000 r  clk (IN)
                         net (fo=0)                   0.000     0.000    clk
    W5                   IBUF (Prop_ibuf_I_O)         0.414     0.414 r  clk_IBUF_inst/O
                         net (fo=28, routed)          0.611     1.026    design_1_i/counter_0/U0/clk
    SLICE_X65Y19         FDRE                                         r  design_1_i/counter_0/U0/count_reg[4]/C
                         clock pessimism             -0.266     0.760    
    SLICE_X65Y19         FDRE (Hold_fdre_C_D)         0.105     0.865    design_1_i/counter_0/U0/count_reg[4]
  -------------------------------------------------------------------
                         required time                         -0.865    
                         arrival time                           1.121    
  -------------------------------------------------------------------
                         slack                                  0.256    

Slack (MET) :             0.256ns  (arrival time - required time)
  Source:                 design_1_i/counter_0/U0/count_reg[8]/C
                            (rising edge-triggered cell FDRE clocked by sys_clk_pin  {rise@0.000ns fall@5.000ns period=10.000ns})
  Destination:            design_1_i/counter_0/U0/count_reg[8]/D
                            (rising edge-triggered cell FDRE clocked by sys_clk_pin  {rise@0.000ns fall@5.000ns period=10.000ns})
  Path Group:             sys_clk_pin
  Path Type:              Hold (Min at Fast Process Corner)
  Requirement:            0.000ns  (sys_clk_pin rise@0.000ns - sys_clk_pin rise@0.000ns)
  Data Path Delay:        0.361ns  (logic 0.256ns (70.880%)  route 0.105ns (29.120%))
  Logic Levels:           1  (CARRY4=1)
  Clock Path Skew:        0.000ns (DCD - SCD - CPR)
    Destination Clock Delay (DCD):    1.029ns
    Source Clock Delay      (SCD):    0.763ns
    Clock Pessimism Removal (CPR):    0.266ns

    Location             Delay type                Incr(ns)  Path(ns)    Netlist Resource(s)
  -------------------------------------------------------------------    -------------------
                         (clock sys_clk_pin rise edge)
                                                      0.000     0.000 r  
    W5                                                0.000     0.000 r  clk (IN)
                         net (fo=0)                   0.000     0.000    clk
    W5                   IBUF (Prop_ibuf_I_O)         0.226     0.226 r  clk_IBUF_inst/O
                         net (fo=28, routed)          0.536     0.763    design_1_i/counter_0/U0/clk
    SLICE_X65Y20         FDRE                                         r  design_1_i/counter_0/U0/count_reg[8]/C
  -------------------------------------------------------------------    -------------------
    SLICE_X65Y20         FDRE (Prop_fdre_C_Q)         0.141     0.904 r  design_1_i/counter_0/U0/count_reg[8]/Q
                         net (fo=1, routed)           0.105     1.009    design_1_i/counter_0/U0/count_reg_n_0_[8]
    SLICE_X65Y20         CARRY4 (Prop_carry4_S[0]_O[0])
                                                      0.115     1.124 r  design_1_i/counter_0/U0/count_reg[8]_i_1/O[0]
                         net (fo=1, routed)           0.000     1.124    design_1_i/counter_0/U0/count_reg[8]_i_1_n_7
    SLICE_X65Y20         FDRE                                         r  design_1_i/counter_0/U0/count_reg[8]/D
  -------------------------------------------------------------------    -------------------

                         (clock sys_clk_pin rise edge)
                                                      0.000     0.000 r  
    W5                                                0.000     0.000 r  clk (IN)
                         net (fo=0)                   0.000     0.000    clk
    W5                   IBUF (Prop_ibuf_I_O)         0.414     0.414 r  clk_IBUF_inst/O
                         net (fo=28, routed)          0.614     1.029    design_1_i/counter_0/U0/clk
    SLICE_X65Y20         FDRE                                         r  design_1_i/counter_0/U0/count_reg[8]/C
                         clock pessimism             -0.266     0.763    
    SLICE_X65Y20         FDRE (Hold_fdre_C_D)         0.105     0.868    design_1_i/counter_0/U0/count_reg[8]
  -------------------------------------------------------------------
                         required time                         -0.868    
                         arrival time                           1.124    
  -------------------------------------------------------------------
                         slack                                  0.256    





Pulse Width Checks
--------------------------------------------------------------------------------------
Clock Name:         sys_clk_pin
Waveform(ns):       { 0.000 5.000 }
Period(ns):         10.000
Sources:            { clk }

Check Type        Corner  Lib Pin  Reference Pin  Required(ns)  Actual(ns)  Slack(ns)  Location      Pin
Min Period        n/a     FDRE/C   n/a            1.000         10.000      9.000      SLICE_X65Y18  design_1_i/counter_0/U0/count_reg[0]/C
Min Period        n/a     FDRE/C   n/a            1.000         10.000      9.000      SLICE_X65Y20  design_1_i/counter_0/U0/count_reg[10]/C
Min Period        n/a     FDRE/C   n/a            1.000         10.000      9.000      SLICE_X65Y20  design_1_i/counter_0/U0/count_reg[11]/C
Min Period        n/a     FDRE/C   n/a            1.000         10.000      9.000      SLICE_X65Y21  design_1_i/counter_0/U0/count_reg[12]/C
Min Period        n/a     FDRE/C   n/a            1.000         10.000      9.000      SLICE_X65Y21  design_1_i/counter_0/U0/count_reg[13]/C
Min Period        n/a     FDRE/C   n/a            1.000         10.000      9.000      SLICE_X65Y21  design_1_i/counter_0/U0/count_reg[14]/C
Min Period        n/a     FDRE/C   n/a            1.000         10.000      9.000      SLICE_X65Y21  design_1_i/counter_0/U0/count_reg[15]/C
Min Period        n/a     FDRE/C   n/a            1.000         10.000      9.000      SLICE_X65Y22  design_1_i/counter_0/U0/count_reg[16]/C
Min Period        n/a     FDRE/C   n/a            1.000         10.000      9.000      SLICE_X65Y22  design_1_i/counter_0/U0/count_reg[17]/C
Min Period        n/a     FDRE/C   n/a            1.000         10.000      9.000      SLICE_X65Y22  design_1_i/counter_0/U0/count_reg[18]/C
Low Pulse Width   Slow    FDRE/C   n/a            0.500         5.000       4.500      SLICE_X65Y18  design_1_i/counter_0/U0/count_reg[0]/C
Low Pulse Width   Fast    FDRE/C   n/a            0.500         5.000       4.500      SLICE_X65Y18  design_1_i/counter_0/U0/count_reg[0]/C
Low Pulse Width   Slow    FDRE/C   n/a            0.500         5.000       4.500      SLICE_X65Y20  design_1_i/counter_0/U0/count_reg[10]/C
Low Pulse Width   Fast    FDRE/C   n/a            0.500         5.000       4.500      SLICE_X65Y20  design_1_i/counter_0/U0/count_reg[10]/C
Low Pulse Width   Slow    FDRE/C   n/a            0.500         5.000       4.500      SLICE_X65Y20  design_1_i/counter_0/U0/count_reg[11]/C
Low Pulse Width   Fast    FDRE/C   n/a            0.500         5.000       4.500      SLICE_X65Y20  design_1_i/counter_0/U0/count_reg[11]/C
Low Pulse Width   Slow    FDRE/C   n/a            0.500         5.000       4.500      SLICE_X65Y21  design_1_i/counter_0/U0/count_reg[12]/C
Low Pulse Width   Fast    FDRE/C   n/a            0.500         5.000       4.500      SLICE_X65Y21  design_1_i/counter_0/U0/count_reg[12]/C
Low Pulse Width   Slow    FDRE/C   n/a            0.500         5.000       4.500      SLICE_X65Y21  design_1_i/counter_0/U0/count_reg[13]/C
Low Pulse Width   Fast    FDRE/C   n/a            0.500         5.000       4.500      SLICE_X65Y21  design_1_i/counter_0/U0/count_reg[13]/C
High Pulse Width  Slow    FDRE/C   n/a            0.500         5.000       4.500      SLICE_X65Y18  design_1_i/counter_0/U0/count_reg[0]/C
High Pulse Width  Fast    FDRE/C   n/a            0.500         5.000       4.500      SLICE_X65Y18  design_1_i/counter_0/U0/count_reg[0]/C
High Pulse Width  Slow    FDRE/C   n/a            0.500         5.000       4.500      SLICE_X65Y20  design_1_i/counter_0/U0/count_reg[10]/C
High Pulse Width  Fast    FDRE/C   n/a            0.500         5.000       4.500      SLICE_X65Y20  design_1_i/counter_0/U0/count_reg[10]/C
High Pulse Width  Slow    FDRE/C   n/a            0.500         5.000       4.500      SLICE_X65Y20  design_1_i/counter_0/U0/count_reg[11]/C
High Pulse Width  Fast    FDRE/C   n/a            0.500         5.000       4.500      SLICE_X65Y20  design_1_i/counter_0/U0/count_reg[11]/C
High Pulse Width  Slow    FDRE/C   n/a            0.500         5.000       4.500      SLICE_X65Y21  design_1_i/counter_0/U0/count_reg[12]/C
High Pulse Width  Fast    FDRE/C   n/a            0.500         5.000       4.500      SLICE_X65Y21  design_1_i/counter_0/U0/count_reg[12]/C
High Pulse Width  Slow    FDRE/C   n/a            0.500         5.000       4.500      SLICE_X65Y21  design_1_i/counter_0/U0/count_reg[13]/C
High Pulse Width  Fast    FDRE/C   n/a            0.500         5.000       4.500      SLICE_X65Y21  design_1_i/counter_0/U0/count_reg[13]/C



--------------------------------------------------------------------------------------
Path Group:  (none)
From Clock:  
  To Clock:  

Max Delay             8 Endpoints
Min Delay             8 Endpoints
--------------------------------------------------------------------------------------


Max Delay Paths
--------------------------------------------------------------------------------------
Slack:                    inf
  Source:                 sw[7]
                            (input port)
  Destination:            led[1]
                            (output port)
  Path Group:             (none)
  Path Type:              Max at Slow Process Corner
  Data Path Delay:        10.864ns  (logic 5.629ns (51.810%)  route 5.235ns (48.190%))
  Logic Levels:           5  (IBUF=1 LUT4=1 LUT6=1 MUXF7=1 OBUF=1)

    Location             Delay type                Incr(ns)  Path(ns)    Netlist Resource(s)
  -------------------------------------------------------------------    -------------------
    W13                                               0.000     0.000 r  sw[7] (IN)
                         net (fo=0)                   0.000     0.000    sw[7]
    W13                  IBUF (Prop_ibuf_I_O)         1.459     1.459 r  sw_IBUF[7]_inst/O
                         net (fo=1, routed)           1.552     3.011    design_1_i/mux_0/inst/I[7]
    SLICE_X0Y10          LUT6 (Prop_lut6_I0_O)        0.124     3.135 r  design_1_i/mux_0/inst/Y_INST_0_i_2/O
                         net (fo=1, routed)           0.000     3.135    design_1_i/mux_0/inst/Y_INST_0_i_2_n_0
    SLICE_X0Y10          MUXF7 (Prop_muxf7_I1_O)      0.217     3.352 r  design_1_i/mux_0/inst/Y_INST_0/O
                         net (fo=8, routed)           1.357     4.709    design_1_i/demux_0/EN
    SLICE_X0Y21          LUT4 (Prop_lut4_I0_O)        0.299     5.008 r  design_1_i/demux_0/Y[1]_INST_0/O
                         net (fo=1, routed)           2.326     7.334    led_OBUF[1]
    E19                  OBUF (Prop_obuf_I_O)         3.530    10.864 r  led_OBUF[1]_inst/O
                         net (fo=0)                   0.000    10.864    led[1]
    E19                                                               r  led[1] (OUT)
  -------------------------------------------------------------------    -------------------

Slack:                    inf
  Source:                 sw[7]
                            (input port)
  Destination:            led[6]
                            (output port)
  Path Group:             (none)
  Path Type:              Max at Slow Process Corner
  Data Path Delay:        10.082ns  (logic 5.605ns (55.595%)  route 4.477ns (44.405%))
  Logic Levels:           5  (IBUF=1 LUT4=1 LUT6=1 MUXF7=1 OBUF=1)

    Location             Delay type                Incr(ns)  Path(ns)    Netlist Resource(s)
  -------------------------------------------------------------------    -------------------
    W13                                               0.000     0.000 r  sw[7] (IN)
                         net (fo=0)                   0.000     0.000    sw[7]
    W13                  IBUF (Prop_ibuf_I_O)         1.459     1.459 r  sw_IBUF[7]_inst/O
                         net (fo=1, routed)           1.552     3.011    design_1_i/mux_0/inst/I[7]
    SLICE_X0Y10          LUT6 (Prop_lut6_I0_O)        0.124     3.135 r  design_1_i/mux_0/inst/Y_INST_0_i_2/O
                         net (fo=1, routed)           0.000     3.135    design_1_i/mux_0/inst/Y_INST_0_i_2_n_0
    SLICE_X0Y10          MUXF7 (Prop_muxf7_I1_O)      0.217     3.352 r  design_1_i/mux_0/inst/Y_INST_0/O
                         net (fo=8, routed)           0.856     4.208    design_1_i/demux_0/EN
    SLICE_X0Y11          LUT4 (Prop_lut4_I0_O)        0.299     4.507 r  design_1_i/demux_0/Y[6]_INST_0/O
                         net (fo=1, routed)           2.068     6.576    led_OBUF[6]
    U14                  OBUF (Prop_obuf_I_O)         3.506    10.082 r  led_OBUF[6]_inst/O
                         net (fo=0)                   0.000    10.082    led[6]
    U14                                                               r  led[6] (OUT)
  -------------------------------------------------------------------    -------------------

Slack:                    inf
  Source:                 sw[7]
                            (input port)
  Destination:            led[7]
                            (output port)
  Path Group:             (none)
  Path Type:              Max at Slow Process Corner
  Data Path Delay:        10.079ns  (logic 5.600ns (55.556%)  route 4.480ns (44.444%))
  Logic Levels:           5  (IBUF=1 LUT4=1 LUT6=1 MUXF7=1 OBUF=1)

    Location             Delay type                Incr(ns)  Path(ns)    Netlist Resource(s)
  -------------------------------------------------------------------    -------------------
    W13                                               0.000     0.000 r  sw[7] (IN)
                         net (fo=0)                   0.000     0.000    sw[7]
    W13                  IBUF (Prop_ibuf_I_O)         1.459     1.459 r  sw_IBUF[7]_inst/O
                         net (fo=1, routed)           1.552     3.011    design_1_i/mux_0/inst/I[7]
    SLICE_X0Y10          LUT6 (Prop_lut6_I0_O)        0.124     3.135 r  design_1_i/mux_0/inst/Y_INST_0_i_2/O
                         net (fo=1, routed)           0.000     3.135    design_1_i/mux_0/inst/Y_INST_0_i_2_n_0
    SLICE_X0Y10          MUXF7 (Prop_muxf7_I1_O)      0.217     3.352 r  design_1_i/mux_0/inst/Y_INST_0/O
                         net (fo=8, routed)           0.859     4.211    design_1_i/demux_0/EN
    SLICE_X0Y11          LUT4 (Prop_lut4_I1_O)        0.299     4.510 r  design_1_i/demux_0/Y[7]_INST_0/O
                         net (fo=1, routed)           2.068     6.578    led_OBUF[7]
    V14                  OBUF (Prop_obuf_I_O)         3.501    10.079 r  led_OBUF[7]_inst/O
                         net (fo=0)                   0.000    10.079    led[7]
    V14                                                               r  led[7] (OUT)
  -------------------------------------------------------------------    -------------------

Slack:                    inf
  Source:                 sw[7]
                            (input port)
  Destination:            led[3]
                            (output port)
  Path Group:             (none)
  Path Type:              Max at Slow Process Corner
  Data Path Delay:        10.065ns  (logic 5.608ns (55.715%)  route 4.457ns (44.285%))
  Logic Levels:           5  (IBUF=1 LUT4=1 LUT6=1 MUXF7=1 OBUF=1)

    Location             Delay type                Incr(ns)  Path(ns)    Netlist Resource(s)
  -------------------------------------------------------------------    -------------------
    W13                                               0.000     0.000 r  sw[7] (IN)
                         net (fo=0)                   0.000     0.000    sw[7]
    W13                  IBUF (Prop_ibuf_I_O)         1.459     1.459 r  sw_IBUF[7]_inst/O
                         net (fo=1, routed)           1.552     3.011    design_1_i/mux_0/inst/I[7]
    SLICE_X0Y10          LUT6 (Prop_lut6_I0_O)        0.124     3.135 r  design_1_i/mux_0/inst/Y_INST_0_i_2/O
                         net (fo=1, routed)           0.000     3.135    design_1_i/mux_0/inst/Y_INST_0_i_2_n_0
    SLICE_X0Y10          MUXF7 (Prop_muxf7_I1_O)      0.217     3.352 r  design_1_i/mux_0/inst/Y_INST_0/O
                         net (fo=8, routed)           1.219     4.571    design_1_i/demux_0/EN
    SLICE_X0Y19          LUT4 (Prop_lut4_I0_O)        0.299     4.870 r  design_1_i/demux_0/Y[3]_INST_0/O
                         net (fo=1, routed)           1.686     6.556    led_OBUF[3]
    V19                  OBUF (Prop_obuf_I_O)         3.509    10.065 r  led_OBUF[3]_inst/O
                         net (fo=0)                   0.000    10.065    led[3]
    V19                                                               r  led[3] (OUT)
  -------------------------------------------------------------------    -------------------

Slack:                    inf
  Source:                 sw[7]
                            (input port)
  Destination:            led[2]
                            (output port)
  Path Group:             (none)
  Path Type:              Max at Slow Process Corner
  Data Path Delay:        10.036ns  (logic 5.600ns (55.799%)  route 4.436ns (44.201%))
  Logic Levels:           5  (IBUF=1 LUT4=1 LUT6=1 MUXF7=1 OBUF=1)

    Location             Delay type                Incr(ns)  Path(ns)    Netlist Resource(s)
  -------------------------------------------------------------------    -------------------
    W13                                               0.000     0.000 r  sw[7] (IN)
                         net (fo=0)                   0.000     0.000    sw[7]
    W13                  IBUF (Prop_ibuf_I_O)         1.459     1.459 r  sw_IBUF[7]_inst/O
                         net (fo=1, routed)           1.552     3.011    design_1_i/mux_0/inst/I[7]
    SLICE_X0Y10          LUT6 (Prop_lut6_I0_O)        0.124     3.135 r  design_1_i/mux_0/inst/Y_INST_0_i_2/O
                         net (fo=1, routed)           0.000     3.135    design_1_i/mux_0/inst/Y_INST_0_i_2_n_0
    SLICE_X0Y10          MUXF7 (Prop_muxf7_I1_O)      0.217     3.352 r  design_1_i/mux_0/inst/Y_INST_0/O
                         net (fo=8, routed)           1.216     4.568    design_1_i/demux_0/EN
    SLICE_X0Y19          LUT4 (Prop_lut4_I0_O)        0.299     4.867 r  design_1_i/demux_0/Y[2]_INST_0/O
                         net (fo=1, routed)           1.668     6.535    led_OBUF[2]
    U19                  OBUF (Prop_obuf_I_O)         3.501    10.036 r  led_OBUF[2]_inst/O
                         net (fo=0)                   0.000    10.036    led[2]
    U19                                                               r  led[2] (OUT)
  -------------------------------------------------------------------    -------------------

Slack:                    inf
  Source:                 sw[7]
                            (input port)
  Destination:            led[4]
                            (output port)
  Path Group:             (none)
  Path Type:              Max at Slow Process Corner
  Data Path Delay:        9.883ns  (logic 5.607ns (56.740%)  route 4.275ns (43.260%))
  Logic Levels:           5  (IBUF=1 LUT4=1 LUT6=1 MUXF7=1 OBUF=1)

    Location             Delay type                Incr(ns)  Path(ns)    Netlist Resource(s)
  -------------------------------------------------------------------    -------------------
    W13                                               0.000     0.000 r  sw[7] (IN)
                         net (fo=0)                   0.000     0.000    sw[7]
    W13                  IBUF (Prop_ibuf_I_O)         1.459     1.459 r  sw_IBUF[7]_inst/O
                         net (fo=1, routed)           1.552     3.011    design_1_i/mux_0/inst/I[7]
    SLICE_X0Y10          LUT6 (Prop_lut6_I0_O)        0.124     3.135 r  design_1_i/mux_0/inst/Y_INST_0_i_2/O
                         net (fo=1, routed)           0.000     3.135    design_1_i/mux_0/inst/Y_INST_0_i_2_n_0
    SLICE_X0Y10          MUXF7 (Prop_muxf7_I1_O)      0.217     3.352 r  design_1_i/mux_0/inst/Y_INST_0/O
                         net (fo=8, routed)           1.056     4.408    design_1_i/demux_0/EN
    SLICE_X0Y17          LUT4 (Prop_lut4_I0_O)        0.299     4.707 r  design_1_i/demux_0/Y[4]_INST_0/O
                         net (fo=1, routed)           1.668     6.374    led_OBUF[4]
    W18                  OBUF (Prop_obuf_I_O)         3.509     9.883 r  led_OBUF[4]_inst/O
                         net (fo=0)                   0.000     9.883    led[4]
    W18                                                               r  led[4] (OUT)
  -------------------------------------------------------------------    -------------------

Slack:                    inf
  Source:                 sw[7]
                            (input port)
  Destination:            led[5]
                            (output port)
  Path Group:             (none)
  Path Type:              Max at Slow Process Corner
  Data Path Delay:        9.526ns  (logic 5.613ns (58.927%)  route 3.913ns (41.073%))
  Logic Levels:           5  (IBUF=1 LUT4=1 LUT6=1 MUXF7=1 OBUF=1)

    Location             Delay type                Incr(ns)  Path(ns)    Netlist Resource(s)
  -------------------------------------------------------------------    -------------------
    W13                                               0.000     0.000 r  sw[7] (IN)
                         net (fo=0)                   0.000     0.000    sw[7]
    W13                  IBUF (Prop_ibuf_I_O)         1.459     1.459 r  sw_IBUF[7]_inst/O
                         net (fo=1, routed)           1.552     3.011    design_1_i/mux_0/inst/I[7]
    SLICE_X0Y10          LUT6 (Prop_lut6_I0_O)        0.124     3.135 r  design_1_i/mux_0/inst/Y_INST_0_i_2/O
                         net (fo=1, routed)           0.000     3.135    design_1_i/mux_0/inst/Y_INST_0_i_2_n_0
    SLICE_X0Y10          MUXF7 (Prop_muxf7_I1_O)      0.217     3.352 r  design_1_i/mux_0/inst/Y_INST_0/O
                         net (fo=8, routed)           0.485     3.837    design_1_i/demux_0/EN
    SLICE_X0Y10          LUT4 (Prop_lut4_I0_O)        0.299     4.136 r  design_1_i/demux_0/Y[5]_INST_0/O
                         net (fo=1, routed)           1.875     6.011    led_OBUF[5]
    U15                  OBUF (Prop_obuf_I_O)         3.514     9.526 r  led_OBUF[5]_inst/O
                         net (fo=0)                   0.000     9.526    led[5]
    U15                                                               r  led[5] (OUT)
  -------------------------------------------------------------------    -------------------

Slack:                    inf
  Source:                 sw[7]
                            (input port)
  Destination:            led[0]
                            (output port)
  Path Group:             (none)
  Path Type:              Max at Slow Process Corner
  Data Path Delay:        9.519ns  (logic 5.604ns (58.866%)  route 3.916ns (41.134%))
  Logic Levels:           5  (IBUF=1 LUT4=1 LUT6=1 MUXF7=1 OBUF=1)

    Location             Delay type                Incr(ns)  Path(ns)    Netlist Resource(s)
  -------------------------------------------------------------------    -------------------
    W13                                               0.000     0.000 r  sw[7] (IN)
                         net (fo=0)                   0.000     0.000    sw[7]
    W13                  IBUF (Prop_ibuf_I_O)         1.459     1.459 r  sw_IBUF[7]_inst/O
                         net (fo=1, routed)           1.552     3.011    design_1_i/mux_0/inst/I[7]
    SLICE_X0Y10          LUT6 (Prop_lut6_I0_O)        0.124     3.135 r  design_1_i/mux_0/inst/Y_INST_0_i_2/O
                         net (fo=1, routed)           0.000     3.135    design_1_i/mux_0/inst/Y_INST_0_i_2_n_0
    SLICE_X0Y10          MUXF7 (Prop_muxf7_I1_O)      0.217     3.352 r  design_1_i/mux_0/inst/Y_INST_0/O
                         net (fo=8, routed)           0.490     3.842    design_1_i/demux_0/EN
    SLICE_X0Y10          LUT4 (Prop_lut4_I0_O)        0.299     4.141 r  design_1_i/demux_0/Y[0]_INST_0/O
                         net (fo=1, routed)           1.874     6.015    led_OBUF[0]
    U16                  OBUF (Prop_obuf_I_O)         3.505     9.519 r  led_OBUF[0]_inst/O
                         net (fo=0)                   0.000     9.519    led[0]
    U16                                                               r  led[0] (OUT)
  -------------------------------------------------------------------    -------------------





Min Delay Paths
--------------------------------------------------------------------------------------
Slack:                    inf
  Source:                 sw[0]
                            (input port)
  Destination:            led[0]
                            (output port)
  Path Group:             (none)
  Path Type:              Min at Fast Process Corner
  Data Path Delay:        2.590ns  (logic 1.642ns (63.395%)  route 0.948ns (36.605%))
  Logic Levels:           5  (IBUF=1 LUT4=1 LUT6=1 MUXF7=1 OBUF=1)

    Location             Delay type                Incr(ns)  Path(ns)    Netlist Resource(s)
  -------------------------------------------------------------------    -------------------
    V17                                               0.000     0.000 r  sw[0] (IN)
                         net (fo=0)                   0.000     0.000    sw[0]
    V17                  IBUF (Prop_ibuf_I_O)         0.221     0.221 r  sw_IBUF[0]_inst/O
                         net (fo=1, routed)           0.341     0.561    design_1_i/mux_0/inst/I[0]
    SLICE_X0Y10          LUT6 (Prop_lut6_I5_O)        0.045     0.606 r  design_1_i/mux_0/inst/Y_INST_0_i_1/O
                         net (fo=1, routed)           0.000     0.606    design_1_i/mux_0/inst/Y_INST_0_i_1_n_0
    SLICE_X0Y10          MUXF7 (Prop_muxf7_I0_O)      0.062     0.668 r  design_1_i/mux_0/inst/Y_INST_0/O
                         net (fo=8, routed)           0.196     0.864    design_1_i/demux_0/EN
    SLICE_X0Y10          LUT4 (Prop_lut4_I0_O)        0.108     0.972 r  design_1_i/demux_0/Y[0]_INST_0/O
                         net (fo=1, routed)           0.412     1.384    led_OBUF[0]
    U16                  OBUF (Prop_obuf_I_O)         1.206     2.590 r  led_OBUF[0]_inst/O
                         net (fo=0)                   0.000     2.590    led[0]
    U16                                                               r  led[0] (OUT)
  -------------------------------------------------------------------    -------------------

Slack:                    inf
  Source:                 sw[0]
                            (input port)
  Destination:            led[5]
                            (output port)
  Path Group:             (none)
  Path Type:              Min at Fast Process Corner
  Data Path Delay:        2.606ns  (logic 1.651ns (63.361%)  route 0.955ns (36.639%))
  Logic Levels:           5  (IBUF=1 LUT4=1 LUT6=1 MUXF7=1 OBUF=1)

    Location             Delay type                Incr(ns)  Path(ns)    Netlist Resource(s)
  -------------------------------------------------------------------    -------------------
    V17                                               0.000     0.000 r  sw[0] (IN)
                         net (fo=0)                   0.000     0.000    sw[0]
    V17                  IBUF (Prop_ibuf_I_O)         0.221     0.221 r  sw_IBUF[0]_inst/O
                         net (fo=1, routed)           0.341     0.561    design_1_i/mux_0/inst/I[0]
    SLICE_X0Y10          LUT6 (Prop_lut6_I5_O)        0.045     0.606 r  design_1_i/mux_0/inst/Y_INST_0_i_1/O
                         net (fo=1, routed)           0.000     0.606    design_1_i/mux_0/inst/Y_INST_0_i_1_n_0
    SLICE_X0Y10          MUXF7 (Prop_muxf7_I0_O)      0.062     0.668 r  design_1_i/mux_0/inst/Y_INST_0/O
                         net (fo=8, routed)           0.189     0.858    design_1_i/demux_0/EN
    SLICE_X0Y10          LUT4 (Prop_lut4_I0_O)        0.108     0.966 r  design_1_i/demux_0/Y[5]_INST_0/O
                         net (fo=1, routed)           0.425     1.391    led_OBUF[5]
    U15                  OBUF (Prop_obuf_I_O)         1.216     2.606 r  led_OBUF[5]_inst/O
                         net (fo=0)                   0.000     2.606    led[5]
    U15                                                               r  led[5] (OUT)
  -------------------------------------------------------------------    -------------------

Slack:                    inf
  Source:                 sw[0]
                            (input port)
  Destination:            led[4]
                            (output port)
  Path Group:             (none)
  Path Type:              Min at Fast Process Corner
  Data Path Delay:        2.721ns  (logic 1.646ns (60.472%)  route 1.076ns (39.528%))
  Logic Levels:           5  (IBUF=1 LUT4=1 LUT6=1 MUXF7=1 OBUF=1)

    Location             Delay type                Incr(ns)  Path(ns)    Netlist Resource(s)
  -------------------------------------------------------------------    -------------------
    V17                                               0.000     0.000 r  sw[0] (IN)
                         net (fo=0)                   0.000     0.000    sw[0]
    V17                  IBUF (Prop_ibuf_I_O)         0.221     0.221 r  sw_IBUF[0]_inst/O
                         net (fo=1, routed)           0.341     0.561    design_1_i/mux_0/inst/I[0]
    SLICE_X0Y10          LUT6 (Prop_lut6_I5_O)        0.045     0.606 r  design_1_i/mux_0/inst/Y_INST_0_i_1/O
                         net (fo=1, routed)           0.000     0.606    design_1_i/mux_0/inst/Y_INST_0_i_1_n_0
    SLICE_X0Y10          MUXF7 (Prop_muxf7_I0_O)      0.062     0.668 r  design_1_i/mux_0/inst/Y_INST_0/O
                         net (fo=8, routed)           0.417     1.085    design_1_i/demux_0/EN
    SLICE_X0Y17          LUT4 (Prop_lut4_I0_O)        0.108     1.193 r  design_1_i/demux_0/Y[4]_INST_0/O
                         net (fo=1, routed)           0.319     1.512    led_OBUF[4]
    W18                  OBUF (Prop_obuf_I_O)         1.210     2.721 r  led_OBUF[4]_inst/O
                         net (fo=0)                   0.000     2.721    led[4]
    W18                                                               r  led[4] (OUT)
  -------------------------------------------------------------------    -------------------

Slack:                    inf
  Source:                 sw[0]
                            (input port)
  Destination:            led[2]
                            (output port)
  Path Group:             (none)
  Path Type:              Min at Fast Process Corner
  Data Path Delay:        2.792ns  (logic 1.638ns (58.664%)  route 1.154ns (41.336%))
  Logic Levels:           5  (IBUF=1 LUT4=1 LUT6=1 MUXF7=1 OBUF=1)

    Location             Delay type                Incr(ns)  Path(ns)    Netlist Resource(s)
  -------------------------------------------------------------------    -------------------
    V17                                               0.000     0.000 r  sw[0] (IN)
                         net (fo=0)                   0.000     0.000    sw[0]
    V17                  IBUF (Prop_ibuf_I_O)         0.221     0.221 r  sw_IBUF[0]_inst/O
                         net (fo=1, routed)           0.341     0.561    design_1_i/mux_0/inst/I[0]
    SLICE_X0Y10          LUT6 (Prop_lut6_I5_O)        0.045     0.606 r  design_1_i/mux_0/inst/Y_INST_0_i_1/O
                         net (fo=1, routed)           0.000     0.606    design_1_i/mux_0/inst/Y_INST_0_i_1_n_0
    SLICE_X0Y10          MUXF7 (Prop_muxf7_I0_O)      0.062     0.668 r  design_1_i/mux_0/inst/Y_INST_0/O
                         net (fo=8, routed)           0.495     1.164    design_1_i/demux_0/EN
    SLICE_X0Y19          LUT4 (Prop_lut4_I0_O)        0.108     1.272 r  design_1_i/demux_0/Y[2]_INST_0/O
                         net (fo=1, routed)           0.319     1.590    led_OBUF[2]
    U19                  OBUF (Prop_obuf_I_O)         1.202     2.792 r  led_OBUF[2]_inst/O
                         net (fo=0)                   0.000     2.792    led[2]
    U19                                                               r  led[2] (OUT)
  -------------------------------------------------------------------    -------------------

Slack:                    inf
  Source:                 sw[0]
                            (input port)
  Destination:            led[6]
                            (output port)
  Path Group:             (none)
  Path Type:              Min at Fast Process Corner
  Data Path Delay:        2.818ns  (logic 1.643ns (58.303%)  route 1.175ns (41.697%))
  Logic Levels:           5  (IBUF=1 LUT4=1 LUT6=1 MUXF7=1 OBUF=1)

    Location             Delay type                Incr(ns)  Path(ns)    Netlist Resource(s)
  -------------------------------------------------------------------    -------------------
    V17                                               0.000     0.000 r  sw[0] (IN)
                         net (fo=0)                   0.000     0.000    sw[0]
    V17                  IBUF (Prop_ibuf_I_O)         0.221     0.221 r  sw_IBUF[0]_inst/O
                         net (fo=1, routed)           0.341     0.561    design_1_i/mux_0/inst/I[0]
    SLICE_X0Y10          LUT6 (Prop_lut6_I5_O)        0.045     0.606 r  design_1_i/mux_0/inst/Y_INST_0_i_1/O
                         net (fo=1, routed)           0.000     0.606    design_1_i/mux_0/inst/Y_INST_0_i_1_n_0
    SLICE_X0Y10          MUXF7 (Prop_muxf7_I0_O)      0.062     0.668 r  design_1_i/mux_0/inst/Y_INST_0/O
                         net (fo=8, routed)           0.333     1.002    design_1_i/demux_0/EN
    SLICE_X0Y11          LUT4 (Prop_lut4_I0_O)        0.108     1.110 r  design_1_i/demux_0/Y[6]_INST_0/O
                         net (fo=1, routed)           0.501     1.611    led_OBUF[6]
    U14                  OBUF (Prop_obuf_I_O)         1.207     2.818 r  led_OBUF[6]_inst/O
                         net (fo=0)                   0.000     2.818    led[6]
    U14                                                               r  led[6] (OUT)
  -------------------------------------------------------------------    -------------------

Slack:                    inf
  Source:                 sw[0]
                            (input port)
  Destination:            led[7]
                            (output port)
  Path Group:             (none)
  Path Type:              Min at Fast Process Corner
  Data Path Delay:        2.821ns  (logic 1.638ns (58.063%)  route 1.183ns (41.937%))
  Logic Levels:           5  (IBUF=1 LUT4=1 LUT6=1 MUXF7=1 OBUF=1)

    Location             Delay type                Incr(ns)  Path(ns)    Netlist Resource(s)
  -------------------------------------------------------------------    -------------------
    V17                                               0.000     0.000 r  sw[0] (IN)
                         net (fo=0)                   0.000     0.000    sw[0]
    V17                  IBUF (Prop_ibuf_I_O)         0.221     0.221 r  sw_IBUF[0]_inst/O
                         net (fo=1, routed)           0.341     0.561    design_1_i/mux_0/inst/I[0]
    SLICE_X0Y10          LUT6 (Prop_lut6_I5_O)        0.045     0.606 r  design_1_i/mux_0/inst/Y_INST_0_i_1/O
                         net (fo=1, routed)           0.000     0.606    design_1_i/mux_0/inst/Y_INST_0_i_1_n_0
    SLICE_X0Y10          MUXF7 (Prop_muxf7_I0_O)      0.062     0.668 r  design_1_i/mux_0/inst/Y_INST_0/O
                         net (fo=8, routed)           0.337     1.005    design_1_i/demux_0/EN
    SLICE_X0Y11          LUT4 (Prop_lut4_I1_O)        0.108     1.113 r  design_1_i/demux_0/Y[7]_INST_0/O
                         net (fo=1, routed)           0.505     1.619    led_OBUF[7]
    V14                  OBUF (Prop_obuf_I_O)         1.202     2.821 r  led_OBUF[7]_inst/O
                         net (fo=0)                   0.000     2.821    led[7]
    V14                                                               r  led[7] (OUT)
  -------------------------------------------------------------------    -------------------

Slack:                    inf
  Source:                 sw[0]
                            (input port)
  Destination:            led[3]
                            (output port)
  Path Group:             (none)
  Path Type:              Min at Fast Process Corner
  Data Path Delay:        2.837ns  (logic 1.646ns (58.023%)  route 1.191ns (41.977%))
  Logic Levels:           5  (IBUF=1 LUT4=1 LUT6=1 MUXF7=1 OBUF=1)

    Location             Delay type                Incr(ns)  Path(ns)    Netlist Resource(s)
  -------------------------------------------------------------------    -------------------
    V17                                               0.000     0.000 r  sw[0] (IN)
                         net (fo=0)                   0.000     0.000    sw[0]
    V17                  IBUF (Prop_ibuf_I_O)         0.221     0.221 r  sw_IBUF[0]_inst/O
                         net (fo=1, routed)           0.341     0.561    design_1_i/mux_0/inst/I[0]
    SLICE_X0Y10          LUT6 (Prop_lut6_I5_O)        0.045     0.606 r  design_1_i/mux_0/inst/Y_INST_0_i_1/O
                         net (fo=1, routed)           0.000     0.606    design_1_i/mux_0/inst/Y_INST_0_i_1_n_0
    SLICE_X0Y10          MUXF7 (Prop_muxf7_I0_O)      0.062     0.668 r  design_1_i/mux_0/inst/Y_INST_0/O
                         net (fo=8, routed)           0.499     1.167    design_1_i/demux_0/EN
    SLICE_X0Y19          LUT4 (Prop_lut4_I0_O)        0.108     1.275 r  design_1_i/demux_0/Y[3]_INST_0/O
                         net (fo=1, routed)           0.351     1.627    led_OBUF[3]
    V19                  OBUF (Prop_obuf_I_O)         1.210     2.837 r  led_OBUF[3]_inst/O
                         net (fo=0)                   0.000     2.837    led[3]
    V19                                                               r  led[3] (OUT)
  -------------------------------------------------------------------    -------------------

Slack:                    inf
  Source:                 sw[0]
                            (input port)
  Destination:            led[1]
                            (output port)
  Path Group:             (none)
  Path Type:              Min at Fast Process Corner
  Data Path Delay:        3.190ns  (logic 1.667ns (52.240%)  route 1.524ns (47.760%))
  Logic Levels:           5  (IBUF=1 LUT4=1 LUT6=1 MUXF7=1 OBUF=1)

    Location             Delay type                Incr(ns)  Path(ns)    Netlist Resource(s)
  -------------------------------------------------------------------    -------------------
    V17                                               0.000     0.000 r  sw[0] (IN)
                         net (fo=0)                   0.000     0.000    sw[0]
    V17                  IBUF (Prop_ibuf_I_O)         0.221     0.221 r  sw_IBUF[0]_inst/O
                         net (fo=1, routed)           0.341     0.561    design_1_i/mux_0/inst/I[0]
    SLICE_X0Y10          LUT6 (Prop_lut6_I5_O)        0.045     0.606 r  design_1_i/mux_0/inst/Y_INST_0_i_1/O
                         net (fo=1, routed)           0.000     0.606    design_1_i/mux_0/inst/Y_INST_0_i_1_n_0
    SLICE_X0Y10          MUXF7 (Prop_muxf7_I0_O)      0.062     0.668 r  design_1_i/mux_0/inst/Y_INST_0/O
                         net (fo=8, routed)           0.554     1.223    design_1_i/demux_0/EN
    SLICE_X0Y21          LUT4 (Prop_lut4_I0_O)        0.108     1.331 r  design_1_i/demux_0/Y[1]_INST_0/O
                         net (fo=1, routed)           0.629     1.960    led_OBUF[1]
    E19                  OBUF (Prop_obuf_I_O)         1.231     3.190 r  led_OBUF[1]_inst/O
                         net (fo=0)                   0.000     3.190    led[1]
    E19                                                               r  led[1] (OUT)
  -------------------------------------------------------------------    -------------------





--------------------------------------------------------------------------------------
Path Group:  (none)
From Clock:  sys_clk_pin
  To Clock:  

Max Delay             8 Endpoints
Min Delay             8 Endpoints
--------------------------------------------------------------------------------------


Max Delay Paths
--------------------------------------------------------------------------------------
Slack:                    inf
  Source:                 design_1_i/counter_0/U0/count_reg[26]/C
                            (rising edge-triggered cell FDRE clocked by sys_clk_pin  {rise@0.000ns fall@5.000ns period=10.000ns})
  Destination:            led[1]
                            (output port)
  Path Group:             (none)
  Path Type:              Max at Slow Process Corner
  Data Path Delay:        12.164ns  (logic 4.621ns (37.987%)  route 7.543ns (62.013%))
  Logic Levels:           4  (LUT4=1 LUT6=1 MUXF7=1 OBUF=1)
  Clock Uncertainty:      0.025ns  ((TSJ^2 + TIJ^2)^1/2 + DJ) / 2 + PE
    Total System Jitter     (TSJ):    0.050ns
    Total Input Jitter      (TIJ):    0.000ns
    Discrete Jitter          (DJ):    0.000ns
    Phase Error              (PE):    0.000ns

    Location             Delay type                Incr(ns)  Path(ns)    Netlist Resource(s)
  -------------------------------------------------------------------    -------------------
                         (clock sys_clk_pin rise edge)
                                                      0.000     0.000 r  
    W5                                                0.000     0.000 r  clk (IN)
                         net (fo=0)                   0.000     0.000    clk
    W5                   IBUF (Prop_ibuf_I_O)         1.458     1.458 r  clk_IBUF_inst/O
                         net (fo=28, routed)          1.110     2.568    design_1_i/counter_0/U0/clk
    SLICE_X65Y24         FDRE                                         r  design_1_i/counter_0/U0/count_reg[26]/C
  -------------------------------------------------------------------    -------------------
    SLICE_X65Y24         FDRE (Prop_fdre_C_Q)         0.456     3.024 r  design_1_i/counter_0/U0/count_reg[26]/Q
                         net (fo=11, routed)          3.860     6.884    design_1_i/mux_0/inst/S[1]
    SLICE_X0Y10          LUT6 (Prop_lut6_I2_O)        0.124     7.008 r  design_1_i/mux_0/inst/Y_INST_0_i_1/O
                         net (fo=1, routed)           0.000     7.008    design_1_i/mux_0/inst/Y_INST_0_i_1_n_0
    SLICE_X0Y10          MUXF7 (Prop_muxf7_I0_O)      0.212     7.220 r  design_1_i/mux_0/inst/Y_INST_0/O
                         net (fo=8, routed)           1.357     8.578    design_1_i/demux_0/EN
    SLICE_X0Y21          LUT4 (Prop_lut4_I0_O)        0.299     8.877 r  design_1_i/demux_0/Y[1]_INST_0/O
                         net (fo=1, routed)           2.326    11.202    led_OBUF[1]
    E19                  OBUF (Prop_obuf_I_O)         3.530    14.732 r  led_OBUF[1]_inst/O
                         net (fo=0)                   0.000    14.732    led[1]
    E19                                                               r  led[1] (OUT)
  -------------------------------------------------------------------    -------------------

Slack:                    inf
  Source:                 design_1_i/counter_0/U0/count_reg[26]/C
                            (rising edge-triggered cell FDRE clocked by sys_clk_pin  {rise@0.000ns fall@5.000ns period=10.000ns})
  Destination:            led[6]
                            (output port)
  Path Group:             (none)
  Path Type:              Max at Slow Process Corner
  Data Path Delay:        11.382ns  (logic 4.597ns (40.390%)  route 6.785ns (59.610%))
  Logic Levels:           4  (LUT4=1 LUT6=1 MUXF7=1 OBUF=1)
  Clock Uncertainty:      0.025ns  ((TSJ^2 + TIJ^2)^1/2 + DJ) / 2 + PE
    Total System Jitter     (TSJ):    0.050ns
    Total Input Jitter      (TIJ):    0.000ns
    Discrete Jitter          (DJ):    0.000ns
    Phase Error              (PE):    0.000ns

    Location             Delay type                Incr(ns)  Path(ns)    Netlist Resource(s)
  -------------------------------------------------------------------    -------------------
                         (clock sys_clk_pin rise edge)
                                                      0.000     0.000 r  
    W5                                                0.000     0.000 r  clk (IN)
                         net (fo=0)                   0.000     0.000    clk
    W5                   IBUF (Prop_ibuf_I_O)         1.458     1.458 r  clk_IBUF_inst/O
                         net (fo=28, routed)          1.110     2.568    design_1_i/counter_0/U0/clk
    SLICE_X65Y24         FDRE                                         r  design_1_i/counter_0/U0/count_reg[26]/C
  -------------------------------------------------------------------    -------------------
    SLICE_X65Y24         FDRE (Prop_fdre_C_Q)         0.456     3.024 r  design_1_i/counter_0/U0/count_reg[26]/Q
                         net (fo=11, routed)          3.860     6.884    design_1_i/mux_0/inst/S[1]
    SLICE_X0Y10          LUT6 (Prop_lut6_I2_O)        0.124     7.008 r  design_1_i/mux_0/inst/Y_INST_0_i_1/O
                         net (fo=1, routed)           0.000     7.008    design_1_i/mux_0/inst/Y_INST_0_i_1_n_0
    SLICE_X0Y10          MUXF7 (Prop_muxf7_I0_O)      0.212     7.220 r  design_1_i/mux_0/inst/Y_INST_0/O
                         net (fo=8, routed)           0.856     8.077    design_1_i/demux_0/EN
    SLICE_X0Y11          LUT4 (Prop_lut4_I0_O)        0.299     8.376 r  design_1_i/demux_0/Y[6]_INST_0/O
                         net (fo=1, routed)           2.068    10.444    led_OBUF[6]
    U14                  OBUF (Prop_obuf_I_O)         3.506    13.950 r  led_OBUF[6]_inst/O
                         net (fo=0)                   0.000    13.950    led[6]
    U14                                                               r  led[6] (OUT)
  -------------------------------------------------------------------    -------------------

Slack:                    inf
  Source:                 design_1_i/counter_0/U0/count_reg[26]/C
                            (rising edge-triggered cell FDRE clocked by sys_clk_pin  {rise@0.000ns fall@5.000ns period=10.000ns})
  Destination:            led[7]
                            (output port)
  Path Group:             (none)
  Path Type:              Max at Slow Process Corner
  Data Path Delay:        11.379ns  (logic 4.592ns (40.352%)  route 6.787ns (59.648%))
  Logic Levels:           4  (LUT4=1 LUT6=1 MUXF7=1 OBUF=1)
  Clock Uncertainty:      0.025ns  ((TSJ^2 + TIJ^2)^1/2 + DJ) / 2 + PE
    Total System Jitter     (TSJ):    0.050ns
    Total Input Jitter      (TIJ):    0.000ns
    Discrete Jitter          (DJ):    0.000ns
    Phase Error              (PE):    0.000ns

    Location             Delay type                Incr(ns)  Path(ns)    Netlist Resource(s)
  -------------------------------------------------------------------    -------------------
                         (clock sys_clk_pin rise edge)
                                                      0.000     0.000 r  
    W5                                                0.000     0.000 r  clk (IN)
                         net (fo=0)                   0.000     0.000    clk
    W5                   IBUF (Prop_ibuf_I_O)         1.458     1.458 r  clk_IBUF_inst/O
                         net (fo=28, routed)          1.110     2.568    design_1_i/counter_0/U0/clk
    SLICE_X65Y24         FDRE                                         r  design_1_i/counter_0/U0/count_reg[26]/C
  -------------------------------------------------------------------    -------------------
    SLICE_X65Y24         FDRE (Prop_fdre_C_Q)         0.456     3.024 r  design_1_i/counter_0/U0/count_reg[26]/Q
                         net (fo=11, routed)          3.860     6.884    design_1_i/mux_0/inst/S[1]
    SLICE_X0Y10          LUT6 (Prop_lut6_I2_O)        0.124     7.008 r  design_1_i/mux_0/inst/Y_INST_0_i_1/O
                         net (fo=1, routed)           0.000     7.008    design_1_i/mux_0/inst/Y_INST_0_i_1_n_0
    SLICE_X0Y10          MUXF7 (Prop_muxf7_I0_O)      0.212     7.220 r  design_1_i/mux_0/inst/Y_INST_0/O
                         net (fo=8, routed)           0.859     8.079    design_1_i/demux_0/EN
    SLICE_X0Y11          LUT4 (Prop_lut4_I1_O)        0.299     8.378 r  design_1_i/demux_0/Y[7]_INST_0/O
                         net (fo=1, routed)           2.068    10.447    led_OBUF[7]
    V14                  OBUF (Prop_obuf_I_O)         3.501    13.947 r  led_OBUF[7]_inst/O
                         net (fo=0)                   0.000    13.947    led[7]
    V14                                                               r  led[7] (OUT)
  -------------------------------------------------------------------    -------------------

Slack:                    inf
  Source:                 design_1_i/counter_0/U0/count_reg[26]/C
                            (rising edge-triggered cell FDRE clocked by sys_clk_pin  {rise@0.000ns fall@5.000ns period=10.000ns})
  Destination:            led[3]
                            (output port)
  Path Group:             (none)
  Path Type:              Max at Slow Process Corner
  Data Path Delay:        11.365ns  (logic 4.600ns (40.474%)  route 6.765ns (59.526%))
  Logic Levels:           4  (LUT4=1 LUT6=1 MUXF7=1 OBUF=1)
  Clock Uncertainty:      0.025ns  ((TSJ^2 + TIJ^2)^1/2 + DJ) / 2 + PE
    Total System Jitter     (TSJ):    0.050ns
    Total Input Jitter      (TIJ):    0.000ns
    Discrete Jitter          (DJ):    0.000ns
    Phase Error              (PE):    0.000ns

    Location             Delay type                Incr(ns)  Path(ns)    Netlist Resource(s)
  -------------------------------------------------------------------    -------------------
                         (clock sys_clk_pin rise edge)
                                                      0.000     0.000 r  
    W5                                                0.000     0.000 r  clk (IN)
                         net (fo=0)                   0.000     0.000    clk
    W5                   IBUF (Prop_ibuf_I_O)         1.458     1.458 r  clk_IBUF_inst/O
                         net (fo=28, routed)          1.110     2.568    design_1_i/counter_0/U0/clk
    SLICE_X65Y24         FDRE                                         r  design_1_i/counter_0/U0/count_reg[26]/C
  -------------------------------------------------------------------    -------------------
    SLICE_X65Y24         FDRE (Prop_fdre_C_Q)         0.456     3.024 r  design_1_i/counter_0/U0/count_reg[26]/Q
                         net (fo=11, routed)          3.860     6.884    design_1_i/mux_0/inst/S[1]
    SLICE_X0Y10          LUT6 (Prop_lut6_I2_O)        0.124     7.008 r  design_1_i/mux_0/inst/Y_INST_0_i_1/O
                         net (fo=1, routed)           0.000     7.008    design_1_i/mux_0/inst/Y_INST_0_i_1_n_0
    SLICE_X0Y10          MUXF7 (Prop_muxf7_I0_O)      0.212     7.220 r  design_1_i/mux_0/inst/Y_INST_0/O
                         net (fo=8, routed)           1.219     8.439    design_1_i/demux_0/EN
    SLICE_X0Y19          LUT4 (Prop_lut4_I0_O)        0.299     8.738 r  design_1_i/demux_0/Y[3]_INST_0/O
                         net (fo=1, routed)           1.686    10.425    led_OBUF[3]
    V19                  OBUF (Prop_obuf_I_O)         3.509    13.934 r  led_OBUF[3]_inst/O
                         net (fo=0)                   0.000    13.934    led[3]
    V19                                                               r  led[3] (OUT)
  -------------------------------------------------------------------    -------------------

Slack:                    inf
  Source:                 design_1_i/counter_0/U0/count_reg[26]/C
                            (rising edge-triggered cell FDRE clocked by sys_clk_pin  {rise@0.000ns fall@5.000ns period=10.000ns})
  Destination:            led[2]
                            (output port)
  Path Group:             (none)
  Path Type:              Max at Slow Process Corner
  Data Path Delay:        11.336ns  (logic 4.592ns (40.509%)  route 6.744ns (59.491%))
  Logic Levels:           4  (LUT4=1 LUT6=1 MUXF7=1 OBUF=1)
  Clock Uncertainty:      0.025ns  ((TSJ^2 + TIJ^2)^1/2 + DJ) / 2 + PE
    Total System Jitter     (TSJ):    0.050ns
    Total Input Jitter      (TIJ):    0.000ns
    Discrete Jitter          (DJ):    0.000ns
    Phase Error              (PE):    0.000ns

    Location             Delay type                Incr(ns)  Path(ns)    Netlist Resource(s)
  -------------------------------------------------------------------    -------------------
                         (clock sys_clk_pin rise edge)
                                                      0.000     0.000 r  
    W5                                                0.000     0.000 r  clk (IN)
                         net (fo=0)                   0.000     0.000    clk
    W5                   IBUF (Prop_ibuf_I_O)         1.458     1.458 r  clk_IBUF_inst/O
                         net (fo=28, routed)          1.110     2.568    design_1_i/counter_0/U0/clk
    SLICE_X65Y24         FDRE                                         r  design_1_i/counter_0/U0/count_reg[26]/C
  -------------------------------------------------------------------    -------------------
    SLICE_X65Y24         FDRE (Prop_fdre_C_Q)         0.456     3.024 r  design_1_i/counter_0/U0/count_reg[26]/Q
                         net (fo=11, routed)          3.860     6.884    design_1_i/mux_0/inst/S[1]
    SLICE_X0Y10          LUT6 (Prop_lut6_I2_O)        0.124     7.008 r  design_1_i/mux_0/inst/Y_INST_0_i_1/O
                         net (fo=1, routed)           0.000     7.008    design_1_i/mux_0/inst/Y_INST_0_i_1_n_0
    SLICE_X0Y10          MUXF7 (Prop_muxf7_I0_O)      0.212     7.220 r  design_1_i/mux_0/inst/Y_INST_0/O
                         net (fo=8, routed)           1.216     8.436    design_1_i/demux_0/EN
    SLICE_X0Y19          LUT4 (Prop_lut4_I0_O)        0.299     8.735 r  design_1_i/demux_0/Y[2]_INST_0/O
                         net (fo=1, routed)           1.668    10.403    led_OBUF[2]
    U19                  OBUF (Prop_obuf_I_O)         3.501    13.904 r  led_OBUF[2]_inst/O
                         net (fo=0)                   0.000    13.904    led[2]
    U19                                                               r  led[2] (OUT)
  -------------------------------------------------------------------    -------------------

Slack:                    inf
  Source:                 design_1_i/counter_0/U0/count_reg[26]/C
                            (rising edge-triggered cell FDRE clocked by sys_clk_pin  {rise@0.000ns fall@5.000ns period=10.000ns})
  Destination:            led[4]
                            (output port)
  Path Group:             (none)
  Path Type:              Max at Slow Process Corner
  Data Path Delay:        11.183ns  (logic 4.600ns (41.131%)  route 6.583ns (58.869%))
  Logic Levels:           4  (LUT4=1 LUT6=1 MUXF7=1 OBUF=1)
  Clock Uncertainty:      0.025ns  ((TSJ^2 + TIJ^2)^1/2 + DJ) / 2 + PE
    Total System Jitter     (TSJ):    0.050ns
    Total Input Jitter      (TIJ):    0.000ns
    Discrete Jitter          (DJ):    0.000ns
    Phase Error              (PE):    0.000ns

    Location             Delay type                Incr(ns)  Path(ns)    Netlist Resource(s)
  -------------------------------------------------------------------    -------------------
                         (clock sys_clk_pin rise edge)
                                                      0.000     0.000 r  
    W5                                                0.000     0.000 r  clk (IN)
                         net (fo=0)                   0.000     0.000    clk
    W5                   IBUF (Prop_ibuf_I_O)         1.458     1.458 r  clk_IBUF_inst/O
                         net (fo=28, routed)          1.110     2.568    design_1_i/counter_0/U0/clk
    SLICE_X65Y24         FDRE                                         r  design_1_i/counter_0/U0/count_reg[26]/C
  -------------------------------------------------------------------    -------------------
    SLICE_X65Y24         FDRE (Prop_fdre_C_Q)         0.456     3.024 r  design_1_i/counter_0/U0/count_reg[26]/Q
                         net (fo=11, routed)          3.860     6.884    design_1_i/mux_0/inst/S[1]
    SLICE_X0Y10          LUT6 (Prop_lut6_I2_O)        0.124     7.008 r  design_1_i/mux_0/inst/Y_INST_0_i_1/O
                         net (fo=1, routed)           0.000     7.008    design_1_i/mux_0/inst/Y_INST_0_i_1_n_0
    SLICE_X0Y10          MUXF7 (Prop_muxf7_I0_O)      0.212     7.220 r  design_1_i/mux_0/inst/Y_INST_0/O
                         net (fo=8, routed)           1.056     8.276    design_1_i/demux_0/EN
    SLICE_X0Y17          LUT4 (Prop_lut4_I0_O)        0.299     8.575 r  design_1_i/demux_0/Y[4]_INST_0/O
                         net (fo=1, routed)           1.668    10.242    led_OBUF[4]
    W18                  OBUF (Prop_obuf_I_O)         3.509    13.751 r  led_OBUF[4]_inst/O
                         net (fo=0)                   0.000    13.751    led[4]
    W18                                                               r  led[4] (OUT)
  -------------------------------------------------------------------    -------------------

Slack:                    inf
  Source:                 design_1_i/counter_0/U0/count_reg[26]/C
                            (rising edge-triggered cell FDRE clocked by sys_clk_pin  {rise@0.000ns fall@5.000ns period=10.000ns})
  Destination:            led[5]
                            (output port)
  Path Group:             (none)
  Path Type:              Max at Slow Process Corner
  Data Path Delay:        10.826ns  (logic 4.605ns (42.541%)  route 6.221ns (57.459%))
  Logic Levels:           4  (LUT4=1 LUT6=1 MUXF7=1 OBUF=1)
  Clock Uncertainty:      0.025ns  ((TSJ^2 + TIJ^2)^1/2 + DJ) / 2 + PE
    Total System Jitter     (TSJ):    0.050ns
    Total Input Jitter      (TIJ):    0.000ns
    Discrete Jitter          (DJ):    0.000ns
    Phase Error              (PE):    0.000ns

    Location             Delay type                Incr(ns)  Path(ns)    Netlist Resource(s)
  -------------------------------------------------------------------    -------------------
                         (clock sys_clk_pin rise edge)
                                                      0.000     0.000 r  
    W5                                                0.000     0.000 r  clk (IN)
                         net (fo=0)                   0.000     0.000    clk
    W5                   IBUF (Prop_ibuf_I_O)         1.458     1.458 r  clk_IBUF_inst/O
                         net (fo=28, routed)          1.110     2.568    design_1_i/counter_0/U0/clk
    SLICE_X65Y24         FDRE                                         r  design_1_i/counter_0/U0/count_reg[26]/C
  -------------------------------------------------------------------    -------------------
    SLICE_X65Y24         FDRE (Prop_fdre_C_Q)         0.456     3.024 r  design_1_i/counter_0/U0/count_reg[26]/Q
                         net (fo=11, routed)          3.860     6.884    design_1_i/mux_0/inst/S[1]
    SLICE_X0Y10          LUT6 (Prop_lut6_I2_O)        0.124     7.008 r  design_1_i/mux_0/inst/Y_INST_0_i_1/O
                         net (fo=1, routed)           0.000     7.008    design_1_i/mux_0/inst/Y_INST_0_i_1_n_0
    SLICE_X0Y10          MUXF7 (Prop_muxf7_I0_O)      0.212     7.220 r  design_1_i/mux_0/inst/Y_INST_0/O
                         net (fo=8, routed)           0.485     7.705    design_1_i/demux_0/EN
    SLICE_X0Y10          LUT4 (Prop_lut4_I0_O)        0.299     8.004 r  design_1_i/demux_0/Y[5]_INST_0/O
                         net (fo=1, routed)           1.875     9.880    led_OBUF[5]
    U15                  OBUF (Prop_obuf_I_O)         3.514    13.394 r  led_OBUF[5]_inst/O
                         net (fo=0)                   0.000    13.394    led[5]
    U15                                                               r  led[5] (OUT)
  -------------------------------------------------------------------    -------------------

Slack:                    inf
  Source:                 design_1_i/counter_0/U0/count_reg[26]/C
                            (rising edge-triggered cell FDRE clocked by sys_clk_pin  {rise@0.000ns fall@5.000ns period=10.000ns})
  Destination:            led[0]
                            (output port)
  Path Group:             (none)
  Path Type:              Max at Slow Process Corner
  Data Path Delay:        10.819ns  (logic 4.596ns (42.477%)  route 6.224ns (57.523%))
  Logic Levels:           4  (LUT4=1 LUT6=1 MUXF7=1 OBUF=1)
  Clock Uncertainty:      0.025ns  ((TSJ^2 + TIJ^2)^1/2 + DJ) / 2 + PE
    Total System Jitter     (TSJ):    0.050ns
    Total Input Jitter      (TIJ):    0.000ns
    Discrete Jitter          (DJ):    0.000ns
    Phase Error              (PE):    0.000ns

    Location             Delay type                Incr(ns)  Path(ns)    Netlist Resource(s)
  -------------------------------------------------------------------    -------------------
                         (clock sys_clk_pin rise edge)
                                                      0.000     0.000 r  
    W5                                                0.000     0.000 r  clk (IN)
                         net (fo=0)                   0.000     0.000    clk
    W5                   IBUF (Prop_ibuf_I_O)         1.458     1.458 r  clk_IBUF_inst/O
                         net (fo=28, routed)          1.110     2.568    design_1_i/counter_0/U0/clk
    SLICE_X65Y24         FDRE                                         r  design_1_i/counter_0/U0/count_reg[26]/C
  -------------------------------------------------------------------    -------------------
    SLICE_X65Y24         FDRE (Prop_fdre_C_Q)         0.456     3.024 r  design_1_i/counter_0/U0/count_reg[26]/Q
                         net (fo=11, routed)          3.860     6.884    design_1_i/mux_0/inst/S[1]
    SLICE_X0Y10          LUT6 (Prop_lut6_I2_O)        0.124     7.008 r  design_1_i/mux_0/inst/Y_INST_0_i_1/O
                         net (fo=1, routed)           0.000     7.008    design_1_i/mux_0/inst/Y_INST_0_i_1_n_0
    SLICE_X0Y10          MUXF7 (Prop_muxf7_I0_O)      0.212     7.220 r  design_1_i/mux_0/inst/Y_INST_0/O
                         net (fo=8, routed)           0.490     7.710    design_1_i/demux_0/EN
    SLICE_X0Y10          LUT4 (Prop_lut4_I0_O)        0.299     8.009 r  design_1_i/demux_0/Y[0]_INST_0/O
                         net (fo=1, routed)           1.874     9.883    led_OBUF[0]
    U16                  OBUF (Prop_obuf_I_O)         3.505    13.388 r  led_OBUF[0]_inst/O
                         net (fo=0)                   0.000    13.388    led[0]
    U16                                                               r  led[0] (OUT)
  -------------------------------------------------------------------    -------------------





Min Delay Paths
--------------------------------------------------------------------------------------
Slack:                    inf
  Source:                 design_1_i/counter_0/U0/count_reg[27]/C
                            (rising edge-triggered cell FDRE clocked by sys_clk_pin  {rise@0.000ns fall@5.000ns period=10.000ns})
  Destination:            led[2]
                            (output port)
  Path Group:             (none)
  Path Type:              Min at Fast Process Corner
  Data Path Delay:        2.827ns  (logic 1.388ns (49.096%)  route 1.439ns (50.904%))
  Logic Levels:           2  (LUT4=1 OBUF=1)
  Clock Uncertainty:      0.025ns  ((TSJ^2 + TIJ^2)^1/2 + DJ) / 2 + PE
    Total System Jitter     (TSJ):    0.050ns
    Total Input Jitter      (TIJ):    0.000ns
    Discrete Jitter          (DJ):    0.000ns
    Phase Error              (PE):    0.000ns

    Location             Delay type                Incr(ns)  Path(ns)    Netlist Resource(s)
  -------------------------------------------------------------------    -------------------
                         (clock sys_clk_pin rise edge)
                                                      0.000     0.000 r  
    W5                                                0.000     0.000 r  clk (IN)
                         net (fo=0)                   0.000     0.000    clk
    W5                   IBUF (Prop_ibuf_I_O)         0.226     0.226 r  clk_IBUF_inst/O
                         net (fo=28, routed)          0.477     0.703    design_1_i/counter_0/U0/clk
    SLICE_X65Y24         FDRE                                         r  design_1_i/counter_0/U0/count_reg[27]/C
  -------------------------------------------------------------------    -------------------
    SLICE_X65Y24         FDRE (Prop_fdre_C_Q)         0.141     0.844 f  design_1_i/counter_0/U0/count_reg[27]/Q
                         net (fo=10, routed)          1.121     1.965    design_1_i/demux_0/I[2]
    SLICE_X0Y19          LUT4 (Prop_lut4_I1_O)        0.045     2.010 r  design_1_i/demux_0/Y[2]_INST_0/O
                         net (fo=1, routed)           0.319     2.328    led_OBUF[2]
    U19                  OBUF (Prop_obuf_I_O)         1.202     3.531 r  led_OBUF[2]_inst/O
                         net (fo=0)                   0.000     3.531    led[2]
    U19                                                               r  led[2] (OUT)
  -------------------------------------------------------------------    -------------------

Slack:                    inf
  Source:                 design_1_i/counter_0/U0/count_reg[27]/C
                            (rising edge-triggered cell FDRE clocked by sys_clk_pin  {rise@0.000ns fall@5.000ns period=10.000ns})
  Destination:            led[3]
                            (output port)
  Path Group:             (none)
  Path Type:              Min at Fast Process Corner
  Data Path Delay:        2.858ns  (logic 1.396ns (48.849%)  route 1.462ns (51.151%))
  Logic Levels:           2  (LUT4=1 OBUF=1)
  Clock Uncertainty:      0.025ns  ((TSJ^2 + TIJ^2)^1/2 + DJ) / 2 + PE
    Total System Jitter     (TSJ):    0.050ns
    Total Input Jitter      (TIJ):    0.000ns
    Discrete Jitter          (DJ):    0.000ns
    Phase Error              (PE):    0.000ns

    Location             Delay type                Incr(ns)  Path(ns)    Netlist Resource(s)
  -------------------------------------------------------------------    -------------------
                         (clock sys_clk_pin rise edge)
                                                      0.000     0.000 r  
    W5                                                0.000     0.000 r  clk (IN)
                         net (fo=0)                   0.000     0.000    clk
    W5                   IBUF (Prop_ibuf_I_O)         0.226     0.226 r  clk_IBUF_inst/O
                         net (fo=28, routed)          0.477     0.703    design_1_i/counter_0/U0/clk
    SLICE_X65Y24         FDRE                                         r  design_1_i/counter_0/U0/count_reg[27]/C
  -------------------------------------------------------------------    -------------------
    SLICE_X65Y24         FDRE (Prop_fdre_C_Q)         0.141     0.844 f  design_1_i/counter_0/U0/count_reg[27]/Q
                         net (fo=10, routed)          1.110     1.955    design_1_i/demux_0/I[2]
    SLICE_X0Y19          LUT4 (Prop_lut4_I1_O)        0.045     2.000 r  design_1_i/demux_0/Y[3]_INST_0/O
                         net (fo=1, routed)           0.351     2.351    led_OBUF[3]
    V19                  OBUF (Prop_obuf_I_O)         1.210     3.561 r  led_OBUF[3]_inst/O
                         net (fo=0)                   0.000     3.561    led[3]
    V19                                                               r  led[3] (OUT)
  -------------------------------------------------------------------    -------------------

Slack:                    inf
  Source:                 design_1_i/counter_0/U0/count_reg[27]/C
                            (rising edge-triggered cell FDRE clocked by sys_clk_pin  {rise@0.000ns fall@5.000ns period=10.000ns})
  Destination:            led[1]
                            (output port)
  Path Group:             (none)
  Path Type:              Min at Fast Process Corner
  Data Path Delay:        2.862ns  (logic 1.417ns (49.491%)  route 1.446ns (50.509%))
  Logic Levels:           2  (LUT4=1 OBUF=1)
  Clock Uncertainty:      0.025ns  ((TSJ^2 + TIJ^2)^1/2 + DJ) / 2 + PE
    Total System Jitter     (TSJ):    0.050ns
    Total Input Jitter      (TIJ):    0.000ns
    Discrete Jitter          (DJ):    0.000ns
    Phase Error              (PE):    0.000ns

    Location             Delay type                Incr(ns)  Path(ns)    Netlist Resource(s)
  -------------------------------------------------------------------    -------------------
                         (clock sys_clk_pin rise edge)
                                                      0.000     0.000 r  
    W5                                                0.000     0.000 r  clk (IN)
                         net (fo=0)                   0.000     0.000    clk
    W5                   IBUF (Prop_ibuf_I_O)         0.226     0.226 r  clk_IBUF_inst/O
                         net (fo=28, routed)          0.477     0.703    design_1_i/counter_0/U0/clk
    SLICE_X65Y24         FDRE                                         r  design_1_i/counter_0/U0/count_reg[27]/C
  -------------------------------------------------------------------    -------------------
    SLICE_X65Y24         FDRE (Prop_fdre_C_Q)         0.141     0.844 f  design_1_i/counter_0/U0/count_reg[27]/Q
                         net (fo=10, routed)          0.817     1.661    design_1_i/demux_0/I[2]
    SLICE_X0Y21          LUT4 (Prop_lut4_I1_O)        0.045     1.706 r  design_1_i/demux_0/Y[1]_INST_0/O
                         net (fo=1, routed)           0.629     2.335    led_OBUF[1]
    E19                  OBUF (Prop_obuf_I_O)         1.231     3.566 r  led_OBUF[1]_inst/O
                         net (fo=0)                   0.000     3.566    led[1]
    E19                                                               r  led[1] (OUT)
  -------------------------------------------------------------------    -------------------

Slack:                    inf
  Source:                 design_1_i/counter_0/U0/count_reg[27]/C
                            (rising edge-triggered cell FDRE clocked by sys_clk_pin  {rise@0.000ns fall@5.000ns period=10.000ns})
  Destination:            led[4]
                            (output port)
  Path Group:             (none)
  Path Type:              Min at Fast Process Corner
  Data Path Delay:        2.905ns  (logic 1.396ns (48.043%)  route 1.509ns (51.957%))
  Logic Levels:           2  (LUT4=1 OBUF=1)
  Clock Uncertainty:      0.025ns  ((TSJ^2 + TIJ^2)^1/2 + DJ) / 2 + PE
    Total System Jitter     (TSJ):    0.050ns
    Total Input Jitter      (TIJ):    0.000ns
    Discrete Jitter          (DJ):    0.000ns
    Phase Error              (PE):    0.000ns

    Location             Delay type                Incr(ns)  Path(ns)    Netlist Resource(s)
  -------------------------------------------------------------------    -------------------
                         (clock sys_clk_pin rise edge)
                                                      0.000     0.000 r  
    W5                                                0.000     0.000 r  clk (IN)
                         net (fo=0)                   0.000     0.000    clk
    W5                   IBUF (Prop_ibuf_I_O)         0.226     0.226 r  clk_IBUF_inst/O
                         net (fo=28, routed)          0.477     0.703    design_1_i/counter_0/U0/clk
    SLICE_X65Y24         FDRE                                         r  design_1_i/counter_0/U0/count_reg[27]/C
  -------------------------------------------------------------------    -------------------
    SLICE_X65Y24         FDRE (Prop_fdre_C_Q)         0.141     0.844 r  design_1_i/counter_0/U0/count_reg[27]/Q
                         net (fo=10, routed)          1.191     2.035    design_1_i/demux_0/I[2]
    SLICE_X0Y17          LUT4 (Prop_lut4_I2_O)        0.045     2.080 r  design_1_i/demux_0/Y[4]_INST_0/O
                         net (fo=1, routed)           0.319     2.399    led_OBUF[4]
    W18                  OBUF (Prop_obuf_I_O)         1.210     3.608 r  led_OBUF[4]_inst/O
                         net (fo=0)                   0.000     3.608    led[4]
    W18                                                               r  led[4] (OUT)
  -------------------------------------------------------------------    -------------------

Slack:                    inf
  Source:                 design_1_i/counter_0/U0/count_reg[27]/C
                            (rising edge-triggered cell FDRE clocked by sys_clk_pin  {rise@0.000ns fall@5.000ns period=10.000ns})
  Destination:            led[5]
                            (output port)
  Path Group:             (none)
  Path Type:              Min at Fast Process Corner
  Data Path Delay:        3.052ns  (logic 1.402ns (45.918%)  route 1.651ns (54.082%))
  Logic Levels:           2  (LUT4=1 OBUF=1)
  Clock Uncertainty:      0.025ns  ((TSJ^2 + TIJ^2)^1/2 + DJ) / 2 + PE
    Total System Jitter     (TSJ):    0.050ns
    Total Input Jitter      (TIJ):    0.000ns
    Discrete Jitter          (DJ):    0.000ns
    Phase Error              (PE):    0.000ns

    Location             Delay type                Incr(ns)  Path(ns)    Netlist Resource(s)
  -------------------------------------------------------------------    -------------------
                         (clock sys_clk_pin rise edge)
                                                      0.000     0.000 r  
    W5                                                0.000     0.000 r  clk (IN)
                         net (fo=0)                   0.000     0.000    clk
    W5                   IBUF (Prop_ibuf_I_O)         0.226     0.226 r  clk_IBUF_inst/O
                         net (fo=28, routed)          0.477     0.703    design_1_i/counter_0/U0/clk
    SLICE_X65Y24         FDRE                                         r  design_1_i/counter_0/U0/count_reg[27]/C
  -------------------------------------------------------------------    -------------------
    SLICE_X65Y24         FDRE (Prop_fdre_C_Q)         0.141     0.844 r  design_1_i/counter_0/U0/count_reg[27]/Q
                         net (fo=10, routed)          1.225     2.070    design_1_i/demux_0/I[2]
    SLICE_X0Y10          LUT4 (Prop_lut4_I3_O)        0.045     2.115 r  design_1_i/demux_0/Y[5]_INST_0/O
                         net (fo=1, routed)           0.425     2.540    led_OBUF[5]
    U15                  OBUF (Prop_obuf_I_O)         1.216     3.755 r  led_OBUF[5]_inst/O
                         net (fo=0)                   0.000     3.755    led[5]
    U15                                                               r  led[5] (OUT)
  -------------------------------------------------------------------    -------------------

Slack:                    inf
  Source:                 design_1_i/counter_0/U0/count_reg[27]/C
                            (rising edge-triggered cell FDRE clocked by sys_clk_pin  {rise@0.000ns fall@5.000ns period=10.000ns})
  Destination:            led[0]
                            (output port)
  Path Group:             (none)
  Path Type:              Min at Fast Process Corner
  Data Path Delay:        3.095ns  (logic 1.392ns (44.970%)  route 1.703ns (55.030%))
  Logic Levels:           2  (LUT4=1 OBUF=1)
  Clock Uncertainty:      0.025ns  ((TSJ^2 + TIJ^2)^1/2 + DJ) / 2 + PE
    Total System Jitter     (TSJ):    0.050ns
    Total Input Jitter      (TIJ):    0.000ns
    Discrete Jitter          (DJ):    0.000ns
    Phase Error              (PE):    0.000ns

    Location             Delay type                Incr(ns)  Path(ns)    Netlist Resource(s)
  -------------------------------------------------------------------    -------------------
                         (clock sys_clk_pin rise edge)
                                                      0.000     0.000 r  
    W5                                                0.000     0.000 r  clk (IN)
                         net (fo=0)                   0.000     0.000    clk
    W5                   IBUF (Prop_ibuf_I_O)         0.226     0.226 r  clk_IBUF_inst/O
                         net (fo=28, routed)          0.477     0.703    design_1_i/counter_0/U0/clk
    SLICE_X65Y24         FDRE                                         r  design_1_i/counter_0/U0/count_reg[27]/C
  -------------------------------------------------------------------    -------------------
    SLICE_X65Y24         FDRE (Prop_fdre_C_Q)         0.141     0.844 f  design_1_i/counter_0/U0/count_reg[27]/Q
                         net (fo=10, routed)          1.291     2.136    design_1_i/demux_0/I[2]
    SLICE_X0Y10          LUT4 (Prop_lut4_I1_O)        0.045     2.181 r  design_1_i/demux_0/Y[0]_INST_0/O
                         net (fo=1, routed)           0.412     2.593    led_OBUF[0]
    U16                  OBUF (Prop_obuf_I_O)         1.206     3.798 r  led_OBUF[0]_inst/O
                         net (fo=0)                   0.000     3.798    led[0]
    U16                                                               r  led[0] (OUT)
  -------------------------------------------------------------------    -------------------

Slack:                    inf
  Source:                 design_1_i/counter_0/U0/count_reg[27]/C
                            (rising edge-triggered cell FDRE clocked by sys_clk_pin  {rise@0.000ns fall@5.000ns period=10.000ns})
  Destination:            led[7]
                            (output port)
  Path Group:             (none)
  Path Type:              Min at Fast Process Corner
  Data Path Delay:        3.174ns  (logic 1.388ns (43.727%)  route 1.786ns (56.273%))
  Logic Levels:           2  (LUT4=1 OBUF=1)
  Clock Uncertainty:      0.025ns  ((TSJ^2 + TIJ^2)^1/2 + DJ) / 2 + PE
    Total System Jitter     (TSJ):    0.050ns
    Total Input Jitter      (TIJ):    0.000ns
    Discrete Jitter          (DJ):    0.000ns
    Phase Error              (PE):    0.000ns

    Location             Delay type                Incr(ns)  Path(ns)    Netlist Resource(s)
  -------------------------------------------------------------------    -------------------
                         (clock sys_clk_pin rise edge)
                                                      0.000     0.000 r  
    W5                                                0.000     0.000 r  clk (IN)
                         net (fo=0)                   0.000     0.000    clk
    W5                   IBUF (Prop_ibuf_I_O)         0.226     0.226 r  clk_IBUF_inst/O
                         net (fo=28, routed)          0.477     0.703    design_1_i/counter_0/U0/clk
    SLICE_X65Y24         FDRE                                         r  design_1_i/counter_0/U0/count_reg[27]/C
  -------------------------------------------------------------------    -------------------
    SLICE_X65Y24         FDRE (Prop_fdre_C_Q)         0.141     0.844 r  design_1_i/counter_0/U0/count_reg[27]/Q
                         net (fo=10, routed)          1.281     2.125    design_1_i/demux_0/I[2]
    SLICE_X0Y11          LUT4 (Prop_lut4_I0_O)        0.045     2.170 r  design_1_i/demux_0/Y[7]_INST_0/O
                         net (fo=1, routed)           0.505     2.675    led_OBUF[7]
    V14                  OBUF (Prop_obuf_I_O)         1.202     3.877 r  led_OBUF[7]_inst/O
                         net (fo=0)                   0.000     3.877    led[7]
    V14                                                               r  led[7] (OUT)
  -------------------------------------------------------------------    -------------------

Slack:                    inf
  Source:                 design_1_i/counter_0/U0/count_reg[27]/C
                            (rising edge-triggered cell FDRE clocked by sys_clk_pin  {rise@0.000ns fall@5.000ns period=10.000ns})
  Destination:            led[6]
                            (output port)
  Path Group:             (none)
  Path Type:              Min at Fast Process Corner
  Data Path Delay:        3.186ns  (logic 1.393ns (43.728%)  route 1.793ns (56.272%))
  Logic Levels:           2  (LUT4=1 OBUF=1)
  Clock Uncertainty:      0.025ns  ((TSJ^2 + TIJ^2)^1/2 + DJ) / 2 + PE
    Total System Jitter     (TSJ):    0.050ns
    Total Input Jitter      (TIJ):    0.000ns
    Discrete Jitter          (DJ):    0.000ns
    Phase Error              (PE):    0.000ns

    Location             Delay type                Incr(ns)  Path(ns)    Netlist Resource(s)
  -------------------------------------------------------------------    -------------------
                         (clock sys_clk_pin rise edge)
                                                      0.000     0.000 r  
    W5                                                0.000     0.000 r  clk (IN)
                         net (fo=0)                   0.000     0.000    clk
    W5                   IBUF (Prop_ibuf_I_O)         0.226     0.226 r  clk_IBUF_inst/O
                         net (fo=28, routed)          0.477     0.703    design_1_i/counter_0/U0/clk
    SLICE_X65Y24         FDRE                                         r  design_1_i/counter_0/U0/count_reg[27]/C
  -------------------------------------------------------------------    -------------------
    SLICE_X65Y24         FDRE (Prop_fdre_C_Q)         0.141     0.844 r  design_1_i/counter_0/U0/count_reg[27]/Q
                         net (fo=10, routed)          1.292     2.136    design_1_i/demux_0/I[2]
    SLICE_X0Y11          LUT4 (Prop_lut4_I3_O)        0.045     2.181 r  design_1_i/demux_0/Y[6]_INST_0/O
                         net (fo=1, routed)           0.501     2.682    led_OBUF[6]
    U14                  OBUF (Prop_obuf_I_O)         1.207     3.889 r  led_OBUF[6]_inst/O
                         net (fo=0)                   0.000     3.889    led[6]
    U14                                                               r  led[6] (OUT)
  -------------------------------------------------------------------    -------------------





