Copyright 1986-2022 Xilinx, Inc. All Rights Reserved.
------------------------------------------------------------------------------------------------------------------------------------------------------------------------------------------------------------------------------------------------------------------------------
| Tool Version : Vivado v.2022.1 (win64) Build 3526262 Mon Apr 18 15:48:16 MDT 2022
| Date         : Thu May 14 13:41:20 2026
| Host         : DESKTOP-TM7VUND running 64-bit major release  (build 9200)
| Command      : report_timing_summary -max_paths 10 -report_unconstrained -file sync_binary_counter_divider_timing_summary_routed.rpt -pb sync_binary_counter_divider_timing_summary_routed.pb -rpx sync_binary_counter_divider_timing_summary_routed.rpx -warn_on_violation
| Design       : sync_binary_counter_divider
| Device       : 7a35t-cpg236
| Speed File   : -1  PRODUCTION 1.23 2018-06-13
------------------------------------------------------------------------------------------------------------------------------------------------------------------------------------------------------------------------------------------------------------------------------

Timing Summary Report

------------------------------------------------------------------------------------------------
| Timer Settings
| --------------
------------------------------------------------------------------------------------------------

  Enable Multi Corner Analysis               :  Yes
  Enable Pessimism Removal                   :  Yes
  Pessimism Removal Resolution               :  Nearest Common Node
  Enable Input Delay Default Clock           :  No
  Enable Preset / Clear Arcs                 :  No
  Disable Flight Delays                      :  No
  Ignore I/O Paths                           :  No
  Timing Early Launch at Borrowing Latches   :  No
  Borrow Time for Max Delay Exceptions       :  Yes
  Merge Timing Exceptions                    :  Yes

  Corner  Analyze    Analyze    
  Name    Max Paths  Min Paths  
  ------  ---------  ---------  
  Slow    Yes        Yes        
  Fast    Yes        Yes        


------------------------------------------------------------------------------------------------
| Report Methodology
| ------------------
------------------------------------------------------------------------------------------------

Rule       Severity          Description                  Violations  
---------  ----------------  ---------------------------  ----------  
TIMING-17  Critical Warning  Non-clocked sequential cell  4           

Note: This report is based on the most recent report_methodology run and may not be up-to-date. Run report_methodology on the current design for the latest report.



check_timing report

Table of Contents
-----------------
1. checking no_clock (4)
2. checking constant_clock (0)
3. checking pulse_width_clock (0)
4. checking unconstrained_internal_endpoints (4)
5. checking no_input_delay (0)
6. checking no_output_delay (4)
7. checking multiple_clock (0)
8. checking generated_clocks (0)
9. checking loops (0)
10. checking partial_input_delay (0)
11. checking partial_output_delay (0)
12. checking latch_loops (0)

1. checking no_clock (4)
------------------------
 There are 4 register/latch pins with no clock driven by root clock pin: cnt28_reg[27]/Q (HIGH)


2. checking constant_clock (0)
------------------------------
 There are 0 register/latch pins with constant_clock.


3. checking pulse_width_clock (0)
---------------------------------
 There are 0 register/latch pins which need pulse_width check


4. checking unconstrained_internal_endpoints (4)
------------------------------------------------
 There are 4 pins that are not constrained for maximum delay. (HIGH)

 There are 0 pins that are not constrained for maximum delay due to constant clock.


5. checking no_input_delay (0)
------------------------------
 There are 0 input ports with no input delay specified.

 There are 0 input ports with no input delay but user has a false path constraint.


6. checking no_output_delay (4)
-------------------------------
 There are 4 ports with no output delay specified. (HIGH)

 There are 0 ports with no output delay but user has a false path constraint

 There are 0 ports with no output delay but with a timing clock defined on it or propagating through it


7. checking multiple_clock (0)
------------------------------
 There are 0 register/latch pins with multiple clocks.


8. checking generated_clocks (0)
--------------------------------
 There are 0 generated clocks that are not connected to a clock source.


9. checking loops (0)
---------------------
 There are 0 combinational loops in the design.


10. checking partial_input_delay (0)
------------------------------------
 There are 0 input ports with partial input delay specified.


11. checking partial_output_delay (0)
-------------------------------------
 There are 0 ports with partial output delay specified.


12. checking latch_loops (0)
----------------------------
 There are 0 combinational latch loops in the design through latch input



------------------------------------------------------------------------------------------------
| Design Timing Summary
| ---------------------
------------------------------------------------------------------------------------------------

    WNS(ns)      TNS(ns)  TNS Failing Endpoints  TNS Total Endpoints      WHS(ns)      THS(ns)  THS Failing Endpoints  THS Total Endpoints     WPWS(ns)     TPWS(ns)  TPWS Failing Endpoints  TPWS Total Endpoints  
    -------      -------  ---------------------  -------------------      -------      -------  ---------------------  -------------------     --------     --------  ----------------------  --------------------  
      7.200        0.000                      0                   28        0.324        0.000                      0                   28        4.500        0.000                       0                    29  


All user specified timing constraints are met.


------------------------------------------------------------------------------------------------
| Clock Summary
| -------------
------------------------------------------------------------------------------------------------

Clock        Waveform(ns)       Period(ns)      Frequency(MHz)
-----        ------------       ----------      --------------
sys_clk_pin  {0.000 5.000}      10.000          100.000         


------------------------------------------------------------------------------------------------
| Intra Clock Table
| -----------------
------------------------------------------------------------------------------------------------

Clock             WNS(ns)      TNS(ns)  TNS Failing Endpoints  TNS Total Endpoints      WHS(ns)      THS(ns)  THS Failing Endpoints  THS Total Endpoints     WPWS(ns)     TPWS(ns)  TPWS Failing Endpoints  TPWS Total Endpoints  
-----             -------      -------  ---------------------  -------------------      -------      -------  ---------------------  -------------------     --------     --------  ----------------------  --------------------  
sys_clk_pin         7.200        0.000                      0                   28        0.324        0.000                      0                   28        4.500        0.000                       0                    29  


------------------------------------------------------------------------------------------------
| Inter Clock Table
| -----------------
------------------------------------------------------------------------------------------------

From Clock    To Clock          WNS(ns)      TNS(ns)  TNS Failing Endpoints  TNS Total Endpoints      WHS(ns)      THS(ns)  THS Failing Endpoints  THS Total Endpoints  
----------    --------          -------      -------  ---------------------  -------------------      -------      -------  ---------------------  -------------------  


------------------------------------------------------------------------------------------------
| Other Path Groups Table
| -----------------------
------------------------------------------------------------------------------------------------

Path Group    From Clock    To Clock          WNS(ns)      TNS(ns)  TNS Failing Endpoints  TNS Total Endpoints      WHS(ns)      THS(ns)  THS Failing Endpoints  THS Total Endpoints  
----------    ----------    --------          -------      -------  ---------------------  -------------------      -------      -------  ---------------------  -------------------  


------------------------------------------------------------------------------------------------
| User Ignored Path Table
| -----------------------
------------------------------------------------------------------------------------------------

Path Group    From Clock    To Clock    
----------    ----------    --------    


------------------------------------------------------------------------------------------------
| Unconstrained Path Table
| ------------------------
------------------------------------------------------------------------------------------------

Path Group    From Clock    To Clock    
----------    ----------    --------    
(none)                                    


------------------------------------------------------------------------------------------------
| Timing Details
| --------------
------------------------------------------------------------------------------------------------


---------------------------------------------------------------------------------------------------
From Clock:  sys_clk_pin
  To Clock:  sys_clk_pin

Setup :            0  Failing Endpoints,  Worst Slack        7.200ns,  Total Violation        0.000ns
Hold  :            0  Failing Endpoints,  Worst Slack        0.324ns,  Total Violation        0.000ns
PW    :            0  Failing Endpoints,  Worst Slack        4.500ns,  Total Violation        0.000ns
---------------------------------------------------------------------------------------------------


Max Delay Paths
--------------------------------------------------------------------------------------
Slack (MET) :             7.200ns  (required time - arrival time)
  Source:                 cnt28_reg[1]/C
                            (rising edge-triggered cell FDRE clocked by sys_clk_pin  {rise@0.000ns fall@5.000ns period=10.000ns})
  Destination:            cnt28_reg[25]/D
                            (rising edge-triggered cell FDRE clocked by sys_clk_pin  {rise@0.000ns fall@5.000ns period=10.000ns})
  Path Group:             sys_clk_pin
  Path Type:              Setup (Max at Slow Process Corner)
  Requirement:            10.000ns  (sys_clk_pin rise@10.000ns - sys_clk_pin rise@0.000ns)
  Data Path Delay:        2.796ns  (logic 2.034ns (72.750%)  route 0.762ns (27.250%))
  Logic Levels:           7  (CARRY4=7)
  Clock Path Skew:        -0.031ns (DCD - SCD + CPR)
    Destination Clock Delay (DCD):    4.850ns = ( 14.850 - 10.000 ) 
    Source Clock Delay      (SCD):    5.155ns
    Clock Pessimism Removal (CPR):    0.274ns
  Clock Uncertainty:      0.035ns  ((TSJ^2 + TIJ^2)^1/2 + DJ) / 2 + PE
    Total System Jitter     (TSJ):    0.071ns
    Total Input Jitter      (TIJ):    0.000ns
    Discrete Jitter          (DJ):    0.000ns
    Phase Error              (PE):    0.000ns

    Location             Delay type                Incr(ns)  Path(ns)    Netlist Resource(s)
  -------------------------------------------------------------------    -------------------
                         (clock sys_clk_pin rise edge)
                                                      0.000     0.000 r  
    W5                                                0.000     0.000 r  clk (IN)
                         net (fo=0)                   0.000     0.000    clk
    W5                   IBUF (Prop_ibuf_I_O)         1.458     1.458 r  clk_IBUF_inst/O
                         net (fo=1, routed)           1.967     3.425    clk_IBUF
    BUFGCTRL_X0Y0        BUFG (Prop_bufg_I_O)         0.096     3.521 r  clk_IBUF_BUFG_inst/O
                         net (fo=28, routed)          1.634     5.155    clk_IBUF_BUFG
    SLICE_X0Y12          FDRE                                         r  cnt28_reg[1]/C
  -------------------------------------------------------------------    -------------------
    SLICE_X0Y12          FDRE (Prop_fdre_C_Q)         0.456     5.611 r  cnt28_reg[1]/Q
                         net (fo=1, routed)           0.762     6.373    cnt28_reg_n_0_[1]
    SLICE_X0Y12          CARRY4 (Prop_carry4_S[1]_CO[3])
                                                      0.674     7.047 r  cnt28_reg[0]_i_1/CO[3]
                         net (fo=1, routed)           0.000     7.047    cnt28_reg[0]_i_1_n_0
    SLICE_X0Y13          CARRY4 (Prop_carry4_CI_CO[3])
                                                      0.114     7.161 r  cnt28_reg[4]_i_1/CO[3]
                         net (fo=1, routed)           0.000     7.161    cnt28_reg[4]_i_1_n_0
    SLICE_X0Y14          CARRY4 (Prop_carry4_CI_CO[3])
                                                      0.114     7.275 r  cnt28_reg[8]_i_1/CO[3]
                         net (fo=1, routed)           0.000     7.275    cnt28_reg[8]_i_1_n_0
    SLICE_X0Y15          CARRY4 (Prop_carry4_CI_CO[3])
                                                      0.114     7.389 r  cnt28_reg[12]_i_1/CO[3]
                         net (fo=1, routed)           0.000     7.389    cnt28_reg[12]_i_1_n_0
    SLICE_X0Y16          CARRY4 (Prop_carry4_CI_CO[3])
                                                      0.114     7.503 r  cnt28_reg[16]_i_1/CO[3]
                         net (fo=1, routed)           0.000     7.503    cnt28_reg[16]_i_1_n_0
    SLICE_X0Y17          CARRY4 (Prop_carry4_CI_CO[3])
                                                      0.114     7.617 r  cnt28_reg[20]_i_1/CO[3]
                         net (fo=1, routed)           0.000     7.617    cnt28_reg[20]_i_1_n_0
    SLICE_X0Y18          CARRY4 (Prop_carry4_CI_O[1])
                                                      0.334     7.951 r  cnt28_reg[24]_i_1/O[1]
                         net (fo=1, routed)           0.000     7.951    cnt28_reg[24]_i_1_n_6
    SLICE_X0Y18          FDRE                                         r  cnt28_reg[25]/D
  -------------------------------------------------------------------    -------------------

                         (clock sys_clk_pin rise edge)
                                                     10.000    10.000 r  
    W5                                                0.000    10.000 r  clk (IN)
                         net (fo=0)                   0.000    10.000    clk
    W5                   IBUF (Prop_ibuf_I_O)         1.388    11.388 r  clk_IBUF_inst/O
                         net (fo=1, routed)           1.862    13.250    clk_IBUF
    BUFGCTRL_X0Y0        BUFG (Prop_bufg_I_O)         0.091    13.341 r  clk_IBUF_BUFG_inst/O
                         net (fo=28, routed)          1.509    14.850    clk_IBUF_BUFG
    SLICE_X0Y18          FDRE                                         r  cnt28_reg[25]/C
                         clock pessimism              0.274    15.124    
                         clock uncertainty           -0.035    15.089    
    SLICE_X0Y18          FDRE (Setup_fdre_C_D)        0.062    15.151    cnt28_reg[25]
  -------------------------------------------------------------------
                         required time                         15.151    
                         arrival time                          -7.951    
  -------------------------------------------------------------------
                         slack                                  7.200    

Slack (MET) :             7.221ns  (required time - arrival time)
  Source:                 cnt28_reg[1]/C
                            (rising edge-triggered cell FDRE clocked by sys_clk_pin  {rise@0.000ns fall@5.000ns period=10.000ns})
  Destination:            cnt28_reg[27]/D
                            (rising edge-triggered cell FDRE clocked by sys_clk_pin  {rise@0.000ns fall@5.000ns period=10.000ns})
  Path Group:             sys_clk_pin
  Path Type:              Setup (Max at Slow Process Corner)
  Requirement:            10.000ns  (sys_clk_pin rise@10.000ns - sys_clk_pin rise@0.000ns)
  Data Path Delay:        2.775ns  (logic 2.013ns (72.544%)  route 0.762ns (27.456%))
  Logic Levels:           7  (CARRY4=7)
  Clock Path Skew:        -0.031ns (DCD - SCD + CPR)
    Destination Clock Delay (DCD):    4.850ns = ( 14.850 - 10.000 ) 
    Source Clock Delay      (SCD):    5.155ns
    Clock Pessimism Removal (CPR):    0.274ns
  Clock Uncertainty:      0.035ns  ((TSJ^2 + TIJ^2)^1/2 + DJ) / 2 + PE
    Total System Jitter     (TSJ):    0.071ns
    Total Input Jitter      (TIJ):    0.000ns
    Discrete Jitter          (DJ):    0.000ns
    Phase Error              (PE):    0.000ns

    Location             Delay type                Incr(ns)  Path(ns)    Netlist Resource(s)
  -------------------------------------------------------------------    -------------------
                         (clock sys_clk_pin rise edge)
                                                      0.000     0.000 r  
    W5                                                0.000     0.000 r  clk (IN)
                         net (fo=0)                   0.000     0.000    clk
    W5                   IBUF (Prop_ibuf_I_O)         1.458     1.458 r  clk_IBUF_inst/O
                         net (fo=1, routed)           1.967     3.425    clk_IBUF
    BUFGCTRL_X0Y0        BUFG (Prop_bufg_I_O)         0.096     3.521 r  clk_IBUF_BUFG_inst/O
                         net (fo=28, routed)          1.634     5.155    clk_IBUF_BUFG
    SLICE_X0Y12          FDRE                                         r  cnt28_reg[1]/C
  -------------------------------------------------------------------    -------------------
    SLICE_X0Y12          FDRE (Prop_fdre_C_Q)         0.456     5.611 r  cnt28_reg[1]/Q
                         net (fo=1, routed)           0.762     6.373    cnt28_reg_n_0_[1]
    SLICE_X0Y12          CARRY4 (Prop_carry4_S[1]_CO[3])
                                                      0.674     7.047 r  cnt28_reg[0]_i_1/CO[3]
                         net (fo=1, routed)           0.000     7.047    cnt28_reg[0]_i_1_n_0
    SLICE_X0Y13          CARRY4 (Prop_carry4_CI_CO[3])
                                                      0.114     7.161 r  cnt28_reg[4]_i_1/CO[3]
                         net (fo=1, routed)           0.000     7.161    cnt28_reg[4]_i_1_n_0
    SLICE_X0Y14          CARRY4 (Prop_carry4_CI_CO[3])
                                                      0.114     7.275 r  cnt28_reg[8]_i_1/CO[3]
                         net (fo=1, routed)           0.000     7.275    cnt28_reg[8]_i_1_n_0
    SLICE_X0Y15          CARRY4 (Prop_carry4_CI_CO[3])
                                                      0.114     7.389 r  cnt28_reg[12]_i_1/CO[3]
                         net (fo=1, routed)           0.000     7.389    cnt28_reg[12]_i_1_n_0
    SLICE_X0Y16          CARRY4 (Prop_carry4_CI_CO[3])
                                                      0.114     7.503 r  cnt28_reg[16]_i_1/CO[3]
                         net (fo=1, routed)           0.000     7.503    cnt28_reg[16]_i_1_n_0
    SLICE_X0Y17          CARRY4 (Prop_carry4_CI_CO[3])
                                                      0.114     7.617 r  cnt28_reg[20]_i_1/CO[3]
                         net (fo=1, routed)           0.000     7.617    cnt28_reg[20]_i_1_n_0
    SLICE_X0Y18          CARRY4 (Prop_carry4_CI_O[3])
                                                      0.313     7.930 r  cnt28_reg[24]_i_1/O[3]
                         net (fo=1, routed)           0.000     7.930    cnt28_reg[24]_i_1_n_4
    SLICE_X0Y18          FDRE                                         r  cnt28_reg[27]/D
  -------------------------------------------------------------------    -------------------

                         (clock sys_clk_pin rise edge)
                                                     10.000    10.000 r  
    W5                                                0.000    10.000 r  clk (IN)
                         net (fo=0)                   0.000    10.000    clk
    W5                   IBUF (Prop_ibuf_I_O)         1.388    11.388 r  clk_IBUF_inst/O
                         net (fo=1, routed)           1.862    13.250    clk_IBUF
    BUFGCTRL_X0Y0        BUFG (Prop_bufg_I_O)         0.091    13.341 r  clk_IBUF_BUFG_inst/O
                         net (fo=28, routed)          1.509    14.850    clk_IBUF_BUFG
    SLICE_X0Y18          FDRE                                         r  cnt28_reg[27]/C
                         clock pessimism              0.274    15.124    
                         clock uncertainty           -0.035    15.089    
    SLICE_X0Y18          FDRE (Setup_fdre_C_D)        0.062    15.151    cnt28_reg[27]
  -------------------------------------------------------------------
                         required time                         15.151    
                         arrival time                          -7.930    
  -------------------------------------------------------------------
                         slack                                  7.221    

Slack (MET) :             7.295ns  (required time - arrival time)
  Source:                 cnt28_reg[1]/C
                            (rising edge-triggered cell FDRE clocked by sys_clk_pin  {rise@0.000ns fall@5.000ns period=10.000ns})
  Destination:            cnt28_reg[26]/D
                            (rising edge-triggered cell FDRE clocked by sys_clk_pin  {rise@0.000ns fall@5.000ns period=10.000ns})
  Path Group:             sys_clk_pin
  Path Type:              Setup (Max at Slow Process Corner)
  Requirement:            10.000ns  (sys_clk_pin rise@10.000ns - sys_clk_pin rise@0.000ns)
  Data Path Delay:        2.701ns  (logic 1.939ns (71.792%)  route 0.762ns (28.208%))
  Logic Levels:           7  (CARRY4=7)
  Clock Path Skew:        -0.031ns (DCD - SCD + CPR)
    Destination Clock Delay (DCD):    4.850ns = ( 14.850 - 10.000 ) 
    Source Clock Delay      (SCD):    5.155ns
    Clock Pessimism Removal (CPR):    0.274ns
  Clock Uncertainty:      0.035ns  ((TSJ^2 + TIJ^2)^1/2 + DJ) / 2 + PE
    Total System Jitter     (TSJ):    0.071ns
    Total Input Jitter      (TIJ):    0.000ns
    Discrete Jitter          (DJ):    0.000ns
    Phase Error              (PE):    0.000ns

    Location             Delay type                Incr(ns)  Path(ns)    Netlist Resource(s)
  -------------------------------------------------------------------    -------------------
                         (clock sys_clk_pin rise edge)
                                                      0.000     0.000 r  
    W5                                                0.000     0.000 r  clk (IN)
                         net (fo=0)                   0.000     0.000    clk
    W5                   IBUF (Prop_ibuf_I_O)         1.458     1.458 r  clk_IBUF_inst/O
                         net (fo=1, routed)           1.967     3.425    clk_IBUF
    BUFGCTRL_X0Y0        BUFG (Prop_bufg_I_O)         0.096     3.521 r  clk_IBUF_BUFG_inst/O
                         net (fo=28, routed)          1.634     5.155    clk_IBUF_BUFG
    SLICE_X0Y12          FDRE                                         r  cnt28_reg[1]/C
  -------------------------------------------------------------------    -------------------
    SLICE_X0Y12          FDRE (Prop_fdre_C_Q)         0.456     5.611 r  cnt28_reg[1]/Q
                         net (fo=1, routed)           0.762     6.373    cnt28_reg_n_0_[1]
    SLICE_X0Y12          CARRY4 (Prop_carry4_S[1]_CO[3])
                                                      0.674     7.047 r  cnt28_reg[0]_i_1/CO[3]
                         net (fo=1, routed)           0.000     7.047    cnt28_reg[0]_i_1_n_0
    SLICE_X0Y13          CARRY4 (Prop_carry4_CI_CO[3])
                                                      0.114     7.161 r  cnt28_reg[4]_i_1/CO[3]
                         net (fo=1, routed)           0.000     7.161    cnt28_reg[4]_i_1_n_0
    SLICE_X0Y14          CARRY4 (Prop_carry4_CI_CO[3])
                                                      0.114     7.275 r  cnt28_reg[8]_i_1/CO[3]
                         net (fo=1, routed)           0.000     7.275    cnt28_reg[8]_i_1_n_0
    SLICE_X0Y15          CARRY4 (Prop_carry4_CI_CO[3])
                                                      0.114     7.389 r  cnt28_reg[12]_i_1/CO[3]
                         net (fo=1, routed)           0.000     7.389    cnt28_reg[12]_i_1_n_0
    SLICE_X0Y16          CARRY4 (Prop_carry4_CI_CO[3])
                                                      0.114     7.503 r  cnt28_reg[16]_i_1/CO[3]
                         net (fo=1, routed)           0.000     7.503    cnt28_reg[16]_i_1_n_0
    SLICE_X0Y17          CARRY4 (Prop_carry4_CI_CO[3])
                                                      0.114     7.617 r  cnt28_reg[20]_i_1/CO[3]
                         net (fo=1, routed)           0.000     7.617    cnt28_reg[20]_i_1_n_0
    SLICE_X0Y18          CARRY4 (Prop_carry4_CI_O[2])
                                                      0.239     7.856 r  cnt28_reg[24]_i_1/O[2]
                         net (fo=1, routed)           0.000     7.856    cnt28_reg[24]_i_1_n_5
    SLICE_X0Y18          FDRE                                         r  cnt28_reg[26]/D
  -------------------------------------------------------------------    -------------------

                         (clock sys_clk_pin rise edge)
                                                     10.000    10.000 r  
    W5                                                0.000    10.000 r  clk (IN)
                         net (fo=0)                   0.000    10.000    clk
    W5                   IBUF (Prop_ibuf_I_O)         1.388    11.388 r  clk_IBUF_inst/O
                         net (fo=1, routed)           1.862    13.250    clk_IBUF
    BUFGCTRL_X0Y0        BUFG (Prop_bufg_I_O)         0.091    13.341 r  clk_IBUF_BUFG_inst/O
                         net (fo=28, routed)          1.509    14.850    clk_IBUF_BUFG
    SLICE_X0Y18          FDRE                                         r  cnt28_reg[26]/C
                         clock pessimism              0.274    15.124    
                         clock uncertainty           -0.035    15.089    
    SLICE_X0Y18          FDRE (Setup_fdre_C_D)        0.062    15.151    cnt28_reg[26]
  -------------------------------------------------------------------
                         required time                         15.151    
                         arrival time                          -7.856    
  -------------------------------------------------------------------
                         slack                                  7.295    

Slack (MET) :             7.311ns  (required time - arrival time)
  Source:                 cnt28_reg[1]/C
                            (rising edge-triggered cell FDRE clocked by sys_clk_pin  {rise@0.000ns fall@5.000ns period=10.000ns})
  Destination:            cnt28_reg[24]/D
                            (rising edge-triggered cell FDRE clocked by sys_clk_pin  {rise@0.000ns fall@5.000ns period=10.000ns})
  Path Group:             sys_clk_pin
  Path Type:              Setup (Max at Slow Process Corner)
  Requirement:            10.000ns  (sys_clk_pin rise@10.000ns - sys_clk_pin rise@0.000ns)
  Data Path Delay:        2.685ns  (logic 1.923ns (71.624%)  route 0.762ns (28.376%))
  Logic Levels:           7  (CARRY4=7)
  Clock Path Skew:        -0.031ns (DCD - SCD + CPR)
    Destination Clock Delay (DCD):    4.850ns = ( 14.850 - 10.000 ) 
    Source Clock Delay      (SCD):    5.155ns
    Clock Pessimism Removal (CPR):    0.274ns
  Clock Uncertainty:      0.035ns  ((TSJ^2 + TIJ^2)^1/2 + DJ) / 2 + PE
    Total System Jitter     (TSJ):    0.071ns
    Total Input Jitter      (TIJ):    0.000ns
    Discrete Jitter          (DJ):    0.000ns
    Phase Error              (PE):    0.000ns

    Location             Delay type                Incr(ns)  Path(ns)    Netlist Resource(s)
  -------------------------------------------------------------------    -------------------
                         (clock sys_clk_pin rise edge)
                                                      0.000     0.000 r  
    W5                                                0.000     0.000 r  clk (IN)
                         net (fo=0)                   0.000     0.000    clk
    W5                   IBUF (Prop_ibuf_I_O)         1.458     1.458 r  clk_IBUF_inst/O
                         net (fo=1, routed)           1.967     3.425    clk_IBUF
    BUFGCTRL_X0Y0        BUFG (Prop_bufg_I_O)         0.096     3.521 r  clk_IBUF_BUFG_inst/O
                         net (fo=28, routed)          1.634     5.155    clk_IBUF_BUFG
    SLICE_X0Y12          FDRE                                         r  cnt28_reg[1]/C
  -------------------------------------------------------------------    -------------------
    SLICE_X0Y12          FDRE (Prop_fdre_C_Q)         0.456     5.611 r  cnt28_reg[1]/Q
                         net (fo=1, routed)           0.762     6.373    cnt28_reg_n_0_[1]
    SLICE_X0Y12          CARRY4 (Prop_carry4_S[1]_CO[3])
                                                      0.674     7.047 r  cnt28_reg[0]_i_1/CO[3]
                         net (fo=1, routed)           0.000     7.047    cnt28_reg[0]_i_1_n_0
    SLICE_X0Y13          CARRY4 (Prop_carry4_CI_CO[3])
                                                      0.114     7.161 r  cnt28_reg[4]_i_1/CO[3]
                         net (fo=1, routed)           0.000     7.161    cnt28_reg[4]_i_1_n_0
    SLICE_X0Y14          CARRY4 (Prop_carry4_CI_CO[3])
                                                      0.114     7.275 r  cnt28_reg[8]_i_1/CO[3]
                         net (fo=1, routed)           0.000     7.275    cnt28_reg[8]_i_1_n_0
    SLICE_X0Y15          CARRY4 (Prop_carry4_CI_CO[3])
                                                      0.114     7.389 r  cnt28_reg[12]_i_1/CO[3]
                         net (fo=1, routed)           0.000     7.389    cnt28_reg[12]_i_1_n_0
    SLICE_X0Y16          CARRY4 (Prop_carry4_CI_CO[3])
                                                      0.114     7.503 r  cnt28_reg[16]_i_1/CO[3]
                         net (fo=1, routed)           0.000     7.503    cnt28_reg[16]_i_1_n_0
    SLICE_X0Y17          CARRY4 (Prop_carry4_CI_CO[3])
                                                      0.114     7.617 r  cnt28_reg[20]_i_1/CO[3]
                         net (fo=1, routed)           0.000     7.617    cnt28_reg[20]_i_1_n_0
    SLICE_X0Y18          CARRY4 (Prop_carry4_CI_O[0])
                                                      0.223     7.840 r  cnt28_reg[24]_i_1/O[0]
                         net (fo=1, routed)           0.000     7.840    cnt28_reg[24]_i_1_n_7
    SLICE_X0Y18          FDRE                                         r  cnt28_reg[24]/D
  -------------------------------------------------------------------    -------------------

                         (clock sys_clk_pin rise edge)
                                                     10.000    10.000 r  
    W5                                                0.000    10.000 r  clk (IN)
                         net (fo=0)                   0.000    10.000    clk
    W5                   IBUF (Prop_ibuf_I_O)         1.388    11.388 r  clk_IBUF_inst/O
                         net (fo=1, routed)           1.862    13.250    clk_IBUF
    BUFGCTRL_X0Y0        BUFG (Prop_bufg_I_O)         0.091    13.341 r  clk_IBUF_BUFG_inst/O
                         net (fo=28, routed)          1.509    14.850    clk_IBUF_BUFG
    SLICE_X0Y18          FDRE                                         r  cnt28_reg[24]/C
                         clock pessimism              0.274    15.124    
                         clock uncertainty           -0.035    15.089    
    SLICE_X0Y18          FDRE (Setup_fdre_C_D)        0.062    15.151    cnt28_reg[24]
  -------------------------------------------------------------------
                         required time                         15.151    
                         arrival time                          -7.840    
  -------------------------------------------------------------------
                         slack                                  7.311    

Slack (MET) :             7.316ns  (required time - arrival time)
  Source:                 cnt28_reg[1]/C
                            (rising edge-triggered cell FDRE clocked by sys_clk_pin  {rise@0.000ns fall@5.000ns period=10.000ns})
  Destination:            cnt28_reg[21]/D
                            (rising edge-triggered cell FDRE clocked by sys_clk_pin  {rise@0.000ns fall@5.000ns period=10.000ns})
  Path Group:             sys_clk_pin
  Path Type:              Setup (Max at Slow Process Corner)
  Requirement:            10.000ns  (sys_clk_pin rise@10.000ns - sys_clk_pin rise@0.000ns)
  Data Path Delay:        2.682ns  (logic 1.920ns (71.592%)  route 0.762ns (28.408%))
  Logic Levels:           6  (CARRY4=6)
  Clock Path Skew:        -0.029ns (DCD - SCD + CPR)
    Destination Clock Delay (DCD):    4.852ns = ( 14.852 - 10.000 ) 
    Source Clock Delay      (SCD):    5.155ns
    Clock Pessimism Removal (CPR):    0.274ns
  Clock Uncertainty:      0.035ns  ((TSJ^2 + TIJ^2)^1/2 + DJ) / 2 + PE
    Total System Jitter     (TSJ):    0.071ns
    Total Input Jitter      (TIJ):    0.000ns
    Discrete Jitter          (DJ):    0.000ns
    Phase Error              (PE):    0.000ns

    Location             Delay type                Incr(ns)  Path(ns)    Netlist Resource(s)
  -------------------------------------------------------------------    -------------------
                         (clock sys_clk_pin rise edge)
                                                      0.000     0.000 r  
    W5                                                0.000     0.000 r  clk (IN)
                         net (fo=0)                   0.000     0.000    clk
    W5                   IBUF (Prop_ibuf_I_O)         1.458     1.458 r  clk_IBUF_inst/O
                         net (fo=1, routed)           1.967     3.425    clk_IBUF
    BUFGCTRL_X0Y0        BUFG (Prop_bufg_I_O)         0.096     3.521 r  clk_IBUF_BUFG_inst/O
                         net (fo=28, routed)          1.634     5.155    clk_IBUF_BUFG
    SLICE_X0Y12          FDRE                                         r  cnt28_reg[1]/C
  -------------------------------------------------------------------    -------------------
    SLICE_X0Y12          FDRE (Prop_fdre_C_Q)         0.456     5.611 r  cnt28_reg[1]/Q
                         net (fo=1, routed)           0.762     6.373    cnt28_reg_n_0_[1]
    SLICE_X0Y12          CARRY4 (Prop_carry4_S[1]_CO[3])
                                                      0.674     7.047 r  cnt28_reg[0]_i_1/CO[3]
                         net (fo=1, routed)           0.000     7.047    cnt28_reg[0]_i_1_n_0
    SLICE_X0Y13          CARRY4 (Prop_carry4_CI_CO[3])
                                                      0.114     7.161 r  cnt28_reg[4]_i_1/CO[3]
                         net (fo=1, routed)           0.000     7.161    cnt28_reg[4]_i_1_n_0
    SLICE_X0Y14          CARRY4 (Prop_carry4_CI_CO[3])
                                                      0.114     7.275 r  cnt28_reg[8]_i_1/CO[3]
                         net (fo=1, routed)           0.000     7.275    cnt28_reg[8]_i_1_n_0
    SLICE_X0Y15          CARRY4 (Prop_carry4_CI_CO[3])
                                                      0.114     7.389 r  cnt28_reg[12]_i_1/CO[3]
                         net (fo=1, routed)           0.000     7.389    cnt28_reg[12]_i_1_n_0
    SLICE_X0Y16          CARRY4 (Prop_carry4_CI_CO[3])
                                                      0.114     7.503 r  cnt28_reg[16]_i_1/CO[3]
                         net (fo=1, routed)           0.000     7.503    cnt28_reg[16]_i_1_n_0
    SLICE_X0Y17          CARRY4 (Prop_carry4_CI_O[1])
                                                      0.334     7.837 r  cnt28_reg[20]_i_1/O[1]
                         net (fo=1, routed)           0.000     7.837    cnt28_reg[20]_i_1_n_6
    SLICE_X0Y17          FDRE                                         r  cnt28_reg[21]/D
  -------------------------------------------------------------------    -------------------

                         (clock sys_clk_pin rise edge)
                                                     10.000    10.000 r  
    W5                                                0.000    10.000 r  clk (IN)
                         net (fo=0)                   0.000    10.000    clk
    W5                   IBUF (Prop_ibuf_I_O)         1.388    11.388 r  clk_IBUF_inst/O
                         net (fo=1, routed)           1.862    13.250    clk_IBUF
    BUFGCTRL_X0Y0        BUFG (Prop_bufg_I_O)         0.091    13.341 r  clk_IBUF_BUFG_inst/O
                         net (fo=28, routed)          1.511    14.852    clk_IBUF_BUFG
    SLICE_X0Y17          FDRE                                         r  cnt28_reg[21]/C
                         clock pessimism              0.274    15.126    
                         clock uncertainty           -0.035    15.091    
    SLICE_X0Y17          FDRE (Setup_fdre_C_D)        0.062    15.153    cnt28_reg[21]
  -------------------------------------------------------------------
                         required time                         15.153    
                         arrival time                          -7.837    
  -------------------------------------------------------------------
                         slack                                  7.316    

Slack (MET) :             7.337ns  (required time - arrival time)
  Source:                 cnt28_reg[1]/C
                            (rising edge-triggered cell FDRE clocked by sys_clk_pin  {rise@0.000ns fall@5.000ns period=10.000ns})
  Destination:            cnt28_reg[23]/D
                            (rising edge-triggered cell FDRE clocked by sys_clk_pin  {rise@0.000ns fall@5.000ns period=10.000ns})
  Path Group:             sys_clk_pin
  Path Type:              Setup (Max at Slow Process Corner)
  Requirement:            10.000ns  (sys_clk_pin rise@10.000ns - sys_clk_pin rise@0.000ns)
  Data Path Delay:        2.661ns  (logic 1.899ns (71.368%)  route 0.762ns (28.632%))
  Logic Levels:           6  (CARRY4=6)
  Clock Path Skew:        -0.029ns (DCD - SCD + CPR)
    Destination Clock Delay (DCD):    4.852ns = ( 14.852 - 10.000 ) 
    Source Clock Delay      (SCD):    5.155ns
    Clock Pessimism Removal (CPR):    0.274ns
  Clock Uncertainty:      0.035ns  ((TSJ^2 + TIJ^2)^1/2 + DJ) / 2 + PE
    Total System Jitter     (TSJ):    0.071ns
    Total Input Jitter      (TIJ):    0.000ns
    Discrete Jitter          (DJ):    0.000ns
    Phase Error              (PE):    0.000ns

    Location             Delay type                Incr(ns)  Path(ns)    Netlist Resource(s)
  -------------------------------------------------------------------    -------------------
                         (clock sys_clk_pin rise edge)
                                                      0.000     0.000 r  
    W5                                                0.000     0.000 r  clk (IN)
                         net (fo=0)                   0.000     0.000    clk
    W5                   IBUF (Prop_ibuf_I_O)         1.458     1.458 r  clk_IBUF_inst/O
                         net (fo=1, routed)           1.967     3.425    clk_IBUF
    BUFGCTRL_X0Y0        BUFG (Prop_bufg_I_O)         0.096     3.521 r  clk_IBUF_BUFG_inst/O
                         net (fo=28, routed)          1.634     5.155    clk_IBUF_BUFG
    SLICE_X0Y12          FDRE                                         r  cnt28_reg[1]/C
  -------------------------------------------------------------------    -------------------
    SLICE_X0Y12          FDRE (Prop_fdre_C_Q)         0.456     5.611 r  cnt28_reg[1]/Q
                         net (fo=1, routed)           0.762     6.373    cnt28_reg_n_0_[1]
    SLICE_X0Y12          CARRY4 (Prop_carry4_S[1]_CO[3])
                                                      0.674     7.047 r  cnt28_reg[0]_i_1/CO[3]
                         net (fo=1, routed)           0.000     7.047    cnt28_reg[0]_i_1_n_0
    SLICE_X0Y13          CARRY4 (Prop_carry4_CI_CO[3])
                                                      0.114     7.161 r  cnt28_reg[4]_i_1/CO[3]
                         net (fo=1, routed)           0.000     7.161    cnt28_reg[4]_i_1_n_0
    SLICE_X0Y14          CARRY4 (Prop_carry4_CI_CO[3])
                                                      0.114     7.275 r  cnt28_reg[8]_i_1/CO[3]
                         net (fo=1, routed)           0.000     7.275    cnt28_reg[8]_i_1_n_0
    SLICE_X0Y15          CARRY4 (Prop_carry4_CI_CO[3])
                                                      0.114     7.389 r  cnt28_reg[12]_i_1/CO[3]
                         net (fo=1, routed)           0.000     7.389    cnt28_reg[12]_i_1_n_0
    SLICE_X0Y16          CARRY4 (Prop_carry4_CI_CO[3])
                                                      0.114     7.503 r  cnt28_reg[16]_i_1/CO[3]
                         net (fo=1, routed)           0.000     7.503    cnt28_reg[16]_i_1_n_0
    SLICE_X0Y17          CARRY4 (Prop_carry4_CI_O[3])
                                                      0.313     7.816 r  cnt28_reg[20]_i_1/O[3]
                         net (fo=1, routed)           0.000     7.816    cnt28_reg[20]_i_1_n_4
    SLICE_X0Y17          FDRE                                         r  cnt28_reg[23]/D
  -------------------------------------------------------------------    -------------------

                         (clock sys_clk_pin rise edge)
                                                     10.000    10.000 r  
    W5                                                0.000    10.000 r  clk (IN)
                         net (fo=0)                   0.000    10.000    clk
    W5                   IBUF (Prop_ibuf_I_O)         1.388    11.388 r  clk_IBUF_inst/O
                         net (fo=1, routed)           1.862    13.250    clk_IBUF
    BUFGCTRL_X0Y0        BUFG (Prop_bufg_I_O)         0.091    13.341 r  clk_IBUF_BUFG_inst/O
                         net (fo=28, routed)          1.511    14.852    clk_IBUF_BUFG
    SLICE_X0Y17          FDRE                                         r  cnt28_reg[23]/C
                         clock pessimism              0.274    15.126    
                         clock uncertainty           -0.035    15.091    
    SLICE_X0Y17          FDRE (Setup_fdre_C_D)        0.062    15.153    cnt28_reg[23]
  -------------------------------------------------------------------
                         required time                         15.153    
                         arrival time                          -7.816    
  -------------------------------------------------------------------
                         slack                                  7.337    

Slack (MET) :             7.411ns  (required time - arrival time)
  Source:                 cnt28_reg[1]/C
                            (rising edge-triggered cell FDRE clocked by sys_clk_pin  {rise@0.000ns fall@5.000ns period=10.000ns})
  Destination:            cnt28_reg[22]/D
                            (rising edge-triggered cell FDRE clocked by sys_clk_pin  {rise@0.000ns fall@5.000ns period=10.000ns})
  Path Group:             sys_clk_pin
  Path Type:              Setup (Max at Slow Process Corner)
  Requirement:            10.000ns  (sys_clk_pin rise@10.000ns - sys_clk_pin rise@0.000ns)
  Data Path Delay:        2.587ns  (logic 1.825ns (70.549%)  route 0.762ns (29.451%))
  Logic Levels:           6  (CARRY4=6)
  Clock Path Skew:        -0.029ns (DCD - SCD + CPR)
    Destination Clock Delay (DCD):    4.852ns = ( 14.852 - 10.000 ) 
    Source Clock Delay      (SCD):    5.155ns
    Clock Pessimism Removal (CPR):    0.274ns
  Clock Uncertainty:      0.035ns  ((TSJ^2 + TIJ^2)^1/2 + DJ) / 2 + PE
    Total System Jitter     (TSJ):    0.071ns
    Total Input Jitter      (TIJ):    0.000ns
    Discrete Jitter          (DJ):    0.000ns
    Phase Error              (PE):    0.000ns

    Location             Delay type                Incr(ns)  Path(ns)    Netlist Resource(s)
  -------------------------------------------------------------------    -------------------
                         (clock sys_clk_pin rise edge)
                                                      0.000     0.000 r  
    W5                                                0.000     0.000 r  clk (IN)
                         net (fo=0)                   0.000     0.000    clk
    W5                   IBUF (Prop_ibuf_I_O)         1.458     1.458 r  clk_IBUF_inst/O
                         net (fo=1, routed)           1.967     3.425    clk_IBUF
    BUFGCTRL_X0Y0        BUFG (Prop_bufg_I_O)         0.096     3.521 r  clk_IBUF_BUFG_inst/O
                         net (fo=28, routed)          1.634     5.155    clk_IBUF_BUFG
    SLICE_X0Y12          FDRE                                         r  cnt28_reg[1]/C
  -------------------------------------------------------------------    -------------------
    SLICE_X0Y12          FDRE (Prop_fdre_C_Q)         0.456     5.611 r  cnt28_reg[1]/Q
                         net (fo=1, routed)           0.762     6.373    cnt28_reg_n_0_[1]
    SLICE_X0Y12          CARRY4 (Prop_carry4_S[1]_CO[3])
                                                      0.674     7.047 r  cnt28_reg[0]_i_1/CO[3]
                         net (fo=1, routed)           0.000     7.047    cnt28_reg[0]_i_1_n_0
    SLICE_X0Y13          CARRY4 (Prop_carry4_CI_CO[3])
                                                      0.114     7.161 r  cnt28_reg[4]_i_1/CO[3]
                         net (fo=1, routed)           0.000     7.161    cnt28_reg[4]_i_1_n_0
    SLICE_X0Y14          CARRY4 (Prop_carry4_CI_CO[3])
                                                      0.114     7.275 r  cnt28_reg[8]_i_1/CO[3]
                         net (fo=1, routed)           0.000     7.275    cnt28_reg[8]_i_1_n_0
    SLICE_X0Y15          CARRY4 (Prop_carry4_CI_CO[3])
                                                      0.114     7.389 r  cnt28_reg[12]_i_1/CO[3]
                         net (fo=1, routed)           0.000     7.389    cnt28_reg[12]_i_1_n_0
    SLICE_X0Y16          CARRY4 (Prop_carry4_CI_CO[3])
                                                      0.114     7.503 r  cnt28_reg[16]_i_1/CO[3]
                         net (fo=1, routed)           0.000     7.503    cnt28_reg[16]_i_1_n_0
    SLICE_X0Y17          CARRY4 (Prop_carry4_CI_O[2])
                                                      0.239     7.742 r  cnt28_reg[20]_i_1/O[2]
                         net (fo=1, routed)           0.000     7.742    cnt28_reg[20]_i_1_n_5
    SLICE_X0Y17          FDRE                                         r  cnt28_reg[22]/D
  -------------------------------------------------------------------    -------------------

                         (clock sys_clk_pin rise edge)
                                                     10.000    10.000 r  
    W5                                                0.000    10.000 r  clk (IN)
                         net (fo=0)                   0.000    10.000    clk
    W5                   IBUF (Prop_ibuf_I_O)         1.388    11.388 r  clk_IBUF_inst/O
                         net (fo=1, routed)           1.862    13.250    clk_IBUF
    BUFGCTRL_X0Y0        BUFG (Prop_bufg_I_O)         0.091    13.341 r  clk_IBUF_BUFG_inst/O
                         net (fo=28, routed)          1.511    14.852    clk_IBUF_BUFG
    SLICE_X0Y17          FDRE                                         r  cnt28_reg[22]/C
                         clock pessimism              0.274    15.126    
                         clock uncertainty           -0.035    15.091    
    SLICE_X0Y17          FDRE (Setup_fdre_C_D)        0.062    15.153    cnt28_reg[22]
  -------------------------------------------------------------------
                         required time                         15.153    
                         arrival time                          -7.742    
  -------------------------------------------------------------------
                         slack                                  7.411    

Slack (MET) :             7.427ns  (required time - arrival time)
  Source:                 cnt28_reg[1]/C
                            (rising edge-triggered cell FDRE clocked by sys_clk_pin  {rise@0.000ns fall@5.000ns period=10.000ns})
  Destination:            cnt28_reg[20]/D
                            (rising edge-triggered cell FDRE clocked by sys_clk_pin  {rise@0.000ns fall@5.000ns period=10.000ns})
  Path Group:             sys_clk_pin
  Path Type:              Setup (Max at Slow Process Corner)
  Requirement:            10.000ns  (sys_clk_pin rise@10.000ns - sys_clk_pin rise@0.000ns)
  Data Path Delay:        2.571ns  (logic 1.809ns (70.365%)  route 0.762ns (29.635%))
  Logic Levels:           6  (CARRY4=6)
  Clock Path Skew:        -0.029ns (DCD - SCD + CPR)
    Destination Clock Delay (DCD):    4.852ns = ( 14.852 - 10.000 ) 
    Source Clock Delay      (SCD):    5.155ns
    Clock Pessimism Removal (CPR):    0.274ns
  Clock Uncertainty:      0.035ns  ((TSJ^2 + TIJ^2)^1/2 + DJ) / 2 + PE
    Total System Jitter     (TSJ):    0.071ns
    Total Input Jitter      (TIJ):    0.000ns
    Discrete Jitter          (DJ):    0.000ns
    Phase Error              (PE):    0.000ns

    Location             Delay type                Incr(ns)  Path(ns)    Netlist Resource(s)
  -------------------------------------------------------------------    -------------------
                         (clock sys_clk_pin rise edge)
                                                      0.000     0.000 r  
    W5                                                0.000     0.000 r  clk (IN)
                         net (fo=0)                   0.000     0.000    clk
    W5                   IBUF (Prop_ibuf_I_O)         1.458     1.458 r  clk_IBUF_inst/O
                         net (fo=1, routed)           1.967     3.425    clk_IBUF
    BUFGCTRL_X0Y0        BUFG (Prop_bufg_I_O)         0.096     3.521 r  clk_IBUF_BUFG_inst/O
                         net (fo=28, routed)          1.634     5.155    clk_IBUF_BUFG
    SLICE_X0Y12          FDRE                                         r  cnt28_reg[1]/C
  -------------------------------------------------------------------    -------------------
    SLICE_X0Y12          FDRE (Prop_fdre_C_Q)         0.456     5.611 r  cnt28_reg[1]/Q
                         net (fo=1, routed)           0.762     6.373    cnt28_reg_n_0_[1]
    SLICE_X0Y12          CARRY4 (Prop_carry4_S[1]_CO[3])
                                                      0.674     7.047 r  cnt28_reg[0]_i_1/CO[3]
                         net (fo=1, routed)           0.000     7.047    cnt28_reg[0]_i_1_n_0
    SLICE_X0Y13          CARRY4 (Prop_carry4_CI_CO[3])
                                                      0.114     7.161 r  cnt28_reg[4]_i_1/CO[3]
                         net (fo=1, routed)           0.000     7.161    cnt28_reg[4]_i_1_n_0
    SLICE_X0Y14          CARRY4 (Prop_carry4_CI_CO[3])
                                                      0.114     7.275 r  cnt28_reg[8]_i_1/CO[3]
                         net (fo=1, routed)           0.000     7.275    cnt28_reg[8]_i_1_n_0
    SLICE_X0Y15          CARRY4 (Prop_carry4_CI_CO[3])
                                                      0.114     7.389 r  cnt28_reg[12]_i_1/CO[3]
                         net (fo=1, routed)           0.000     7.389    cnt28_reg[12]_i_1_n_0
    SLICE_X0Y16          CARRY4 (Prop_carry4_CI_CO[3])
                                                      0.114     7.503 r  cnt28_reg[16]_i_1/CO[3]
                         net (fo=1, routed)           0.000     7.503    cnt28_reg[16]_i_1_n_0
    SLICE_X0Y17          CARRY4 (Prop_carry4_CI_O[0])
                                                      0.223     7.726 r  cnt28_reg[20]_i_1/O[0]
                         net (fo=1, routed)           0.000     7.726    cnt28_reg[20]_i_1_n_7
    SLICE_X0Y17          FDRE                                         r  cnt28_reg[20]/D
  -------------------------------------------------------------------    -------------------

                         (clock sys_clk_pin rise edge)
                                                     10.000    10.000 r  
    W5                                                0.000    10.000 r  clk (IN)
                         net (fo=0)                   0.000    10.000    clk
    W5                   IBUF (Prop_ibuf_I_O)         1.388    11.388 r  clk_IBUF_inst/O
                         net (fo=1, routed)           1.862    13.250    clk_IBUF
    BUFGCTRL_X0Y0        BUFG (Prop_bufg_I_O)         0.091    13.341 r  clk_IBUF_BUFG_inst/O
                         net (fo=28, routed)          1.511    14.852    clk_IBUF_BUFG
    SLICE_X0Y17          FDRE                                         r  cnt28_reg[20]/C
                         clock pessimism              0.274    15.126    
                         clock uncertainty           -0.035    15.091    
    SLICE_X0Y17          FDRE (Setup_fdre_C_D)        0.062    15.153    cnt28_reg[20]
  -------------------------------------------------------------------
                         required time                         15.153    
                         arrival time                          -7.726    
  -------------------------------------------------------------------
                         slack                                  7.427    

Slack (MET) :             7.431ns  (required time - arrival time)
  Source:                 cnt28_reg[1]/C
                            (rising edge-triggered cell FDRE clocked by sys_clk_pin  {rise@0.000ns fall@5.000ns period=10.000ns})
  Destination:            cnt28_reg[17]/D
                            (rising edge-triggered cell FDRE clocked by sys_clk_pin  {rise@0.000ns fall@5.000ns period=10.000ns})
  Path Group:             sys_clk_pin
  Path Type:              Setup (Max at Slow Process Corner)
  Requirement:            10.000ns  (sys_clk_pin rise@10.000ns - sys_clk_pin rise@0.000ns)
  Data Path Delay:        2.568ns  (logic 1.806ns (70.331%)  route 0.762ns (29.669%))
  Logic Levels:           5  (CARRY4=5)
  Clock Path Skew:        -0.028ns (DCD - SCD + CPR)
    Destination Clock Delay (DCD):    4.853ns = ( 14.853 - 10.000 ) 
    Source Clock Delay      (SCD):    5.155ns
    Clock Pessimism Removal (CPR):    0.274ns
  Clock Uncertainty:      0.035ns  ((TSJ^2 + TIJ^2)^1/2 + DJ) / 2 + PE
    Total System Jitter     (TSJ):    0.071ns
    Total Input Jitter      (TIJ):    0.000ns
    Discrete Jitter          (DJ):    0.000ns
    Phase Error              (PE):    0.000ns

    Location             Delay type                Incr(ns)  Path(ns)    Netlist Resource(s)
  -------------------------------------------------------------------    -------------------
                         (clock sys_clk_pin rise edge)
                                                      0.000     0.000 r  
    W5                                                0.000     0.000 r  clk (IN)
                         net (fo=0)                   0.000     0.000    clk
    W5                   IBUF (Prop_ibuf_I_O)         1.458     1.458 r  clk_IBUF_inst/O
                         net (fo=1, routed)           1.967     3.425    clk_IBUF
    BUFGCTRL_X0Y0        BUFG (Prop_bufg_I_O)         0.096     3.521 r  clk_IBUF_BUFG_inst/O
                         net (fo=28, routed)          1.634     5.155    clk_IBUF_BUFG
    SLICE_X0Y12          FDRE                                         r  cnt28_reg[1]/C
  -------------------------------------------------------------------    -------------------
    SLICE_X0Y12          FDRE (Prop_fdre_C_Q)         0.456     5.611 r  cnt28_reg[1]/Q
                         net (fo=1, routed)           0.762     6.373    cnt28_reg_n_0_[1]
    SLICE_X0Y12          CARRY4 (Prop_carry4_S[1]_CO[3])
                                                      0.674     7.047 r  cnt28_reg[0]_i_1/CO[3]
                         net (fo=1, routed)           0.000     7.047    cnt28_reg[0]_i_1_n_0
    SLICE_X0Y13          CARRY4 (Prop_carry4_CI_CO[3])
                                                      0.114     7.161 r  cnt28_reg[4]_i_1/CO[3]
                         net (fo=1, routed)           0.000     7.161    cnt28_reg[4]_i_1_n_0
    SLICE_X0Y14          CARRY4 (Prop_carry4_CI_CO[3])
                                                      0.114     7.275 r  cnt28_reg[8]_i_1/CO[3]
                         net (fo=1, routed)           0.000     7.275    cnt28_reg[8]_i_1_n_0
    SLICE_X0Y15          CARRY4 (Prop_carry4_CI_CO[3])
                                                      0.114     7.389 r  cnt28_reg[12]_i_1/CO[3]
                         net (fo=1, routed)           0.000     7.389    cnt28_reg[12]_i_1_n_0
    SLICE_X0Y16          CARRY4 (Prop_carry4_CI_O[1])
                                                      0.334     7.723 r  cnt28_reg[16]_i_1/O[1]
                         net (fo=1, routed)           0.000     7.723    cnt28_reg[16]_i_1_n_6
    SLICE_X0Y16          FDRE                                         r  cnt28_reg[17]/D
  -------------------------------------------------------------------    -------------------

                         (clock sys_clk_pin rise edge)
                                                     10.000    10.000 r  
    W5                                                0.000    10.000 r  clk (IN)
                         net (fo=0)                   0.000    10.000    clk
    W5                   IBUF (Prop_ibuf_I_O)         1.388    11.388 r  clk_IBUF_inst/O
                         net (fo=1, routed)           1.862    13.250    clk_IBUF
    BUFGCTRL_X0Y0        BUFG (Prop_bufg_I_O)         0.091    13.341 r  clk_IBUF_BUFG_inst/O
                         net (fo=28, routed)          1.512    14.853    clk_IBUF_BUFG
    SLICE_X0Y16          FDRE                                         r  cnt28_reg[17]/C
                         clock pessimism              0.274    15.127    
                         clock uncertainty           -0.035    15.092    
    SLICE_X0Y16          FDRE (Setup_fdre_C_D)        0.062    15.154    cnt28_reg[17]
  -------------------------------------------------------------------
                         required time                         15.154    
                         arrival time                          -7.723    
  -------------------------------------------------------------------
                         slack                                  7.431    

Slack (MET) :             7.452ns  (required time - arrival time)
  Source:                 cnt28_reg[1]/C
                            (rising edge-triggered cell FDRE clocked by sys_clk_pin  {rise@0.000ns fall@5.000ns period=10.000ns})
  Destination:            cnt28_reg[19]/D
                            (rising edge-triggered cell FDRE clocked by sys_clk_pin  {rise@0.000ns fall@5.000ns period=10.000ns})
  Path Group:             sys_clk_pin
  Path Type:              Setup (Max at Slow Process Corner)
  Requirement:            10.000ns  (sys_clk_pin rise@10.000ns - sys_clk_pin rise@0.000ns)
  Data Path Delay:        2.547ns  (logic 1.785ns (70.086%)  route 0.762ns (29.914%))
  Logic Levels:           5  (CARRY4=5)
  Clock Path Skew:        -0.028ns (DCD - SCD + CPR)
    Destination Clock Delay (DCD):    4.853ns = ( 14.853 - 10.000 ) 
    Source Clock Delay      (SCD):    5.155ns
    Clock Pessimism Removal (CPR):    0.274ns
  Clock Uncertainty:      0.035ns  ((TSJ^2 + TIJ^2)^1/2 + DJ) / 2 + PE
    Total System Jitter     (TSJ):    0.071ns
    Total Input Jitter      (TIJ):    0.000ns
    Discrete Jitter          (DJ):    0.000ns
    Phase Error              (PE):    0.000ns

    Location             Delay type                Incr(ns)  Path(ns)    Netlist Resource(s)
  -------------------------------------------------------------------    -------------------
                         (clock sys_clk_pin rise edge)
                                                      0.000     0.000 r  
    W5                                                0.000     0.000 r  clk (IN)
                         net (fo=0)                   0.000     0.000    clk
    W5                   IBUF (Prop_ibuf_I_O)         1.458     1.458 r  clk_IBUF_inst/O
                         net (fo=1, routed)           1.967     3.425    clk_IBUF
    BUFGCTRL_X0Y0        BUFG (Prop_bufg_I_O)         0.096     3.521 r  clk_IBUF_BUFG_inst/O
                         net (fo=28, routed)          1.634     5.155    clk_IBUF_BUFG
    SLICE_X0Y12          FDRE                                         r  cnt28_reg[1]/C
  -------------------------------------------------------------------    -------------------
    SLICE_X0Y12          FDRE (Prop_fdre_C_Q)         0.456     5.611 r  cnt28_reg[1]/Q
                         net (fo=1, routed)           0.762     6.373    cnt28_reg_n_0_[1]
    SLICE_X0Y12          CARRY4 (Prop_carry4_S[1]_CO[3])
                                                      0.674     7.047 r  cnt28_reg[0]_i_1/CO[3]
                         net (fo=1, routed)           0.000     7.047    cnt28_reg[0]_i_1_n_0
    SLICE_X0Y13          CARRY4 (Prop_carry4_CI_CO[3])
                                                      0.114     7.161 r  cnt28_reg[4]_i_1/CO[3]
                         net (fo=1, routed)           0.000     7.161    cnt28_reg[4]_i_1_n_0
    SLICE_X0Y14          CARRY4 (Prop_carry4_CI_CO[3])
                                                      0.114     7.275 r  cnt28_reg[8]_i_1/CO[3]
                         net (fo=1, routed)           0.000     7.275    cnt28_reg[8]_i_1_n_0
    SLICE_X0Y15          CARRY4 (Prop_carry4_CI_CO[3])
                                                      0.114     7.389 r  cnt28_reg[12]_i_1/CO[3]
                         net (fo=1, routed)           0.000     7.389    cnt28_reg[12]_i_1_n_0
    SLICE_X0Y16          CARRY4 (Prop_carry4_CI_O[3])
                                                      0.313     7.702 r  cnt28_reg[16]_i_1/O[3]
                         net (fo=1, routed)           0.000     7.702    cnt28_reg[16]_i_1_n_4
    SLICE_X0Y16          FDRE                                         r  cnt28_reg[19]/D
  -------------------------------------------------------------------    -------------------

                         (clock sys_clk_pin rise edge)
                                                     10.000    10.000 r  
    W5                                                0.000    10.000 r  clk (IN)
                         net (fo=0)                   0.000    10.000    clk
    W5                   IBUF (Prop_ibuf_I_O)         1.388    11.388 r  clk_IBUF_inst/O
                         net (fo=1, routed)           1.862    13.250    clk_IBUF
    BUFGCTRL_X0Y0        BUFG (Prop_bufg_I_O)         0.091    13.341 r  clk_IBUF_BUFG_inst/O
                         net (fo=28, routed)          1.512    14.853    clk_IBUF_BUFG
    SLICE_X0Y16          FDRE                                         r  cnt28_reg[19]/C
                         clock pessimism              0.274    15.127    
                         clock uncertainty           -0.035    15.092    
    SLICE_X0Y16          FDRE (Setup_fdre_C_D)        0.062    15.154    cnt28_reg[19]
  -------------------------------------------------------------------
                         required time                         15.154    
                         arrival time                          -7.702    
  -------------------------------------------------------------------
                         slack                                  7.452    





Min Delay Paths
--------------------------------------------------------------------------------------
Slack (MET) :             0.324ns  (arrival time - required time)
  Source:                 cnt28_reg[0]/C
                            (rising edge-triggered cell FDRE clocked by sys_clk_pin  {rise@0.000ns fall@5.000ns period=10.000ns})
  Destination:            cnt28_reg[0]/D
                            (rising edge-triggered cell FDRE clocked by sys_clk_pin  {rise@0.000ns fall@5.000ns period=10.000ns})
  Path Group:             sys_clk_pin
  Path Type:              Hold (Min at Fast Process Corner)
  Requirement:            0.000ns  (sys_clk_pin rise@0.000ns - sys_clk_pin rise@0.000ns)
  Data Path Delay:        0.429ns  (logic 0.256ns (59.730%)  route 0.173ns (40.270%))
  Logic Levels:           2  (CARRY4=1 LUT1=1)
  Clock Path Skew:        0.000ns (DCD - SCD - CPR)
    Destination Clock Delay (DCD):    1.989ns
    Source Clock Delay      (SCD):    1.475ns
    Clock Pessimism Removal (CPR):    0.514ns

    Location             Delay type                Incr(ns)  Path(ns)    Netlist Resource(s)
  -------------------------------------------------------------------    -------------------
                         (clock sys_clk_pin rise edge)
                                                      0.000     0.000 r  
    W5                                                0.000     0.000 r  clk (IN)
                         net (fo=0)                   0.000     0.000    clk
    W5                   IBUF (Prop_ibuf_I_O)         0.226     0.226 r  clk_IBUF_inst/O
                         net (fo=1, routed)           0.631     0.858    clk_IBUF
    BUFGCTRL_X0Y0        BUFG (Prop_bufg_I_O)         0.026     0.884 r  clk_IBUF_BUFG_inst/O
                         net (fo=28, routed)          0.592     1.475    clk_IBUF_BUFG
    SLICE_X0Y12          FDRE                                         r  cnt28_reg[0]/C
  -------------------------------------------------------------------    -------------------
    SLICE_X0Y12          FDRE (Prop_fdre_C_Q)         0.141     1.616 f  cnt28_reg[0]/Q
                         net (fo=1, routed)           0.173     1.789    cnt28_reg_n_0_[0]
    SLICE_X0Y12          LUT1 (Prop_lut1_I0_O)        0.045     1.834 r  cnt28[0]_i_2/O
                         net (fo=1, routed)           0.000     1.834    cnt28[0]_i_2_n_0
    SLICE_X0Y12          CARRY4 (Prop_carry4_S[0]_O[0])
                                                      0.070     1.904 r  cnt28_reg[0]_i_1/O[0]
                         net (fo=1, routed)           0.000     1.904    cnt28_reg[0]_i_1_n_7
    SLICE_X0Y12          FDRE                                         r  cnt28_reg[0]/D
  -------------------------------------------------------------------    -------------------

                         (clock sys_clk_pin rise edge)
                                                      0.000     0.000 r  
    W5                                                0.000     0.000 r  clk (IN)
                         net (fo=0)                   0.000     0.000    clk
    W5                   IBUF (Prop_ibuf_I_O)         0.414     0.414 r  clk_IBUF_inst/O
                         net (fo=1, routed)           0.685     1.099    clk_IBUF
    BUFGCTRL_X0Y0        BUFG (Prop_bufg_I_O)         0.029     1.128 r  clk_IBUF_BUFG_inst/O
                         net (fo=28, routed)          0.862     1.989    clk_IBUF_BUFG
    SLICE_X0Y12          FDRE                                         r  cnt28_reg[0]/C
                         clock pessimism             -0.514     1.475    
    SLICE_X0Y12          FDRE (Hold_fdre_C_D)         0.105     1.580    cnt28_reg[0]
  -------------------------------------------------------------------
                         required time                         -1.580    
                         arrival time                           1.904    
  -------------------------------------------------------------------
                         slack                                  0.324    

Slack (MET) :             0.327ns  (arrival time - required time)
  Source:                 cnt28_reg[16]/C
                            (rising edge-triggered cell FDRE clocked by sys_clk_pin  {rise@0.000ns fall@5.000ns period=10.000ns})
  Destination:            cnt28_reg[16]/D
                            (rising edge-triggered cell FDRE clocked by sys_clk_pin  {rise@0.000ns fall@5.000ns period=10.000ns})
  Path Group:             sys_clk_pin
  Path Type:              Hold (Min at Fast Process Corner)
  Requirement:            0.000ns  (sys_clk_pin rise@0.000ns - sys_clk_pin rise@0.000ns)
  Data Path Delay:        0.432ns  (logic 0.256ns (59.199%)  route 0.176ns (40.801%))
  Logic Levels:           1  (CARRY4=1)
  Clock Path Skew:        0.000ns (DCD - SCD - CPR)
    Destination Clock Delay (DCD):    1.986ns
    Source Clock Delay      (SCD):    1.473ns
    Clock Pessimism Removal (CPR):    0.513ns

    Location             Delay type                Incr(ns)  Path(ns)    Netlist Resource(s)
  -------------------------------------------------------------------    -------------------
                         (clock sys_clk_pin rise edge)
                                                      0.000     0.000 r  
    W5                                                0.000     0.000 r  clk (IN)
                         net (fo=0)                   0.000     0.000    clk
    W5                   IBUF (Prop_ibuf_I_O)         0.226     0.226 r  clk_IBUF_inst/O
                         net (fo=1, routed)           0.631     0.858    clk_IBUF
    BUFGCTRL_X0Y0        BUFG (Prop_bufg_I_O)         0.026     0.884 r  clk_IBUF_BUFG_inst/O
                         net (fo=28, routed)          0.590     1.473    clk_IBUF_BUFG
    SLICE_X0Y16          FDRE                                         r  cnt28_reg[16]/C
  -------------------------------------------------------------------    -------------------
    SLICE_X0Y16          FDRE (Prop_fdre_C_Q)         0.141     1.614 r  cnt28_reg[16]/Q
                         net (fo=1, routed)           0.176     1.791    cnt28_reg_n_0_[16]
    SLICE_X0Y16          CARRY4 (Prop_carry4_S[0]_O[0])
                                                      0.115     1.906 r  cnt28_reg[16]_i_1/O[0]
                         net (fo=1, routed)           0.000     1.906    cnt28_reg[16]_i_1_n_7
    SLICE_X0Y16          FDRE                                         r  cnt28_reg[16]/D
  -------------------------------------------------------------------    -------------------

                         (clock sys_clk_pin rise edge)
                                                      0.000     0.000 r  
    W5                                                0.000     0.000 r  clk (IN)
                         net (fo=0)                   0.000     0.000    clk
    W5                   IBUF (Prop_ibuf_I_O)         0.414     0.414 r  clk_IBUF_inst/O
                         net (fo=1, routed)           0.685     1.099    clk_IBUF
    BUFGCTRL_X0Y0        BUFG (Prop_bufg_I_O)         0.029     1.128 r  clk_IBUF_BUFG_inst/O
                         net (fo=28, routed)          0.859     1.986    clk_IBUF_BUFG
    SLICE_X0Y16          FDRE                                         r  cnt28_reg[16]/C
                         clock pessimism             -0.513     1.473    
    SLICE_X0Y16          FDRE (Hold_fdre_C_D)         0.105     1.578    cnt28_reg[16]
  -------------------------------------------------------------------
                         required time                         -1.578    
                         arrival time                           1.906    
  -------------------------------------------------------------------
                         slack                                  0.327    

Slack (MET) :             0.327ns  (arrival time - required time)
  Source:                 cnt28_reg[20]/C
                            (rising edge-triggered cell FDRE clocked by sys_clk_pin  {rise@0.000ns fall@5.000ns period=10.000ns})
  Destination:            cnt28_reg[20]/D
                            (rising edge-triggered cell FDRE clocked by sys_clk_pin  {rise@0.000ns fall@5.000ns period=10.000ns})
  Path Group:             sys_clk_pin
  Path Type:              Hold (Min at Fast Process Corner)
  Requirement:            0.000ns  (sys_clk_pin rise@0.000ns - sys_clk_pin rise@0.000ns)
  Data Path Delay:        0.432ns  (logic 0.256ns (59.199%)  route 0.176ns (40.801%))
  Logic Levels:           1  (CARRY4=1)
  Clock Path Skew:        0.000ns (DCD - SCD - CPR)
    Destination Clock Delay (DCD):    1.985ns
    Source Clock Delay      (SCD):    1.472ns
    Clock Pessimism Removal (CPR):    0.513ns

    Location             Delay type                Incr(ns)  Path(ns)    Netlist Resource(s)
  -------------------------------------------------------------------    -------------------
                         (clock sys_clk_pin rise edge)
                                                      0.000     0.000 r  
    W5                                                0.000     0.000 r  clk (IN)
                         net (fo=0)                   0.000     0.000    clk
    W5                   IBUF (Prop_ibuf_I_O)         0.226     0.226 r  clk_IBUF_inst/O
                         net (fo=1, routed)           0.631     0.858    clk_IBUF
    BUFGCTRL_X0Y0        BUFG (Prop_bufg_I_O)         0.026     0.884 r  clk_IBUF_BUFG_inst/O
                         net (fo=28, routed)          0.589     1.472    clk_IBUF_BUFG
    SLICE_X0Y17          FDRE                                         r  cnt28_reg[20]/C
  -------------------------------------------------------------------    -------------------
    SLICE_X0Y17          FDRE (Prop_fdre_C_Q)         0.141     1.613 r  cnt28_reg[20]/Q
                         net (fo=1, routed)           0.176     1.790    cnt28_reg_n_0_[20]
    SLICE_X0Y17          CARRY4 (Prop_carry4_S[0]_O[0])
                                                      0.115     1.905 r  cnt28_reg[20]_i_1/O[0]
                         net (fo=1, routed)           0.000     1.905    cnt28_reg[20]_i_1_n_7
    SLICE_X0Y17          FDRE                                         r  cnt28_reg[20]/D
  -------------------------------------------------------------------    -------------------

                         (clock sys_clk_pin rise edge)
                                                      0.000     0.000 r  
    W5                                                0.000     0.000 r  clk (IN)
                         net (fo=0)                   0.000     0.000    clk
    W5                   IBUF (Prop_ibuf_I_O)         0.414     0.414 r  clk_IBUF_inst/O
                         net (fo=1, routed)           0.685     1.099    clk_IBUF
    BUFGCTRL_X0Y0        BUFG (Prop_bufg_I_O)         0.029     1.128 r  clk_IBUF_BUFG_inst/O
                         net (fo=28, routed)          0.858     1.985    clk_IBUF_BUFG
    SLICE_X0Y17          FDRE                                         r  cnt28_reg[20]/C
                         clock pessimism             -0.513     1.472    
    SLICE_X0Y17          FDRE (Hold_fdre_C_D)         0.105     1.577    cnt28_reg[20]
  -------------------------------------------------------------------
                         required time                         -1.577    
                         arrival time                           1.905    
  -------------------------------------------------------------------
                         slack                                  0.327    

Slack (MET) :             0.327ns  (arrival time - required time)
  Source:                 cnt28_reg[24]/C
                            (rising edge-triggered cell FDRE clocked by sys_clk_pin  {rise@0.000ns fall@5.000ns period=10.000ns})
  Destination:            cnt28_reg[24]/D
                            (rising edge-triggered cell FDRE clocked by sys_clk_pin  {rise@0.000ns fall@5.000ns period=10.000ns})
  Path Group:             sys_clk_pin
  Path Type:              Hold (Min at Fast Process Corner)
  Requirement:            0.000ns  (sys_clk_pin rise@0.000ns - sys_clk_pin rise@0.000ns)
  Data Path Delay:        0.432ns  (logic 0.256ns (59.199%)  route 0.176ns (40.801%))
  Logic Levels:           1  (CARRY4=1)
  Clock Path Skew:        0.000ns (DCD - SCD - CPR)
    Destination Clock Delay (DCD):    1.984ns
    Source Clock Delay      (SCD):    1.471ns
    Clock Pessimism Removal (CPR):    0.513ns

    Location             Delay type                Incr(ns)  Path(ns)    Netlist Resource(s)
  -------------------------------------------------------------------    -------------------
                         (clock sys_clk_pin rise edge)
                                                      0.000     0.000 r  
    W5                                                0.000     0.000 r  clk (IN)
                         net (fo=0)                   0.000     0.000    clk
    W5                   IBUF (Prop_ibuf_I_O)         0.226     0.226 r  clk_IBUF_inst/O
                         net (fo=1, routed)           0.631     0.858    clk_IBUF
    BUFGCTRL_X0Y0        BUFG (Prop_bufg_I_O)         0.026     0.884 r  clk_IBUF_BUFG_inst/O
                         net (fo=28, routed)          0.588     1.471    clk_IBUF_BUFG
    SLICE_X0Y18          FDRE                                         r  cnt28_reg[24]/C
  -------------------------------------------------------------------    -------------------
    SLICE_X0Y18          FDRE (Prop_fdre_C_Q)         0.141     1.612 r  cnt28_reg[24]/Q
                         net (fo=1, routed)           0.176     1.789    cnt28_reg_n_0_[24]
    SLICE_X0Y18          CARRY4 (Prop_carry4_S[0]_O[0])
                                                      0.115     1.904 r  cnt28_reg[24]_i_1/O[0]
                         net (fo=1, routed)           0.000     1.904    cnt28_reg[24]_i_1_n_7
    SLICE_X0Y18          FDRE                                         r  cnt28_reg[24]/D
  -------------------------------------------------------------------    -------------------

                         (clock sys_clk_pin rise edge)
                                                      0.000     0.000 r  
    W5                                                0.000     0.000 r  clk (IN)
                         net (fo=0)                   0.000     0.000    clk
    W5                   IBUF (Prop_ibuf_I_O)         0.414     0.414 r  clk_IBUF_inst/O
                         net (fo=1, routed)           0.685     1.099    clk_IBUF
    BUFGCTRL_X0Y0        BUFG (Prop_bufg_I_O)         0.029     1.128 r  clk_IBUF_BUFG_inst/O
                         net (fo=28, routed)          0.857     1.984    clk_IBUF_BUFG
    SLICE_X0Y18          FDRE                                         r  cnt28_reg[24]/C
                         clock pessimism             -0.513     1.471    
    SLICE_X0Y18          FDRE (Hold_fdre_C_D)         0.105     1.576    cnt28_reg[24]
  -------------------------------------------------------------------
                         required time                         -1.576    
                         arrival time                           1.904    
  -------------------------------------------------------------------
                         slack                                  0.327    

Slack (MET) :             0.327ns  (arrival time - required time)
  Source:                 cnt28_reg[4]/C
                            (rising edge-triggered cell FDRE clocked by sys_clk_pin  {rise@0.000ns fall@5.000ns period=10.000ns})
  Destination:            cnt28_reg[4]/D
                            (rising edge-triggered cell FDRE clocked by sys_clk_pin  {rise@0.000ns fall@5.000ns period=10.000ns})
  Path Group:             sys_clk_pin
  Path Type:              Hold (Min at Fast Process Corner)
  Requirement:            0.000ns  (sys_clk_pin rise@0.000ns - sys_clk_pin rise@0.000ns)
  Data Path Delay:        0.432ns  (logic 0.256ns (59.199%)  route 0.176ns (40.801%))
  Logic Levels:           1  (CARRY4=1)
  Clock Path Skew:        0.000ns (DCD - SCD - CPR)
    Destination Clock Delay (DCD):    1.988ns
    Source Clock Delay      (SCD):    1.474ns
    Clock Pessimism Removal (CPR):    0.514ns

    Location             Delay type                Incr(ns)  Path(ns)    Netlist Resource(s)
  -------------------------------------------------------------------    -------------------
                         (clock sys_clk_pin rise edge)
                                                      0.000     0.000 r  
    W5                                                0.000     0.000 r  clk (IN)
                         net (fo=0)                   0.000     0.000    clk
    W5                   IBUF (Prop_ibuf_I_O)         0.226     0.226 r  clk_IBUF_inst/O
                         net (fo=1, routed)           0.631     0.858    clk_IBUF
    BUFGCTRL_X0Y0        BUFG (Prop_bufg_I_O)         0.026     0.884 r  clk_IBUF_BUFG_inst/O
                         net (fo=28, routed)          0.591     1.474    clk_IBUF_BUFG
    SLICE_X0Y13          FDRE                                         r  cnt28_reg[4]/C
  -------------------------------------------------------------------    -------------------
    SLICE_X0Y13          FDRE (Prop_fdre_C_Q)         0.141     1.615 r  cnt28_reg[4]/Q
                         net (fo=1, routed)           0.176     1.792    cnt28_reg_n_0_[4]
    SLICE_X0Y13          CARRY4 (Prop_carry4_S[0]_O[0])
                                                      0.115     1.907 r  cnt28_reg[4]_i_1/O[0]
                         net (fo=1, routed)           0.000     1.907    cnt28_reg[4]_i_1_n_7
    SLICE_X0Y13          FDRE                                         r  cnt28_reg[4]/D
  -------------------------------------------------------------------    -------------------

                         (clock sys_clk_pin rise edge)
                                                      0.000     0.000 r  
    W5                                                0.000     0.000 r  clk (IN)
                         net (fo=0)                   0.000     0.000    clk
    W5                   IBUF (Prop_ibuf_I_O)         0.414     0.414 r  clk_IBUF_inst/O
                         net (fo=1, routed)           0.685     1.099    clk_IBUF
    BUFGCTRL_X0Y0        BUFG (Prop_bufg_I_O)         0.029     1.128 r  clk_IBUF_BUFG_inst/O
                         net (fo=28, routed)          0.861     1.988    clk_IBUF_BUFG
    SLICE_X0Y13          FDRE                                         r  cnt28_reg[4]/C
                         clock pessimism             -0.514     1.474    
    SLICE_X0Y13          FDRE (Hold_fdre_C_D)         0.105     1.579    cnt28_reg[4]
  -------------------------------------------------------------------
                         required time                         -1.579    
                         arrival time                           1.907    
  -------------------------------------------------------------------
                         slack                                  0.327    

Slack (MET) :             0.327ns  (arrival time - required time)
  Source:                 cnt28_reg[8]/C
                            (rising edge-triggered cell FDRE clocked by sys_clk_pin  {rise@0.000ns fall@5.000ns period=10.000ns})
  Destination:            cnt28_reg[8]/D
                            (rising edge-triggered cell FDRE clocked by sys_clk_pin  {rise@0.000ns fall@5.000ns period=10.000ns})
  Path Group:             sys_clk_pin
  Path Type:              Hold (Min at Fast Process Corner)
  Requirement:            0.000ns  (sys_clk_pin rise@0.000ns - sys_clk_pin rise@0.000ns)
  Data Path Delay:        0.432ns  (logic 0.256ns (59.199%)  route 0.176ns (40.801%))
  Logic Levels:           1  (CARRY4=1)
  Clock Path Skew:        0.000ns (DCD - SCD - CPR)
    Destination Clock Delay (DCD):    1.988ns
    Source Clock Delay      (SCD):    1.474ns
    Clock Pessimism Removal (CPR):    0.514ns

    Location             Delay type                Incr(ns)  Path(ns)    Netlist Resource(s)
  -------------------------------------------------------------------    -------------------
                         (clock sys_clk_pin rise edge)
                                                      0.000     0.000 r  
    W5                                                0.000     0.000 r  clk (IN)
                         net (fo=0)                   0.000     0.000    clk
    W5                   IBUF (Prop_ibuf_I_O)         0.226     0.226 r  clk_IBUF_inst/O
                         net (fo=1, routed)           0.631     0.858    clk_IBUF
    BUFGCTRL_X0Y0        BUFG (Prop_bufg_I_O)         0.026     0.884 r  clk_IBUF_BUFG_inst/O
                         net (fo=28, routed)          0.591     1.474    clk_IBUF_BUFG
    SLICE_X0Y14          FDRE                                         r  cnt28_reg[8]/C
  -------------------------------------------------------------------    -------------------
    SLICE_X0Y14          FDRE (Prop_fdre_C_Q)         0.141     1.615 r  cnt28_reg[8]/Q
                         net (fo=1, routed)           0.176     1.792    cnt28_reg_n_0_[8]
    SLICE_X0Y14          CARRY4 (Prop_carry4_S[0]_O[0])
                                                      0.115     1.907 r  cnt28_reg[8]_i_1/O[0]
                         net (fo=1, routed)           0.000     1.907    cnt28_reg[8]_i_1_n_7
    SLICE_X0Y14          FDRE                                         r  cnt28_reg[8]/D
  -------------------------------------------------------------------    -------------------

                         (clock sys_clk_pin rise edge)
                                                      0.000     0.000 r  
    W5                                                0.000     0.000 r  clk (IN)
                         net (fo=0)                   0.000     0.000    clk
    W5                   IBUF (Prop_ibuf_I_O)         0.414     0.414 r  clk_IBUF_inst/O
                         net (fo=1, routed)           0.685     1.099    clk_IBUF
    BUFGCTRL_X0Y0        BUFG (Prop_bufg_I_O)         0.029     1.128 r  clk_IBUF_BUFG_inst/O
                         net (fo=28, routed)          0.861     1.988    clk_IBUF_BUFG
    SLICE_X0Y14          FDRE                                         r  cnt28_reg[8]/C
                         clock pessimism             -0.514     1.474    
    SLICE_X0Y14          FDRE (Hold_fdre_C_D)         0.105     1.579    cnt28_reg[8]
  -------------------------------------------------------------------
                         required time                         -1.579    
                         arrival time                           1.907    
  -------------------------------------------------------------------
                         slack                                  0.327    

Slack (MET) :             0.327ns  (arrival time - required time)
  Source:                 cnt28_reg[12]/C
                            (rising edge-triggered cell FDRE clocked by sys_clk_pin  {rise@0.000ns fall@5.000ns period=10.000ns})
  Destination:            cnt28_reg[12]/D
                            (rising edge-triggered cell FDRE clocked by sys_clk_pin  {rise@0.000ns fall@5.000ns period=10.000ns})
  Path Group:             sys_clk_pin
  Path Type:              Hold (Min at Fast Process Corner)
  Requirement:            0.000ns  (sys_clk_pin rise@0.000ns - sys_clk_pin rise@0.000ns)
  Data Path Delay:        0.432ns  (logic 0.256ns (59.199%)  route 0.176ns (40.801%))
  Logic Levels:           1  (CARRY4=1)
  Clock Path Skew:        0.000ns (DCD - SCD - CPR)
    Destination Clock Delay (DCD):    1.987ns
    Source Clock Delay      (SCD):    1.474ns
    Clock Pessimism Removal (CPR):    0.513ns

    Location             Delay type                Incr(ns)  Path(ns)    Netlist Resource(s)
  -------------------------------------------------------------------    -------------------
                         (clock sys_clk_pin rise edge)
                                                      0.000     0.000 r  
    W5                                                0.000     0.000 r  clk (IN)
                         net (fo=0)                   0.000     0.000    clk
    W5                   IBUF (Prop_ibuf_I_O)         0.226     0.226 r  clk_IBUF_inst/O
                         net (fo=1, routed)           0.631     0.858    clk_IBUF
    BUFGCTRL_X0Y0        BUFG (Prop_bufg_I_O)         0.026     0.884 r  clk_IBUF_BUFG_inst/O
                         net (fo=28, routed)          0.591     1.474    clk_IBUF_BUFG
    SLICE_X0Y15          FDRE                                         r  cnt28_reg[12]/C
  -------------------------------------------------------------------    -------------------
    SLICE_X0Y15          FDRE (Prop_fdre_C_Q)         0.141     1.615 r  cnt28_reg[12]/Q
                         net (fo=1, routed)           0.176     1.792    cnt28_reg_n_0_[12]
    SLICE_X0Y15          CARRY4 (Prop_carry4_S[0]_O[0])
                                                      0.115     1.907 r  cnt28_reg[12]_i_1/O[0]
                         net (fo=1, routed)           0.000     1.907    cnt28_reg[12]_i_1_n_7
    SLICE_X0Y15          FDRE                                         r  cnt28_reg[12]/D
  -------------------------------------------------------------------    -------------------

                         (clock sys_clk_pin rise edge)
                                                      0.000     0.000 r  
    W5                                                0.000     0.000 r  clk (IN)
                         net (fo=0)                   0.000     0.000    clk
    W5                   IBUF (Prop_ibuf_I_O)         0.414     0.414 r  clk_IBUF_inst/O
                         net (fo=1, routed)           0.685     1.099    clk_IBUF
    BUFGCTRL_X0Y0        BUFG (Prop_bufg_I_O)         0.029     1.128 r  clk_IBUF_BUFG_inst/O
                         net (fo=28, routed)          0.860     1.987    clk_IBUF_BUFG
    SLICE_X0Y15          FDRE                                         r  cnt28_reg[12]/C
                         clock pessimism             -0.513     1.474    
    SLICE_X0Y15          FDRE (Hold_fdre_C_D)         0.105     1.579    cnt28_reg[12]
  -------------------------------------------------------------------
                         required time                         -1.579    
                         arrival time                           1.907    
  -------------------------------------------------------------------
                         slack                                  0.327    

Slack (MET) :             0.360ns  (arrival time - required time)
  Source:                 cnt28_reg[0]/C
                            (rising edge-triggered cell FDRE clocked by sys_clk_pin  {rise@0.000ns fall@5.000ns period=10.000ns})
  Destination:            cnt28_reg[1]/D
                            (rising edge-triggered cell FDRE clocked by sys_clk_pin  {rise@0.000ns fall@5.000ns period=10.000ns})
  Path Group:             sys_clk_pin
  Path Type:              Hold (Min at Fast Process Corner)
  Requirement:            0.000ns  (sys_clk_pin rise@0.000ns - sys_clk_pin rise@0.000ns)
  Data Path Delay:        0.465ns  (logic 0.292ns (62.850%)  route 0.173ns (37.150%))
  Logic Levels:           2  (CARRY4=1 LUT1=1)
  Clock Path Skew:        0.000ns (DCD - SCD - CPR)
    Destination Clock Delay (DCD):    1.989ns
    Source Clock Delay      (SCD):    1.475ns
    Clock Pessimism Removal (CPR):    0.514ns

    Location             Delay type                Incr(ns)  Path(ns)    Netlist Resource(s)
  -------------------------------------------------------------------    -------------------
                         (clock sys_clk_pin rise edge)
                                                      0.000     0.000 r  
    W5                                                0.000     0.000 r  clk (IN)
                         net (fo=0)                   0.000     0.000    clk
    W5                   IBUF (Prop_ibuf_I_O)         0.226     0.226 r  clk_IBUF_inst/O
                         net (fo=1, routed)           0.631     0.858    clk_IBUF
    BUFGCTRL_X0Y0        BUFG (Prop_bufg_I_O)         0.026     0.884 r  clk_IBUF_BUFG_inst/O
                         net (fo=28, routed)          0.592     1.475    clk_IBUF_BUFG
    SLICE_X0Y12          FDRE                                         r  cnt28_reg[0]/C
  -------------------------------------------------------------------    -------------------
    SLICE_X0Y12          FDRE (Prop_fdre_C_Q)         0.141     1.616 f  cnt28_reg[0]/Q
                         net (fo=1, routed)           0.173     1.789    cnt28_reg_n_0_[0]
    SLICE_X0Y12          LUT1 (Prop_lut1_I0_O)        0.045     1.834 r  cnt28[0]_i_2/O
                         net (fo=1, routed)           0.000     1.834    cnt28[0]_i_2_n_0
    SLICE_X0Y12          CARRY4 (Prop_carry4_S[0]_O[1])
                                                      0.106     1.940 r  cnt28_reg[0]_i_1/O[1]
                         net (fo=1, routed)           0.000     1.940    cnt28_reg[0]_i_1_n_6
    SLICE_X0Y12          FDRE                                         r  cnt28_reg[1]/D
  -------------------------------------------------------------------    -------------------

                         (clock sys_clk_pin rise edge)
                                                      0.000     0.000 r  
    W5                                                0.000     0.000 r  clk (IN)
                         net (fo=0)                   0.000     0.000    clk
    W5                   IBUF (Prop_ibuf_I_O)         0.414     0.414 r  clk_IBUF_inst/O
                         net (fo=1, routed)           0.685     1.099    clk_IBUF
    BUFGCTRL_X0Y0        BUFG (Prop_bufg_I_O)         0.029     1.128 r  clk_IBUF_BUFG_inst/O
                         net (fo=28, routed)          0.862     1.989    clk_IBUF_BUFG
    SLICE_X0Y12          FDRE                                         r  cnt28_reg[1]/C
                         clock pessimism             -0.514     1.475    
    SLICE_X0Y12          FDRE (Hold_fdre_C_D)         0.105     1.580    cnt28_reg[1]
  -------------------------------------------------------------------
                         required time                         -1.580    
                         arrival time                           1.940    
  -------------------------------------------------------------------
                         slack                                  0.360    

Slack (MET) :             0.363ns  (arrival time - required time)
  Source:                 cnt28_reg[16]/C
                            (rising edge-triggered cell FDRE clocked by sys_clk_pin  {rise@0.000ns fall@5.000ns period=10.000ns})
  Destination:            cnt28_reg[17]/D
                            (rising edge-triggered cell FDRE clocked by sys_clk_pin  {rise@0.000ns fall@5.000ns period=10.000ns})
  Path Group:             sys_clk_pin
  Path Type:              Hold (Min at Fast Process Corner)
  Requirement:            0.000ns  (sys_clk_pin rise@0.000ns - sys_clk_pin rise@0.000ns)
  Data Path Delay:        0.468ns  (logic 0.292ns (62.334%)  route 0.176ns (37.666%))
  Logic Levels:           1  (CARRY4=1)
  Clock Path Skew:        0.000ns (DCD - SCD - CPR)
    Destination Clock Delay (DCD):    1.986ns
    Source Clock Delay      (SCD):    1.473ns
    Clock Pessimism Removal (CPR):    0.513ns

    Location             Delay type                Incr(ns)  Path(ns)    Netlist Resource(s)
  -------------------------------------------------------------------    -------------------
                         (clock sys_clk_pin rise edge)
                                                      0.000     0.000 r  
    W5                                                0.000     0.000 r  clk (IN)
                         net (fo=0)                   0.000     0.000    clk
    W5                   IBUF (Prop_ibuf_I_O)         0.226     0.226 r  clk_IBUF_inst/O
                         net (fo=1, routed)           0.631     0.858    clk_IBUF
    BUFGCTRL_X0Y0        BUFG (Prop_bufg_I_O)         0.026     0.884 r  clk_IBUF_BUFG_inst/O
                         net (fo=28, routed)          0.590     1.473    clk_IBUF_BUFG
    SLICE_X0Y16          FDRE                                         r  cnt28_reg[16]/C
  -------------------------------------------------------------------    -------------------
    SLICE_X0Y16          FDRE (Prop_fdre_C_Q)         0.141     1.614 r  cnt28_reg[16]/Q
                         net (fo=1, routed)           0.176     1.791    cnt28_reg_n_0_[16]
    SLICE_X0Y16          CARRY4 (Prop_carry4_S[0]_O[1])
                                                      0.151     1.942 r  cnt28_reg[16]_i_1/O[1]
                         net (fo=1, routed)           0.000     1.942    cnt28_reg[16]_i_1_n_6
    SLICE_X0Y16          FDRE                                         r  cnt28_reg[17]/D
  -------------------------------------------------------------------    -------------------

                         (clock sys_clk_pin rise edge)
                                                      0.000     0.000 r  
    W5                                                0.000     0.000 r  clk (IN)
                         net (fo=0)                   0.000     0.000    clk
    W5                   IBUF (Prop_ibuf_I_O)         0.414     0.414 r  clk_IBUF_inst/O
                         net (fo=1, routed)           0.685     1.099    clk_IBUF
    BUFGCTRL_X0Y0        BUFG (Prop_bufg_I_O)         0.029     1.128 r  clk_IBUF_BUFG_inst/O
                         net (fo=28, routed)          0.859     1.986    clk_IBUF_BUFG
    SLICE_X0Y16          FDRE                                         r  cnt28_reg[17]/C
                         clock pessimism             -0.513     1.473    
    SLICE_X0Y16          FDRE (Hold_fdre_C_D)         0.105     1.578    cnt28_reg[17]
  -------------------------------------------------------------------
                         required time                         -1.578    
                         arrival time                           1.942    
  -------------------------------------------------------------------
                         slack                                  0.363    

Slack (MET) :             0.363ns  (arrival time - required time)
  Source:                 cnt28_reg[20]/C
                            (rising edge-triggered cell FDRE clocked by sys_clk_pin  {rise@0.000ns fall@5.000ns period=10.000ns})
  Destination:            cnt28_reg[21]/D
                            (rising edge-triggered cell FDRE clocked by sys_clk_pin  {rise@0.000ns fall@5.000ns period=10.000ns})
  Path Group:             sys_clk_pin
  Path Type:              Hold (Min at Fast Process Corner)
  Requirement:            0.000ns  (sys_clk_pin rise@0.000ns - sys_clk_pin rise@0.000ns)
  Data Path Delay:        0.468ns  (logic 0.292ns (62.334%)  route 0.176ns (37.666%))
  Logic Levels:           1  (CARRY4=1)
  Clock Path Skew:        0.000ns (DCD - SCD - CPR)
    Destination Clock Delay (DCD):    1.985ns
    Source Clock Delay      (SCD):    1.472ns
    Clock Pessimism Removal (CPR):    0.513ns

    Location             Delay type                Incr(ns)  Path(ns)    Netlist Resource(s)
  -------------------------------------------------------------------    -------------------
                         (clock sys_clk_pin rise edge)
                                                      0.000     0.000 r  
    W5                                                0.000     0.000 r  clk (IN)
                         net (fo=0)                   0.000     0.000    clk
    W5                   IBUF (Prop_ibuf_I_O)         0.226     0.226 r  clk_IBUF_inst/O
                         net (fo=1, routed)           0.631     0.858    clk_IBUF
    BUFGCTRL_X0Y0        BUFG (Prop_bufg_I_O)         0.026     0.884 r  clk_IBUF_BUFG_inst/O
                         net (fo=28, routed)          0.589     1.472    clk_IBUF_BUFG
    SLICE_X0Y17          FDRE                                         r  cnt28_reg[20]/C
  -------------------------------------------------------------------    -------------------
    SLICE_X0Y17          FDRE (Prop_fdre_C_Q)         0.141     1.613 r  cnt28_reg[20]/Q
                         net (fo=1, routed)           0.176     1.790    cnt28_reg_n_0_[20]
    SLICE_X0Y17          CARRY4 (Prop_carry4_S[0]_O[1])
                                                      0.151     1.941 r  cnt28_reg[20]_i_1/O[1]
                         net (fo=1, routed)           0.000     1.941    cnt28_reg[20]_i_1_n_6
    SLICE_X0Y17          FDRE                                         r  cnt28_reg[21]/D
  -------------------------------------------------------------------    -------------------

                         (clock sys_clk_pin rise edge)
                                                      0.000     0.000 r  
    W5                                                0.000     0.000 r  clk (IN)
                         net (fo=0)                   0.000     0.000    clk
    W5                   IBUF (Prop_ibuf_I_O)         0.414     0.414 r  clk_IBUF_inst/O
                         net (fo=1, routed)           0.685     1.099    clk_IBUF
    BUFGCTRL_X0Y0        BUFG (Prop_bufg_I_O)         0.029     1.128 r  clk_IBUF_BUFG_inst/O
                         net (fo=28, routed)          0.858     1.985    clk_IBUF_BUFG
    SLICE_X0Y17          FDRE                                         r  cnt28_reg[21]/C
                         clock pessimism             -0.513     1.472    
    SLICE_X0Y17          FDRE (Hold_fdre_C_D)         0.105     1.577    cnt28_reg[21]
  -------------------------------------------------------------------
                         required time                         -1.577    
                         arrival time                           1.941    
  -------------------------------------------------------------------
                         slack                                  0.363    





Pulse Width Checks
--------------------------------------------------------------------------------------
Clock Name:         sys_clk_pin
Waveform(ns):       { 0.000 5.000 }
Period(ns):         10.000
Sources:            { clk }

Check Type        Corner  Lib Pin  Reference Pin  Required(ns)  Actual(ns)  Slack(ns)  Location       Pin
Min Period        n/a     BUFG/I   n/a            2.155         10.000      7.845      BUFGCTRL_X0Y0  clk_IBUF_BUFG_inst/I
Min Period        n/a     FDRE/C   n/a            1.000         10.000      9.000      SLICE_X0Y12    cnt28_reg[0]/C
Min Period        n/a     FDRE/C   n/a            1.000         10.000      9.000      SLICE_X0Y14    cnt28_reg[10]/C
Min Period        n/a     FDRE/C   n/a            1.000         10.000      9.000      SLICE_X0Y14    cnt28_reg[11]/C
Min Period        n/a     FDRE/C   n/a            1.000         10.000      9.000      SLICE_X0Y15    cnt28_reg[12]/C
Min Period        n/a     FDRE/C   n/a            1.000         10.000      9.000      SLICE_X0Y15    cnt28_reg[13]/C
Min Period        n/a     FDRE/C   n/a            1.000         10.000      9.000      SLICE_X0Y15    cnt28_reg[14]/C
Min Period        n/a     FDRE/C   n/a            1.000         10.000      9.000      SLICE_X0Y15    cnt28_reg[15]/C
Min Period        n/a     FDRE/C   n/a            1.000         10.000      9.000      SLICE_X0Y16    cnt28_reg[16]/C
Min Period        n/a     FDRE/C   n/a            1.000         10.000      9.000      SLICE_X0Y16    cnt28_reg[17]/C
Low Pulse Width   Slow    FDRE/C   n/a            0.500         5.000       4.500      SLICE_X0Y12    cnt28_reg[0]/C
Low Pulse Width   Fast    FDRE/C   n/a            0.500         5.000       4.500      SLICE_X0Y12    cnt28_reg[0]/C
Low Pulse Width   Slow    FDRE/C   n/a            0.500         5.000       4.500      SLICE_X0Y14    cnt28_reg[10]/C
Low Pulse Width   Fast    FDRE/C   n/a            0.500         5.000       4.500      SLICE_X0Y14    cnt28_reg[10]/C
Low Pulse Width   Slow    FDRE/C   n/a            0.500         5.000       4.500      SLICE_X0Y14    cnt28_reg[11]/C
Low Pulse Width   Fast    FDRE/C   n/a            0.500         5.000       4.500      SLICE_X0Y14    cnt28_reg[11]/C
Low Pulse Width   Slow    FDRE/C   n/a            0.500         5.000       4.500      SLICE_X0Y15    cnt28_reg[12]/C
Low Pulse Width   Fast    FDRE/C   n/a            0.500         5.000       4.500      SLICE_X0Y15    cnt28_reg[12]/C
Low Pulse Width   Slow    FDRE/C   n/a            0.500         5.000       4.500      SLICE_X0Y15    cnt28_reg[13]/C
Low Pulse Width   Fast    FDRE/C   n/a            0.500         5.000       4.500      SLICE_X0Y15    cnt28_reg[13]/C
High Pulse Width  Slow    FDRE/C   n/a            0.500         5.000       4.500      SLICE_X0Y12    cnt28_reg[0]/C
High Pulse Width  Fast    FDRE/C   n/a            0.500         5.000       4.500      SLICE_X0Y12    cnt28_reg[0]/C
High Pulse Width  Slow    FDRE/C   n/a            0.500         5.000       4.500      SLICE_X0Y14    cnt28_reg[10]/C
High Pulse Width  Fast    FDRE/C   n/a            0.500         5.000       4.500      SLICE_X0Y14    cnt28_reg[10]/C
High Pulse Width  Slow    FDRE/C   n/a            0.500         5.000       4.500      SLICE_X0Y14    cnt28_reg[11]/C
High Pulse Width  Fast    FDRE/C   n/a            0.500         5.000       4.500      SLICE_X0Y14    cnt28_reg[11]/C
High Pulse Width  Slow    FDRE/C   n/a            0.500         5.000       4.500      SLICE_X0Y15    cnt28_reg[12]/C
High Pulse Width  Fast    FDRE/C   n/a            0.500         5.000       4.500      SLICE_X0Y15    cnt28_reg[12]/C
High Pulse Width  Slow    FDRE/C   n/a            0.500         5.000       4.500      SLICE_X0Y15    cnt28_reg[13]/C
High Pulse Width  Fast    FDRE/C   n/a            0.500         5.000       4.500      SLICE_X0Y15    cnt28_reg[13]/C



--------------------------------------------------------------------------------------
Path Group:  (none)
From Clock:  
  To Clock:  

Max Delay             8 Endpoints
Min Delay             8 Endpoints
--------------------------------------------------------------------------------------


Max Delay Paths
--------------------------------------------------------------------------------------
Slack:                    inf
  Source:                 cnt4_reg[1]/C
                            (rising edge-triggered cell FDRE)
  Destination:            led[1]
                            (output port)
  Path Group:             (none)
  Path Type:              Max at Slow Process Corner
  Data Path Delay:        6.635ns  (logic 4.124ns (62.149%)  route 2.511ns (37.851%))
  Logic Levels:           2  (FDRE=1 OBUF=1)

    Location             Delay type                Incr(ns)  Path(ns)    Netlist Resource(s)
  -------------------------------------------------------------------    -------------------
    SLICE_X0Y19          FDRE                         0.000     0.000 r  cnt4_reg[1]/C
    SLICE_X0Y19          FDRE (Prop_fdre_C_Q)         0.419     0.419 r  cnt4_reg[1]/Q
                         net (fo=4, routed)           2.511     2.930    led_OBUF[1]
    E19                  OBUF (Prop_obuf_I_O)         3.705     6.635 r  led_OBUF[1]_inst/O
                         net (fo=0)                   0.000     6.635    led[1]
    E19                                                               r  led[1] (OUT)
  -------------------------------------------------------------------    -------------------

Slack:                    inf
  Source:                 cnt4_reg[0]/C
                            (rising edge-triggered cell FDRE)
  Destination:            led[0]
                            (output port)
  Path Group:             (none)
  Path Type:              Max at Slow Process Corner
  Data Path Delay:        6.263ns  (logic 3.961ns (63.242%)  route 2.302ns (36.758%))
  Logic Levels:           2  (FDRE=1 OBUF=1)

    Location             Delay type                Incr(ns)  Path(ns)    Netlist Resource(s)
  -------------------------------------------------------------------    -------------------
    SLICE_X0Y19          FDRE                         0.000     0.000 r  cnt4_reg[0]/C
    SLICE_X0Y19          FDRE (Prop_fdre_C_Q)         0.456     0.456 r  cnt4_reg[0]/Q
                         net (fo=5, routed)           2.302     2.758    led_OBUF[0]
    U16                  OBUF (Prop_obuf_I_O)         3.505     6.263 r  led_OBUF[0]_inst/O
                         net (fo=0)                   0.000     6.263    led[0]
    U16                                                               r  led[0] (OUT)
  -------------------------------------------------------------------    -------------------

Slack:                    inf
  Source:                 cnt4_reg[3]/C
                            (rising edge-triggered cell FDRE)
  Destination:            led[3]
                            (output port)
  Path Group:             (none)
  Path Type:              Max at Slow Process Corner
  Data Path Delay:        5.794ns  (logic 4.100ns (70.768%)  route 1.694ns (29.232%))
  Logic Levels:           2  (FDRE=1 OBUF=1)

    Location             Delay type                Incr(ns)  Path(ns)    Netlist Resource(s)
  -------------------------------------------------------------------    -------------------
    SLICE_X0Y19          FDRE                         0.000     0.000 r  cnt4_reg[3]/C
    SLICE_X0Y19          FDRE (Prop_fdre_C_Q)         0.419     0.419 r  cnt4_reg[3]/Q
                         net (fo=2, routed)           1.694     2.113    led_OBUF[3]
    V19                  OBUF (Prop_obuf_I_O)         3.681     5.794 r  led_OBUF[3]_inst/O
                         net (fo=0)                   0.000     5.794    led[3]
    V19                                                               r  led[3] (OUT)
  -------------------------------------------------------------------    -------------------

Slack:                    inf
  Source:                 cnt4_reg[2]/C
                            (rising edge-triggered cell FDRE)
  Destination:            led[2]
                            (output port)
  Path Group:             (none)
  Path Type:              Max at Slow Process Corner
  Data Path Delay:        5.644ns  (logic 3.957ns (70.111%)  route 1.687ns (29.889%))
  Logic Levels:           2  (FDRE=1 OBUF=1)

    Location             Delay type                Incr(ns)  Path(ns)    Netlist Resource(s)
  -------------------------------------------------------------------    -------------------
    SLICE_X0Y19          FDRE                         0.000     0.000 r  cnt4_reg[2]/C
    SLICE_X0Y19          FDRE (Prop_fdre_C_Q)         0.456     0.456 r  cnt4_reg[2]/Q
                         net (fo=3, routed)           1.687     2.143    led_OBUF[2]
    U19                  OBUF (Prop_obuf_I_O)         3.501     5.644 r  led_OBUF[2]_inst/O
                         net (fo=0)                   0.000     5.644    led[2]
    U19                                                               r  led[2] (OUT)
  -------------------------------------------------------------------    -------------------

Slack:                    inf
  Source:                 cnt4_reg[1]/C
                            (rising edge-triggered cell FDRE)
  Destination:            cnt4_reg[1]/D
  Path Group:             (none)
  Path Type:              Max at Slow Process Corner
  Data Path Delay:        1.625ns  (logic 0.746ns (45.915%)  route 0.879ns (54.085%))
  Logic Levels:           2  (FDRE=1 LUT2=1)

    Location             Delay type                Incr(ns)  Path(ns)    Netlist Resource(s)
  -------------------------------------------------------------------    -------------------
    SLICE_X0Y19          FDRE                         0.000     0.000 r  cnt4_reg[1]/C
    SLICE_X0Y19          FDRE (Prop_fdre_C_Q)         0.419     0.419 r  cnt4_reg[1]/Q
                         net (fo=4, routed)           0.879     1.298    led_OBUF[1]
    SLICE_X0Y19          LUT2 (Prop_lut2_I1_O)        0.327     1.625 r  cnt4[1]_i_1/O
                         net (fo=1, routed)           0.000     1.625    p_0_in[1]
    SLICE_X0Y19          FDRE                                         r  cnt4_reg[1]/D
  -------------------------------------------------------------------    -------------------

Slack:                    inf
  Source:                 cnt4_reg[3]/C
                            (rising edge-triggered cell FDRE)
  Destination:            cnt4_reg[3]/D
  Path Group:             (none)
  Path Type:              Max at Slow Process Corner
  Data Path Delay:        1.434ns  (logic 0.743ns (51.811%)  route 0.691ns (48.189%))
  Logic Levels:           2  (FDRE=1 LUT4=1)

    Location             Delay type                Incr(ns)  Path(ns)    Netlist Resource(s)
  -------------------------------------------------------------------    -------------------
    SLICE_X0Y19          FDRE                         0.000     0.000 r  cnt4_reg[3]/C
    SLICE_X0Y19          FDRE (Prop_fdre_C_Q)         0.419     0.419 r  cnt4_reg[3]/Q
                         net (fo=2, routed)           0.691     1.110    led_OBUF[3]
    SLICE_X0Y19          LUT4 (Prop_lut4_I3_O)        0.324     1.434 r  cnt4[3]_i_1/O
                         net (fo=1, routed)           0.000     1.434    p_0_in[3]
    SLICE_X0Y19          FDRE                                         r  cnt4_reg[3]/D
  -------------------------------------------------------------------    -------------------

Slack:                    inf
  Source:                 cnt4_reg[2]/C
                            (rising edge-triggered cell FDRE)
  Destination:            cnt4_reg[2]/D
  Path Group:             (none)
  Path Type:              Max at Slow Process Corner
  Data Path Delay:        1.253ns  (logic 0.580ns (46.298%)  route 0.673ns (53.702%))
  Logic Levels:           2  (FDRE=1 LUT3=1)

    Location             Delay type                Incr(ns)  Path(ns)    Netlist Resource(s)
  -------------------------------------------------------------------    -------------------
    SLICE_X0Y19          FDRE                         0.000     0.000 r  cnt4_reg[2]/C
    SLICE_X0Y19          FDRE (Prop_fdre_C_Q)         0.456     0.456 r  cnt4_reg[2]/Q
                         net (fo=3, routed)           0.673     1.129    led_OBUF[2]
    SLICE_X0Y19          LUT3 (Prop_lut3_I2_O)        0.124     1.253 r  cnt4[2]_i_1/O
                         net (fo=1, routed)           0.000     1.253    p_0_in[2]
    SLICE_X0Y19          FDRE                                         r  cnt4_reg[2]/D
  -------------------------------------------------------------------    -------------------

Slack:                    inf
  Source:                 cnt4_reg[0]/C
                            (rising edge-triggered cell FDRE)
  Destination:            cnt4_reg[0]/D
  Path Group:             (none)
  Path Type:              Max at Slow Process Corner
  Data Path Delay:        1.115ns  (logic 0.580ns (52.015%)  route 0.535ns (47.985%))
  Logic Levels:           2  (FDRE=1 LUT1=1)

    Location             Delay type                Incr(ns)  Path(ns)    Netlist Resource(s)
  -------------------------------------------------------------------    -------------------
    SLICE_X0Y19          FDRE                         0.000     0.000 r  cnt4_reg[0]/C
    SLICE_X0Y19          FDRE (Prop_fdre_C_Q)         0.456     0.456 f  cnt4_reg[0]/Q
                         net (fo=5, routed)           0.535     0.991    led_OBUF[0]
    SLICE_X0Y19          LUT1 (Prop_lut1_I0_O)        0.124     1.115 r  cnt4[0]_i_1/O
                         net (fo=1, routed)           0.000     1.115    p_0_in[0]
    SLICE_X0Y19          FDRE                                         r  cnt4_reg[0]/D
  -------------------------------------------------------------------    -------------------





Min Delay Paths
--------------------------------------------------------------------------------------
Slack:                    inf
  Source:                 cnt4_reg[0]/C
                            (rising edge-triggered cell FDRE)
  Destination:            cnt4_reg[3]/D
  Path Group:             (none)
  Path Type:              Min at Fast Process Corner
  Data Path Delay:        0.371ns  (logic 0.184ns (49.576%)  route 0.187ns (50.424%))
  Logic Levels:           2  (FDRE=1 LUT4=1)

    Location             Delay type                Incr(ns)  Path(ns)    Netlist Resource(s)
  -------------------------------------------------------------------    -------------------
    SLICE_X0Y19          FDRE                         0.000     0.000 r  cnt4_reg[0]/C
    SLICE_X0Y19          FDRE (Prop_fdre_C_Q)         0.141     0.141 r  cnt4_reg[0]/Q
                         net (fo=5, routed)           0.187     0.328    led_OBUF[0]
    SLICE_X0Y19          LUT4 (Prop_lut4_I1_O)        0.043     0.371 r  cnt4[3]_i_1/O
                         net (fo=1, routed)           0.000     0.371    p_0_in[3]
    SLICE_X0Y19          FDRE                                         r  cnt4_reg[3]/D
  -------------------------------------------------------------------    -------------------

Slack:                    inf
  Source:                 cnt4_reg[0]/C
                            (rising edge-triggered cell FDRE)
  Destination:            cnt4_reg[2]/D
  Path Group:             (none)
  Path Type:              Min at Fast Process Corner
  Data Path Delay:        0.373ns  (logic 0.186ns (49.846%)  route 0.187ns (50.154%))
  Logic Levels:           2  (FDRE=1 LUT3=1)

    Location             Delay type                Incr(ns)  Path(ns)    Netlist Resource(s)
  -------------------------------------------------------------------    -------------------
    SLICE_X0Y19          FDRE                         0.000     0.000 r  cnt4_reg[0]/C
    SLICE_X0Y19          FDRE (Prop_fdre_C_Q)         0.141     0.141 r  cnt4_reg[0]/Q
                         net (fo=5, routed)           0.187     0.328    led_OBUF[0]
    SLICE_X0Y19          LUT3 (Prop_lut3_I0_O)        0.045     0.373 r  cnt4[2]_i_1/O
                         net (fo=1, routed)           0.000     0.373    p_0_in[2]
    SLICE_X0Y19          FDRE                                         r  cnt4_reg[2]/D
  -------------------------------------------------------------------    -------------------

Slack:                    inf
  Source:                 cnt4_reg[0]/C
                            (rising edge-triggered cell FDRE)
  Destination:            cnt4_reg[1]/D
  Path Group:             (none)
  Path Type:              Min at Fast Process Corner
  Data Path Delay:        0.381ns  (logic 0.183ns (48.023%)  route 0.198ns (51.977%))
  Logic Levels:           2  (FDRE=1 LUT2=1)

    Location             Delay type                Incr(ns)  Path(ns)    Netlist Resource(s)
  -------------------------------------------------------------------    -------------------
    SLICE_X0Y19          FDRE                         0.000     0.000 r  cnt4_reg[0]/C
    SLICE_X0Y19          FDRE (Prop_fdre_C_Q)         0.141     0.141 r  cnt4_reg[0]/Q
                         net (fo=5, routed)           0.198     0.339    led_OBUF[0]
    SLICE_X0Y19          LUT2 (Prop_lut2_I0_O)        0.042     0.381 r  cnt4[1]_i_1/O
                         net (fo=1, routed)           0.000     0.381    p_0_in[1]
    SLICE_X0Y19          FDRE                                         r  cnt4_reg[1]/D
  -------------------------------------------------------------------    -------------------

Slack:                    inf
  Source:                 cnt4_reg[0]/C
                            (rising edge-triggered cell FDRE)
  Destination:            cnt4_reg[0]/D
  Path Group:             (none)
  Path Type:              Min at Fast Process Corner
  Data Path Delay:        0.384ns  (logic 0.186ns (48.429%)  route 0.198ns (51.571%))
  Logic Levels:           2  (FDRE=1 LUT1=1)

    Location             Delay type                Incr(ns)  Path(ns)    Netlist Resource(s)
  -------------------------------------------------------------------    -------------------
    SLICE_X0Y19          FDRE                         0.000     0.000 r  cnt4_reg[0]/C
    SLICE_X0Y19          FDRE (Prop_fdre_C_Q)         0.141     0.141 f  cnt4_reg[0]/Q
                         net (fo=5, routed)           0.198     0.339    led_OBUF[0]
    SLICE_X0Y19          LUT1 (Prop_lut1_I0_O)        0.045     0.384 r  cnt4[0]_i_1/O
                         net (fo=1, routed)           0.000     0.384    p_0_in[0]
    SLICE_X0Y19          FDRE                                         r  cnt4_reg[0]/D
  -------------------------------------------------------------------    -------------------

Slack:                    inf
  Source:                 cnt4_reg[2]/C
                            (rising edge-triggered cell FDRE)
  Destination:            led[2]
                            (output port)
  Path Group:             (none)
  Path Type:              Min at Fast Process Corner
  Data Path Delay:        1.681ns  (logic 1.343ns (79.898%)  route 0.338ns (20.102%))
  Logic Levels:           2  (FDRE=1 OBUF=1)

    Location             Delay type                Incr(ns)  Path(ns)    Netlist Resource(s)
  -------------------------------------------------------------------    -------------------
    SLICE_X0Y19          FDRE                         0.000     0.000 r  cnt4_reg[2]/C
    SLICE_X0Y19          FDRE (Prop_fdre_C_Q)         0.141     0.141 r  cnt4_reg[2]/Q
                         net (fo=3, routed)           0.338     0.479    led_OBUF[2]
    U19                  OBUF (Prop_obuf_I_O)         1.202     1.681 r  led_OBUF[2]_inst/O
                         net (fo=0)                   0.000     1.681    led[2]
    U19                                                               r  led[2] (OUT)
  -------------------------------------------------------------------    -------------------

Slack:                    inf
  Source:                 cnt4_reg[3]/C
                            (rising edge-triggered cell FDRE)
  Destination:            led[3]
                            (output port)
  Path Group:             (none)
  Path Type:              Min at Fast Process Corner
  Data Path Delay:        1.753ns  (logic 1.391ns (79.368%)  route 0.362ns (20.632%))
  Logic Levels:           2  (FDRE=1 OBUF=1)

    Location             Delay type                Incr(ns)  Path(ns)    Netlist Resource(s)
  -------------------------------------------------------------------    -------------------
    SLICE_X0Y19          FDRE                         0.000     0.000 r  cnt4_reg[3]/C
    SLICE_X0Y19          FDRE (Prop_fdre_C_Q)         0.128     0.128 r  cnt4_reg[3]/Q
                         net (fo=2, routed)           0.362     0.490    led_OBUF[3]
    V19                  OBUF (Prop_obuf_I_O)         1.263     1.753 r  led_OBUF[3]_inst/O
                         net (fo=0)                   0.000     1.753    led[3]
    V19                                                               r  led[3] (OUT)
  -------------------------------------------------------------------    -------------------

Slack:                    inf
  Source:                 cnt4_reg[0]/C
                            (rising edge-triggered cell FDRE)
  Destination:            led[0]
                            (output port)
  Path Group:             (none)
  Path Type:              Min at Fast Process Corner
  Data Path Delay:        1.951ns  (logic 1.347ns (69.035%)  route 0.604ns (30.965%))
  Logic Levels:           2  (FDRE=1 OBUF=1)

    Location             Delay type                Incr(ns)  Path(ns)    Netlist Resource(s)
  -------------------------------------------------------------------    -------------------
    SLICE_X0Y19          FDRE                         0.000     0.000 r  cnt4_reg[0]/C
    SLICE_X0Y19          FDRE (Prop_fdre_C_Q)         0.141     0.141 r  cnt4_reg[0]/Q
                         net (fo=5, routed)           0.604     0.745    led_OBUF[0]
    U16                  OBUF (Prop_obuf_I_O)         1.206     1.951 r  led_OBUF[0]_inst/O
                         net (fo=0)                   0.000     1.951    led[0]
    U16                                                               r  led[0] (OUT)
  -------------------------------------------------------------------    -------------------

Slack:                    inf
  Source:                 cnt4_reg[1]/C
                            (rising edge-triggered cell FDRE)
  Destination:            led[1]
                            (output port)
  Path Group:             (none)
  Path Type:              Min at Fast Process Corner
  Data Path Delay:        2.127ns  (logic 1.413ns (66.411%)  route 0.714ns (33.589%))
  Logic Levels:           2  (FDRE=1 OBUF=1)

    Location             Delay type                Incr(ns)  Path(ns)    Netlist Resource(s)
  -------------------------------------------------------------------    -------------------
    SLICE_X0Y19          FDRE                         0.000     0.000 r  cnt4_reg[1]/C
    SLICE_X0Y19          FDRE (Prop_fdre_C_Q)         0.128     0.128 r  cnt4_reg[1]/Q
                         net (fo=4, routed)           0.714     0.842    led_OBUF[1]
    E19                  OBUF (Prop_obuf_I_O)         1.285     2.127 r  led_OBUF[1]_inst/O
                         net (fo=0)                   0.000     2.127    led[1]
    E19                                                               r  led[1] (OUT)
  -------------------------------------------------------------------    -------------------





