Copyright 1986-2022 Xilinx, Inc. All Rights Reserved.
---------------------------------------------------------------------------------------------------------------------------------------------------------------------------------------------------------------------------------------------
| Tool Version : Vivado v.2022.1 (win64) Build 3526262 Mon Apr 18 15:48:16 MDT 2022
| Date         : Thu May 14 14:17:37 2026
| Host         : DESKTOP-TM7VUND running 64-bit major release  (build 9200)
| Command      : report_timing_summary -max_paths 10 -report_unconstrained -file bcd_counter_7seg_timing_summary_routed.rpt -pb bcd_counter_7seg_timing_summary_routed.pb -rpx bcd_counter_7seg_timing_summary_routed.rpx -warn_on_violation
| Design       : bcd_counter_7seg
| Device       : 7a35t-cpg236
| Speed File   : -1  PRODUCTION 1.23 2018-06-13
---------------------------------------------------------------------------------------------------------------------------------------------------------------------------------------------------------------------------------------------

Timing Summary Report

------------------------------------------------------------------------------------------------
| Timer Settings
| --------------
------------------------------------------------------------------------------------------------

  Enable Multi Corner Analysis               :  Yes
  Enable Pessimism Removal                   :  Yes
  Pessimism Removal Resolution               :  Nearest Common Node
  Enable Input Delay Default Clock           :  No
  Enable Preset / Clear Arcs                 :  No
  Disable Flight Delays                      :  No
  Ignore I/O Paths                           :  No
  Timing Early Launch at Borrowing Latches   :  No
  Borrow Time for Max Delay Exceptions       :  Yes
  Merge Timing Exceptions                    :  Yes

  Corner  Analyze    Analyze    
  Name    Max Paths  Min Paths  
  ------  ---------  ---------  
  Slow    Yes        Yes        
  Fast    Yes        Yes        


------------------------------------------------------------------------------------------------
| Report Methodology
| ------------------
------------------------------------------------------------------------------------------------

Rule       Severity          Description                  Violations  
---------  ----------------  ---------------------------  ----------  
TIMING-17  Critical Warning  Non-clocked sequential cell  4           

Note: This report is based on the most recent report_methodology run and may not be up-to-date. Run report_methodology on the current design for the latest report.



check_timing report

Table of Contents
-----------------
1. checking no_clock (4)
2. checking constant_clock (0)
3. checking pulse_width_clock (0)
4. checking unconstrained_internal_endpoints (8)
5. checking no_input_delay (0)
6. checking no_output_delay (7)
7. checking multiple_clock (0)
8. checking generated_clocks (0)
9. checking loops (0)
10. checking partial_input_delay (0)
11. checking partial_output_delay (0)
12. checking latch_loops (0)

1. checking no_clock (4)
------------------------
 There are 4 register/latch pins with no clock driven by root clock pin: clk_1hz_reg/Q (HIGH)


2. checking constant_clock (0)
------------------------------
 There are 0 register/latch pins with constant_clock.


3. checking pulse_width_clock (0)
---------------------------------
 There are 0 register/latch pins which need pulse_width check


4. checking unconstrained_internal_endpoints (8)
------------------------------------------------
 There are 8 pins that are not constrained for maximum delay. (HIGH)

 There are 0 pins that are not constrained for maximum delay due to constant clock.


5. checking no_input_delay (0)
------------------------------
 There are 0 input ports with no input delay specified.

 There are 0 input ports with no input delay but user has a false path constraint.


6. checking no_output_delay (7)
-------------------------------
 There are 7 ports with no output delay specified. (HIGH)

 There are 0 ports with no output delay but user has a false path constraint

 There are 0 ports with no output delay but with a timing clock defined on it or propagating through it


7. checking multiple_clock (0)
------------------------------
 There are 0 register/latch pins with multiple clocks.


8. checking generated_clocks (0)
--------------------------------
 There are 0 generated clocks that are not connected to a clock source.


9. checking loops (0)
---------------------
 There are 0 combinational loops in the design.


10. checking partial_input_delay (0)
------------------------------------
 There are 0 input ports with partial input delay specified.


11. checking partial_output_delay (0)
-------------------------------------
 There are 0 ports with partial output delay specified.


12. checking latch_loops (0)
----------------------------
 There are 0 combinational latch loops in the design through latch input



------------------------------------------------------------------------------------------------
| Design Timing Summary
| ---------------------
------------------------------------------------------------------------------------------------

    WNS(ns)      TNS(ns)  TNS Failing Endpoints  TNS Total Endpoints      WHS(ns)      THS(ns)  THS Failing Endpoints  THS Total Endpoints     WPWS(ns)     TPWS(ns)  TPWS Failing Endpoints  TPWS Total Endpoints  
    -------      -------  ---------------------  -------------------      -------      -------  ---------------------  -------------------     --------     --------  ----------------------  --------------------  
      6.126        0.000                      0                   52        0.263        0.000                      0                   52        4.500        0.000                       0                    28  


All user specified timing constraints are met.


------------------------------------------------------------------------------------------------
| Clock Summary
| -------------
------------------------------------------------------------------------------------------------

Clock        Waveform(ns)       Period(ns)      Frequency(MHz)
-----        ------------       ----------      --------------
sys_clk_pin  {0.000 5.000}      10.000          100.000         


------------------------------------------------------------------------------------------------
| Intra Clock Table
| -----------------
------------------------------------------------------------------------------------------------

Clock             WNS(ns)      TNS(ns)  TNS Failing Endpoints  TNS Total Endpoints      WHS(ns)      THS(ns)  THS Failing Endpoints  THS Total Endpoints     WPWS(ns)     TPWS(ns)  TPWS Failing Endpoints  TPWS Total Endpoints  
-----             -------      -------  ---------------------  -------------------      -------      -------  ---------------------  -------------------     --------     --------  ----------------------  --------------------  
sys_clk_pin         6.126        0.000                      0                   52        0.263        0.000                      0                   52        4.500        0.000                       0                    28  


------------------------------------------------------------------------------------------------
| Inter Clock Table
| -----------------
------------------------------------------------------------------------------------------------

From Clock    To Clock          WNS(ns)      TNS(ns)  TNS Failing Endpoints  TNS Total Endpoints      WHS(ns)      THS(ns)  THS Failing Endpoints  THS Total Endpoints  
----------    --------          -------      -------  ---------------------  -------------------      -------      -------  ---------------------  -------------------  


------------------------------------------------------------------------------------------------
| Other Path Groups Table
| -----------------------
------------------------------------------------------------------------------------------------

Path Group    From Clock    To Clock          WNS(ns)      TNS(ns)  TNS Failing Endpoints  TNS Total Endpoints      WHS(ns)      THS(ns)  THS Failing Endpoints  THS Total Endpoints  
----------    ----------    --------          -------      -------  ---------------------  -------------------      -------      -------  ---------------------  -------------------  


------------------------------------------------------------------------------------------------
| User Ignored Path Table
| -----------------------
------------------------------------------------------------------------------------------------

Path Group    From Clock    To Clock    
----------    ----------    --------    


------------------------------------------------------------------------------------------------
| Unconstrained Path Table
| ------------------------
------------------------------------------------------------------------------------------------

Path Group    From Clock    To Clock    
----------    ----------    --------    
(none)                                    


------------------------------------------------------------------------------------------------
| Timing Details
| --------------
------------------------------------------------------------------------------------------------


---------------------------------------------------------------------------------------------------
From Clock:  sys_clk_pin
  To Clock:  sys_clk_pin

Setup :            0  Failing Endpoints,  Worst Slack        6.126ns,  Total Violation        0.000ns
Hold  :            0  Failing Endpoints,  Worst Slack        0.263ns,  Total Violation        0.000ns
PW    :            0  Failing Endpoints,  Worst Slack        4.500ns,  Total Violation        0.000ns
---------------------------------------------------------------------------------------------------


Max Delay Paths
--------------------------------------------------------------------------------------
Slack (MET) :             6.126ns  (required time - arrival time)
  Source:                 count_clk_reg[19]/C
                            (rising edge-triggered cell FDRE clocked by sys_clk_pin  {rise@0.000ns fall@5.000ns period=10.000ns})
  Destination:            count_clk_reg[25]/R
                            (rising edge-triggered cell FDRE clocked by sys_clk_pin  {rise@0.000ns fall@5.000ns period=10.000ns})
  Path Group:             sys_clk_pin
  Path Type:              Setup (Max at Slow Process Corner)
  Requirement:            10.000ns  (sys_clk_pin rise@10.000ns - sys_clk_pin rise@0.000ns)
  Data Path Delay:        3.290ns  (logic 0.766ns (23.282%)  route 2.524ns (76.718%))
  Logic Levels:           2  (LUT4=1 LUT6=1)
  Clock Path Skew:        -0.025ns (DCD - SCD + CPR)
    Destination Clock Delay (DCD):    4.843ns = ( 14.843 - 10.000 ) 
    Source Clock Delay      (SCD):    5.142ns
    Clock Pessimism Removal (CPR):    0.274ns
  Clock Uncertainty:      0.035ns  ((TSJ^2 + TIJ^2)^1/2 + DJ) / 2 + PE
    Total System Jitter     (TSJ):    0.071ns
    Total Input Jitter      (TIJ):    0.000ns
    Discrete Jitter          (DJ):    0.000ns
    Phase Error              (PE):    0.000ns

    Location             Delay type                Incr(ns)  Path(ns)    Netlist Resource(s)
  -------------------------------------------------------------------    -------------------
                         (clock sys_clk_pin rise edge)
                                                      0.000     0.000 r  
    W5                                                0.000     0.000 r  clk (IN)
                         net (fo=0)                   0.000     0.000    clk
    W5                   IBUF (Prop_ibuf_I_O)         1.458     1.458 r  clk_IBUF_inst/O
                         net (fo=1, routed)           1.967     3.425    clk_IBUF
    BUFGCTRL_X0Y0        BUFG (Prop_bufg_I_O)         0.096     3.521 r  clk_IBUF_BUFG_inst/O
                         net (fo=27, routed)          1.621     5.142    clk_IBUF_BUFG
    SLICE_X64Y22         FDRE                                         r  count_clk_reg[19]/C
  -------------------------------------------------------------------    -------------------
    SLICE_X64Y22         FDRE (Prop_fdre_C_Q)         0.518     5.660 r  count_clk_reg[19]/Q
                         net (fo=2, routed)           0.856     6.516    count_clk_reg_n_0_[19]
    SLICE_X65Y22         LUT4 (Prop_lut4_I0_O)        0.124     6.640 f  count_clk[25]_i_5/O
                         net (fo=1, routed)           0.797     7.437    count_clk[25]_i_5_n_0
    SLICE_X65Y21         LUT6 (Prop_lut6_I1_O)        0.124     7.561 r  count_clk[25]_i_3/O
                         net (fo=26, routed)          0.871     8.432    clk_1hz
    SLICE_X64Y24         FDRE                                         r  count_clk_reg[25]/R
  -------------------------------------------------------------------    -------------------

                         (clock sys_clk_pin rise edge)
                                                     10.000    10.000 r  
    W5                                                0.000    10.000 r  clk (IN)
                         net (fo=0)                   0.000    10.000    clk
    W5                   IBUF (Prop_ibuf_I_O)         1.388    11.388 r  clk_IBUF_inst/O
                         net (fo=1, routed)           1.862    13.250    clk_IBUF
    BUFGCTRL_X0Y0        BUFG (Prop_bufg_I_O)         0.091    13.341 r  clk_IBUF_BUFG_inst/O
                         net (fo=27, routed)          1.502    14.843    clk_IBUF_BUFG
    SLICE_X64Y24         FDRE                                         r  count_clk_reg[25]/C
                         clock pessimism              0.274    15.117    
                         clock uncertainty           -0.035    15.082    
    SLICE_X64Y24         FDRE (Setup_fdre_C_R)       -0.524    14.558    count_clk_reg[25]
  -------------------------------------------------------------------
                         required time                         14.558    
                         arrival time                          -8.432    
  -------------------------------------------------------------------
                         slack                                  6.126    

Slack (MET) :             6.237ns  (required time - arrival time)
  Source:                 count_clk_reg[19]/C
                            (rising edge-triggered cell FDRE clocked by sys_clk_pin  {rise@0.000ns fall@5.000ns period=10.000ns})
  Destination:            count_clk_reg[13]/R
                            (rising edge-triggered cell FDRE clocked by sys_clk_pin  {rise@0.000ns fall@5.000ns period=10.000ns})
  Path Group:             sys_clk_pin
  Path Type:              Setup (Max at Slow Process Corner)
  Requirement:            10.000ns  (sys_clk_pin rise@10.000ns - sys_clk_pin rise@0.000ns)
  Data Path Delay:        3.184ns  (logic 0.766ns (24.059%)  route 2.418ns (75.941%))
  Logic Levels:           2  (LUT4=1 LUT6=1)
  Clock Path Skew:        -0.020ns (DCD - SCD + CPR)
    Destination Clock Delay (DCD):    4.848ns = ( 14.848 - 10.000 ) 
    Source Clock Delay      (SCD):    5.142ns
    Clock Pessimism Removal (CPR):    0.274ns
  Clock Uncertainty:      0.035ns  ((TSJ^2 + TIJ^2)^1/2 + DJ) / 2 + PE
    Total System Jitter     (TSJ):    0.071ns
    Total Input Jitter      (TIJ):    0.000ns
    Discrete Jitter          (DJ):    0.000ns
    Phase Error              (PE):    0.000ns

    Location             Delay type                Incr(ns)  Path(ns)    Netlist Resource(s)
  -------------------------------------------------------------------    -------------------
                         (clock sys_clk_pin rise edge)
                                                      0.000     0.000 r  
    W5                                                0.000     0.000 r  clk (IN)
                         net (fo=0)                   0.000     0.000    clk
    W5                   IBUF (Prop_ibuf_I_O)         1.458     1.458 r  clk_IBUF_inst/O
                         net (fo=1, routed)           1.967     3.425    clk_IBUF
    BUFGCTRL_X0Y0        BUFG (Prop_bufg_I_O)         0.096     3.521 r  clk_IBUF_BUFG_inst/O
                         net (fo=27, routed)          1.621     5.142    clk_IBUF_BUFG
    SLICE_X64Y22         FDRE                                         r  count_clk_reg[19]/C
  -------------------------------------------------------------------    -------------------
    SLICE_X64Y22         FDRE (Prop_fdre_C_Q)         0.518     5.660 r  count_clk_reg[19]/Q
                         net (fo=2, routed)           0.856     6.516    count_clk_reg_n_0_[19]
    SLICE_X65Y22         LUT4 (Prop_lut4_I0_O)        0.124     6.640 f  count_clk[25]_i_5/O
                         net (fo=1, routed)           0.797     7.437    count_clk[25]_i_5_n_0
    SLICE_X65Y21         LUT6 (Prop_lut6_I1_O)        0.124     7.561 r  count_clk[25]_i_3/O
                         net (fo=26, routed)          0.765     8.326    clk_1hz
    SLICE_X64Y21         FDRE                                         r  count_clk_reg[13]/R
  -------------------------------------------------------------------    -------------------

                         (clock sys_clk_pin rise edge)
                                                     10.000    10.000 r  
    W5                                                0.000    10.000 r  clk (IN)
                         net (fo=0)                   0.000    10.000    clk
    W5                   IBUF (Prop_ibuf_I_O)         1.388    11.388 r  clk_IBUF_inst/O
                         net (fo=1, routed)           1.862    13.250    clk_IBUF
    BUFGCTRL_X0Y0        BUFG (Prop_bufg_I_O)         0.091    13.341 r  clk_IBUF_BUFG_inst/O
                         net (fo=27, routed)          1.507    14.848    clk_IBUF_BUFG
    SLICE_X64Y21         FDRE                                         r  count_clk_reg[13]/C
                         clock pessimism              0.274    15.122    
                         clock uncertainty           -0.035    15.087    
    SLICE_X64Y21         FDRE (Setup_fdre_C_R)       -0.524    14.563    count_clk_reg[13]
  -------------------------------------------------------------------
                         required time                         14.563    
                         arrival time                          -8.326    
  -------------------------------------------------------------------
                         slack                                  6.237    

Slack (MET) :             6.237ns  (required time - arrival time)
  Source:                 count_clk_reg[19]/C
                            (rising edge-triggered cell FDRE clocked by sys_clk_pin  {rise@0.000ns fall@5.000ns period=10.000ns})
  Destination:            count_clk_reg[14]/R
                            (rising edge-triggered cell FDRE clocked by sys_clk_pin  {rise@0.000ns fall@5.000ns period=10.000ns})
  Path Group:             sys_clk_pin
  Path Type:              Setup (Max at Slow Process Corner)
  Requirement:            10.000ns  (sys_clk_pin rise@10.000ns - sys_clk_pin rise@0.000ns)
  Data Path Delay:        3.184ns  (logic 0.766ns (24.059%)  route 2.418ns (75.941%))
  Logic Levels:           2  (LUT4=1 LUT6=1)
  Clock Path Skew:        -0.020ns (DCD - SCD + CPR)
    Destination Clock Delay (DCD):    4.848ns = ( 14.848 - 10.000 ) 
    Source Clock Delay      (SCD):    5.142ns
    Clock Pessimism Removal (CPR):    0.274ns
  Clock Uncertainty:      0.035ns  ((TSJ^2 + TIJ^2)^1/2 + DJ) / 2 + PE
    Total System Jitter     (TSJ):    0.071ns
    Total Input Jitter      (TIJ):    0.000ns
    Discrete Jitter          (DJ):    0.000ns
    Phase Error              (PE):    0.000ns

    Location             Delay type                Incr(ns)  Path(ns)    Netlist Resource(s)
  -------------------------------------------------------------------    -------------------
                         (clock sys_clk_pin rise edge)
                                                      0.000     0.000 r  
    W5                                                0.000     0.000 r  clk (IN)
                         net (fo=0)                   0.000     0.000    clk
    W5                   IBUF (Prop_ibuf_I_O)         1.458     1.458 r  clk_IBUF_inst/O
                         net (fo=1, routed)           1.967     3.425    clk_IBUF
    BUFGCTRL_X0Y0        BUFG (Prop_bufg_I_O)         0.096     3.521 r  clk_IBUF_BUFG_inst/O
                         net (fo=27, routed)          1.621     5.142    clk_IBUF_BUFG
    SLICE_X64Y22         FDRE                                         r  count_clk_reg[19]/C
  -------------------------------------------------------------------    -------------------
    SLICE_X64Y22         FDRE (Prop_fdre_C_Q)         0.518     5.660 r  count_clk_reg[19]/Q
                         net (fo=2, routed)           0.856     6.516    count_clk_reg_n_0_[19]
    SLICE_X65Y22         LUT4 (Prop_lut4_I0_O)        0.124     6.640 f  count_clk[25]_i_5/O
                         net (fo=1, routed)           0.797     7.437    count_clk[25]_i_5_n_0
    SLICE_X65Y21         LUT6 (Prop_lut6_I1_O)        0.124     7.561 r  count_clk[25]_i_3/O
                         net (fo=26, routed)          0.765     8.326    clk_1hz
    SLICE_X64Y21         FDRE                                         r  count_clk_reg[14]/R
  -------------------------------------------------------------------    -------------------

                         (clock sys_clk_pin rise edge)
                                                     10.000    10.000 r  
    W5                                                0.000    10.000 r  clk (IN)
                         net (fo=0)                   0.000    10.000    clk
    W5                   IBUF (Prop_ibuf_I_O)         1.388    11.388 r  clk_IBUF_inst/O
                         net (fo=1, routed)           1.862    13.250    clk_IBUF
    BUFGCTRL_X0Y0        BUFG (Prop_bufg_I_O)         0.091    13.341 r  clk_IBUF_BUFG_inst/O
                         net (fo=27, routed)          1.507    14.848    clk_IBUF_BUFG
    SLICE_X64Y21         FDRE                                         r  count_clk_reg[14]/C
                         clock pessimism              0.274    15.122    
                         clock uncertainty           -0.035    15.087    
    SLICE_X64Y21         FDRE (Setup_fdre_C_R)       -0.524    14.563    count_clk_reg[14]
  -------------------------------------------------------------------
                         required time                         14.563    
                         arrival time                          -8.326    
  -------------------------------------------------------------------
                         slack                                  6.237    

Slack (MET) :             6.237ns  (required time - arrival time)
  Source:                 count_clk_reg[19]/C
                            (rising edge-triggered cell FDRE clocked by sys_clk_pin  {rise@0.000ns fall@5.000ns period=10.000ns})
  Destination:            count_clk_reg[15]/R
                            (rising edge-triggered cell FDRE clocked by sys_clk_pin  {rise@0.000ns fall@5.000ns period=10.000ns})
  Path Group:             sys_clk_pin
  Path Type:              Setup (Max at Slow Process Corner)
  Requirement:            10.000ns  (sys_clk_pin rise@10.000ns - sys_clk_pin rise@0.000ns)
  Data Path Delay:        3.184ns  (logic 0.766ns (24.059%)  route 2.418ns (75.941%))
  Logic Levels:           2  (LUT4=1 LUT6=1)
  Clock Path Skew:        -0.020ns (DCD - SCD + CPR)
    Destination Clock Delay (DCD):    4.848ns = ( 14.848 - 10.000 ) 
    Source Clock Delay      (SCD):    5.142ns
    Clock Pessimism Removal (CPR):    0.274ns
  Clock Uncertainty:      0.035ns  ((TSJ^2 + TIJ^2)^1/2 + DJ) / 2 + PE
    Total System Jitter     (TSJ):    0.071ns
    Total Input Jitter      (TIJ):    0.000ns
    Discrete Jitter          (DJ):    0.000ns
    Phase Error              (PE):    0.000ns

    Location             Delay type                Incr(ns)  Path(ns)    Netlist Resource(s)
  -------------------------------------------------------------------    -------------------
                         (clock sys_clk_pin rise edge)
                                                      0.000     0.000 r  
    W5                                                0.000     0.000 r  clk (IN)
                         net (fo=0)                   0.000     0.000    clk
    W5                   IBUF (Prop_ibuf_I_O)         1.458     1.458 r  clk_IBUF_inst/O
                         net (fo=1, routed)           1.967     3.425    clk_IBUF
    BUFGCTRL_X0Y0        BUFG (Prop_bufg_I_O)         0.096     3.521 r  clk_IBUF_BUFG_inst/O
                         net (fo=27, routed)          1.621     5.142    clk_IBUF_BUFG
    SLICE_X64Y22         FDRE                                         r  count_clk_reg[19]/C
  -------------------------------------------------------------------    -------------------
    SLICE_X64Y22         FDRE (Prop_fdre_C_Q)         0.518     5.660 r  count_clk_reg[19]/Q
                         net (fo=2, routed)           0.856     6.516    count_clk_reg_n_0_[19]
    SLICE_X65Y22         LUT4 (Prop_lut4_I0_O)        0.124     6.640 f  count_clk[25]_i_5/O
                         net (fo=1, routed)           0.797     7.437    count_clk[25]_i_5_n_0
    SLICE_X65Y21         LUT6 (Prop_lut6_I1_O)        0.124     7.561 r  count_clk[25]_i_3/O
                         net (fo=26, routed)          0.765     8.326    clk_1hz
    SLICE_X64Y21         FDRE                                         r  count_clk_reg[15]/R
  -------------------------------------------------------------------    -------------------

                         (clock sys_clk_pin rise edge)
                                                     10.000    10.000 r  
    W5                                                0.000    10.000 r  clk (IN)
                         net (fo=0)                   0.000    10.000    clk
    W5                   IBUF (Prop_ibuf_I_O)         1.388    11.388 r  clk_IBUF_inst/O
                         net (fo=1, routed)           1.862    13.250    clk_IBUF
    BUFGCTRL_X0Y0        BUFG (Prop_bufg_I_O)         0.091    13.341 r  clk_IBUF_BUFG_inst/O
                         net (fo=27, routed)          1.507    14.848    clk_IBUF_BUFG
    SLICE_X64Y21         FDRE                                         r  count_clk_reg[15]/C
                         clock pessimism              0.274    15.122    
                         clock uncertainty           -0.035    15.087    
    SLICE_X64Y21         FDRE (Setup_fdre_C_R)       -0.524    14.563    count_clk_reg[15]
  -------------------------------------------------------------------
                         required time                         14.563    
                         arrival time                          -8.326    
  -------------------------------------------------------------------
                         slack                                  6.237    

Slack (MET) :             6.237ns  (required time - arrival time)
  Source:                 count_clk_reg[19]/C
                            (rising edge-triggered cell FDRE clocked by sys_clk_pin  {rise@0.000ns fall@5.000ns period=10.000ns})
  Destination:            count_clk_reg[16]/R
                            (rising edge-triggered cell FDRE clocked by sys_clk_pin  {rise@0.000ns fall@5.000ns period=10.000ns})
  Path Group:             sys_clk_pin
  Path Type:              Setup (Max at Slow Process Corner)
  Requirement:            10.000ns  (sys_clk_pin rise@10.000ns - sys_clk_pin rise@0.000ns)
  Data Path Delay:        3.184ns  (logic 0.766ns (24.059%)  route 2.418ns (75.941%))
  Logic Levels:           2  (LUT4=1 LUT6=1)
  Clock Path Skew:        -0.020ns (DCD - SCD + CPR)
    Destination Clock Delay (DCD):    4.848ns = ( 14.848 - 10.000 ) 
    Source Clock Delay      (SCD):    5.142ns
    Clock Pessimism Removal (CPR):    0.274ns
  Clock Uncertainty:      0.035ns  ((TSJ^2 + TIJ^2)^1/2 + DJ) / 2 + PE
    Total System Jitter     (TSJ):    0.071ns
    Total Input Jitter      (TIJ):    0.000ns
    Discrete Jitter          (DJ):    0.000ns
    Phase Error              (PE):    0.000ns

    Location             Delay type                Incr(ns)  Path(ns)    Netlist Resource(s)
  -------------------------------------------------------------------    -------------------
                         (clock sys_clk_pin rise edge)
                                                      0.000     0.000 r  
    W5                                                0.000     0.000 r  clk (IN)
                         net (fo=0)                   0.000     0.000    clk
    W5                   IBUF (Prop_ibuf_I_O)         1.458     1.458 r  clk_IBUF_inst/O
                         net (fo=1, routed)           1.967     3.425    clk_IBUF
    BUFGCTRL_X0Y0        BUFG (Prop_bufg_I_O)         0.096     3.521 r  clk_IBUF_BUFG_inst/O
                         net (fo=27, routed)          1.621     5.142    clk_IBUF_BUFG
    SLICE_X64Y22         FDRE                                         r  count_clk_reg[19]/C
  -------------------------------------------------------------------    -------------------
    SLICE_X64Y22         FDRE (Prop_fdre_C_Q)         0.518     5.660 r  count_clk_reg[19]/Q
                         net (fo=2, routed)           0.856     6.516    count_clk_reg_n_0_[19]
    SLICE_X65Y22         LUT4 (Prop_lut4_I0_O)        0.124     6.640 f  count_clk[25]_i_5/O
                         net (fo=1, routed)           0.797     7.437    count_clk[25]_i_5_n_0
    SLICE_X65Y21         LUT6 (Prop_lut6_I1_O)        0.124     7.561 r  count_clk[25]_i_3/O
                         net (fo=26, routed)          0.765     8.326    clk_1hz
    SLICE_X64Y21         FDRE                                         r  count_clk_reg[16]/R
  -------------------------------------------------------------------    -------------------

                         (clock sys_clk_pin rise edge)
                                                     10.000    10.000 r  
    W5                                                0.000    10.000 r  clk (IN)
                         net (fo=0)                   0.000    10.000    clk
    W5                   IBUF (Prop_ibuf_I_O)         1.388    11.388 r  clk_IBUF_inst/O
                         net (fo=1, routed)           1.862    13.250    clk_IBUF
    BUFGCTRL_X0Y0        BUFG (Prop_bufg_I_O)         0.091    13.341 r  clk_IBUF_BUFG_inst/O
                         net (fo=27, routed)          1.507    14.848    clk_IBUF_BUFG
    SLICE_X64Y21         FDRE                                         r  count_clk_reg[16]/C
                         clock pessimism              0.274    15.122    
                         clock uncertainty           -0.035    15.087    
    SLICE_X64Y21         FDRE (Setup_fdre_C_R)       -0.524    14.563    count_clk_reg[16]
  -------------------------------------------------------------------
                         required time                         14.563    
                         arrival time                          -8.326    
  -------------------------------------------------------------------
                         slack                                  6.237    

Slack (MET) :             6.266ns  (required time - arrival time)
  Source:                 count_clk_reg[19]/C
                            (rising edge-triggered cell FDRE clocked by sys_clk_pin  {rise@0.000ns fall@5.000ns period=10.000ns})
  Destination:            count_clk_reg[21]/R
                            (rising edge-triggered cell FDRE clocked by sys_clk_pin  {rise@0.000ns fall@5.000ns period=10.000ns})
  Path Group:             sys_clk_pin
  Path Type:              Setup (Max at Slow Process Corner)
  Requirement:            10.000ns  (sys_clk_pin rise@10.000ns - sys_clk_pin rise@0.000ns)
  Data Path Delay:        3.152ns  (logic 0.766ns (24.304%)  route 2.386ns (75.696%))
  Logic Levels:           2  (LUT4=1 LUT6=1)
  Clock Path Skew:        -0.023ns (DCD - SCD + CPR)
    Destination Clock Delay (DCD):    4.845ns = ( 14.845 - 10.000 ) 
    Source Clock Delay      (SCD):    5.142ns
    Clock Pessimism Removal (CPR):    0.274ns
  Clock Uncertainty:      0.035ns  ((TSJ^2 + TIJ^2)^1/2 + DJ) / 2 + PE
    Total System Jitter     (TSJ):    0.071ns
    Total Input Jitter      (TIJ):    0.000ns
    Discrete Jitter          (DJ):    0.000ns
    Phase Error              (PE):    0.000ns

    Location             Delay type                Incr(ns)  Path(ns)    Netlist Resource(s)
  -------------------------------------------------------------------    -------------------
                         (clock sys_clk_pin rise edge)
                                                      0.000     0.000 r  
    W5                                                0.000     0.000 r  clk (IN)
                         net (fo=0)                   0.000     0.000    clk
    W5                   IBUF (Prop_ibuf_I_O)         1.458     1.458 r  clk_IBUF_inst/O
                         net (fo=1, routed)           1.967     3.425    clk_IBUF
    BUFGCTRL_X0Y0        BUFG (Prop_bufg_I_O)         0.096     3.521 r  clk_IBUF_BUFG_inst/O
                         net (fo=27, routed)          1.621     5.142    clk_IBUF_BUFG
    SLICE_X64Y22         FDRE                                         r  count_clk_reg[19]/C
  -------------------------------------------------------------------    -------------------
    SLICE_X64Y22         FDRE (Prop_fdre_C_Q)         0.518     5.660 r  count_clk_reg[19]/Q
                         net (fo=2, routed)           0.856     6.516    count_clk_reg_n_0_[19]
    SLICE_X65Y22         LUT4 (Prop_lut4_I0_O)        0.124     6.640 f  count_clk[25]_i_5/O
                         net (fo=1, routed)           0.797     7.437    count_clk[25]_i_5_n_0
    SLICE_X65Y21         LUT6 (Prop_lut6_I1_O)        0.124     7.561 r  count_clk[25]_i_3/O
                         net (fo=26, routed)          0.733     8.294    clk_1hz
    SLICE_X64Y23         FDRE                                         r  count_clk_reg[21]/R
  -------------------------------------------------------------------    -------------------

                         (clock sys_clk_pin rise edge)
                                                     10.000    10.000 r  
    W5                                                0.000    10.000 r  clk (IN)
                         net (fo=0)                   0.000    10.000    clk
    W5                   IBUF (Prop_ibuf_I_O)         1.388    11.388 r  clk_IBUF_inst/O
                         net (fo=1, routed)           1.862    13.250    clk_IBUF
    BUFGCTRL_X0Y0        BUFG (Prop_bufg_I_O)         0.091    13.341 r  clk_IBUF_BUFG_inst/O
                         net (fo=27, routed)          1.504    14.845    clk_IBUF_BUFG
    SLICE_X64Y23         FDRE                                         r  count_clk_reg[21]/C
                         clock pessimism              0.274    15.119    
                         clock uncertainty           -0.035    15.084    
    SLICE_X64Y23         FDRE (Setup_fdre_C_R)       -0.524    14.560    count_clk_reg[21]
  -------------------------------------------------------------------
                         required time                         14.560    
                         arrival time                          -8.294    
  -------------------------------------------------------------------
                         slack                                  6.266    

Slack (MET) :             6.266ns  (required time - arrival time)
  Source:                 count_clk_reg[19]/C
                            (rising edge-triggered cell FDRE clocked by sys_clk_pin  {rise@0.000ns fall@5.000ns period=10.000ns})
  Destination:            count_clk_reg[22]/R
                            (rising edge-triggered cell FDRE clocked by sys_clk_pin  {rise@0.000ns fall@5.000ns period=10.000ns})
  Path Group:             sys_clk_pin
  Path Type:              Setup (Max at Slow Process Corner)
  Requirement:            10.000ns  (sys_clk_pin rise@10.000ns - sys_clk_pin rise@0.000ns)
  Data Path Delay:        3.152ns  (logic 0.766ns (24.304%)  route 2.386ns (75.696%))
  Logic Levels:           2  (LUT4=1 LUT6=1)
  Clock Path Skew:        -0.023ns (DCD - SCD + CPR)
    Destination Clock Delay (DCD):    4.845ns = ( 14.845 - 10.000 ) 
    Source Clock Delay      (SCD):    5.142ns
    Clock Pessimism Removal (CPR):    0.274ns
  Clock Uncertainty:      0.035ns  ((TSJ^2 + TIJ^2)^1/2 + DJ) / 2 + PE
    Total System Jitter     (TSJ):    0.071ns
    Total Input Jitter      (TIJ):    0.000ns
    Discrete Jitter          (DJ):    0.000ns
    Phase Error              (PE):    0.000ns

    Location             Delay type                Incr(ns)  Path(ns)    Netlist Resource(s)
  -------------------------------------------------------------------    -------------------
                         (clock sys_clk_pin rise edge)
                                                      0.000     0.000 r  
    W5                                                0.000     0.000 r  clk (IN)
                         net (fo=0)                   0.000     0.000    clk
    W5                   IBUF (Prop_ibuf_I_O)         1.458     1.458 r  clk_IBUF_inst/O
                         net (fo=1, routed)           1.967     3.425    clk_IBUF
    BUFGCTRL_X0Y0        BUFG (Prop_bufg_I_O)         0.096     3.521 r  clk_IBUF_BUFG_inst/O
                         net (fo=27, routed)          1.621     5.142    clk_IBUF_BUFG
    SLICE_X64Y22         FDRE                                         r  count_clk_reg[19]/C
  -------------------------------------------------------------------    -------------------
    SLICE_X64Y22         FDRE (Prop_fdre_C_Q)         0.518     5.660 r  count_clk_reg[19]/Q
                         net (fo=2, routed)           0.856     6.516    count_clk_reg_n_0_[19]
    SLICE_X65Y22         LUT4 (Prop_lut4_I0_O)        0.124     6.640 f  count_clk[25]_i_5/O
                         net (fo=1, routed)           0.797     7.437    count_clk[25]_i_5_n_0
    SLICE_X65Y21         LUT6 (Prop_lut6_I1_O)        0.124     7.561 r  count_clk[25]_i_3/O
                         net (fo=26, routed)          0.733     8.294    clk_1hz
    SLICE_X64Y23         FDRE                                         r  count_clk_reg[22]/R
  -------------------------------------------------------------------    -------------------

                         (clock sys_clk_pin rise edge)
                                                     10.000    10.000 r  
    W5                                                0.000    10.000 r  clk (IN)
                         net (fo=0)                   0.000    10.000    clk
    W5                   IBUF (Prop_ibuf_I_O)         1.388    11.388 r  clk_IBUF_inst/O
                         net (fo=1, routed)           1.862    13.250    clk_IBUF
    BUFGCTRL_X0Y0        BUFG (Prop_bufg_I_O)         0.091    13.341 r  clk_IBUF_BUFG_inst/O
                         net (fo=27, routed)          1.504    14.845    clk_IBUF_BUFG
    SLICE_X64Y23         FDRE                                         r  count_clk_reg[22]/C
                         clock pessimism              0.274    15.119    
                         clock uncertainty           -0.035    15.084    
    SLICE_X64Y23         FDRE (Setup_fdre_C_R)       -0.524    14.560    count_clk_reg[22]
  -------------------------------------------------------------------
                         required time                         14.560    
                         arrival time                          -8.294    
  -------------------------------------------------------------------
                         slack                                  6.266    

Slack (MET) :             6.266ns  (required time - arrival time)
  Source:                 count_clk_reg[19]/C
                            (rising edge-triggered cell FDRE clocked by sys_clk_pin  {rise@0.000ns fall@5.000ns period=10.000ns})
  Destination:            count_clk_reg[23]/R
                            (rising edge-triggered cell FDRE clocked by sys_clk_pin  {rise@0.000ns fall@5.000ns period=10.000ns})
  Path Group:             sys_clk_pin
  Path Type:              Setup (Max at Slow Process Corner)
  Requirement:            10.000ns  (sys_clk_pin rise@10.000ns - sys_clk_pin rise@0.000ns)
  Data Path Delay:        3.152ns  (logic 0.766ns (24.304%)  route 2.386ns (75.696%))
  Logic Levels:           2  (LUT4=1 LUT6=1)
  Clock Path Skew:        -0.023ns (DCD - SCD + CPR)
    Destination Clock Delay (DCD):    4.845ns = ( 14.845 - 10.000 ) 
    Source Clock Delay      (SCD):    5.142ns
    Clock Pessimism Removal (CPR):    0.274ns
  Clock Uncertainty:      0.035ns  ((TSJ^2 + TIJ^2)^1/2 + DJ) / 2 + PE
    Total System Jitter     (TSJ):    0.071ns
    Total Input Jitter      (TIJ):    0.000ns
    Discrete Jitter          (DJ):    0.000ns
    Phase Error              (PE):    0.000ns

    Location             Delay type                Incr(ns)  Path(ns)    Netlist Resource(s)
  -------------------------------------------------------------------    -------------------
                         (clock sys_clk_pin rise edge)
                                                      0.000     0.000 r  
    W5                                                0.000     0.000 r  clk (IN)
                         net (fo=0)                   0.000     0.000    clk
    W5                   IBUF (Prop_ibuf_I_O)         1.458     1.458 r  clk_IBUF_inst/O
                         net (fo=1, routed)           1.967     3.425    clk_IBUF
    BUFGCTRL_X0Y0        BUFG (Prop_bufg_I_O)         0.096     3.521 r  clk_IBUF_BUFG_inst/O
                         net (fo=27, routed)          1.621     5.142    clk_IBUF_BUFG
    SLICE_X64Y22         FDRE                                         r  count_clk_reg[19]/C
  -------------------------------------------------------------------    -------------------
    SLICE_X64Y22         FDRE (Prop_fdre_C_Q)         0.518     5.660 r  count_clk_reg[19]/Q
                         net (fo=2, routed)           0.856     6.516    count_clk_reg_n_0_[19]
    SLICE_X65Y22         LUT4 (Prop_lut4_I0_O)        0.124     6.640 f  count_clk[25]_i_5/O
                         net (fo=1, routed)           0.797     7.437    count_clk[25]_i_5_n_0
    SLICE_X65Y21         LUT6 (Prop_lut6_I1_O)        0.124     7.561 r  count_clk[25]_i_3/O
                         net (fo=26, routed)          0.733     8.294    clk_1hz
    SLICE_X64Y23         FDRE                                         r  count_clk_reg[23]/R
  -------------------------------------------------------------------    -------------------

                         (clock sys_clk_pin rise edge)
                                                     10.000    10.000 r  
    W5                                                0.000    10.000 r  clk (IN)
                         net (fo=0)                   0.000    10.000    clk
    W5                   IBUF (Prop_ibuf_I_O)         1.388    11.388 r  clk_IBUF_inst/O
                         net (fo=1, routed)           1.862    13.250    clk_IBUF
    BUFGCTRL_X0Y0        BUFG (Prop_bufg_I_O)         0.091    13.341 r  clk_IBUF_BUFG_inst/O
                         net (fo=27, routed)          1.504    14.845    clk_IBUF_BUFG
    SLICE_X64Y23         FDRE                                         r  count_clk_reg[23]/C
                         clock pessimism              0.274    15.119    
                         clock uncertainty           -0.035    15.084    
    SLICE_X64Y23         FDRE (Setup_fdre_C_R)       -0.524    14.560    count_clk_reg[23]
  -------------------------------------------------------------------
                         required time                         14.560    
                         arrival time                          -8.294    
  -------------------------------------------------------------------
                         slack                                  6.266    

Slack (MET) :             6.266ns  (required time - arrival time)
  Source:                 count_clk_reg[19]/C
                            (rising edge-triggered cell FDRE clocked by sys_clk_pin  {rise@0.000ns fall@5.000ns period=10.000ns})
  Destination:            count_clk_reg[24]/R
                            (rising edge-triggered cell FDRE clocked by sys_clk_pin  {rise@0.000ns fall@5.000ns period=10.000ns})
  Path Group:             sys_clk_pin
  Path Type:              Setup (Max at Slow Process Corner)
  Requirement:            10.000ns  (sys_clk_pin rise@10.000ns - sys_clk_pin rise@0.000ns)
  Data Path Delay:        3.152ns  (logic 0.766ns (24.304%)  route 2.386ns (75.696%))
  Logic Levels:           2  (LUT4=1 LUT6=1)
  Clock Path Skew:        -0.023ns (DCD - SCD + CPR)
    Destination Clock Delay (DCD):    4.845ns = ( 14.845 - 10.000 ) 
    Source Clock Delay      (SCD):    5.142ns
    Clock Pessimism Removal (CPR):    0.274ns
  Clock Uncertainty:      0.035ns  ((TSJ^2 + TIJ^2)^1/2 + DJ) / 2 + PE
    Total System Jitter     (TSJ):    0.071ns
    Total Input Jitter      (TIJ):    0.000ns
    Discrete Jitter          (DJ):    0.000ns
    Phase Error              (PE):    0.000ns

    Location             Delay type                Incr(ns)  Path(ns)    Netlist Resource(s)
  -------------------------------------------------------------------    -------------------
                         (clock sys_clk_pin rise edge)
                                                      0.000     0.000 r  
    W5                                                0.000     0.000 r  clk (IN)
                         net (fo=0)                   0.000     0.000    clk
    W5                   IBUF (Prop_ibuf_I_O)         1.458     1.458 r  clk_IBUF_inst/O
                         net (fo=1, routed)           1.967     3.425    clk_IBUF
    BUFGCTRL_X0Y0        BUFG (Prop_bufg_I_O)         0.096     3.521 r  clk_IBUF_BUFG_inst/O
                         net (fo=27, routed)          1.621     5.142    clk_IBUF_BUFG
    SLICE_X64Y22         FDRE                                         r  count_clk_reg[19]/C
  -------------------------------------------------------------------    -------------------
    SLICE_X64Y22         FDRE (Prop_fdre_C_Q)         0.518     5.660 r  count_clk_reg[19]/Q
                         net (fo=2, routed)           0.856     6.516    count_clk_reg_n_0_[19]
    SLICE_X65Y22         LUT4 (Prop_lut4_I0_O)        0.124     6.640 f  count_clk[25]_i_5/O
                         net (fo=1, routed)           0.797     7.437    count_clk[25]_i_5_n_0
    SLICE_X65Y21         LUT6 (Prop_lut6_I1_O)        0.124     7.561 r  count_clk[25]_i_3/O
                         net (fo=26, routed)          0.733     8.294    clk_1hz
    SLICE_X64Y23         FDRE                                         r  count_clk_reg[24]/R
  -------------------------------------------------------------------    -------------------

                         (clock sys_clk_pin rise edge)
                                                     10.000    10.000 r  
    W5                                                0.000    10.000 r  clk (IN)
                         net (fo=0)                   0.000    10.000    clk
    W5                   IBUF (Prop_ibuf_I_O)         1.388    11.388 r  clk_IBUF_inst/O
                         net (fo=1, routed)           1.862    13.250    clk_IBUF
    BUFGCTRL_X0Y0        BUFG (Prop_bufg_I_O)         0.091    13.341 r  clk_IBUF_BUFG_inst/O
                         net (fo=27, routed)          1.504    14.845    clk_IBUF_BUFG
    SLICE_X64Y23         FDRE                                         r  count_clk_reg[24]/C
                         clock pessimism              0.274    15.119    
                         clock uncertainty           -0.035    15.084    
    SLICE_X64Y23         FDRE (Setup_fdre_C_R)       -0.524    14.560    count_clk_reg[24]
  -------------------------------------------------------------------
                         required time                         14.560    
                         arrival time                          -8.294    
  -------------------------------------------------------------------
                         slack                                  6.266    

Slack (MET) :             6.352ns  (required time - arrival time)
  Source:                 count_clk_reg[19]/C
                            (rising edge-triggered cell FDRE clocked by sys_clk_pin  {rise@0.000ns fall@5.000ns period=10.000ns})
  Destination:            count_clk_reg[1]/R
                            (rising edge-triggered cell FDRE clocked by sys_clk_pin  {rise@0.000ns fall@5.000ns period=10.000ns})
  Path Group:             sys_clk_pin
  Path Type:              Setup (Max at Slow Process Corner)
  Requirement:            10.000ns  (sys_clk_pin rise@10.000ns - sys_clk_pin rise@0.000ns)
  Data Path Delay:        3.070ns  (logic 0.766ns (24.948%)  route 2.304ns (75.052%))
  Logic Levels:           2  (LUT4=1 LUT6=1)
  Clock Path Skew:        -0.018ns (DCD - SCD + CPR)
    Destination Clock Delay (DCD):    4.850ns = ( 14.850 - 10.000 ) 
    Source Clock Delay      (SCD):    5.142ns
    Clock Pessimism Removal (CPR):    0.274ns
  Clock Uncertainty:      0.035ns  ((TSJ^2 + TIJ^2)^1/2 + DJ) / 2 + PE
    Total System Jitter     (TSJ):    0.071ns
    Total Input Jitter      (TIJ):    0.000ns
    Discrete Jitter          (DJ):    0.000ns
    Phase Error              (PE):    0.000ns

    Location             Delay type                Incr(ns)  Path(ns)    Netlist Resource(s)
  -------------------------------------------------------------------    -------------------
                         (clock sys_clk_pin rise edge)
                                                      0.000     0.000 r  
    W5                                                0.000     0.000 r  clk (IN)
                         net (fo=0)                   0.000     0.000    clk
    W5                   IBUF (Prop_ibuf_I_O)         1.458     1.458 r  clk_IBUF_inst/O
                         net (fo=1, routed)           1.967     3.425    clk_IBUF
    BUFGCTRL_X0Y0        BUFG (Prop_bufg_I_O)         0.096     3.521 r  clk_IBUF_BUFG_inst/O
                         net (fo=27, routed)          1.621     5.142    clk_IBUF_BUFG
    SLICE_X64Y22         FDRE                                         r  count_clk_reg[19]/C
  -------------------------------------------------------------------    -------------------
    SLICE_X64Y22         FDRE (Prop_fdre_C_Q)         0.518     5.660 r  count_clk_reg[19]/Q
                         net (fo=2, routed)           0.856     6.516    count_clk_reg_n_0_[19]
    SLICE_X65Y22         LUT4 (Prop_lut4_I0_O)        0.124     6.640 f  count_clk[25]_i_5/O
                         net (fo=1, routed)           0.797     7.437    count_clk[25]_i_5_n_0
    SLICE_X65Y21         LUT6 (Prop_lut6_I1_O)        0.124     7.561 r  count_clk[25]_i_3/O
                         net (fo=26, routed)          0.652     8.213    clk_1hz
    SLICE_X64Y18         FDRE                                         r  count_clk_reg[1]/R
  -------------------------------------------------------------------    -------------------

                         (clock sys_clk_pin rise edge)
                                                     10.000    10.000 r  
    W5                                                0.000    10.000 r  clk (IN)
                         net (fo=0)                   0.000    10.000    clk
    W5                   IBUF (Prop_ibuf_I_O)         1.388    11.388 r  clk_IBUF_inst/O
                         net (fo=1, routed)           1.862    13.250    clk_IBUF
    BUFGCTRL_X0Y0        BUFG (Prop_bufg_I_O)         0.091    13.341 r  clk_IBUF_BUFG_inst/O
                         net (fo=27, routed)          1.509    14.850    clk_IBUF_BUFG
    SLICE_X64Y18         FDRE                                         r  count_clk_reg[1]/C
                         clock pessimism              0.274    15.124    
                         clock uncertainty           -0.035    15.089    
    SLICE_X64Y18         FDRE (Setup_fdre_C_R)       -0.524    14.565    count_clk_reg[1]
  -------------------------------------------------------------------
                         required time                         14.565    
                         arrival time                          -8.213    
  -------------------------------------------------------------------
                         slack                                  6.352    





Min Delay Paths
--------------------------------------------------------------------------------------
Slack (MET) :             0.263ns  (arrival time - required time)
  Source:                 clk_1hz_reg/C
                            (rising edge-triggered cell FDRE clocked by sys_clk_pin  {rise@0.000ns fall@5.000ns period=10.000ns})
  Destination:            clk_1hz_reg/D
                            (rising edge-triggered cell FDRE clocked by sys_clk_pin  {rise@0.000ns fall@5.000ns period=10.000ns})
  Path Group:             sys_clk_pin
  Path Type:              Hold (Min at Fast Process Corner)
  Requirement:            0.000ns  (sys_clk_pin rise@0.000ns - sys_clk_pin rise@0.000ns)
  Data Path Delay:        0.354ns  (logic 0.186ns (52.498%)  route 0.168ns (47.502%))
  Logic Levels:           1  (LUT2=1)
  Clock Path Skew:        0.000ns (DCD - SCD - CPR)
    Destination Clock Delay (DCD):    1.984ns
    Source Clock Delay      (SCD):    1.471ns
    Clock Pessimism Removal (CPR):    0.513ns

    Location             Delay type                Incr(ns)  Path(ns)    Netlist Resource(s)
  -------------------------------------------------------------------    -------------------
                         (clock sys_clk_pin rise edge)
                                                      0.000     0.000 r  
    W5                                                0.000     0.000 r  clk (IN)
                         net (fo=0)                   0.000     0.000    clk
    W5                   IBUF (Prop_ibuf_I_O)         0.226     0.226 r  clk_IBUF_inst/O
                         net (fo=1, routed)           0.631     0.858    clk_IBUF
    BUFGCTRL_X0Y0        BUFG (Prop_bufg_I_O)         0.026     0.884 r  clk_IBUF_BUFG_inst/O
                         net (fo=27, routed)          0.588     1.471    clk_IBUF_BUFG
    SLICE_X65Y18         FDRE                                         r  clk_1hz_reg/C
  -------------------------------------------------------------------    -------------------
    SLICE_X65Y18         FDRE (Prop_fdre_C_Q)         0.141     1.612 r  clk_1hz_reg/Q
                         net (fo=5, routed)           0.168     1.780    clk_1hz_reg_n_0
    SLICE_X65Y18         LUT2 (Prop_lut2_I1_O)        0.045     1.825 r  clk_1hz_i_1/O
                         net (fo=1, routed)           0.000     1.825    clk_1hz_i_1_n_0
    SLICE_X65Y18         FDRE                                         r  clk_1hz_reg/D
  -------------------------------------------------------------------    -------------------

                         (clock sys_clk_pin rise edge)
                                                      0.000     0.000 r  
    W5                                                0.000     0.000 r  clk (IN)
                         net (fo=0)                   0.000     0.000    clk
    W5                   IBUF (Prop_ibuf_I_O)         0.414     0.414 r  clk_IBUF_inst/O
                         net (fo=1, routed)           0.685     1.099    clk_IBUF
    BUFGCTRL_X0Y0        BUFG (Prop_bufg_I_O)         0.029     1.128 r  clk_IBUF_BUFG_inst/O
                         net (fo=27, routed)          0.857     1.984    clk_IBUF_BUFG
    SLICE_X65Y18         FDRE                                         r  clk_1hz_reg/C
                         clock pessimism             -0.513     1.471    
    SLICE_X65Y18         FDRE (Hold_fdre_C_D)         0.091     1.562    clk_1hz_reg
  -------------------------------------------------------------------
                         required time                         -1.562    
                         arrival time                           1.825    
  -------------------------------------------------------------------
                         slack                                  0.263    

Slack (MET) :             0.265ns  (arrival time - required time)
  Source:                 count_clk_reg[15]/C
                            (rising edge-triggered cell FDRE clocked by sys_clk_pin  {rise@0.000ns fall@5.000ns period=10.000ns})
  Destination:            count_clk_reg[15]/D
                            (rising edge-triggered cell FDRE clocked by sys_clk_pin  {rise@0.000ns fall@5.000ns period=10.000ns})
  Path Group:             sys_clk_pin
  Path Type:              Hold (Min at Fast Process Corner)
  Requirement:            0.000ns  (sys_clk_pin rise@0.000ns - sys_clk_pin rise@0.000ns)
  Data Path Delay:        0.399ns  (logic 0.274ns (68.589%)  route 0.125ns (31.411%))
  Logic Levels:           1  (CARRY4=1)
  Clock Path Skew:        0.000ns (DCD - SCD - CPR)
    Destination Clock Delay (DCD):    1.981ns
    Source Clock Delay      (SCD):    1.468ns
    Clock Pessimism Removal (CPR):    0.513ns

    Location             Delay type                Incr(ns)  Path(ns)    Netlist Resource(s)
  -------------------------------------------------------------------    -------------------
                         (clock sys_clk_pin rise edge)
                                                      0.000     0.000 r  
    W5                                                0.000     0.000 r  clk (IN)
                         net (fo=0)                   0.000     0.000    clk
    W5                   IBUF (Prop_ibuf_I_O)         0.226     0.226 r  clk_IBUF_inst/O
                         net (fo=1, routed)           0.631     0.858    clk_IBUF
    BUFGCTRL_X0Y0        BUFG (Prop_bufg_I_O)         0.026     0.884 r  clk_IBUF_BUFG_inst/O
                         net (fo=27, routed)          0.585     1.468    clk_IBUF_BUFG
    SLICE_X64Y21         FDRE                                         r  count_clk_reg[15]/C
  -------------------------------------------------------------------    -------------------
    SLICE_X64Y21         FDRE (Prop_fdre_C_Q)         0.164     1.632 r  count_clk_reg[15]/Q
                         net (fo=2, routed)           0.125     1.758    count_clk_reg_n_0_[15]
    SLICE_X64Y21         CARRY4 (Prop_carry4_S[2]_O[2])
                                                      0.110     1.868 r  count_clk_reg[16]_i_1/O[2]
                         net (fo=1, routed)           0.000     1.868    data0[15]
    SLICE_X64Y21         FDRE                                         r  count_clk_reg[15]/D
  -------------------------------------------------------------------    -------------------

                         (clock sys_clk_pin rise edge)
                                                      0.000     0.000 r  
    W5                                                0.000     0.000 r  clk (IN)
                         net (fo=0)                   0.000     0.000    clk
    W5                   IBUF (Prop_ibuf_I_O)         0.414     0.414 r  clk_IBUF_inst/O
                         net (fo=1, routed)           0.685     1.099    clk_IBUF
    BUFGCTRL_X0Y0        BUFG (Prop_bufg_I_O)         0.029     1.128 r  clk_IBUF_BUFG_inst/O
                         net (fo=27, routed)          0.854     1.981    clk_IBUF_BUFG
    SLICE_X64Y21         FDRE                                         r  count_clk_reg[15]/C
                         clock pessimism             -0.513     1.468    
    SLICE_X64Y21         FDRE (Hold_fdre_C_D)         0.134     1.602    count_clk_reg[15]
  -------------------------------------------------------------------
                         required time                         -1.602    
                         arrival time                           1.868    
  -------------------------------------------------------------------
                         slack                                  0.265    

Slack (MET) :             0.265ns  (arrival time - required time)
  Source:                 count_clk_reg[3]/C
                            (rising edge-triggered cell FDRE clocked by sys_clk_pin  {rise@0.000ns fall@5.000ns period=10.000ns})
  Destination:            count_clk_reg[3]/D
                            (rising edge-triggered cell FDRE clocked by sys_clk_pin  {rise@0.000ns fall@5.000ns period=10.000ns})
  Path Group:             sys_clk_pin
  Path Type:              Hold (Min at Fast Process Corner)
  Requirement:            0.000ns  (sys_clk_pin rise@0.000ns - sys_clk_pin rise@0.000ns)
  Data Path Delay:        0.399ns  (logic 0.274ns (68.589%)  route 0.125ns (31.411%))
  Logic Levels:           1  (CARRY4=1)
  Clock Path Skew:        0.000ns (DCD - SCD - CPR)
    Destination Clock Delay (DCD):    1.984ns
    Source Clock Delay      (SCD):    1.471ns
    Clock Pessimism Removal (CPR):    0.513ns

    Location             Delay type                Incr(ns)  Path(ns)    Netlist Resource(s)
  -------------------------------------------------------------------    -------------------
                         (clock sys_clk_pin rise edge)
                                                      0.000     0.000 r  
    W5                                                0.000     0.000 r  clk (IN)
                         net (fo=0)                   0.000     0.000    clk
    W5                   IBUF (Prop_ibuf_I_O)         0.226     0.226 r  clk_IBUF_inst/O
                         net (fo=1, routed)           0.631     0.858    clk_IBUF
    BUFGCTRL_X0Y0        BUFG (Prop_bufg_I_O)         0.026     0.884 r  clk_IBUF_BUFG_inst/O
                         net (fo=27, routed)          0.588     1.471    clk_IBUF_BUFG
    SLICE_X64Y18         FDRE                                         r  count_clk_reg[3]/C
  -------------------------------------------------------------------    -------------------
    SLICE_X64Y18         FDRE (Prop_fdre_C_Q)         0.164     1.635 r  count_clk_reg[3]/Q
                         net (fo=2, routed)           0.125     1.761    count_clk_reg_n_0_[3]
    SLICE_X64Y18         CARRY4 (Prop_carry4_S[2]_O[2])
                                                      0.110     1.871 r  count_clk_reg[4]_i_1/O[2]
                         net (fo=1, routed)           0.000     1.871    data0[3]
    SLICE_X64Y18         FDRE                                         r  count_clk_reg[3]/D
  -------------------------------------------------------------------    -------------------

                         (clock sys_clk_pin rise edge)
                                                      0.000     0.000 r  
    W5                                                0.000     0.000 r  clk (IN)
                         net (fo=0)                   0.000     0.000    clk
    W5                   IBUF (Prop_ibuf_I_O)         0.414     0.414 r  clk_IBUF_inst/O
                         net (fo=1, routed)           0.685     1.099    clk_IBUF
    BUFGCTRL_X0Y0        BUFG (Prop_bufg_I_O)         0.029     1.128 r  clk_IBUF_BUFG_inst/O
                         net (fo=27, routed)          0.857     1.984    clk_IBUF_BUFG
    SLICE_X64Y18         FDRE                                         r  count_clk_reg[3]/C
                         clock pessimism             -0.513     1.471    
    SLICE_X64Y18         FDRE (Hold_fdre_C_D)         0.134     1.605    count_clk_reg[3]
  -------------------------------------------------------------------
                         required time                         -1.605    
                         arrival time                           1.871    
  -------------------------------------------------------------------
                         slack                                  0.265    

Slack (MET) :             0.266ns  (arrival time - required time)
  Source:                 count_clk_reg[19]/C
                            (rising edge-triggered cell FDRE clocked by sys_clk_pin  {rise@0.000ns fall@5.000ns period=10.000ns})
  Destination:            count_clk_reg[19]/D
                            (rising edge-triggered cell FDRE clocked by sys_clk_pin  {rise@0.000ns fall@5.000ns period=10.000ns})
  Path Group:             sys_clk_pin
  Path Type:              Hold (Min at Fast Process Corner)
  Requirement:            0.000ns  (sys_clk_pin rise@0.000ns - sys_clk_pin rise@0.000ns)
  Data Path Delay:        0.400ns  (logic 0.274ns (68.524%)  route 0.126ns (31.476%))
  Logic Levels:           1  (CARRY4=1)
  Clock Path Skew:        0.000ns (DCD - SCD - CPR)
    Destination Clock Delay (DCD):    1.980ns
    Source Clock Delay      (SCD):    1.468ns
    Clock Pessimism Removal (CPR):    0.512ns

    Location             Delay type                Incr(ns)  Path(ns)    Netlist Resource(s)
  -------------------------------------------------------------------    -------------------
                         (clock sys_clk_pin rise edge)
                                                      0.000     0.000 r  
    W5                                                0.000     0.000 r  clk (IN)
                         net (fo=0)                   0.000     0.000    clk
    W5                   IBUF (Prop_ibuf_I_O)         0.226     0.226 r  clk_IBUF_inst/O
                         net (fo=1, routed)           0.631     0.858    clk_IBUF
    BUFGCTRL_X0Y0        BUFG (Prop_bufg_I_O)         0.026     0.884 r  clk_IBUF_BUFG_inst/O
                         net (fo=27, routed)          0.585     1.468    clk_IBUF_BUFG
    SLICE_X64Y22         FDRE                                         r  count_clk_reg[19]/C
  -------------------------------------------------------------------    -------------------
    SLICE_X64Y22         FDRE (Prop_fdre_C_Q)         0.164     1.632 r  count_clk_reg[19]/Q
                         net (fo=2, routed)           0.126     1.758    count_clk_reg_n_0_[19]
    SLICE_X64Y22         CARRY4 (Prop_carry4_S[2]_O[2])
                                                      0.110     1.868 r  count_clk_reg[20]_i_1/O[2]
                         net (fo=1, routed)           0.000     1.868    data0[19]
    SLICE_X64Y22         FDRE                                         r  count_clk_reg[19]/D
  -------------------------------------------------------------------    -------------------

                         (clock sys_clk_pin rise edge)
                                                      0.000     0.000 r  
    W5                                                0.000     0.000 r  clk (IN)
                         net (fo=0)                   0.000     0.000    clk
    W5                   IBUF (Prop_ibuf_I_O)         0.414     0.414 r  clk_IBUF_inst/O
                         net (fo=1, routed)           0.685     1.099    clk_IBUF
    BUFGCTRL_X0Y0        BUFG (Prop_bufg_I_O)         0.029     1.128 r  clk_IBUF_BUFG_inst/O
                         net (fo=27, routed)          0.853     1.980    clk_IBUF_BUFG
    SLICE_X64Y22         FDRE                                         r  count_clk_reg[19]/C
                         clock pessimism             -0.512     1.468    
    SLICE_X64Y22         FDRE (Hold_fdre_C_D)         0.134     1.602    count_clk_reg[19]
  -------------------------------------------------------------------
                         required time                         -1.602    
                         arrival time                           1.868    
  -------------------------------------------------------------------
                         slack                                  0.266    

Slack (MET) :             0.266ns  (arrival time - required time)
  Source:                 count_clk_reg[23]/C
                            (rising edge-triggered cell FDRE clocked by sys_clk_pin  {rise@0.000ns fall@5.000ns period=10.000ns})
  Destination:            count_clk_reg[23]/D
                            (rising edge-triggered cell FDRE clocked by sys_clk_pin  {rise@0.000ns fall@5.000ns period=10.000ns})
  Path Group:             sys_clk_pin
  Path Type:              Hold (Min at Fast Process Corner)
  Requirement:            0.000ns  (sys_clk_pin rise@0.000ns - sys_clk_pin rise@0.000ns)
  Data Path Delay:        0.400ns  (logic 0.274ns (68.524%)  route 0.126ns (31.476%))
  Logic Levels:           1  (CARRY4=1)
  Clock Path Skew:        0.000ns (DCD - SCD - CPR)
    Destination Clock Delay (DCD):    1.978ns
    Source Clock Delay      (SCD):    1.466ns
    Clock Pessimism Removal (CPR):    0.512ns

    Location             Delay type                Incr(ns)  Path(ns)    Netlist Resource(s)
  -------------------------------------------------------------------    -------------------
                         (clock sys_clk_pin rise edge)
                                                      0.000     0.000 r  
    W5                                                0.000     0.000 r  clk (IN)
                         net (fo=0)                   0.000     0.000    clk
    W5                   IBUF (Prop_ibuf_I_O)         0.226     0.226 r  clk_IBUF_inst/O
                         net (fo=1, routed)           0.631     0.858    clk_IBUF
    BUFGCTRL_X0Y0        BUFG (Prop_bufg_I_O)         0.026     0.884 r  clk_IBUF_BUFG_inst/O
                         net (fo=27, routed)          0.583     1.466    clk_IBUF_BUFG
    SLICE_X64Y23         FDRE                                         r  count_clk_reg[23]/C
  -------------------------------------------------------------------    -------------------
    SLICE_X64Y23         FDRE (Prop_fdre_C_Q)         0.164     1.630 r  count_clk_reg[23]/Q
                         net (fo=2, routed)           0.126     1.756    count_clk_reg_n_0_[23]
    SLICE_X64Y23         CARRY4 (Prop_carry4_S[2]_O[2])
                                                      0.110     1.866 r  count_clk_reg[24]_i_1/O[2]
                         net (fo=1, routed)           0.000     1.866    data0[23]
    SLICE_X64Y23         FDRE                                         r  count_clk_reg[23]/D
  -------------------------------------------------------------------    -------------------

                         (clock sys_clk_pin rise edge)
                                                      0.000     0.000 r  
    W5                                                0.000     0.000 r  clk (IN)
                         net (fo=0)                   0.000     0.000    clk
    W5                   IBUF (Prop_ibuf_I_O)         0.414     0.414 r  clk_IBUF_inst/O
                         net (fo=1, routed)           0.685     1.099    clk_IBUF
    BUFGCTRL_X0Y0        BUFG (Prop_bufg_I_O)         0.029     1.128 r  clk_IBUF_BUFG_inst/O
                         net (fo=27, routed)          0.851     1.978    clk_IBUF_BUFG
    SLICE_X64Y23         FDRE                                         r  count_clk_reg[23]/C
                         clock pessimism             -0.512     1.466    
    SLICE_X64Y23         FDRE (Hold_fdre_C_D)         0.134     1.600    count_clk_reg[23]
  -------------------------------------------------------------------
                         required time                         -1.600    
                         arrival time                           1.866    
  -------------------------------------------------------------------
                         slack                                  0.266    

Slack (MET) :             0.267ns  (arrival time - required time)
  Source:                 count_clk_reg[7]/C
                            (rising edge-triggered cell FDRE clocked by sys_clk_pin  {rise@0.000ns fall@5.000ns period=10.000ns})
  Destination:            count_clk_reg[7]/D
                            (rising edge-triggered cell FDRE clocked by sys_clk_pin  {rise@0.000ns fall@5.000ns period=10.000ns})
  Path Group:             sys_clk_pin
  Path Type:              Hold (Min at Fast Process Corner)
  Requirement:            0.000ns  (sys_clk_pin rise@0.000ns - sys_clk_pin rise@0.000ns)
  Data Path Delay:        0.401ns  (logic 0.274ns (68.412%)  route 0.127ns (31.588%))
  Logic Levels:           1  (CARRY4=1)
  Clock Path Skew:        0.000ns (DCD - SCD - CPR)
    Destination Clock Delay (DCD):    1.983ns
    Source Clock Delay      (SCD):    1.470ns
    Clock Pessimism Removal (CPR):    0.513ns

    Location             Delay type                Incr(ns)  Path(ns)    Netlist Resource(s)
  -------------------------------------------------------------------    -------------------
                         (clock sys_clk_pin rise edge)
                                                      0.000     0.000 r  
    W5                                                0.000     0.000 r  clk (IN)
                         net (fo=0)                   0.000     0.000    clk
    W5                   IBUF (Prop_ibuf_I_O)         0.226     0.226 r  clk_IBUF_inst/O
                         net (fo=1, routed)           0.631     0.858    clk_IBUF
    BUFGCTRL_X0Y0        BUFG (Prop_bufg_I_O)         0.026     0.884 r  clk_IBUF_BUFG_inst/O
                         net (fo=27, routed)          0.587     1.470    clk_IBUF_BUFG
    SLICE_X64Y19         FDRE                                         r  count_clk_reg[7]/C
  -------------------------------------------------------------------    -------------------
    SLICE_X64Y19         FDRE (Prop_fdre_C_Q)         0.164     1.634 r  count_clk_reg[7]/Q
                         net (fo=2, routed)           0.127     1.761    count_clk_reg_n_0_[7]
    SLICE_X64Y19         CARRY4 (Prop_carry4_S[2]_O[2])
                                                      0.110     1.871 r  count_clk_reg[8]_i_1/O[2]
                         net (fo=1, routed)           0.000     1.871    data0[7]
    SLICE_X64Y19         FDRE                                         r  count_clk_reg[7]/D
  -------------------------------------------------------------------    -------------------

                         (clock sys_clk_pin rise edge)
                                                      0.000     0.000 r  
    W5                                                0.000     0.000 r  clk (IN)
                         net (fo=0)                   0.000     0.000    clk
    W5                   IBUF (Prop_ibuf_I_O)         0.414     0.414 r  clk_IBUF_inst/O
                         net (fo=1, routed)           0.685     1.099    clk_IBUF
    BUFGCTRL_X0Y0        BUFG (Prop_bufg_I_O)         0.029     1.128 r  clk_IBUF_BUFG_inst/O
                         net (fo=27, routed)          0.856     1.983    clk_IBUF_BUFG
    SLICE_X64Y19         FDRE                                         r  count_clk_reg[7]/C
                         clock pessimism             -0.513     1.470    
    SLICE_X64Y19         FDRE (Hold_fdre_C_D)         0.134     1.604    count_clk_reg[7]
  -------------------------------------------------------------------
                         required time                         -1.604    
                         arrival time                           1.871    
  -------------------------------------------------------------------
                         slack                                  0.267    

Slack (MET) :             0.267ns  (arrival time - required time)
  Source:                 count_clk_reg[11]/C
                            (rising edge-triggered cell FDRE clocked by sys_clk_pin  {rise@0.000ns fall@5.000ns period=10.000ns})
  Destination:            count_clk_reg[11]/D
                            (rising edge-triggered cell FDRE clocked by sys_clk_pin  {rise@0.000ns fall@5.000ns period=10.000ns})
  Path Group:             sys_clk_pin
  Path Type:              Hold (Min at Fast Process Corner)
  Requirement:            0.000ns  (sys_clk_pin rise@0.000ns - sys_clk_pin rise@0.000ns)
  Data Path Delay:        0.401ns  (logic 0.274ns (68.412%)  route 0.127ns (31.588%))
  Logic Levels:           1  (CARRY4=1)
  Clock Path Skew:        0.000ns (DCD - SCD - CPR)
    Destination Clock Delay (DCD):    1.982ns
    Source Clock Delay      (SCD):    1.469ns
    Clock Pessimism Removal (CPR):    0.513ns

    Location             Delay type                Incr(ns)  Path(ns)    Netlist Resource(s)
  -------------------------------------------------------------------    -------------------
                         (clock sys_clk_pin rise edge)
                                                      0.000     0.000 r  
    W5                                                0.000     0.000 r  clk (IN)
                         net (fo=0)                   0.000     0.000    clk
    W5                   IBUF (Prop_ibuf_I_O)         0.226     0.226 r  clk_IBUF_inst/O
                         net (fo=1, routed)           0.631     0.858    clk_IBUF
    BUFGCTRL_X0Y0        BUFG (Prop_bufg_I_O)         0.026     0.884 r  clk_IBUF_BUFG_inst/O
                         net (fo=27, routed)          0.586     1.469    clk_IBUF_BUFG
    SLICE_X64Y20         FDRE                                         r  count_clk_reg[11]/C
  -------------------------------------------------------------------    -------------------
    SLICE_X64Y20         FDRE (Prop_fdre_C_Q)         0.164     1.633 r  count_clk_reg[11]/Q
                         net (fo=2, routed)           0.127     1.760    count_clk_reg_n_0_[11]
    SLICE_X64Y20         CARRY4 (Prop_carry4_S[2]_O[2])
                                                      0.110     1.870 r  count_clk_reg[12]_i_1/O[2]
                         net (fo=1, routed)           0.000     1.870    data0[11]
    SLICE_X64Y20         FDRE                                         r  count_clk_reg[11]/D
  -------------------------------------------------------------------    -------------------

                         (clock sys_clk_pin rise edge)
                                                      0.000     0.000 r  
    W5                                                0.000     0.000 r  clk (IN)
                         net (fo=0)                   0.000     0.000    clk
    W5                   IBUF (Prop_ibuf_I_O)         0.414     0.414 r  clk_IBUF_inst/O
                         net (fo=1, routed)           0.685     1.099    clk_IBUF
    BUFGCTRL_X0Y0        BUFG (Prop_bufg_I_O)         0.029     1.128 r  clk_IBUF_BUFG_inst/O
                         net (fo=27, routed)          0.855     1.982    clk_IBUF_BUFG
    SLICE_X64Y20         FDRE                                         r  count_clk_reg[11]/C
                         clock pessimism             -0.513     1.469    
    SLICE_X64Y20         FDRE (Hold_fdre_C_D)         0.134     1.603    count_clk_reg[11]
  -------------------------------------------------------------------
                         required time                         -1.603    
                         arrival time                           1.870    
  -------------------------------------------------------------------
                         slack                                  0.267    

Slack (MET) :             0.275ns  (arrival time - required time)
  Source:                 count_clk_reg[0]/C
                            (rising edge-triggered cell FDRE clocked by sys_clk_pin  {rise@0.000ns fall@5.000ns period=10.000ns})
  Destination:            count_clk_reg[0]/D
                            (rising edge-triggered cell FDRE clocked by sys_clk_pin  {rise@0.000ns fall@5.000ns period=10.000ns})
  Path Group:             sys_clk_pin
  Path Type:              Hold (Min at Fast Process Corner)
  Requirement:            0.000ns  (sys_clk_pin rise@0.000ns - sys_clk_pin rise@0.000ns)
  Data Path Delay:        0.366ns  (logic 0.186ns (50.759%)  route 0.180ns (49.241%))
  Logic Levels:           1  (LUT1=1)
  Clock Path Skew:        0.000ns (DCD - SCD - CPR)
    Destination Clock Delay (DCD):    1.980ns
    Source Clock Delay      (SCD):    1.468ns
    Clock Pessimism Removal (CPR):    0.512ns

    Location             Delay type                Incr(ns)  Path(ns)    Netlist Resource(s)
  -------------------------------------------------------------------    -------------------
                         (clock sys_clk_pin rise edge)
                                                      0.000     0.000 r  
    W5                                                0.000     0.000 r  clk (IN)
                         net (fo=0)                   0.000     0.000    clk
    W5                   IBUF (Prop_ibuf_I_O)         0.226     0.226 r  clk_IBUF_inst/O
                         net (fo=1, routed)           0.631     0.858    clk_IBUF
    BUFGCTRL_X0Y0        BUFG (Prop_bufg_I_O)         0.026     0.884 r  clk_IBUF_BUFG_inst/O
                         net (fo=27, routed)          0.585     1.468    clk_IBUF_BUFG
    SLICE_X65Y22         FDRE                                         r  count_clk_reg[0]/C
  -------------------------------------------------------------------    -------------------
    SLICE_X65Y22         FDRE (Prop_fdre_C_Q)         0.141     1.609 f  count_clk_reg[0]/Q
                         net (fo=3, routed)           0.180     1.790    count_clk_reg_n_0_[0]
    SLICE_X65Y22         LUT1 (Prop_lut1_I0_O)        0.045     1.835 r  count_clk[0]_i_1/O
                         net (fo=1, routed)           0.000     1.835    count_clk[0]
    SLICE_X65Y22         FDRE                                         r  count_clk_reg[0]/D
  -------------------------------------------------------------------    -------------------

                         (clock sys_clk_pin rise edge)
                                                      0.000     0.000 r  
    W5                                                0.000     0.000 r  clk (IN)
                         net (fo=0)                   0.000     0.000    clk
    W5                   IBUF (Prop_ibuf_I_O)         0.414     0.414 r  clk_IBUF_inst/O
                         net (fo=1, routed)           0.685     1.099    clk_IBUF
    BUFGCTRL_X0Y0        BUFG (Prop_bufg_I_O)         0.029     1.128 r  clk_IBUF_BUFG_inst/O
                         net (fo=27, routed)          0.853     1.980    clk_IBUF_BUFG
    SLICE_X65Y22         FDRE                                         r  count_clk_reg[0]/C
                         clock pessimism             -0.512     1.468    
    SLICE_X65Y22         FDRE (Hold_fdre_C_D)         0.091     1.559    count_clk_reg[0]
  -------------------------------------------------------------------
                         required time                         -1.559    
                         arrival time                           1.835    
  -------------------------------------------------------------------
                         slack                                  0.275    

Slack (MET) :             0.301ns  (arrival time - required time)
  Source:                 count_clk_reg[3]/C
                            (rising edge-triggered cell FDRE clocked by sys_clk_pin  {rise@0.000ns fall@5.000ns period=10.000ns})
  Destination:            count_clk_reg[4]/D
                            (rising edge-triggered cell FDRE clocked by sys_clk_pin  {rise@0.000ns fall@5.000ns period=10.000ns})
  Path Group:             sys_clk_pin
  Path Type:              Hold (Min at Fast Process Corner)
  Requirement:            0.000ns  (sys_clk_pin rise@0.000ns - sys_clk_pin rise@0.000ns)
  Data Path Delay:        0.435ns  (logic 0.310ns (71.185%)  route 0.125ns (28.815%))
  Logic Levels:           1  (CARRY4=1)
  Clock Path Skew:        0.000ns (DCD - SCD - CPR)
    Destination Clock Delay (DCD):    1.984ns
    Source Clock Delay      (SCD):    1.471ns
    Clock Pessimism Removal (CPR):    0.513ns

    Location             Delay type                Incr(ns)  Path(ns)    Netlist Resource(s)
  -------------------------------------------------------------------    -------------------
                         (clock sys_clk_pin rise edge)
                                                      0.000     0.000 r  
    W5                                                0.000     0.000 r  clk (IN)
                         net (fo=0)                   0.000     0.000    clk
    W5                   IBUF (Prop_ibuf_I_O)         0.226     0.226 r  clk_IBUF_inst/O
                         net (fo=1, routed)           0.631     0.858    clk_IBUF
    BUFGCTRL_X0Y0        BUFG (Prop_bufg_I_O)         0.026     0.884 r  clk_IBUF_BUFG_inst/O
                         net (fo=27, routed)          0.588     1.471    clk_IBUF_BUFG
    SLICE_X64Y18         FDRE                                         r  count_clk_reg[3]/C
  -------------------------------------------------------------------    -------------------
    SLICE_X64Y18         FDRE (Prop_fdre_C_Q)         0.164     1.635 r  count_clk_reg[3]/Q
                         net (fo=2, routed)           0.125     1.761    count_clk_reg_n_0_[3]
    SLICE_X64Y18         CARRY4 (Prop_carry4_S[2]_O[3])
                                                      0.146     1.907 r  count_clk_reg[4]_i_1/O[3]
                         net (fo=1, routed)           0.000     1.907    data0[4]
    SLICE_X64Y18         FDRE                                         r  count_clk_reg[4]/D
  -------------------------------------------------------------------    -------------------

                         (clock sys_clk_pin rise edge)
                                                      0.000     0.000 r  
    W5                                                0.000     0.000 r  clk (IN)
                         net (fo=0)                   0.000     0.000    clk
    W5                   IBUF (Prop_ibuf_I_O)         0.414     0.414 r  clk_IBUF_inst/O
                         net (fo=1, routed)           0.685     1.099    clk_IBUF
    BUFGCTRL_X0Y0        BUFG (Prop_bufg_I_O)         0.029     1.128 r  clk_IBUF_BUFG_inst/O
                         net (fo=27, routed)          0.857     1.984    clk_IBUF_BUFG
    SLICE_X64Y18         FDRE                                         r  count_clk_reg[4]/C
                         clock pessimism             -0.513     1.471    
    SLICE_X64Y18         FDRE (Hold_fdre_C_D)         0.134     1.605    count_clk_reg[4]
  -------------------------------------------------------------------
                         required time                         -1.605    
                         arrival time                           1.907    
  -------------------------------------------------------------------
                         slack                                  0.301    

Slack (MET) :             0.301ns  (arrival time - required time)
  Source:                 count_clk_reg[15]/C
                            (rising edge-triggered cell FDRE clocked by sys_clk_pin  {rise@0.000ns fall@5.000ns period=10.000ns})
  Destination:            count_clk_reg[16]/D
                            (rising edge-triggered cell FDRE clocked by sys_clk_pin  {rise@0.000ns fall@5.000ns period=10.000ns})
  Path Group:             sys_clk_pin
  Path Type:              Hold (Min at Fast Process Corner)
  Requirement:            0.000ns  (sys_clk_pin rise@0.000ns - sys_clk_pin rise@0.000ns)
  Data Path Delay:        0.435ns  (logic 0.310ns (71.185%)  route 0.125ns (28.815%))
  Logic Levels:           1  (CARRY4=1)
  Clock Path Skew:        0.000ns (DCD - SCD - CPR)
    Destination Clock Delay (DCD):    1.981ns
    Source Clock Delay      (SCD):    1.468ns
    Clock Pessimism Removal (CPR):    0.513ns

    Location             Delay type                Incr(ns)  Path(ns)    Netlist Resource(s)
  -------------------------------------------------------------------    -------------------
                         (clock sys_clk_pin rise edge)
                                                      0.000     0.000 r  
    W5                                                0.000     0.000 r  clk (IN)
                         net (fo=0)                   0.000     0.000    clk
    W5                   IBUF (Prop_ibuf_I_O)         0.226     0.226 r  clk_IBUF_inst/O
                         net (fo=1, routed)           0.631     0.858    clk_IBUF
    BUFGCTRL_X0Y0        BUFG (Prop_bufg_I_O)         0.026     0.884 r  clk_IBUF_BUFG_inst/O
                         net (fo=27, routed)          0.585     1.468    clk_IBUF_BUFG
    SLICE_X64Y21         FDRE                                         r  count_clk_reg[15]/C
  -------------------------------------------------------------------    -------------------
    SLICE_X64Y21         FDRE (Prop_fdre_C_Q)         0.164     1.632 r  count_clk_reg[15]/Q
                         net (fo=2, routed)           0.125     1.758    count_clk_reg_n_0_[15]
    SLICE_X64Y21         CARRY4 (Prop_carry4_S[2]_O[3])
                                                      0.146     1.904 r  count_clk_reg[16]_i_1/O[3]
                         net (fo=1, routed)           0.000     1.904    data0[16]
    SLICE_X64Y21         FDRE                                         r  count_clk_reg[16]/D
  -------------------------------------------------------------------    -------------------

                         (clock sys_clk_pin rise edge)
                                                      0.000     0.000 r  
    W5                                                0.000     0.000 r  clk (IN)
                         net (fo=0)                   0.000     0.000    clk
    W5                   IBUF (Prop_ibuf_I_O)         0.414     0.414 r  clk_IBUF_inst/O
                         net (fo=1, routed)           0.685     1.099    clk_IBUF
    BUFGCTRL_X0Y0        BUFG (Prop_bufg_I_O)         0.029     1.128 r  clk_IBUF_BUFG_inst/O
                         net (fo=27, routed)          0.854     1.981    clk_IBUF_BUFG
    SLICE_X64Y21         FDRE                                         r  count_clk_reg[16]/C
                         clock pessimism             -0.513     1.468    
    SLICE_X64Y21         FDRE (Hold_fdre_C_D)         0.134     1.602    count_clk_reg[16]
  -------------------------------------------------------------------
                         required time                         -1.602    
                         arrival time                           1.904    
  -------------------------------------------------------------------
                         slack                                  0.301    





Pulse Width Checks
--------------------------------------------------------------------------------------
Clock Name:         sys_clk_pin
Waveform(ns):       { 0.000 5.000 }
Period(ns):         10.000
Sources:            { clk }

Check Type        Corner  Lib Pin  Reference Pin  Required(ns)  Actual(ns)  Slack(ns)  Location       Pin
Min Period        n/a     BUFG/I   n/a            2.155         10.000      7.845      BUFGCTRL_X0Y0  clk_IBUF_BUFG_inst/I
Min Period        n/a     FDRE/C   n/a            1.000         10.000      9.000      SLICE_X65Y18   clk_1hz_reg/C
Min Period        n/a     FDRE/C   n/a            1.000         10.000      9.000      SLICE_X65Y22   count_clk_reg[0]/C
Min Period        n/a     FDRE/C   n/a            1.000         10.000      9.000      SLICE_X64Y20   count_clk_reg[10]/C
Min Period        n/a     FDRE/C   n/a            1.000         10.000      9.000      SLICE_X64Y20   count_clk_reg[11]/C
Min Period        n/a     FDRE/C   n/a            1.000         10.000      9.000      SLICE_X64Y20   count_clk_reg[12]/C
Min Period        n/a     FDRE/C   n/a            1.000         10.000      9.000      SLICE_X64Y21   count_clk_reg[13]/C
Min Period        n/a     FDRE/C   n/a            1.000         10.000      9.000      SLICE_X64Y21   count_clk_reg[14]/C
Min Period        n/a     FDRE/C   n/a            1.000         10.000      9.000      SLICE_X64Y21   count_clk_reg[15]/C
Min Period        n/a     FDRE/C   n/a            1.000         10.000      9.000      SLICE_X64Y21   count_clk_reg[16]/C
Low Pulse Width   Slow    FDRE/C   n/a            0.500         5.000       4.500      SLICE_X65Y18   clk_1hz_reg/C
Low Pulse Width   Fast    FDRE/C   n/a            0.500         5.000       4.500      SLICE_X65Y18   clk_1hz_reg/C
Low Pulse Width   Slow    FDRE/C   n/a            0.500         5.000       4.500      SLICE_X65Y22   count_clk_reg[0]/C
Low Pulse Width   Fast    FDRE/C   n/a            0.500         5.000       4.500      SLICE_X65Y22   count_clk_reg[0]/C
Low Pulse Width   Slow    FDRE/C   n/a            0.500         5.000       4.500      SLICE_X64Y20   count_clk_reg[10]/C
Low Pulse Width   Fast    FDRE/C   n/a            0.500         5.000       4.500      SLICE_X64Y20   count_clk_reg[10]/C
Low Pulse Width   Slow    FDRE/C   n/a            0.500         5.000       4.500      SLICE_X64Y20   count_clk_reg[11]/C
Low Pulse Width   Fast    FDRE/C   n/a            0.500         5.000       4.500      SLICE_X64Y20   count_clk_reg[11]/C
Low Pulse Width   Slow    FDRE/C   n/a            0.500         5.000       4.500      SLICE_X64Y20   count_clk_reg[12]/C
Low Pulse Width   Fast    FDRE/C   n/a            0.500         5.000       4.500      SLICE_X64Y20   count_clk_reg[12]/C
High Pulse Width  Slow    FDRE/C   n/a            0.500         5.000       4.500      SLICE_X65Y18   clk_1hz_reg/C
High Pulse Width  Fast    FDRE/C   n/a            0.500         5.000       4.500      SLICE_X65Y18   clk_1hz_reg/C
High Pulse Width  Slow    FDRE/C   n/a            0.500         5.000       4.500      SLICE_X65Y22   count_clk_reg[0]/C
High Pulse Width  Fast    FDRE/C   n/a            0.500         5.000       4.500      SLICE_X65Y22   count_clk_reg[0]/C
High Pulse Width  Slow    FDRE/C   n/a            0.500         5.000       4.500      SLICE_X64Y20   count_clk_reg[10]/C
High Pulse Width  Fast    FDRE/C   n/a            0.500         5.000       4.500      SLICE_X64Y20   count_clk_reg[10]/C
High Pulse Width  Slow    FDRE/C   n/a            0.500         5.000       4.500      SLICE_X64Y20   count_clk_reg[11]/C
High Pulse Width  Fast    FDRE/C   n/a            0.500         5.000       4.500      SLICE_X64Y20   count_clk_reg[11]/C
High Pulse Width  Slow    FDRE/C   n/a            0.500         5.000       4.500      SLICE_X64Y20   count_clk_reg[12]/C
High Pulse Width  Fast    FDRE/C   n/a            0.500         5.000       4.500      SLICE_X64Y20   count_clk_reg[12]/C



--------------------------------------------------------------------------------------
Path Group:  (none)
From Clock:  
  To Clock:  

Max Delay            15 Endpoints
Min Delay            15 Endpoints
--------------------------------------------------------------------------------------


Max Delay Paths
--------------------------------------------------------------------------------------
Slack:                    inf
  Source:                 bcd_reg[2]/C
                            (rising edge-triggered cell FDRE)
  Destination:            seg[6]
                            (output port)
  Path Group:             (none)
  Path Type:              Max at Slow Process Corner
  Data Path Delay:        7.401ns  (logic 4.477ns (60.499%)  route 2.923ns (39.501%))
  Logic Levels:           3  (FDRE=1 LUT4=1 OBUF=1)

    Location             Delay type                Incr(ns)  Path(ns)    Netlist Resource(s)
  -------------------------------------------------------------------    -------------------
    SLICE_X65Y19         FDRE                         0.000     0.000 r  bcd_reg[2]/C
    SLICE_X65Y19         FDRE (Prop_fdre_C_Q)         0.419     0.419 r  bcd_reg[2]/Q
                         net (fo=10, routed)          0.892     1.311    bcd[2]
    SLICE_X65Y20         LUT4 (Prop_lut4_I2_O)        0.325     1.636 r  seg_OBUF[6]_inst_i_1/O
                         net (fo=1, routed)           2.031     3.667    seg_OBUF[6]
    U7                   OBUF (Prop_obuf_I_O)         3.733     7.401 r  seg_OBUF[6]_inst/O
                         net (fo=0)                   0.000     7.401    seg[6]
    U7                                                                r  seg[6] (OUT)
  -------------------------------------------------------------------    -------------------

Slack:                    inf
  Source:                 bcd_reg[3]/C
                            (rising edge-triggered cell FDRE)
  Destination:            seg[2]
                            (output port)
  Path Group:             (none)
  Path Type:              Max at Slow Process Corner
  Data Path Delay:        7.154ns  (logic 4.486ns (62.711%)  route 2.667ns (37.289%))
  Logic Levels:           3  (FDRE=1 LUT4=1 OBUF=1)

    Location             Delay type                Incr(ns)  Path(ns)    Netlist Resource(s)
  -------------------------------------------------------------------    -------------------
    SLICE_X65Y19         FDRE                         0.000     0.000 r  bcd_reg[3]/C
    SLICE_X65Y19         FDRE (Prop_fdre_C_Q)         0.419     0.419 r  bcd_reg[3]/Q
                         net (fo=9, routed)           0.859     1.278    bcd[3]
    SLICE_X65Y20         LUT4 (Prop_lut4_I0_O)        0.324     1.602 r  seg_OBUF[2]_inst_i_1/O
                         net (fo=1, routed)           1.808     3.410    seg_OBUF[2]
    U8                   OBUF (Prop_obuf_I_O)         3.743     7.154 r  seg_OBUF[2]_inst/O
                         net (fo=0)                   0.000     7.154    seg[2]
    U8                                                                r  seg[2] (OUT)
  -------------------------------------------------------------------    -------------------

Slack:                    inf
  Source:                 bcd_reg[2]/C
                            (rising edge-triggered cell FDRE)
  Destination:            seg[4]
                            (output port)
  Path Group:             (none)
  Path Type:              Max at Slow Process Corner
  Data Path Delay:        7.138ns  (logic 4.471ns (62.635%)  route 2.667ns (37.365%))
  Logic Levels:           3  (FDRE=1 LUT4=1 OBUF=1)

    Location             Delay type                Incr(ns)  Path(ns)    Netlist Resource(s)
  -------------------------------------------------------------------    -------------------
    SLICE_X65Y19         FDRE                         0.000     0.000 r  bcd_reg[2]/C
    SLICE_X65Y19         FDRE (Prop_fdre_C_Q)         0.419     0.419 r  bcd_reg[2]/Q
                         net (fo=10, routed)          0.854     1.273    bcd[2]
    SLICE_X65Y20         LUT4 (Prop_lut4_I2_O)        0.329     1.602 r  seg_OBUF[4]_inst_i_1/O
                         net (fo=1, routed)           1.813     3.415    seg_OBUF[4]
    U5                   OBUF (Prop_obuf_I_O)         3.723     7.138 r  seg_OBUF[4]_inst/O
                         net (fo=0)                   0.000     7.138    seg[4]
    U5                                                                r  seg[4] (OUT)
  -------------------------------------------------------------------    -------------------

Slack:                    inf
  Source:                 bcd_reg[2]/C
                            (rising edge-triggered cell FDRE)
  Destination:            seg[0]
                            (output port)
  Path Group:             (none)
  Path Type:              Max at Slow Process Corner
  Data Path Delay:        6.980ns  (logic 4.229ns (60.580%)  route 2.752ns (39.420%))
  Logic Levels:           3  (FDRE=1 LUT4=1 OBUF=1)

    Location             Delay type                Incr(ns)  Path(ns)    Netlist Resource(s)
  -------------------------------------------------------------------    -------------------
    SLICE_X65Y19         FDRE                         0.000     0.000 r  bcd_reg[2]/C
    SLICE_X65Y19         FDRE (Prop_fdre_C_Q)         0.419     0.419 r  bcd_reg[2]/Q
                         net (fo=10, routed)          0.892     1.311    bcd[2]
    SLICE_X65Y20         LUT4 (Prop_lut4_I1_O)        0.299     1.610 r  seg_OBUF[0]_inst_i_1/O
                         net (fo=1, routed)           1.859     3.470    seg_OBUF[0]
    W7                   OBUF (Prop_obuf_I_O)         3.511     6.980 r  seg_OBUF[0]_inst/O
                         net (fo=0)                   0.000     6.980    seg[0]
    W7                                                                r  seg[0] (OUT)
  -------------------------------------------------------------------    -------------------

Slack:                    inf
  Source:                 bcd_reg[3]/C
                            (rising edge-triggered cell FDRE)
  Destination:            seg[1]
                            (output port)
  Path Group:             (none)
  Path Type:              Max at Slow Process Corner
  Data Path Delay:        6.816ns  (logic 4.244ns (62.271%)  route 2.571ns (37.729%))
  Logic Levels:           3  (FDRE=1 LUT4=1 OBUF=1)

    Location             Delay type                Incr(ns)  Path(ns)    Netlist Resource(s)
  -------------------------------------------------------------------    -------------------
    SLICE_X65Y19         FDRE                         0.000     0.000 r  bcd_reg[3]/C
    SLICE_X65Y19         FDRE (Prop_fdre_C_Q)         0.419     0.419 r  bcd_reg[3]/Q
                         net (fo=9, routed)           0.859     1.278    bcd[3]
    SLICE_X65Y20         LUT4 (Prop_lut4_I0_O)        0.296     1.574 r  seg_OBUF[1]_inst_i_1/O
                         net (fo=1, routed)           1.712     3.286    seg_OBUF[1]
    W6                   OBUF (Prop_obuf_I_O)         3.529     6.816 r  seg_OBUF[1]_inst/O
                         net (fo=0)                   0.000     6.816    seg[1]
    W6                                                                r  seg[1] (OUT)
  -------------------------------------------------------------------    -------------------

Slack:                    inf
  Source:                 bcd_reg[0]/C
                            (rising edge-triggered cell FDRE)
  Destination:            seg[5]
                            (output port)
  Path Group:             (none)
  Path Type:              Max at Slow Process Corner
  Data Path Delay:        6.808ns  (logic 4.084ns (59.992%)  route 2.724ns (40.008%))
  Logic Levels:           3  (FDRE=1 LUT4=1 OBUF=1)

    Location             Delay type                Incr(ns)  Path(ns)    Netlist Resource(s)
  -------------------------------------------------------------------    -------------------
    SLICE_X65Y19         FDRE                         0.000     0.000 r  bcd_reg[0]/C
    SLICE_X65Y19         FDRE (Prop_fdre_C_Q)         0.456     0.456 r  bcd_reg[0]/Q
                         net (fo=12, routed)          0.901     1.357    bcd[0]
    SLICE_X65Y19         LUT4 (Prop_lut4_I3_O)        0.124     1.481 r  seg_OBUF[5]_inst_i_1/O
                         net (fo=1, routed)           1.823     3.304    seg_OBUF[5]
    V5                   OBUF (Prop_obuf_I_O)         3.504     6.808 r  seg_OBUF[5]_inst/O
                         net (fo=0)                   0.000     6.808    seg[5]
    V5                                                                r  seg[5] (OUT)
  -------------------------------------------------------------------    -------------------

Slack:                    inf
  Source:                 bcd_reg[2]/C
                            (rising edge-triggered cell FDRE)
  Destination:            seg[3]
                            (output port)
  Path Group:             (none)
  Path Type:              Max at Slow Process Corner
  Data Path Delay:        6.778ns  (logic 4.254ns (62.753%)  route 2.525ns (37.247%))
  Logic Levels:           3  (FDRE=1 LUT4=1 OBUF=1)

    Location             Delay type                Incr(ns)  Path(ns)    Netlist Resource(s)
  -------------------------------------------------------------------    -------------------
    SLICE_X65Y19         FDRE                         0.000     0.000 r  bcd_reg[2]/C
    SLICE_X65Y19         FDRE (Prop_fdre_C_Q)         0.419     0.419 r  bcd_reg[2]/Q
                         net (fo=10, routed)          0.854     1.273    bcd[2]
    SLICE_X65Y20         LUT4 (Prop_lut4_I1_O)        0.299     1.572 r  seg_OBUF[3]_inst_i_1/O
                         net (fo=1, routed)           1.670     3.243    seg_OBUF[3]
    V8                   OBUF (Prop_obuf_I_O)         3.536     6.778 r  seg_OBUF[3]_inst/O
                         net (fo=0)                   0.000     6.778    seg[3]
    V8                                                                r  seg[3] (OUT)
  -------------------------------------------------------------------    -------------------

Slack:                    inf
  Source:                 bcd_reg[0]/C
                            (rising edge-triggered cell FDRE)
  Destination:            bcd_reg[3]/D
  Path Group:             (none)
  Path Type:              Max at Slow Process Corner
  Data Path Delay:        2.112ns  (logic 0.610ns (28.878%)  route 1.502ns (71.122%))
  Logic Levels:           2  (FDRE=1 LUT4=1)

    Location             Delay type                Incr(ns)  Path(ns)    Netlist Resource(s)
  -------------------------------------------------------------------    -------------------
    SLICE_X65Y19         FDRE                         0.000     0.000 r  bcd_reg[0]/C
    SLICE_X65Y19         FDRE (Prop_fdre_C_Q)         0.456     0.456 r  bcd_reg[0]/Q
                         net (fo=12, routed)          0.901     1.357    bcd[0]
    SLICE_X65Y19         LUT4 (Prop_lut4_I1_O)        0.154     1.511 r  bcd[3]_i_2/O
                         net (fo=1, routed)           0.601     2.112    bcd[3]_i_2_n_0
    SLICE_X65Y19         FDRE                                         r  bcd_reg[3]/D
  -------------------------------------------------------------------    -------------------

Slack:                    inf
  Source:                 bcd_reg[0]/C
                            (rising edge-triggered cell FDRE)
  Destination:            bcd_reg[0]/R
  Path Group:             (none)
  Path Type:              Max at Slow Process Corner
  Data Path Delay:        1.873ns  (logic 0.580ns (30.960%)  route 1.293ns (69.040%))
  Logic Levels:           2  (FDRE=1 LUT4=1)

    Location             Delay type                Incr(ns)  Path(ns)    Netlist Resource(s)
  -------------------------------------------------------------------    -------------------
    SLICE_X65Y19         FDRE                         0.000     0.000 r  bcd_reg[0]/C
    SLICE_X65Y19         FDRE (Prop_fdre_C_Q)         0.456     0.456 r  bcd_reg[0]/Q
                         net (fo=12, routed)          0.906     1.362    bcd[0]
    SLICE_X65Y19         LUT4 (Prop_lut4_I1_O)        0.124     1.486 r  bcd[3]_i_1/O
                         net (fo=4, routed)           0.387     1.873    bcd[3]_i_1_n_0
    SLICE_X65Y19         FDRE                                         r  bcd_reg[0]/R
  -------------------------------------------------------------------    -------------------

Slack:                    inf
  Source:                 bcd_reg[0]/C
                            (rising edge-triggered cell FDRE)
  Destination:            bcd_reg[1]/R
  Path Group:             (none)
  Path Type:              Max at Slow Process Corner
  Data Path Delay:        1.873ns  (logic 0.580ns (30.960%)  route 1.293ns (69.040%))
  Logic Levels:           2  (FDRE=1 LUT4=1)

    Location             Delay type                Incr(ns)  Path(ns)    Netlist Resource(s)
  -------------------------------------------------------------------    -------------------
    SLICE_X65Y19         FDRE                         0.000     0.000 r  bcd_reg[0]/C
    SLICE_X65Y19         FDRE (Prop_fdre_C_Q)         0.456     0.456 r  bcd_reg[0]/Q
                         net (fo=12, routed)          0.906     1.362    bcd[0]
    SLICE_X65Y19         LUT4 (Prop_lut4_I1_O)        0.124     1.486 r  bcd[3]_i_1/O
                         net (fo=4, routed)           0.387     1.873    bcd[3]_i_1_n_0
    SLICE_X65Y19         FDRE                                         r  bcd_reg[1]/R
  -------------------------------------------------------------------    -------------------





Min Delay Paths
--------------------------------------------------------------------------------------
Slack:                    inf
  Source:                 bcd_reg[1]/C
                            (rising edge-triggered cell FDRE)
  Destination:            bcd_reg[1]/D
  Path Group:             (none)
  Path Type:              Min at Fast Process Corner
  Data Path Delay:        0.416ns  (logic 0.186ns (44.660%)  route 0.230ns (55.340%))
  Logic Levels:           2  (FDRE=1 LUT2=1)

    Location             Delay type                Incr(ns)  Path(ns)    Netlist Resource(s)
  -------------------------------------------------------------------    -------------------
    SLICE_X65Y19         FDRE                         0.000     0.000 r  bcd_reg[1]/C
    SLICE_X65Y19         FDRE (Prop_fdre_C_Q)         0.141     0.141 r  bcd_reg[1]/Q
                         net (fo=11, routed)          0.230     0.371    bcd[1]
    SLICE_X65Y19         LUT2 (Prop_lut2_I1_O)        0.045     0.416 r  bcd[1]_i_1/O
                         net (fo=1, routed)           0.000     0.416    bcd[1]_i_1_n_0
    SLICE_X65Y19         FDRE                                         r  bcd_reg[1]/D
  -------------------------------------------------------------------    -------------------

Slack:                    inf
  Source:                 bcd_reg[1]/C
                            (rising edge-triggered cell FDRE)
  Destination:            bcd_reg[2]/D
  Path Group:             (none)
  Path Type:              Min at Fast Process Corner
  Data Path Delay:        0.417ns  (logic 0.187ns (44.793%)  route 0.230ns (55.207%))
  Logic Levels:           2  (FDRE=1 LUT3=1)

    Location             Delay type                Incr(ns)  Path(ns)    Netlist Resource(s)
  -------------------------------------------------------------------    -------------------
    SLICE_X65Y19         FDRE                         0.000     0.000 r  bcd_reg[1]/C
    SLICE_X65Y19         FDRE (Prop_fdre_C_Q)         0.141     0.141 r  bcd_reg[1]/Q
                         net (fo=11, routed)          0.230     0.371    bcd[1]
    SLICE_X65Y19         LUT3 (Prop_lut3_I1_O)        0.046     0.417 r  bcd[2]_i_1/O
                         net (fo=1, routed)           0.000     0.417    bcd[2]_i_1_n_0
    SLICE_X65Y19         FDRE                                         r  bcd_reg[2]/D
  -------------------------------------------------------------------    -------------------

Slack:                    inf
  Source:                 bcd_reg[0]/C
                            (rising edge-triggered cell FDRE)
  Destination:            bcd_reg[0]/D
  Path Group:             (none)
  Path Type:              Min at Fast Process Corner
  Data Path Delay:        0.439ns  (logic 0.186ns (42.346%)  route 0.253ns (57.654%))
  Logic Levels:           2  (FDRE=1 LUT1=1)

    Location             Delay type                Incr(ns)  Path(ns)    Netlist Resource(s)
  -------------------------------------------------------------------    -------------------
    SLICE_X65Y19         FDRE                         0.000     0.000 r  bcd_reg[0]/C
    SLICE_X65Y19         FDRE (Prop_fdre_C_Q)         0.141     0.141 f  bcd_reg[0]/Q
                         net (fo=12, routed)          0.253     0.394    bcd[0]
    SLICE_X65Y19         LUT1 (Prop_lut1_I0_O)        0.045     0.439 r  bcd[0]_i_1/O
                         net (fo=1, routed)           0.000     0.439    bcd[0]_i_1_n_0
    SLICE_X65Y19         FDRE                                         r  bcd_reg[0]/D
  -------------------------------------------------------------------    -------------------

Slack:                    inf
  Source:                 bcd_reg[3]/C
                            (rising edge-triggered cell FDRE)
  Destination:            bcd_reg[0]/R
  Path Group:             (none)
  Path Type:              Min at Fast Process Corner
  Data Path Delay:        0.461ns  (logic 0.226ns (49.011%)  route 0.235ns (50.989%))
  Logic Levels:           2  (FDRE=1 LUT4=1)

    Location             Delay type                Incr(ns)  Path(ns)    Netlist Resource(s)
  -------------------------------------------------------------------    -------------------
    SLICE_X65Y19         FDRE                         0.000     0.000 r  bcd_reg[3]/C
    SLICE_X65Y19         FDRE (Prop_fdre_C_Q)         0.128     0.128 r  bcd_reg[3]/Q
                         net (fo=9, routed)           0.116     0.244    bcd[3]
    SLICE_X65Y19         LUT4 (Prop_lut4_I2_O)        0.098     0.342 r  bcd[3]_i_1/O
                         net (fo=4, routed)           0.119     0.461    bcd[3]_i_1_n_0
    SLICE_X65Y19         FDRE                                         r  bcd_reg[0]/R
  -------------------------------------------------------------------    -------------------

Slack:                    inf
  Source:                 bcd_reg[3]/C
                            (rising edge-triggered cell FDRE)
  Destination:            bcd_reg[1]/R
  Path Group:             (none)
  Path Type:              Min at Fast Process Corner
  Data Path Delay:        0.461ns  (logic 0.226ns (49.011%)  route 0.235ns (50.989%))
  Logic Levels:           2  (FDRE=1 LUT4=1)

    Location             Delay type                Incr(ns)  Path(ns)    Netlist Resource(s)
  -------------------------------------------------------------------    -------------------
    SLICE_X65Y19         FDRE                         0.000     0.000 r  bcd_reg[3]/C
    SLICE_X65Y19         FDRE (Prop_fdre_C_Q)         0.128     0.128 r  bcd_reg[3]/Q
                         net (fo=9, routed)           0.116     0.244    bcd[3]
    SLICE_X65Y19         LUT4 (Prop_lut4_I2_O)        0.098     0.342 r  bcd[3]_i_1/O
                         net (fo=4, routed)           0.119     0.461    bcd[3]_i_1_n_0
    SLICE_X65Y19         FDRE                                         r  bcd_reg[1]/R
  -------------------------------------------------------------------    -------------------

Slack:                    inf
  Source:                 bcd_reg[3]/C
                            (rising edge-triggered cell FDRE)
  Destination:            bcd_reg[2]/R
  Path Group:             (none)
  Path Type:              Min at Fast Process Corner
  Data Path Delay:        0.461ns  (logic 0.226ns (49.011%)  route 0.235ns (50.989%))
  Logic Levels:           2  (FDRE=1 LUT4=1)

    Location             Delay type                Incr(ns)  Path(ns)    Netlist Resource(s)
  -------------------------------------------------------------------    -------------------
    SLICE_X65Y19         FDRE                         0.000     0.000 r  bcd_reg[3]/C
    SLICE_X65Y19         FDRE (Prop_fdre_C_Q)         0.128     0.128 r  bcd_reg[3]/Q
                         net (fo=9, routed)           0.116     0.244    bcd[3]
    SLICE_X65Y19         LUT4 (Prop_lut4_I2_O)        0.098     0.342 r  bcd[3]_i_1/O
                         net (fo=4, routed)           0.119     0.461    bcd[3]_i_1_n_0
    SLICE_X65Y19         FDRE                                         r  bcd_reg[2]/R
  -------------------------------------------------------------------    -------------------

Slack:                    inf
  Source:                 bcd_reg[3]/C
                            (rising edge-triggered cell FDRE)
  Destination:            bcd_reg[3]/R
  Path Group:             (none)
  Path Type:              Min at Fast Process Corner
  Data Path Delay:        0.461ns  (logic 0.226ns (49.011%)  route 0.235ns (50.989%))
  Logic Levels:           2  (FDRE=1 LUT4=1)

    Location             Delay type                Incr(ns)  Path(ns)    Netlist Resource(s)
  -------------------------------------------------------------------    -------------------
    SLICE_X65Y19         FDRE                         0.000     0.000 r  bcd_reg[3]/C
    SLICE_X65Y19         FDRE (Prop_fdre_C_Q)         0.128     0.128 r  bcd_reg[3]/Q
                         net (fo=9, routed)           0.116     0.244    bcd[3]
    SLICE_X65Y19         LUT4 (Prop_lut4_I2_O)        0.098     0.342 r  bcd[3]_i_1/O
                         net (fo=4, routed)           0.119     0.461    bcd[3]_i_1_n_0
    SLICE_X65Y19         FDRE                                         r  bcd_reg[3]/R
  -------------------------------------------------------------------    -------------------

Slack:                    inf
  Source:                 bcd_reg[3]/C
                            (rising edge-triggered cell FDRE)
  Destination:            bcd_reg[3]/D
  Path Group:             (none)
  Path Type:              Min at Fast Process Corner
  Data Path Delay:        0.550ns  (logic 0.232ns (42.174%)  route 0.318ns (57.826%))
  Logic Levels:           2  (FDRE=1 LUT4=1)

    Location             Delay type                Incr(ns)  Path(ns)    Netlist Resource(s)
  -------------------------------------------------------------------    -------------------
    SLICE_X65Y19         FDRE                         0.000     0.000 r  bcd_reg[3]/C
    SLICE_X65Y19         FDRE (Prop_fdre_C_Q)         0.128     0.128 r  bcd_reg[3]/Q
                         net (fo=9, routed)           0.116     0.244    bcd[3]
    SLICE_X65Y19         LUT4 (Prop_lut4_I3_O)        0.104     0.348 r  bcd[3]_i_2/O
                         net (fo=1, routed)           0.202     0.550    bcd[3]_i_2_n_0
    SLICE_X65Y19         FDRE                                         r  bcd_reg[3]/D
  -------------------------------------------------------------------    -------------------

Slack:                    inf
  Source:                 bcd_reg[3]/C
                            (rising edge-triggered cell FDRE)
  Destination:            seg[5]
                            (output port)
  Path Group:             (none)
  Path Type:              Min at Fast Process Corner
  Data Path Delay:        1.917ns  (logic 1.432ns (74.670%)  route 0.486ns (25.330%))
  Logic Levels:           3  (FDRE=1 LUT4=1 OBUF=1)

    Location             Delay type                Incr(ns)  Path(ns)    Netlist Resource(s)
  -------------------------------------------------------------------    -------------------
    SLICE_X65Y19         FDRE                         0.000     0.000 r  bcd_reg[3]/C
    SLICE_X65Y19         FDRE (Prop_fdre_C_Q)         0.128     0.128 r  bcd_reg[3]/Q
                         net (fo=9, routed)           0.116     0.244    bcd[3]
    SLICE_X65Y19         LUT4 (Prop_lut4_I0_O)        0.098     0.342 r  seg_OBUF[5]_inst_i_1/O
                         net (fo=1, routed)           0.370     0.712    seg_OBUF[5]
    V5                   OBUF (Prop_obuf_I_O)         1.206     1.917 r  seg_OBUF[5]_inst/O
                         net (fo=0)                   0.000     1.917    seg[5]
    V5                                                                r  seg[5] (OUT)
  -------------------------------------------------------------------    -------------------

Slack:                    inf
  Source:                 bcd_reg[1]/C
                            (rising edge-triggered cell FDRE)
  Destination:            seg[0]
                            (output port)
  Path Group:             (none)
  Path Type:              Min at Fast Process Corner
  Data Path Delay:        1.977ns  (logic 1.398ns (70.689%)  route 0.580ns (29.311%))
  Logic Levels:           3  (FDRE=1 LUT4=1 OBUF=1)

    Location             Delay type                Incr(ns)  Path(ns)    Netlist Resource(s)
  -------------------------------------------------------------------    -------------------
    SLICE_X65Y19         FDRE                         0.000     0.000 r  bcd_reg[1]/C
    SLICE_X65Y19         FDRE (Prop_fdre_C_Q)         0.141     0.141 r  bcd_reg[1]/Q
                         net (fo=11, routed)          0.167     0.308    bcd[1]
    SLICE_X65Y20         LUT4 (Prop_lut4_I3_O)        0.045     0.353 r  seg_OBUF[0]_inst_i_1/O
                         net (fo=1, routed)           0.412     0.766    seg_OBUF[0]
    W7                   OBUF (Prop_obuf_I_O)         1.212     1.977 r  seg_OBUF[0]_inst/O
                         net (fo=0)                   0.000     1.977    seg[0]
    W7                                                                r  seg[0] (OUT)
  -------------------------------------------------------------------    -------------------





