TRACE::2026-03-18.15:58:50::SCWPlatform::Trying to open the hw design at D:/workspace/fbga_project/deneme_4/vitis/system_wrapper/hw/system_wrapper.xsa
TRACE::2026-03-18.15:58:50::SCWPlatform::DSA given D:/workspace/fbga_project/deneme_4/vitis/system_wrapper/hw/system_wrapper.xsa
TRACE::2026-03-18.15:58:50::SCWPlatform::DSA absoulate path D:/workspace/fbga_project/deneme_4/vitis/system_wrapper/hw/system_wrapper.xsa
TRACE::2026-03-18.15:58:50::SCWPlatform::DSA directory D:/workspace/fbga_project/deneme_4/vitis/system_wrapper/hw
TRACE::2026-03-18.15:58:50::SCWPlatform:: Platform Path D:/workspace/fbga_project/deneme_4/vitis/system_wrapper/hw/system_wrapper.xsa
TRACE::2026-03-18.15:58:50::SCWPlatform:: Unique name xilinx:zedboard::0.0
TRACE::2026-03-18.15:58:50::SCWPlatform::Do not have an existing db opened. 
TRACE::2026-03-18.15:58:55::SCWPlatform::Opened new HwDB with name system_wrapper_0
TRACE::2026-03-18.15:58:55::SCWWriter::formatted JSON is {
	"platformName":	"system_wrapper",
	"sprVersion":	"2.0",
	"mode":	"gui",
	"dsaType":	"Fixed",
	"platformDesc":	"system_wrapper",
	"platHandOff":	"<platformDir>.xsa",
	"platIntHandOff":	"<platformDir>/hw/system_wrapper.xsa",
	"deviceType":	"zynq",
	"platIsPrebuiltAutogen":	"false",
	"platIsNoBootBsp":	"false",
	"hasFsblMakeHasChanges":	"false",
	"hasPmufwMakeHasChanges":	"false",
	"platPreBuiltFlag":	false,
	"platformSamplesDir":	""
}
TRACE::2026-03-18.15:58:55::SCWWriter::formatted JSON is {
	"platformName":	"system_wrapper",
	"sprVersion":	"2.0",
	"mode":	"gui",
	"dsaType":	"Fixed",
	"platformDesc":	"system_wrapper",
	"platHandOff":	"<platformDir>.xsa",
	"platIntHandOff":	"<platformDir>/hw/system_wrapper.xsa",
	"deviceType":	"zynq",
	"platIsPrebuiltAutogen":	"false",
	"platIsNoBootBsp":	"false",
	"hasFsblMakeHasChanges":	"false",
	"hasPmufwMakeHasChanges":	"false",
	"platPreBuiltFlag":	false,
	"platformSamplesDir":	"",
	"platActiveSys":	"system_wrapper",
	"systems":	[{
			"systemName":	"system_wrapper",
			"systemDesc":	"system_wrapper",
			"sysIsBootAutoGen":	"true",
			"systemDispName":	"system_wrapper"
		}]
}
TRACE::2026-03-18.15:58:55::SCWPlatform::Boot application domains not present, creating them
TRACE::2026-03-18.15:58:55::SCWDomain::checking for install qemu data   : 
TRACE::2026-03-18.15:58:55::SCWDomain:: Using the QEMU Data from install at  : C:/Xilinx/Vitis/2022.1/data/emulation/platforms/zynq/sw/a9_standalone/qemu/
TRACE::2026-03-18.15:58:55::SCWDomain:: Using the QEMU args  from install at  : C:/Xilinx/Vitis/2022.1/data/emulation/platforms/zynq/sw/a9_standalone/qemu/qemu_args.txt
TRACE::2026-03-18.15:58:55::SCWPlatform::Trying to open the hw design at D:/workspace/fbga_project/deneme_4/vitis/system_wrapper/hw/system_wrapper.xsa
TRACE::2026-03-18.15:58:55::SCWPlatform::DSA given D:/workspace/fbga_project/deneme_4/vitis/system_wrapper/hw/system_wrapper.xsa
TRACE::2026-03-18.15:58:55::SCWPlatform::DSA absoulate path D:/workspace/fbga_project/deneme_4/vitis/system_wrapper/hw/system_wrapper.xsa
TRACE::2026-03-18.15:58:55::SCWPlatform::DSA directory D:/workspace/fbga_project/deneme_4/vitis/system_wrapper/hw
TRACE::2026-03-18.15:58:55::SCWPlatform:: Platform Path D:/workspace/fbga_project/deneme_4/vitis/system_wrapper/hw/system_wrapper.xsa
TRACE::2026-03-18.15:58:55::SCWPlatform:: Unique name xilinx:zedboard::0.0
TRACE::2026-03-18.15:58:55::SCWPlatform::Trying to set the existing hwdb with name system_wrapper_0
TRACE::2026-03-18.15:58:55::SCWPlatform::Opened existing hwdb system_wrapper_0
TRACE::2026-03-18.15:58:55::SCWPlatform::Found the Hw Db part of the input DSA
TRACE::2026-03-18.15:58:55::SCWPlatform::Trying to open the hw design at D:/workspace/fbga_project/deneme_4/vitis/system_wrapper/hw/system_wrapper.xsa
TRACE::2026-03-18.15:58:55::SCWPlatform::DSA given D:/workspace/fbga_project/deneme_4/vitis/system_wrapper/hw/system_wrapper.xsa
TRACE::2026-03-18.15:58:55::SCWPlatform::DSA absoulate path D:/workspace/fbga_project/deneme_4/vitis/system_wrapper/hw/system_wrapper.xsa
TRACE::2026-03-18.15:58:55::SCWPlatform::DSA directory D:/workspace/fbga_project/deneme_4/vitis/system_wrapper/hw
TRACE::2026-03-18.15:58:55::SCWPlatform:: Platform Path D:/workspace/fbga_project/deneme_4/vitis/system_wrapper/hw/system_wrapper.xsa
TRACE::2026-03-18.15:58:55::SCWPlatform:: Unique name xilinx:zedboard::0.0
TRACE::2026-03-18.15:58:55::SCWPlatform::Trying to set the existing hwdb with name system_wrapper_0
TRACE::2026-03-18.15:58:55::SCWPlatform::Opened existing hwdb system_wrapper_0
TRACE::2026-03-18.15:58:55::SCWPlatform::Found the Hw Db part of the input DSA
TRACE::2026-03-18.15:58:55::SCWPlatform::Trying to open the hw design at D:/workspace/fbga_project/deneme_4/vitis/system_wrapper/hw/system_wrapper.xsa
TRACE::2026-03-18.15:58:55::SCWPlatform::DSA given D:/workspace/fbga_project/deneme_4/vitis/system_wrapper/hw/system_wrapper.xsa
TRACE::2026-03-18.15:58:55::SCWPlatform::DSA absoulate path D:/workspace/fbga_project/deneme_4/vitis/system_wrapper/hw/system_wrapper.xsa
TRACE::2026-03-18.15:58:55::SCWPlatform::DSA directory D:/workspace/fbga_project/deneme_4/vitis/system_wrapper/hw
TRACE::2026-03-18.15:58:55::SCWPlatform:: Platform Path D:/workspace/fbga_project/deneme_4/vitis/system_wrapper/hw/system_wrapper.xsa
TRACE::2026-03-18.15:58:55::SCWPlatform:: Unique name xilinx:zedboard::0.0
TRACE::2026-03-18.15:58:55::SCWPlatform::Trying to set the existing hwdb with name system_wrapper_0
TRACE::2026-03-18.15:58:55::SCWPlatform::Opened existing hwdb system_wrapper_0
TRACE::2026-03-18.15:58:55::SCWPlatform::Found the Hw Db part of the input DSA
TRACE::2026-03-18.15:58:55::SCWPlatform::Boot application domain added for zynq_fsbl
TRACE::2026-03-18.15:58:55::SCWPlatform::Generating the sources  .
TRACE::2026-03-18.15:58:55::SCWBDomain::Generating boot domain sources.
TRACE::2026-03-18.15:58:55::SCWBDomain:: Generating the zynq_fsbl Application.
TRACE::2026-03-18.15:58:55::SCWPlatform::Trying to open the hw design at D:/workspace/fbga_project/deneme_4/vitis/system_wrapper/hw/system_wrapper.xsa
TRACE::2026-03-18.15:58:55::SCWPlatform::DSA given D:/workspace/fbga_project/deneme_4/vitis/system_wrapper/hw/system_wrapper.xsa
TRACE::2026-03-18.15:58:55::SCWPlatform::DSA absoulate path D:/workspace/fbga_project/deneme_4/vitis/system_wrapper/hw/system_wrapper.xsa
TRACE::2026-03-18.15:58:55::SCWPlatform::DSA directory D:/workspace/fbga_project/deneme_4/vitis/system_wrapper/hw
TRACE::2026-03-18.15:58:55::SCWPlatform:: Platform Path D:/workspace/fbga_project/deneme_4/vitis/system_wrapper/hw/system_wrapper.xsa
TRACE::2026-03-18.15:58:55::SCWPlatform:: Unique name xilinx:zedboard::0.0
TRACE::2026-03-18.15:58:55::SCWPlatform::Trying to set the existing hwdb with name system_wrapper_0
TRACE::2026-03-18.15:58:55::SCWPlatform::Opened existing hwdb system_wrapper_0
TRACE::2026-03-18.15:58:55::SCWPlatform::Found the Hw Db part of the input DSA
TRACE::2026-03-18.15:58:55::SCWMssOS::Checking the sw design at  D:/workspace/fbga_project/deneme_4/vitis/system_wrapper/zynq_fsbl/zynq_fsbl_bsp/system.mss
TRACE::2026-03-18.15:58:55::SCWMssOS::DEBUG:  swdes dump  
TRACE::2026-03-18.15:58:55::SCWMssOS::No sw design opened at  D:/workspace/fbga_project/deneme_4/vitis/system_wrapper/zynq_fsbl/zynq_fsbl_bsp/system.mss
TRACE::2026-03-18.15:58:55::SCWMssOS::mss does not exists at D:/workspace/fbga_project/deneme_4/vitis/system_wrapper/zynq_fsbl/zynq_fsbl_bsp/system.mss
TRACE::2026-03-18.15:58:55::SCWMssOS::Creating sw design at  D:/workspace/fbga_project/deneme_4/vitis/system_wrapper/zynq_fsbl/zynq_fsbl_bsp/system.mss
TRACE::2026-03-18.15:58:55::SCWMssOS::Adding the swdes entry, created swdb D:/workspace/fbga_project/deneme_4/vitis/system_wrapper/zynq_fsbl/zynq_fsbl_bsp/system.mss with des name D:/workspace/fbga_project/deneme_4/vitis/system_wrapper/zynq_fsbl/zynq_fsbl_bsp/system.mss
TRACE::2026-03-18.15:58:55::SCWMssOS::updating the scw layer changes to swdes at   D:/workspace/fbga_project/deneme_4/vitis/system_wrapper/zynq_fsbl/zynq_fsbl_bsp/system.mss
TRACE::2026-03-18.15:58:55::SCWMssOS::Writing mss at D:/workspace/fbga_project/deneme_4/vitis/system_wrapper/zynq_fsbl/zynq_fsbl_bsp/system.mss
TRACE::2026-03-18.15:58:55::SCWMssOS::Completed writing the mss file at D:/workspace/fbga_project/deneme_4/vitis/system_wrapper/zynq_fsbl/zynq_fsbl_bsp
TRACE::2026-03-18.15:58:55::SCWMssOS::Picking up changes from newly written mss file into SCW Layer. 
TRACE::2026-03-18.15:58:55::SCWMssOS::Updated the changes from newly written mss file into SCW Layer. 
TRACE::2026-03-18.15:58:55::SCWBDomain::Completed writing the mss file at D:/workspace/fbga_project/deneme_4/vitis/system_wrapper/zynq_fsbl/zynq_fsbl_bsp
TRACE::2026-03-18.15:59:06::SCWPlatform::Generating sources Done.
TRACE::2026-03-18.15:59:06::SCWPlatform::Trying to open the hw design at D:/workspace/fbga_project/deneme_4/vitis/system_wrapper/hw/system_wrapper.xsa
TRACE::2026-03-18.15:59:06::SCWPlatform::DSA given D:/workspace/fbga_project/deneme_4/vitis/system_wrapper/hw/system_wrapper.xsa
TRACE::2026-03-18.15:59:06::SCWPlatform::DSA absoulate path D:/workspace/fbga_project/deneme_4/vitis/system_wrapper/hw/system_wrapper.xsa
TRACE::2026-03-18.15:59:06::SCWPlatform::DSA directory D:/workspace/fbga_project/deneme_4/vitis/system_wrapper/hw
TRACE::2026-03-18.15:59:06::SCWPlatform:: Platform Path D:/workspace/fbga_project/deneme_4/vitis/system_wrapper/hw/system_wrapper.xsa
TRACE::2026-03-18.15:59:06::SCWPlatform:: Unique name xilinx:zedboard::0.0
TRACE::2026-03-18.15:59:06::SCWPlatform::Trying to set the existing hwdb with name system_wrapper_0
TRACE::2026-03-18.15:59:06::SCWPlatform::Opened existing hwdb system_wrapper_0
TRACE::2026-03-18.15:59:06::SCWPlatform::Found the Hw Db part of the input DSA
TRACE::2026-03-18.15:59:06::SCWMssOS::Checking the sw design at  D:/workspace/fbga_project/deneme_4/vitis/system_wrapper/zynq_fsbl/zynq_fsbl_bsp/system.mss
TRACE::2026-03-18.15:59:06::SCWMssOS::DEBUG:  swdes dump  
TRACE::2026-03-18.15:59:06::SCWMssOS::No sw design opened at  D:/workspace/fbga_project/deneme_4/vitis/system_wrapper/zynq_fsbl/zynq_fsbl_bsp/system.mss
TRACE::2026-03-18.15:59:06::SCWMssOS::mss exists loading the mss file  D:/workspace/fbga_project/deneme_4/vitis/system_wrapper/zynq_fsbl/zynq_fsbl_bsp/system.mss
TRACE::2026-03-18.15:59:06::SCWMssOS::Opened the sw design from mss  D:/workspace/fbga_project/deneme_4/vitis/system_wrapper/zynq_fsbl/zynq_fsbl_bsp/system.mss
TRACE::2026-03-18.15:59:06::SCWMssOS::Adding the swdes entry D:/workspace/fbga_project/deneme_4/vitis/system_wrapper/zynq_fsbl/zynq_fsbl_bsp/system.mss with des name system
TRACE::2026-03-18.15:59:06::SCWMssOS::updating the scw layer about changes
TRACE::2026-03-18.15:59:06::SCWMssOS::Opened the sw design.  D:/workspace/fbga_project/deneme_4/vitis/system_wrapper/zynq_fsbl/zynq_fsbl_bsp/system.mss
TRACE::2026-03-18.15:59:06::SCWMssOS::Saving the mss changes D:/workspace/fbga_project/deneme_4/vitis/system_wrapper/zynq_fsbl/zynq_fsbl_bsp/system.mss
TRACE::2026-03-18.15:59:06::SCWMssOS::Found a swdesign opened with the mssfile.
TRACE::2026-03-18.15:59:06::SCWMssOS::Completed writemss as part of save.
TRACE::2026-03-18.15:59:06::SCWMssOS::Commit changes completed.
TRACE::2026-03-18.15:59:06::SCWPlatform::Trying to open the hw design at D:/workspace/fbga_project/deneme_4/vitis/system_wrapper/hw/system_wrapper.xsa
TRACE::2026-03-18.15:59:06::SCWPlatform::DSA given D:/workspace/fbga_project/deneme_4/vitis/system_wrapper/hw/system_wrapper.xsa
TRACE::2026-03-18.15:59:06::SCWPlatform::DSA absoulate path D:/workspace/fbga_project/deneme_4/vitis/system_wrapper/hw/system_wrapper.xsa
TRACE::2026-03-18.15:59:06::SCWPlatform::DSA directory D:/workspace/fbga_project/deneme_4/vitis/system_wrapper/hw
TRACE::2026-03-18.15:59:06::SCWPlatform:: Platform Path D:/workspace/fbga_project/deneme_4/vitis/system_wrapper/hw/system_wrapper.xsa
TRACE::2026-03-18.15:59:06::SCWPlatform:: Unique name xilinx:zedboard::0.0
TRACE::2026-03-18.15:59:06::SCWPlatform::Trying to set the existing hwdb with name system_wrapper_0
TRACE::2026-03-18.15:59:06::SCWPlatform::Opened existing hwdb system_wrapper_0
TRACE::2026-03-18.15:59:06::SCWPlatform::Found the Hw Db part of the input DSA
TRACE::2026-03-18.15:59:06::SCWMssOS::Checking the sw design at  D:/workspace/fbga_project/deneme_4/vitis/system_wrapper/zynq_fsbl/zynq_fsbl_bsp/system.mss
TRACE::2026-03-18.15:59:06::SCWMssOS::DEBUG:  swdes dump  D:/workspace/fbga_project/deneme_4/vitis/system_wrapper/zynq_fsbl/zynq_fsbl_bsp/system.mss|system||

TRACE::2026-03-18.15:59:06::SCWMssOS::Sw design exists and opened at  D:/workspace/fbga_project/deneme_4/vitis/system_wrapper/zynq_fsbl/zynq_fsbl_bsp/system.mss
TRACE::2026-03-18.15:59:06::SCWPlatform::Trying to open the hw design at D:/workspace/fbga_project/deneme_4/vitis/system_wrapper/hw/system_wrapper.xsa
TRACE::2026-03-18.15:59:06::SCWPlatform::DSA given D:/workspace/fbga_project/deneme_4/vitis/system_wrapper/hw/system_wrapper.xsa
TRACE::2026-03-18.15:59:06::SCWPlatform::DSA absoulate path D:/workspace/fbga_project/deneme_4/vitis/system_wrapper/hw/system_wrapper.xsa
TRACE::2026-03-18.15:59:06::SCWPlatform::DSA directory D:/workspace/fbga_project/deneme_4/vitis/system_wrapper/hw
TRACE::2026-03-18.15:59:06::SCWPlatform:: Platform Path D:/workspace/fbga_project/deneme_4/vitis/system_wrapper/hw/system_wrapper.xsa
TRACE::2026-03-18.15:59:06::SCWPlatform:: Unique name xilinx:zedboard::0.0
TRACE::2026-03-18.15:59:06::SCWPlatform::Trying to set the existing hwdb with name system_wrapper_0
TRACE::2026-03-18.15:59:06::SCWPlatform::Opened existing hwdb system_wrapper_0
TRACE::2026-03-18.15:59:06::SCWPlatform::Found the Hw Db part of the input DSA
TRACE::2026-03-18.15:59:06::SCWMssOS::Checking the sw design at  D:/workspace/fbga_project/deneme_4/vitis/system_wrapper/zynq_fsbl/zynq_fsbl_bsp/system.mss
TRACE::2026-03-18.15:59:06::SCWMssOS::DEBUG:  swdes dump  D:/workspace/fbga_project/deneme_4/vitis/system_wrapper/zynq_fsbl/zynq_fsbl_bsp/system.mss|system||

TRACE::2026-03-18.15:59:06::SCWMssOS::Sw design exists and opened at  D:/workspace/fbga_project/deneme_4/vitis/system_wrapper/zynq_fsbl/zynq_fsbl_bsp/system.mss
TRACE::2026-03-18.15:59:06::SCWPlatform::Trying to open the hw design at D:/workspace/fbga_project/deneme_4/vitis/system_wrapper/hw/system_wrapper.xsa
TRACE::2026-03-18.15:59:06::SCWPlatform::DSA given D:/workspace/fbga_project/deneme_4/vitis/system_wrapper/hw/system_wrapper.xsa
TRACE::2026-03-18.15:59:06::SCWPlatform::DSA absoulate path D:/workspace/fbga_project/deneme_4/vitis/system_wrapper/hw/system_wrapper.xsa
TRACE::2026-03-18.15:59:06::SCWPlatform::DSA directory D:/workspace/fbga_project/deneme_4/vitis/system_wrapper/hw
TRACE::2026-03-18.15:59:06::SCWPlatform:: Platform Path D:/workspace/fbga_project/deneme_4/vitis/system_wrapper/hw/system_wrapper.xsa
TRACE::2026-03-18.15:59:06::SCWPlatform:: Unique name xilinx:zedboard::0.0
TRACE::2026-03-18.15:59:06::SCWPlatform::Trying to set the existing hwdb with name system_wrapper_0
TRACE::2026-03-18.15:59:06::SCWPlatform::Opened existing hwdb system_wrapper_0
TRACE::2026-03-18.15:59:06::SCWPlatform::Found the Hw Db part of the input DSA
TRACE::2026-03-18.15:59:06::SCWMssOS::Checking the sw design at  D:/workspace/fbga_project/deneme_4/vitis/system_wrapper/zynq_fsbl/zynq_fsbl_bsp/system.mss
TRACE::2026-03-18.15:59:06::SCWMssOS::DEBUG:  swdes dump  D:/workspace/fbga_project/deneme_4/vitis/system_wrapper/zynq_fsbl/zynq_fsbl_bsp/system.mss|system||

TRACE::2026-03-18.15:59:06::SCWMssOS::Sw design exists and opened at  D:/workspace/fbga_project/deneme_4/vitis/system_wrapper/zynq_fsbl/zynq_fsbl_bsp/system.mss
TRACE::2026-03-18.15:59:06::SCWWriter::formatted JSON is {
	"platformName":	"system_wrapper",
	"sprVersion":	"2.0",
	"mode":	"gui",
	"dsaType":	"Fixed",
	"platformDesc":	"system_wrapper",
	"platHandOff":	"<platformDir>.xsa",
	"platIntHandOff":	"<platformDir>/hw/system_wrapper.xsa",
	"deviceType":	"zynq",
	"platIsPrebuiltAutogen":	"false",
	"platIsNoBootBsp":	"false",
	"platFsblTarget":	"ps7_cortexa9_0",
	"hasFsblMakeHasChanges":	"false",
	"hasPmufwMakeHasChanges":	"false",
	"fsblExtraCompilerFlags":	"-MMD -MP       -mcpu=cortex-a9 -mfpu=vfpv3 -mfloat-abi=hard ",
	"platPreBuiltFlag":	false,
	"platformSamplesDir":	"",
	"platActiveSys":	"system_wrapper",
	"systems":	[{
			"systemName":	"system_wrapper",
			"systemDesc":	"system_wrapper",
			"sysIsBootAutoGen":	"true",
			"systemDispName":	"system_wrapper",
			"sysActiveDom":	"zynq_fsbl",
			"sysDefaultDom":	"",
			"domains":	[{
					"domainName":	"zynq_fsbl",
					"domainDispName":	"zynq_fsbl",
					"domainDesc":	"FSBL Application BSP - Auto Generated.",
					"processors":	"ps7_cortexa9_0",
					"os":	"standalone",
					"sdxOs":	"standalone",
					"debugEnable":	"",
					"domRuntimes":	["cpp"],
					"swRepo":	"",
					"mssOsVer":	"7.7",
					"mssFile":	"",
					"md5Digest":	"f02bafc1df106379f3b5d99a4ba663f4",
					"compatibleApp":	"zynq_fsbl",
					"domType":	"bootDomain",
					"arch":	"32-bit",
					"appSettings":	{
						"appCompilerFlags":	"",
						"appLinkerFlags":	""
					},
					"addedLibs":	["xilffs:4.7", "xilrsa:1.6"],
					"libOptions":	{
						"libsContainingOptions":	[]
					},
					"prebuiltLibs":	{
						"prebuiltIncPath":	[],
						"prebuiltLibPath":	[]
					},
					"isolation":	{
					}
				}]
		}]
}
TRACE::2026-03-18.15:59:06::SCWMssOS::Saving the mss changes D:/workspace/fbga_project/deneme_4/vitis/system_wrapper/zynq_fsbl/zynq_fsbl_bsp/system.mss
TRACE::2026-03-18.15:59:06::SCWMssOS::Found a swdesign opened with the mssfile.
TRACE::2026-03-18.15:59:06::SCWMssOS::Completed writemss as part of save.
TRACE::2026-03-18.15:59:06::SCWMssOS::Commit changes completed.
TRACE::2026-03-18.15:59:06::SCWPlatform::Trying to open the hw design at D:/workspace/fbga_project/deneme_4/vitis/system_wrapper/hw/system_wrapper.xsa
TRACE::2026-03-18.15:59:06::SCWPlatform::DSA given D:/workspace/fbga_project/deneme_4/vitis/system_wrapper/hw/system_wrapper.xsa
TRACE::2026-03-18.15:59:06::SCWPlatform::DSA absoulate path D:/workspace/fbga_project/deneme_4/vitis/system_wrapper/hw/system_wrapper.xsa
TRACE::2026-03-18.15:59:06::SCWPlatform::DSA directory D:/workspace/fbga_project/deneme_4/vitis/system_wrapper/hw
TRACE::2026-03-18.15:59:06::SCWPlatform:: Platform Path D:/workspace/fbga_project/deneme_4/vitis/system_wrapper/hw/system_wrapper.xsa
TRACE::2026-03-18.15:59:06::SCWPlatform:: Unique name xilinx:zedboard::0.0
TRACE::2026-03-18.15:59:06::SCWPlatform::Trying to set the existing hwdb with name system_wrapper_0
TRACE::2026-03-18.15:59:06::SCWPlatform::Opened existing hwdb system_wrapper_0
TRACE::2026-03-18.15:59:06::SCWPlatform::Found the Hw Db part of the input DSA
TRACE::2026-03-18.15:59:06::SCWMssOS::Checking the sw design at  D:/workspace/fbga_project/deneme_4/vitis/system_wrapper/zynq_fsbl/zynq_fsbl_bsp/system.mss
TRACE::2026-03-18.15:59:06::SCWMssOS::DEBUG:  swdes dump  D:/workspace/fbga_project/deneme_4/vitis/system_wrapper/zynq_fsbl/zynq_fsbl_bsp/system.mss|system||

TRACE::2026-03-18.15:59:06::SCWMssOS::Sw design exists and opened at  D:/workspace/fbga_project/deneme_4/vitis/system_wrapper/zynq_fsbl/zynq_fsbl_bsp/system.mss
TRACE::2026-03-18.15:59:06::SCWPlatform::Trying to open the hw design at D:/workspace/fbga_project/deneme_4/vitis/system_wrapper/hw/system_wrapper.xsa
TRACE::2026-03-18.15:59:06::SCWPlatform::DSA given D:/workspace/fbga_project/deneme_4/vitis/system_wrapper/hw/system_wrapper.xsa
TRACE::2026-03-18.15:59:06::SCWPlatform::DSA absoulate path D:/workspace/fbga_project/deneme_4/vitis/system_wrapper/hw/system_wrapper.xsa
TRACE::2026-03-18.15:59:06::SCWPlatform::DSA directory D:/workspace/fbga_project/deneme_4/vitis/system_wrapper/hw
TRACE::2026-03-18.15:59:06::SCWPlatform:: Platform Path D:/workspace/fbga_project/deneme_4/vitis/system_wrapper/hw/system_wrapper.xsa
TRACE::2026-03-18.15:59:06::SCWPlatform:: Unique name xilinx:zedboard::0.0
TRACE::2026-03-18.15:59:06::SCWPlatform::Trying to set the existing hwdb with name system_wrapper_0
TRACE::2026-03-18.15:59:06::SCWPlatform::Opened existing hwdb system_wrapper_0
TRACE::2026-03-18.15:59:06::SCWPlatform::Found the Hw Db part of the input DSA
TRACE::2026-03-18.15:59:06::SCWMssOS::Checking the sw design at  D:/workspace/fbga_project/deneme_4/vitis/system_wrapper/zynq_fsbl/zynq_fsbl_bsp/system.mss
TRACE::2026-03-18.15:59:06::SCWMssOS::DEBUG:  swdes dump  D:/workspace/fbga_project/deneme_4/vitis/system_wrapper/zynq_fsbl/zynq_fsbl_bsp/system.mss|system||

TRACE::2026-03-18.15:59:06::SCWMssOS::Sw design exists and opened at  D:/workspace/fbga_project/deneme_4/vitis/system_wrapper/zynq_fsbl/zynq_fsbl_bsp/system.mss
TRACE::2026-03-18.15:59:06::SCWPlatform::Trying to open the hw design at D:/workspace/fbga_project/deneme_4/vitis/system_wrapper/hw/system_wrapper.xsa
TRACE::2026-03-18.15:59:06::SCWPlatform::DSA given D:/workspace/fbga_project/deneme_4/vitis/system_wrapper/hw/system_wrapper.xsa
TRACE::2026-03-18.15:59:06::SCWPlatform::DSA absoulate path D:/workspace/fbga_project/deneme_4/vitis/system_wrapper/hw/system_wrapper.xsa
TRACE::2026-03-18.15:59:06::SCWPlatform::DSA directory D:/workspace/fbga_project/deneme_4/vitis/system_wrapper/hw
TRACE::2026-03-18.15:59:06::SCWPlatform:: Platform Path D:/workspace/fbga_project/deneme_4/vitis/system_wrapper/hw/system_wrapper.xsa
TRACE::2026-03-18.15:59:06::SCWPlatform:: Unique name xilinx:zedboard::0.0
TRACE::2026-03-18.15:59:06::SCWPlatform::Trying to set the existing hwdb with name system_wrapper_0
TRACE::2026-03-18.15:59:06::SCWPlatform::Opened existing hwdb system_wrapper_0
TRACE::2026-03-18.15:59:06::SCWPlatform::Found the Hw Db part of the input DSA
TRACE::2026-03-18.15:59:06::SCWMssOS::Checking the sw design at  D:/workspace/fbga_project/deneme_4/vitis/system_wrapper/zynq_fsbl/zynq_fsbl_bsp/system.mss
TRACE::2026-03-18.15:59:06::SCWMssOS::DEBUG:  swdes dump  D:/workspace/fbga_project/deneme_4/vitis/system_wrapper/zynq_fsbl/zynq_fsbl_bsp/system.mss|system||

TRACE::2026-03-18.15:59:06::SCWMssOS::Sw design exists and opened at  D:/workspace/fbga_project/deneme_4/vitis/system_wrapper/zynq_fsbl/zynq_fsbl_bsp/system.mss
TRACE::2026-03-18.15:59:06::SCWWriter::formatted JSON is {
	"platformName":	"system_wrapper",
	"sprVersion":	"2.0",
	"mode":	"gui",
	"dsaType":	"Fixed",
	"platformDesc":	"system_wrapper",
	"platHandOff":	"<platformDir>.xsa",
	"platIntHandOff":	"<platformDir>/hw/system_wrapper.xsa",
	"deviceType":	"zynq",
	"platIsPrebuiltAutogen":	"false",
	"platIsNoBootBsp":	"false",
	"platFsblTarget":	"ps7_cortexa9_0",
	"hasFsblMakeHasChanges":	"false",
	"hasPmufwMakeHasChanges":	"false",
	"fsblExtraCompilerFlags":	"-MMD -MP       -mcpu=cortex-a9 -mfpu=vfpv3 -mfloat-abi=hard ",
	"platPreBuiltFlag":	false,
	"platformSamplesDir":	"",
	"platActiveSys":	"system_wrapper",
	"systems":	[{
			"systemName":	"system_wrapper",
			"systemDesc":	"system_wrapper",
			"sysIsBootAutoGen":	"true",
			"systemDispName":	"system_wrapper",
			"sysActiveDom":	"zynq_fsbl",
			"sysDefaultDom":	"",
			"domains":	[{
					"domainName":	"zynq_fsbl",
					"domainDispName":	"zynq_fsbl",
					"domainDesc":	"FSBL Application BSP - Auto Generated.",
					"processors":	"ps7_cortexa9_0",
					"os":	"standalone",
					"sdxOs":	"standalone",
					"debugEnable":	"",
					"domRuntimes":	["cpp"],
					"swRepo":	"",
					"mssOsVer":	"7.7",
					"mssFile":	"",
					"md5Digest":	"f02bafc1df106379f3b5d99a4ba663f4",
					"compatibleApp":	"zynq_fsbl",
					"domType":	"bootDomain",
					"arch":	"32-bit",
					"appSettings":	{
						"appCompilerFlags":	"",
						"appLinkerFlags":	""
					},
					"addedLibs":	["xilffs:4.7", "xilrsa:1.6"],
					"libOptions":	{
						"libsContainingOptions":	[]
					},
					"prebuiltLibs":	{
						"prebuiltIncPath":	[],
						"prebuiltLibPath":	[]
					},
					"isolation":	{
					}
				}]
		}]
}
TRACE::2026-03-18.15:59:06::SCWPlatform::Trying to open the hw design at D:/workspace/fbga_project/deneme_4/vitis/system_wrapper/hw/system_wrapper.xsa
TRACE::2026-03-18.15:59:06::SCWPlatform::DSA given D:/workspace/fbga_project/deneme_4/vitis/system_wrapper/hw/system_wrapper.xsa
TRACE::2026-03-18.15:59:06::SCWPlatform::DSA absoulate path D:/workspace/fbga_project/deneme_4/vitis/system_wrapper/hw/system_wrapper.xsa
TRACE::2026-03-18.15:59:06::SCWPlatform::DSA directory D:/workspace/fbga_project/deneme_4/vitis/system_wrapper/hw
TRACE::2026-03-18.15:59:06::SCWPlatform:: Platform Path D:/workspace/fbga_project/deneme_4/vitis/system_wrapper/hw/system_wrapper.xsa
TRACE::2026-03-18.15:59:06::SCWPlatform:: Unique name xilinx:zedboard::0.0
TRACE::2026-03-18.15:59:06::SCWPlatform::Trying to set the existing hwdb with name system_wrapper_0
TRACE::2026-03-18.15:59:06::SCWPlatform::Opened existing hwdb system_wrapper_0
TRACE::2026-03-18.15:59:06::SCWPlatform::Found the Hw Db part of the input DSA
TRACE::2026-03-18.15:59:06::SCWDomain::checking for install qemu data   : 
TRACE::2026-03-18.15:59:06::SCWDomain:: Using the QEMU Data from install at  : C:/Xilinx/Vitis/2022.1/data/emulation/platforms/zynq/sw/a9_standalone/qemu/
TRACE::2026-03-18.15:59:06::SCWDomain:: Using the QEMU args  from install at  : C:/Xilinx/Vitis/2022.1/data/emulation/platforms/zynq/sw/a9_standalone/qemu/qemu_args.txt
TRACE::2026-03-18.15:59:06::SCWPlatform::Trying to open the hw design at D:/workspace/fbga_project/deneme_4/vitis/system_wrapper/hw/system_wrapper.xsa
TRACE::2026-03-18.15:59:06::SCWPlatform::DSA given D:/workspace/fbga_project/deneme_4/vitis/system_wrapper/hw/system_wrapper.xsa
TRACE::2026-03-18.15:59:06::SCWPlatform::DSA absoulate path D:/workspace/fbga_project/deneme_4/vitis/system_wrapper/hw/system_wrapper.xsa
TRACE::2026-03-18.15:59:06::SCWPlatform::DSA directory D:/workspace/fbga_project/deneme_4/vitis/system_wrapper/hw
TRACE::2026-03-18.15:59:06::SCWPlatform:: Platform Path D:/workspace/fbga_project/deneme_4/vitis/system_wrapper/hw/system_wrapper.xsa
TRACE::2026-03-18.15:59:06::SCWPlatform:: Unique name xilinx:zedboard::0.0
TRACE::2026-03-18.15:59:06::SCWPlatform::Trying to set the existing hwdb with name system_wrapper_0
TRACE::2026-03-18.15:59:06::SCWPlatform::Opened existing hwdb system_wrapper_0
TRACE::2026-03-18.15:59:06::SCWPlatform::Found the Hw Db part of the input DSA
TRACE::2026-03-18.15:59:06::SCWPlatform::Trying to open the hw design at D:/workspace/fbga_project/deneme_4/vitis/system_wrapper/hw/system_wrapper.xsa
TRACE::2026-03-18.15:59:06::SCWPlatform::DSA given D:/workspace/fbga_project/deneme_4/vitis/system_wrapper/hw/system_wrapper.xsa
TRACE::2026-03-18.15:59:06::SCWPlatform::DSA absoulate path D:/workspace/fbga_project/deneme_4/vitis/system_wrapper/hw/system_wrapper.xsa
TRACE::2026-03-18.15:59:06::SCWPlatform::DSA directory D:/workspace/fbga_project/deneme_4/vitis/system_wrapper/hw
TRACE::2026-03-18.15:59:06::SCWPlatform:: Platform Path D:/workspace/fbga_project/deneme_4/vitis/system_wrapper/hw/system_wrapper.xsa
TRACE::2026-03-18.15:59:06::SCWPlatform:: Unique name xilinx:zedboard::0.0
TRACE::2026-03-18.15:59:06::SCWPlatform::Trying to set the existing hwdb with name system_wrapper_0
TRACE::2026-03-18.15:59:06::SCWPlatform::Opened existing hwdb system_wrapper_0
TRACE::2026-03-18.15:59:06::SCWPlatform::Found the Hw Db part of the input DSA
TRACE::2026-03-18.15:59:06::SCWDomain::Qemu Directory name is changed from "" to "qemu"
TRACE::2026-03-18.15:59:06::SCWPlatform::Trying to open the hw design at D:/workspace/fbga_project/deneme_4/vitis/system_wrapper/hw/system_wrapper.xsa
TRACE::2026-03-18.15:59:06::SCWPlatform::DSA given D:/workspace/fbga_project/deneme_4/vitis/system_wrapper/hw/system_wrapper.xsa
TRACE::2026-03-18.15:59:06::SCWPlatform::DSA absoulate path D:/workspace/fbga_project/deneme_4/vitis/system_wrapper/hw/system_wrapper.xsa
TRACE::2026-03-18.15:59:06::SCWPlatform::DSA directory D:/workspace/fbga_project/deneme_4/vitis/system_wrapper/hw
TRACE::2026-03-18.15:59:06::SCWPlatform:: Platform Path D:/workspace/fbga_project/deneme_4/vitis/system_wrapper/hw/system_wrapper.xsa
TRACE::2026-03-18.15:59:06::SCWPlatform:: Unique name xilinx:zedboard::0.0
TRACE::2026-03-18.15:59:06::SCWPlatform::Trying to set the existing hwdb with name system_wrapper_0
TRACE::2026-03-18.15:59:06::SCWPlatform::Opened existing hwdb system_wrapper_0
TRACE::2026-03-18.15:59:06::SCWPlatform::Found the Hw Db part of the input DSA
TRACE::2026-03-18.15:59:06::SCWMssOS::Checking the sw design at  D:/workspace/fbga_project/deneme_4/vitis/system_wrapper/ps7_cortexa9_0/standalone_ps7_cortexa9_0/bsp/system.mss
TRACE::2026-03-18.15:59:06::SCWMssOS::DEBUG:  swdes dump  D:/workspace/fbga_project/deneme_4/vitis/system_wrapper/zynq_fsbl/zynq_fsbl_bsp/system.mss|system||

TRACE::2026-03-18.15:59:06::SCWMssOS::No sw design opened at  D:/workspace/fbga_project/deneme_4/vitis/system_wrapper/ps7_cortexa9_0/standalone_ps7_cortexa9_0/bsp/system.mss
TRACE::2026-03-18.15:59:06::SCWMssOS::mss does not exists at D:/workspace/fbga_project/deneme_4/vitis/system_wrapper/ps7_cortexa9_0/standalone_ps7_cortexa9_0/bsp/system.mss
TRACE::2026-03-18.15:59:06::SCWMssOS::Creating sw design at  D:/workspace/fbga_project/deneme_4/vitis/system_wrapper/ps7_cortexa9_0/standalone_ps7_cortexa9_0/bsp/system.mss
TRACE::2026-03-18.15:59:06::SCWMssOS::Adding the swdes entry, created swdb D:/workspace/fbga_project/deneme_4/vitis/system_wrapper/ps7_cortexa9_0/standalone_ps7_cortexa9_0/bsp/system.mss with des name D:/workspace/fbga_project/deneme_4/vitis/system_wrapper/ps7_cortexa9_0/standalone_ps7_cortexa9_0/bsp/system.mss
TRACE::2026-03-18.15:59:06::SCWMssOS::updating the scw layer changes to swdes at   D:/workspace/fbga_project/deneme_4/vitis/system_wrapper/ps7_cortexa9_0/standalone_ps7_cortexa9_0/bsp/system.mss
TRACE::2026-03-18.15:59:06::SCWMssOS::Writing mss at D:/workspace/fbga_project/deneme_4/vitis/system_wrapper/ps7_cortexa9_0/standalone_ps7_cortexa9_0/bsp/system.mss
TRACE::2026-03-18.15:59:06::SCWMssOS::Completed writing the mss file at D:/workspace/fbga_project/deneme_4/vitis/system_wrapper/ps7_cortexa9_0/standalone_ps7_cortexa9_0/bsp
TRACE::2026-03-18.15:59:06::SCWMssOS::Picking up changes from newly written mss file into SCW Layer. 
TRACE::2026-03-18.15:59:06::SCWMssOS::Updated the changes from newly written mss file into SCW Layer. 
TRACE::2026-03-18.15:59:06::SCWMssOS::Completed writing the mss file at D:/workspace/fbga_project/deneme_4/vitis/system_wrapper/ps7_cortexa9_0/standalone_ps7_cortexa9_0/bsp
TRACE::2026-03-18.15:59:06::SCWMssOS::Forcing BSP Sources regeneration.
TRACE::2026-03-18.15:59:08::SCWMssOS::Saving the mss changes D:/workspace/fbga_project/deneme_4/vitis/system_wrapper/zynq_fsbl/zynq_fsbl_bsp/system.mss
TRACE::2026-03-18.15:59:08::SCWMssOS::Found a swdesign opened with the mssfile.
TRACE::2026-03-18.15:59:08::SCWMssOS::Completed writemss as part of save.
TRACE::2026-03-18.15:59:08::SCWMssOS::Commit changes completed.
TRACE::2026-03-18.15:59:08::SCWMssOS::Saving the mss changes D:/workspace/fbga_project/deneme_4/vitis/system_wrapper/ps7_cortexa9_0/standalone_ps7_cortexa9_0/bsp/system.mss
TRACE::2026-03-18.15:59:08::SCWMssOS::Adding the swdes entry, mss present, able to open swdb D:/workspace/fbga_project/deneme_4/vitis/system_wrapper/ps7_cortexa9_0/standalone_ps7_cortexa9_0/bsp/system.mss with des name system_0
TRACE::2026-03-18.15:59:08::SCWMssOS::Writing the mss file completed D:/workspace/fbga_project/deneme_4/vitis/system_wrapper/ps7_cortexa9_0/standalone_ps7_cortexa9_0/bsp/system.mss
TRACE::2026-03-18.15:59:08::SCWMssOS::Commit changes completed.
TRACE::2026-03-18.15:59:08::SCWPlatform::Trying to open the hw design at D:/workspace/fbga_project/deneme_4/vitis/system_wrapper/hw/system_wrapper.xsa
TRACE::2026-03-18.15:59:08::SCWPlatform::DSA given D:/workspace/fbga_project/deneme_4/vitis/system_wrapper/hw/system_wrapper.xsa
TRACE::2026-03-18.15:59:08::SCWPlatform::DSA absoulate path D:/workspace/fbga_project/deneme_4/vitis/system_wrapper/hw/system_wrapper.xsa
TRACE::2026-03-18.15:59:08::SCWPlatform::DSA directory D:/workspace/fbga_project/deneme_4/vitis/system_wrapper/hw
TRACE::2026-03-18.15:59:08::SCWPlatform:: Platform Path D:/workspace/fbga_project/deneme_4/vitis/system_wrapper/hw/system_wrapper.xsa
TRACE::2026-03-18.15:59:08::SCWPlatform:: Unique name xilinx:zedboard::0.0
TRACE::2026-03-18.15:59:08::SCWPlatform::Trying to set the existing hwdb with name system_wrapper_0
TRACE::2026-03-18.15:59:08::SCWPlatform::Opened existing hwdb system_wrapper_0
TRACE::2026-03-18.15:59:08::SCWPlatform::Found the Hw Db part of the input DSA
TRACE::2026-03-18.15:59:08::SCWMssOS::Checking the sw design at  D:/workspace/fbga_project/deneme_4/vitis/system_wrapper/zynq_fsbl/zynq_fsbl_bsp/system.mss
TRACE::2026-03-18.15:59:08::SCWMssOS::DEBUG:  swdes dump  D:/workspace/fbga_project/deneme_4/vitis/system_wrapper/ps7_cortexa9_0/standalone_ps7_cortexa9_0/bsp/system.mss|system_0||
D:/workspace/fbga_project/deneme_4/vitis/system_wrapper/zynq_fsbl/zynq_fsbl_bsp/system.mss|system||

TRACE::2026-03-18.15:59:08::SCWMssOS::Sw design exists and opened at  D:/workspace/fbga_project/deneme_4/vitis/system_wrapper/zynq_fsbl/zynq_fsbl_bsp/system.mss
TRACE::2026-03-18.15:59:08::SCWPlatform::Trying to open the hw design at D:/workspace/fbga_project/deneme_4/vitis/system_wrapper/hw/system_wrapper.xsa
TRACE::2026-03-18.15:59:08::SCWPlatform::DSA given D:/workspace/fbga_project/deneme_4/vitis/system_wrapper/hw/system_wrapper.xsa
TRACE::2026-03-18.15:59:08::SCWPlatform::DSA absoulate path D:/workspace/fbga_project/deneme_4/vitis/system_wrapper/hw/system_wrapper.xsa
TRACE::2026-03-18.15:59:08::SCWPlatform::DSA directory D:/workspace/fbga_project/deneme_4/vitis/system_wrapper/hw
TRACE::2026-03-18.15:59:08::SCWPlatform:: Platform Path D:/workspace/fbga_project/deneme_4/vitis/system_wrapper/hw/system_wrapper.xsa
TRACE::2026-03-18.15:59:08::SCWPlatform:: Unique name xilinx:zedboard::0.0
TRACE::2026-03-18.15:59:08::SCWPlatform::Trying to set the existing hwdb with name system_wrapper_0
TRACE::2026-03-18.15:59:08::SCWPlatform::Opened existing hwdb system_wrapper_0
TRACE::2026-03-18.15:59:08::SCWPlatform::Found the Hw Db part of the input DSA
TRACE::2026-03-18.15:59:08::SCWMssOS::Checking the sw design at  D:/workspace/fbga_project/deneme_4/vitis/system_wrapper/zynq_fsbl/zynq_fsbl_bsp/system.mss
TRACE::2026-03-18.15:59:08::SCWMssOS::DEBUG:  swdes dump  D:/workspace/fbga_project/deneme_4/vitis/system_wrapper/ps7_cortexa9_0/standalone_ps7_cortexa9_0/bsp/system.mss|system_0||
D:/workspace/fbga_project/deneme_4/vitis/system_wrapper/zynq_fsbl/zynq_fsbl_bsp/system.mss|system||

TRACE::2026-03-18.15:59:08::SCWMssOS::Sw design exists and opened at  D:/workspace/fbga_project/deneme_4/vitis/system_wrapper/zynq_fsbl/zynq_fsbl_bsp/system.mss
TRACE::2026-03-18.15:59:08::SCWPlatform::Trying to open the hw design at D:/workspace/fbga_project/deneme_4/vitis/system_wrapper/hw/system_wrapper.xsa
TRACE::2026-03-18.15:59:08::SCWPlatform::DSA given D:/workspace/fbga_project/deneme_4/vitis/system_wrapper/hw/system_wrapper.xsa
TRACE::2026-03-18.15:59:08::SCWPlatform::DSA absoulate path D:/workspace/fbga_project/deneme_4/vitis/system_wrapper/hw/system_wrapper.xsa
TRACE::2026-03-18.15:59:08::SCWPlatform::DSA directory D:/workspace/fbga_project/deneme_4/vitis/system_wrapper/hw
TRACE::2026-03-18.15:59:08::SCWPlatform:: Platform Path D:/workspace/fbga_project/deneme_4/vitis/system_wrapper/hw/system_wrapper.xsa
TRACE::2026-03-18.15:59:08::SCWPlatform:: Unique name xilinx:zedboard::0.0
TRACE::2026-03-18.15:59:08::SCWPlatform::Trying to set the existing hwdb with name system_wrapper_0
TRACE::2026-03-18.15:59:08::SCWPlatform::Opened existing hwdb system_wrapper_0
TRACE::2026-03-18.15:59:08::SCWPlatform::Found the Hw Db part of the input DSA
TRACE::2026-03-18.15:59:08::SCWMssOS::Checking the sw design at  D:/workspace/fbga_project/deneme_4/vitis/system_wrapper/zynq_fsbl/zynq_fsbl_bsp/system.mss
TRACE::2026-03-18.15:59:08::SCWMssOS::DEBUG:  swdes dump  D:/workspace/fbga_project/deneme_4/vitis/system_wrapper/ps7_cortexa9_0/standalone_ps7_cortexa9_0/bsp/system.mss|system_0||
D:/workspace/fbga_project/deneme_4/vitis/system_wrapper/zynq_fsbl/zynq_fsbl_bsp/system.mss|system||

TRACE::2026-03-18.15:59:08::SCWMssOS::Sw design exists and opened at  D:/workspace/fbga_project/deneme_4/vitis/system_wrapper/zynq_fsbl/zynq_fsbl_bsp/system.mss
TRACE::2026-03-18.15:59:08::SCWPlatform::Trying to open the hw design at D:/workspace/fbga_project/deneme_4/vitis/system_wrapper/hw/system_wrapper.xsa
TRACE::2026-03-18.15:59:08::SCWPlatform::DSA given D:/workspace/fbga_project/deneme_4/vitis/system_wrapper/hw/system_wrapper.xsa
TRACE::2026-03-18.15:59:08::SCWPlatform::DSA absoulate path D:/workspace/fbga_project/deneme_4/vitis/system_wrapper/hw/system_wrapper.xsa
TRACE::2026-03-18.15:59:08::SCWPlatform::DSA directory D:/workspace/fbga_project/deneme_4/vitis/system_wrapper/hw
TRACE::2026-03-18.15:59:08::SCWPlatform:: Platform Path D:/workspace/fbga_project/deneme_4/vitis/system_wrapper/hw/system_wrapper.xsa
TRACE::2026-03-18.15:59:08::SCWPlatform:: Unique name xilinx:zedboard::0.0
TRACE::2026-03-18.15:59:08::SCWPlatform::Trying to set the existing hwdb with name system_wrapper_0
TRACE::2026-03-18.15:59:08::SCWPlatform::Opened existing hwdb system_wrapper_0
TRACE::2026-03-18.15:59:08::SCWPlatform::Found the Hw Db part of the input DSA
TRACE::2026-03-18.15:59:08::SCWMssOS::Checking the sw design at  D:/workspace/fbga_project/deneme_4/vitis/system_wrapper/ps7_cortexa9_0/standalone_ps7_cortexa9_0/bsp/system.mss
TRACE::2026-03-18.15:59:08::SCWMssOS::DEBUG:  swdes dump  D:/workspace/fbga_project/deneme_4/vitis/system_wrapper/ps7_cortexa9_0/standalone_ps7_cortexa9_0/bsp/system.mss|system_0||
D:/workspace/fbga_project/deneme_4/vitis/system_wrapper/zynq_fsbl/zynq_fsbl_bsp/system.mss|system||

TRACE::2026-03-18.15:59:08::SCWMssOS::Sw design exists and opened at  D:/workspace/fbga_project/deneme_4/vitis/system_wrapper/ps7_cortexa9_0/standalone_ps7_cortexa9_0/bsp/system.mss
TRACE::2026-03-18.15:59:08::SCWPlatform::Trying to open the hw design at D:/workspace/fbga_project/deneme_4/vitis/system_wrapper/hw/system_wrapper.xsa
TRACE::2026-03-18.15:59:08::SCWPlatform::DSA given D:/workspace/fbga_project/deneme_4/vitis/system_wrapper/hw/system_wrapper.xsa
TRACE::2026-03-18.15:59:08::SCWPlatform::DSA absoulate path D:/workspace/fbga_project/deneme_4/vitis/system_wrapper/hw/system_wrapper.xsa
TRACE::2026-03-18.15:59:08::SCWPlatform::DSA directory D:/workspace/fbga_project/deneme_4/vitis/system_wrapper/hw
TRACE::2026-03-18.15:59:08::SCWPlatform:: Platform Path D:/workspace/fbga_project/deneme_4/vitis/system_wrapper/hw/system_wrapper.xsa
TRACE::2026-03-18.15:59:08::SCWPlatform:: Unique name xilinx:zedboard::0.0
TRACE::2026-03-18.15:59:08::SCWPlatform::Trying to set the existing hwdb with name system_wrapper_0
TRACE::2026-03-18.15:59:08::SCWPlatform::Opened existing hwdb system_wrapper_0
TRACE::2026-03-18.15:59:08::SCWPlatform::Found the Hw Db part of the input DSA
TRACE::2026-03-18.15:59:08::SCWMssOS::Checking the sw design at  D:/workspace/fbga_project/deneme_4/vitis/system_wrapper/ps7_cortexa9_0/standalone_ps7_cortexa9_0/bsp/system.mss
TRACE::2026-03-18.15:59:08::SCWMssOS::DEBUG:  swdes dump  D:/workspace/fbga_project/deneme_4/vitis/system_wrapper/ps7_cortexa9_0/standalone_ps7_cortexa9_0/bsp/system.mss|system_0||
D:/workspace/fbga_project/deneme_4/vitis/system_wrapper/zynq_fsbl/zynq_fsbl_bsp/system.mss|system||

TRACE::2026-03-18.15:59:08::SCWMssOS::Sw design exists and opened at  D:/workspace/fbga_project/deneme_4/vitis/system_wrapper/ps7_cortexa9_0/standalone_ps7_cortexa9_0/bsp/system.mss
TRACE::2026-03-18.15:59:08::SCWPlatform::Trying to open the hw design at D:/workspace/fbga_project/deneme_4/vitis/system_wrapper/hw/system_wrapper.xsa
TRACE::2026-03-18.15:59:08::SCWPlatform::DSA given D:/workspace/fbga_project/deneme_4/vitis/system_wrapper/hw/system_wrapper.xsa
TRACE::2026-03-18.15:59:08::SCWPlatform::DSA absoulate path D:/workspace/fbga_project/deneme_4/vitis/system_wrapper/hw/system_wrapper.xsa
TRACE::2026-03-18.15:59:08::SCWPlatform::DSA directory D:/workspace/fbga_project/deneme_4/vitis/system_wrapper/hw
TRACE::2026-03-18.15:59:08::SCWPlatform:: Platform Path D:/workspace/fbga_project/deneme_4/vitis/system_wrapper/hw/system_wrapper.xsa
TRACE::2026-03-18.15:59:08::SCWPlatform:: Unique name xilinx:zedboard::0.0
TRACE::2026-03-18.15:59:08::SCWPlatform::Trying to set the existing hwdb with name system_wrapper_0
TRACE::2026-03-18.15:59:08::SCWPlatform::Opened existing hwdb system_wrapper_0
TRACE::2026-03-18.15:59:08::SCWPlatform::Found the Hw Db part of the input DSA
TRACE::2026-03-18.15:59:08::SCWMssOS::Checking the sw design at  D:/workspace/fbga_project/deneme_4/vitis/system_wrapper/ps7_cortexa9_0/standalone_ps7_cortexa9_0/bsp/system.mss
TRACE::2026-03-18.15:59:08::SCWMssOS::DEBUG:  swdes dump  D:/workspace/fbga_project/deneme_4/vitis/system_wrapper/ps7_cortexa9_0/standalone_ps7_cortexa9_0/bsp/system.mss|system_0||
D:/workspace/fbga_project/deneme_4/vitis/system_wrapper/zynq_fsbl/zynq_fsbl_bsp/system.mss|system||

TRACE::2026-03-18.15:59:08::SCWMssOS::Sw design exists and opened at  D:/workspace/fbga_project/deneme_4/vitis/system_wrapper/ps7_cortexa9_0/standalone_ps7_cortexa9_0/bsp/system.mss
TRACE::2026-03-18.15:59:08::SCWWriter::formatted JSON is {
	"platformName":	"system_wrapper",
	"sprVersion":	"2.0",
	"mode":	"gui",
	"dsaType":	"Fixed",
	"platformDesc":	"system_wrapper",
	"platHandOff":	"<platformDir>.xsa",
	"platIntHandOff":	"<platformDir>/hw/system_wrapper.xsa",
	"deviceType":	"zynq",
	"platIsPrebuiltAutogen":	"false",
	"platIsNoBootBsp":	"false",
	"platFsblTarget":	"ps7_cortexa9_0",
	"hasFsblMakeHasChanges":	"false",
	"hasPmufwMakeHasChanges":	"false",
	"fsblExtraCompilerFlags":	"-MMD -MP       -mcpu=cortex-a9 -mfpu=vfpv3 -mfloat-abi=hard ",
	"platPreBuiltFlag":	false,
	"platformSamplesDir":	"",
	"platActiveSys":	"system_wrapper",
	"systems":	[{
			"systemName":	"system_wrapper",
			"systemDesc":	"system_wrapper",
			"sysIsBootAutoGen":	"true",
			"systemDispName":	"system_wrapper",
			"sysActiveDom":	"standalone_ps7_cortexa9_0",
			"sysDefaultDom":	"standalone_ps7_cortexa9_0",
			"domains":	[{
					"domainName":	"zynq_fsbl",
					"domainDispName":	"zynq_fsbl",
					"domainDesc":	"FSBL Application BSP - Auto Generated.",
					"processors":	"ps7_cortexa9_0",
					"os":	"standalone",
					"sdxOs":	"standalone",
					"debugEnable":	"",
					"domRuntimes":	["cpp"],
					"swRepo":	"",
					"mssOsVer":	"7.7",
					"mssFile":	"",
					"md5Digest":	"f02bafc1df106379f3b5d99a4ba663f4",
					"compatibleApp":	"zynq_fsbl",
					"domType":	"bootDomain",
					"arch":	"32-bit",
					"appSettings":	{
						"appCompilerFlags":	"",
						"appLinkerFlags":	""
					},
					"addedLibs":	["xilffs:4.7", "xilrsa:1.6"],
					"libOptions":	{
						"libsContainingOptions":	[]
					},
					"prebuiltLibs":	{
						"prebuiltIncPath":	[],
						"prebuiltLibPath":	[]
					},
					"isolation":	{
					}
				}, {
					"domainName":	"standalone_ps7_cortexa9_0",
					"domainDispName":	"standalone_ps7_cortexa9_0",
					"domainDesc":	"standalone_ps7_cortexa9_0",
					"processors":	"ps7_cortexa9_0",
					"os":	"standalone",
					"sdxOs":	"standalone",
					"qemuArgs":	"<platformDir>/resources/system_wrapper/standalone_ps7_cortexa9_0/qemu_args.txt",
					"qemuData":	"<platformDir>/resources/system_wrapper/standalone_ps7_cortexa9_0/qemu",
					"debugEnable":	"False",
					"domRuntimes":	["cpp"],
					"swRepo":	"",
					"mssOsVer":	"7.7",
					"mssFile":	"",
					"md5Digest":	"3d59580d8d82902f3053d646b20d1522",
					"compatibleApp":	"hello_world",
					"domType":	"mssDomain",
					"arch":	"32-bit",
					"appSettings":	{
						"appCompilerFlags":	"",
						"appLinkerFlags":	""
					},
					"addedLibs":	[],
					"libOptions":	{
						"libsContainingOptions":	[]
					},
					"prebuiltLibs":	{
						"prebuiltIncPath":	[],
						"prebuiltLibPath":	[]
					},
					"isolation":	{
					}
				}]
		}]
}
LOG::2026-03-18.15:59:08::SCWPlatform::Started generating the artifacts platform system_wrapper
TRACE::2026-03-18.15:59:08::SCWPlatform::Sanity checking of platform is completed
LOG::2026-03-18.15:59:08::SCWPlatform::Started generating the artifacts for system configuration system_wrapper
LOG::2026-03-18.15:59:08::SCWSystem::Checking the domain zynq_fsbl
LOG::2026-03-18.15:59:08::SCWSystem::Doing application build for :  zynq_fsbl
TRACE::2026-03-18.15:59:08::SCWBDomain::Not a forced makefile updation, No changes are present. 
TRACE::2026-03-18.15:59:08::SCWDomain::Skipping the build for domain :  zynq_fsbl
LOG::2026-03-18.15:59:08::SCWSystem::Checking the domain standalone_ps7_cortexa9_0
LOG::2026-03-18.15:59:08::SCWSystem::Not a boot domain 
LOG::2026-03-18.15:59:08::SCWSystem::Started Processing the domain standalone_ps7_cortexa9_0
TRACE::2026-03-18.15:59:08::SCWDomain::Generating domain artifcats
TRACE::2026-03-18.15:59:08::SCWMssOS::Generating standalone artifcats
TRACE::2026-03-18.15:59:08::SCWMssOS::Copying the qemu file from  D:/workspace/fbga_project/deneme_4/vitis/system_wrapper/resources/system_wrapper/standalone_ps7_cortexa9_0/qemu_args.txt To D:/workspace/fbga_project/deneme_4/vitis/system_wrapper/export/system_wrapper/sw/system_wrapper/qemu/
TRACE::2026-03-18.15:59:08::SCWMssOS::Copying the qemu file from  D:/workspace/fbga_project/deneme_4/vitis/system_wrapper/resources/system_wrapper/standalone_ps7_cortexa9_0/qemu_args.txt To D:/workspace/fbga_project/deneme_4/vitis/system_wrapper/export/system_wrapper/sw/system_wrapper/standalone_ps7_cortexa9_0/qemu/
TRACE::2026-03-18.15:59:08::SCWMssOS:: Copying the user libraries. 
TRACE::2026-03-18.15:59:08::SCWPlatform::Trying to open the hw design at D:/workspace/fbga_project/deneme_4/vitis/system_wrapper/hw/system_wrapper.xsa
TRACE::2026-03-18.15:59:08::SCWPlatform::DSA given D:/workspace/fbga_project/deneme_4/vitis/system_wrapper/hw/system_wrapper.xsa
TRACE::2026-03-18.15:59:08::SCWPlatform::DSA absoulate path D:/workspace/fbga_project/deneme_4/vitis/system_wrapper/hw/system_wrapper.xsa
TRACE::2026-03-18.15:59:08::SCWPlatform::DSA directory D:/workspace/fbga_project/deneme_4/vitis/system_wrapper/hw
TRACE::2026-03-18.15:59:08::SCWPlatform:: Platform Path D:/workspace/fbga_project/deneme_4/vitis/system_wrapper/hw/system_wrapper.xsa
TRACE::2026-03-18.15:59:08::SCWPlatform:: Unique name xilinx:zedboard::0.0
TRACE::2026-03-18.15:59:08::SCWPlatform::Trying to set the existing hwdb with name system_wrapper_0
TRACE::2026-03-18.15:59:08::SCWPlatform::Opened existing hwdb system_wrapper_0
TRACE::2026-03-18.15:59:08::SCWPlatform::Found the Hw Db part of the input DSA
TRACE::2026-03-18.15:59:08::SCWMssOS::Checking the sw design at  D:/workspace/fbga_project/deneme_4/vitis/system_wrapper/ps7_cortexa9_0/standalone_ps7_cortexa9_0/bsp/system.mss
TRACE::2026-03-18.15:59:08::SCWMssOS::DEBUG:  swdes dump  D:/workspace/fbga_project/deneme_4/vitis/system_wrapper/ps7_cortexa9_0/standalone_ps7_cortexa9_0/bsp/system.mss|system_0||
D:/workspace/fbga_project/deneme_4/vitis/system_wrapper/zynq_fsbl/zynq_fsbl_bsp/system.mss|system||

TRACE::2026-03-18.15:59:08::SCWMssOS::Sw design exists and opened at  D:/workspace/fbga_project/deneme_4/vitis/system_wrapper/ps7_cortexa9_0/standalone_ps7_cortexa9_0/bsp/system.mss
TRACE::2026-03-18.15:59:08::SCWMssOS::Completed writing the mss file at D:/workspace/fbga_project/deneme_4/vitis/system_wrapper/ps7_cortexa9_0/standalone_ps7_cortexa9_0/bsp
TRACE::2026-03-18.15:59:08::SCWMssOS::Mss edits present, copying mssfile into export location D:/workspace/fbga_project/deneme_4/vitis/system_wrapper/ps7_cortexa9_0/standalone_ps7_cortexa9_0/bsp/system.mss
TRACE::2026-03-18.15:59:08::SCWMssOS::bsp generated is upto date with the mss file. Skipping bsp generation.
TRACE::2026-03-18.15:59:08::SCWMssOS::BSP is already built. skipping the bsp build ... 
TRACE::2026-03-18.15:59:08::SCWDomain::Skipping the build for domain :  standalone_ps7_cortexa9_0
TRACE::2026-03-18.15:59:08::SCWMssOS::skipping the bsp build ... 
TRACE::2026-03-18.15:59:08::SCWMssOS::Copying to export directory.
TRACE::2026-03-18.15:59:08::SCWMssOS:: Checking if to create the Supporting Applications
TRACE::2026-03-18.15:59:08::SCWMssOS:: No Linux domain exists, trying to generate FSBL 
TRACE::2026-03-18.15:59:08::SCWMssOS:: Completed Standalone Artifacts creation 
LOG::2026-03-18.15:59:08::SCWSystem::Completed Processing the domain standalone_ps7_cortexa9_0
LOG::2026-03-18.15:59:08::SCWSystem::Completed Processing the sysconfig system_wrapper
LOG::2026-03-18.15:59:08::SCWPlatform::Completed generating the artifacts for system configuration system_wrapper
TRACE::2026-03-18.15:59:08::SCWPlatform::Started preparing the platform 
TRACE::2026-03-18.15:59:08::SCWSystem::Writing the bif file for system config system_wrapper
TRACE::2026-03-18.15:59:08::SCWSystem::dir created 
TRACE::2026-03-18.15:59:08::SCWSystem::Writing the bif 
TRACE::2026-03-18.15:59:08::SCWPlatform::Started writing the spfm file 
TRACE::2026-03-18.15:59:08::SCWPlatform::Started writing the xpfm file 
TRACE::2026-03-18.15:59:08::SCWPlatform::Completed generating the platform
TRACE::2026-03-18.15:59:08::SCWMssOS::Saving the mss changes D:/workspace/fbga_project/deneme_4/vitis/system_wrapper/zynq_fsbl/zynq_fsbl_bsp/system.mss
TRACE::2026-03-18.15:59:08::SCWMssOS::Found a swdesign opened with the mssfile.
TRACE::2026-03-18.15:59:08::SCWMssOS::Completed writemss as part of save.
TRACE::2026-03-18.15:59:08::SCWMssOS::Commit changes completed.
TRACE::2026-03-18.15:59:08::SCWMssOS::Saving the mss changes D:/workspace/fbga_project/deneme_4/vitis/system_wrapper/ps7_cortexa9_0/standalone_ps7_cortexa9_0/bsp/system.mss
TRACE::2026-03-18.15:59:08::SCWMssOS::Found a swdesign opened with the mssfile.
TRACE::2026-03-18.15:59:08::SCWMssOS::Completed writemss as part of save.
TRACE::2026-03-18.15:59:08::SCWMssOS::Commit changes completed.
TRACE::2026-03-18.15:59:08::SCWPlatform::Trying to open the hw design at D:/workspace/fbga_project/deneme_4/vitis/system_wrapper/hw/system_wrapper.xsa
TRACE::2026-03-18.15:59:08::SCWPlatform::DSA given D:/workspace/fbga_project/deneme_4/vitis/system_wrapper/hw/system_wrapper.xsa
TRACE::2026-03-18.15:59:08::SCWPlatform::DSA absoulate path D:/workspace/fbga_project/deneme_4/vitis/system_wrapper/hw/system_wrapper.xsa
TRACE::2026-03-18.15:59:08::SCWPlatform::DSA directory D:/workspace/fbga_project/deneme_4/vitis/system_wrapper/hw
TRACE::2026-03-18.15:59:08::SCWPlatform:: Platform Path D:/workspace/fbga_project/deneme_4/vitis/system_wrapper/hw/system_wrapper.xsa
TRACE::2026-03-18.15:59:08::SCWPlatform:: Unique name xilinx:zedboard::0.0
TRACE::2026-03-18.15:59:08::SCWPlatform::Trying to set the existing hwdb with name system_wrapper_0
TRACE::2026-03-18.15:59:08::SCWPlatform::Opened existing hwdb system_wrapper_0
TRACE::2026-03-18.15:59:08::SCWPlatform::Found the Hw Db part of the input DSA
TRACE::2026-03-18.15:59:08::SCWMssOS::Checking the sw design at  D:/workspace/fbga_project/deneme_4/vitis/system_wrapper/zynq_fsbl/zynq_fsbl_bsp/system.mss
TRACE::2026-03-18.15:59:08::SCWMssOS::DEBUG:  swdes dump  D:/workspace/fbga_project/deneme_4/vitis/system_wrapper/ps7_cortexa9_0/standalone_ps7_cortexa9_0/bsp/system.mss|system_0||
D:/workspace/fbga_project/deneme_4/vitis/system_wrapper/zynq_fsbl/zynq_fsbl_bsp/system.mss|system||

TRACE::2026-03-18.15:59:08::SCWMssOS::Sw design exists and opened at  D:/workspace/fbga_project/deneme_4/vitis/system_wrapper/zynq_fsbl/zynq_fsbl_bsp/system.mss
TRACE::2026-03-18.15:59:08::SCWPlatform::Trying to open the hw design at D:/workspace/fbga_project/deneme_4/vitis/system_wrapper/hw/system_wrapper.xsa
TRACE::2026-03-18.15:59:08::SCWPlatform::DSA given D:/workspace/fbga_project/deneme_4/vitis/system_wrapper/hw/system_wrapper.xsa
TRACE::2026-03-18.15:59:08::SCWPlatform::DSA absoulate path D:/workspace/fbga_project/deneme_4/vitis/system_wrapper/hw/system_wrapper.xsa
TRACE::2026-03-18.15:59:08::SCWPlatform::DSA directory D:/workspace/fbga_project/deneme_4/vitis/system_wrapper/hw
TRACE::2026-03-18.15:59:08::SCWPlatform:: Platform Path D:/workspace/fbga_project/deneme_4/vitis/system_wrapper/hw/system_wrapper.xsa
TRACE::2026-03-18.15:59:08::SCWPlatform:: Unique name xilinx:zedboard::0.0
TRACE::2026-03-18.15:59:08::SCWPlatform::Trying to set the existing hwdb with name system_wrapper_0
TRACE::2026-03-18.15:59:08::SCWPlatform::Opened existing hwdb system_wrapper_0
TRACE::2026-03-18.15:59:08::SCWPlatform::Found the Hw Db part of the input DSA
TRACE::2026-03-18.15:59:08::SCWMssOS::Checking the sw design at  D:/workspace/fbga_project/deneme_4/vitis/system_wrapper/zynq_fsbl/zynq_fsbl_bsp/system.mss
TRACE::2026-03-18.15:59:08::SCWMssOS::DEBUG:  swdes dump  D:/workspace/fbga_project/deneme_4/vitis/system_wrapper/ps7_cortexa9_0/standalone_ps7_cortexa9_0/bsp/system.mss|system_0||
D:/workspace/fbga_project/deneme_4/vitis/system_wrapper/zynq_fsbl/zynq_fsbl_bsp/system.mss|system||

TRACE::2026-03-18.15:59:08::SCWMssOS::Sw design exists and opened at  D:/workspace/fbga_project/deneme_4/vitis/system_wrapper/zynq_fsbl/zynq_fsbl_bsp/system.mss
TRACE::2026-03-18.15:59:08::SCWPlatform::Trying to open the hw design at D:/workspace/fbga_project/deneme_4/vitis/system_wrapper/hw/system_wrapper.xsa
TRACE::2026-03-18.15:59:08::SCWPlatform::DSA given D:/workspace/fbga_project/deneme_4/vitis/system_wrapper/hw/system_wrapper.xsa
TRACE::2026-03-18.15:59:08::SCWPlatform::DSA absoulate path D:/workspace/fbga_project/deneme_4/vitis/system_wrapper/hw/system_wrapper.xsa
TRACE::2026-03-18.15:59:08::SCWPlatform::DSA directory D:/workspace/fbga_project/deneme_4/vitis/system_wrapper/hw
TRACE::2026-03-18.15:59:08::SCWPlatform:: Platform Path D:/workspace/fbga_project/deneme_4/vitis/system_wrapper/hw/system_wrapper.xsa
TRACE::2026-03-18.15:59:08::SCWPlatform:: Unique name xilinx:zedboard::0.0
TRACE::2026-03-18.15:59:08::SCWPlatform::Trying to set the existing hwdb with name system_wrapper_0
TRACE::2026-03-18.15:59:08::SCWPlatform::Opened existing hwdb system_wrapper_0
TRACE::2026-03-18.15:59:08::SCWPlatform::Found the Hw Db part of the input DSA
TRACE::2026-03-18.15:59:08::SCWMssOS::Checking the sw design at  D:/workspace/fbga_project/deneme_4/vitis/system_wrapper/zynq_fsbl/zynq_fsbl_bsp/system.mss
TRACE::2026-03-18.15:59:08::SCWMssOS::DEBUG:  swdes dump  D:/workspace/fbga_project/deneme_4/vitis/system_wrapper/ps7_cortexa9_0/standalone_ps7_cortexa9_0/bsp/system.mss|system_0||
D:/workspace/fbga_project/deneme_4/vitis/system_wrapper/zynq_fsbl/zynq_fsbl_bsp/system.mss|system||

TRACE::2026-03-18.15:59:08::SCWMssOS::Sw design exists and opened at  D:/workspace/fbga_project/deneme_4/vitis/system_wrapper/zynq_fsbl/zynq_fsbl_bsp/system.mss
TRACE::2026-03-18.15:59:08::SCWPlatform::Trying to open the hw design at D:/workspace/fbga_project/deneme_4/vitis/system_wrapper/hw/system_wrapper.xsa
TRACE::2026-03-18.15:59:08::SCWPlatform::DSA given D:/workspace/fbga_project/deneme_4/vitis/system_wrapper/hw/system_wrapper.xsa
TRACE::2026-03-18.15:59:08::SCWPlatform::DSA absoulate path D:/workspace/fbga_project/deneme_4/vitis/system_wrapper/hw/system_wrapper.xsa
TRACE::2026-03-18.15:59:08::SCWPlatform::DSA directory D:/workspace/fbga_project/deneme_4/vitis/system_wrapper/hw
TRACE::2026-03-18.15:59:08::SCWPlatform:: Platform Path D:/workspace/fbga_project/deneme_4/vitis/system_wrapper/hw/system_wrapper.xsa
TRACE::2026-03-18.15:59:08::SCWPlatform:: Unique name xilinx:zedboard::0.0
TRACE::2026-03-18.15:59:08::SCWPlatform::Trying to set the existing hwdb with name system_wrapper_0
TRACE::2026-03-18.15:59:08::SCWPlatform::Opened existing hwdb system_wrapper_0
TRACE::2026-03-18.15:59:08::SCWPlatform::Found the Hw Db part of the input DSA
TRACE::2026-03-18.15:59:08::SCWMssOS::Checking the sw design at  D:/workspace/fbga_project/deneme_4/vitis/system_wrapper/ps7_cortexa9_0/standalone_ps7_cortexa9_0/bsp/system.mss
TRACE::2026-03-18.15:59:08::SCWMssOS::DEBUG:  swdes dump  D:/workspace/fbga_project/deneme_4/vitis/system_wrapper/ps7_cortexa9_0/standalone_ps7_cortexa9_0/bsp/system.mss|system_0||
D:/workspace/fbga_project/deneme_4/vitis/system_wrapper/zynq_fsbl/zynq_fsbl_bsp/system.mss|system||

TRACE::2026-03-18.15:59:08::SCWMssOS::Sw design exists and opened at  D:/workspace/fbga_project/deneme_4/vitis/system_wrapper/ps7_cortexa9_0/standalone_ps7_cortexa9_0/bsp/system.mss
TRACE::2026-03-18.15:59:08::SCWPlatform::Trying to open the hw design at D:/workspace/fbga_project/deneme_4/vitis/system_wrapper/hw/system_wrapper.xsa
TRACE::2026-03-18.15:59:08::SCWPlatform::DSA given D:/workspace/fbga_project/deneme_4/vitis/system_wrapper/hw/system_wrapper.xsa
TRACE::2026-03-18.15:59:08::SCWPlatform::DSA absoulate path D:/workspace/fbga_project/deneme_4/vitis/system_wrapper/hw/system_wrapper.xsa
TRACE::2026-03-18.15:59:08::SCWPlatform::DSA directory D:/workspace/fbga_project/deneme_4/vitis/system_wrapper/hw
TRACE::2026-03-18.15:59:08::SCWPlatform:: Platform Path D:/workspace/fbga_project/deneme_4/vitis/system_wrapper/hw/system_wrapper.xsa
TRACE::2026-03-18.15:59:08::SCWPlatform:: Unique name xilinx:zedboard::0.0
TRACE::2026-03-18.15:59:08::SCWPlatform::Trying to set the existing hwdb with name system_wrapper_0
TRACE::2026-03-18.15:59:08::SCWPlatform::Opened existing hwdb system_wrapper_0
TRACE::2026-03-18.15:59:08::SCWPlatform::Found the Hw Db part of the input DSA
TRACE::2026-03-18.15:59:08::SCWMssOS::Checking the sw design at  D:/workspace/fbga_project/deneme_4/vitis/system_wrapper/ps7_cortexa9_0/standalone_ps7_cortexa9_0/bsp/system.mss
TRACE::2026-03-18.15:59:08::SCWMssOS::DEBUG:  swdes dump  D:/workspace/fbga_project/deneme_4/vitis/system_wrapper/ps7_cortexa9_0/standalone_ps7_cortexa9_0/bsp/system.mss|system_0||
D:/workspace/fbga_project/deneme_4/vitis/system_wrapper/zynq_fsbl/zynq_fsbl_bsp/system.mss|system||

TRACE::2026-03-18.15:59:08::SCWMssOS::Sw design exists and opened at  D:/workspace/fbga_project/deneme_4/vitis/system_wrapper/ps7_cortexa9_0/standalone_ps7_cortexa9_0/bsp/system.mss
TRACE::2026-03-18.15:59:08::SCWPlatform::Trying to open the hw design at D:/workspace/fbga_project/deneme_4/vitis/system_wrapper/hw/system_wrapper.xsa
TRACE::2026-03-18.15:59:08::SCWPlatform::DSA given D:/workspace/fbga_project/deneme_4/vitis/system_wrapper/hw/system_wrapper.xsa
TRACE::2026-03-18.15:59:08::SCWPlatform::DSA absoulate path D:/workspace/fbga_project/deneme_4/vitis/system_wrapper/hw/system_wrapper.xsa
TRACE::2026-03-18.15:59:08::SCWPlatform::DSA directory D:/workspace/fbga_project/deneme_4/vitis/system_wrapper/hw
TRACE::2026-03-18.15:59:08::SCWPlatform:: Platform Path D:/workspace/fbga_project/deneme_4/vitis/system_wrapper/hw/system_wrapper.xsa
TRACE::2026-03-18.15:59:08::SCWPlatform:: Unique name xilinx:zedboard::0.0
TRACE::2026-03-18.15:59:08::SCWPlatform::Trying to set the existing hwdb with name system_wrapper_0
TRACE::2026-03-18.15:59:08::SCWPlatform::Opened existing hwdb system_wrapper_0
TRACE::2026-03-18.15:59:08::SCWPlatform::Found the Hw Db part of the input DSA
TRACE::2026-03-18.15:59:08::SCWMssOS::Checking the sw design at  D:/workspace/fbga_project/deneme_4/vitis/system_wrapper/ps7_cortexa9_0/standalone_ps7_cortexa9_0/bsp/system.mss
TRACE::2026-03-18.15:59:08::SCWMssOS::DEBUG:  swdes dump  D:/workspace/fbga_project/deneme_4/vitis/system_wrapper/ps7_cortexa9_0/standalone_ps7_cortexa9_0/bsp/system.mss|system_0||
D:/workspace/fbga_project/deneme_4/vitis/system_wrapper/zynq_fsbl/zynq_fsbl_bsp/system.mss|system||

TRACE::2026-03-18.15:59:08::SCWMssOS::Sw design exists and opened at  D:/workspace/fbga_project/deneme_4/vitis/system_wrapper/ps7_cortexa9_0/standalone_ps7_cortexa9_0/bsp/system.mss
TRACE::2026-03-18.15:59:08::SCWWriter::formatted JSON is {
	"platformName":	"system_wrapper",
	"sprVersion":	"2.0",
	"mode":	"gui",
	"dsaType":	"Fixed",
	"platformDesc":	"system_wrapper",
	"platHandOff":	"<platformDir>.xsa",
	"platIntHandOff":	"<platformDir>/hw/system_wrapper.xsa",
	"deviceType":	"zynq",
	"platIsPrebuiltAutogen":	"false",
	"platIsNoBootBsp":	"false",
	"platFsblTarget":	"ps7_cortexa9_0",
	"hasFsblMakeHasChanges":	"false",
	"hasPmufwMakeHasChanges":	"false",
	"fsblExtraCompilerFlags":	"-MMD -MP       -mcpu=cortex-a9 -mfpu=vfpv3 -mfloat-abi=hard ",
	"platPreBuiltFlag":	false,
	"platformSamplesDir":	"",
	"platActiveSys":	"system_wrapper",
	"systems":	[{
			"systemName":	"system_wrapper",
			"systemDesc":	"system_wrapper",
			"sysIsBootAutoGen":	"true",
			"systemDispName":	"system_wrapper",
			"sysActiveDom":	"standalone_ps7_cortexa9_0",
			"sysDefaultDom":	"standalone_ps7_cortexa9_0",
			"domains":	[{
					"domainName":	"zynq_fsbl",
					"domainDispName":	"zynq_fsbl",
					"domainDesc":	"FSBL Application BSP - Auto Generated.",
					"processors":	"ps7_cortexa9_0",
					"os":	"standalone",
					"sdxOs":	"standalone",
					"debugEnable":	"",
					"domRuntimes":	["cpp"],
					"swRepo":	"",
					"mssOsVer":	"7.7",
					"mssFile":	"",
					"md5Digest":	"f02bafc1df106379f3b5d99a4ba663f4",
					"compatibleApp":	"zynq_fsbl",
					"domType":	"bootDomain",
					"arch":	"32-bit",
					"appSettings":	{
						"appCompilerFlags":	"",
						"appLinkerFlags":	""
					},
					"addedLibs":	["xilffs:4.7", "xilrsa:1.6"],
					"libOptions":	{
						"libsContainingOptions":	[]
					},
					"prebuiltLibs":	{
						"prebuiltIncPath":	[],
						"prebuiltLibPath":	[]
					},
					"isolation":	{
					}
				}, {
					"domainName":	"standalone_ps7_cortexa9_0",
					"domainDispName":	"standalone_ps7_cortexa9_0",
					"domainDesc":	"standalone_ps7_cortexa9_0",
					"processors":	"ps7_cortexa9_0",
					"os":	"standalone",
					"sdxOs":	"standalone",
					"qemuArgs":	"<platformDir>/resources/system_wrapper/standalone_ps7_cortexa9_0/qemu_args.txt",
					"qemuData":	"<platformDir>/resources/system_wrapper/standalone_ps7_cortexa9_0/qemu",
					"debugEnable":	"False",
					"domRuntimes":	["cpp"],
					"swRepo":	"",
					"mssOsVer":	"7.7",
					"mssFile":	"",
					"md5Digest":	"3d59580d8d82902f3053d646b20d1522",
					"compatibleApp":	"hello_world",
					"domType":	"mssDomain",
					"arch":	"32-bit",
					"appSettings":	{
						"appCompilerFlags":	"",
						"appLinkerFlags":	""
					},
					"addedLibs":	[],
					"libOptions":	{
						"libsContainingOptions":	[]
					},
					"prebuiltLibs":	{
						"prebuiltIncPath":	[],
						"prebuiltLibPath":	[]
					},
					"isolation":	{
					}
				}]
		}]
}
KEYINFO::2026-03-18.15:59:08::SCWPlatform::updated the xpfm file.
TRACE::2026-03-18.15:59:08::SCWPlatform::Trying to open the hw design at D:/workspace/fbga_project/deneme_4/vitis/system_wrapper/hw/system_wrapper.xsa
TRACE::2026-03-18.15:59:08::SCWPlatform::DSA given D:/workspace/fbga_project/deneme_4/vitis/system_wrapper/hw/system_wrapper.xsa
TRACE::2026-03-18.15:59:08::SCWPlatform::DSA absoulate path D:/workspace/fbga_project/deneme_4/vitis/system_wrapper/hw/system_wrapper.xsa
TRACE::2026-03-18.15:59:08::SCWPlatform::DSA directory D:/workspace/fbga_project/deneme_4/vitis/system_wrapper/hw
TRACE::2026-03-18.15:59:08::SCWPlatform:: Platform Path D:/workspace/fbga_project/deneme_4/vitis/system_wrapper/hw/system_wrapper.xsa
TRACE::2026-03-18.15:59:08::SCWPlatform:: Unique name xilinx:zedboard::0.0
TRACE::2026-03-18.15:59:08::SCWPlatform::Trying to set the existing hwdb with name system_wrapper_0
TRACE::2026-03-18.15:59:08::SCWPlatform::Opened existing hwdb system_wrapper_0
TRACE::2026-03-18.15:59:08::SCWPlatform::Found the Hw Db part of the input DSA
TRACE::2026-03-18.15:59:08::SCWMssOS::Checking the sw design at  D:/workspace/fbga_project/deneme_4/vitis/system_wrapper/ps7_cortexa9_0/standalone_ps7_cortexa9_0/bsp/system.mss
TRACE::2026-03-18.15:59:08::SCWMssOS::DEBUG:  swdes dump  D:/workspace/fbga_project/deneme_4/vitis/system_wrapper/ps7_cortexa9_0/standalone_ps7_cortexa9_0/bsp/system.mss|system_0||
D:/workspace/fbga_project/deneme_4/vitis/system_wrapper/zynq_fsbl/zynq_fsbl_bsp/system.mss|system||

TRACE::2026-03-18.15:59:08::SCWMssOS::Sw design exists and opened at  D:/workspace/fbga_project/deneme_4/vitis/system_wrapper/ps7_cortexa9_0/standalone_ps7_cortexa9_0/bsp/system.mss
TRACE::2026-03-18.15:59:08::SCWMssOS::Saving the mss changes D:/workspace/fbga_project/deneme_4/vitis/system_wrapper/zynq_fsbl/zynq_fsbl_bsp/system.mss
TRACE::2026-03-18.15:59:08::SCWMssOS::Found a swdesign opened with the mssfile.
TRACE::2026-03-18.15:59:08::SCWMssOS::Completed writemss as part of save.
TRACE::2026-03-18.15:59:08::SCWMssOS::Commit changes completed.
TRACE::2026-03-18.15:59:08::SCWMssOS::Saving the mss changes D:/workspace/fbga_project/deneme_4/vitis/system_wrapper/ps7_cortexa9_0/standalone_ps7_cortexa9_0/bsp/system.mss
TRACE::2026-03-18.15:59:08::SCWMssOS::Found a swdesign opened with the mssfile.
TRACE::2026-03-18.15:59:08::SCWMssOS::Completed writemss as part of save.
TRACE::2026-03-18.15:59:08::SCWMssOS::Commit changes completed.
TRACE::2026-03-18.15:59:08::SCWPlatform::Trying to open the hw design at D:/workspace/fbga_project/deneme_4/vitis/system_wrapper/hw/system_wrapper.xsa
TRACE::2026-03-18.15:59:08::SCWPlatform::DSA given D:/workspace/fbga_project/deneme_4/vitis/system_wrapper/hw/system_wrapper.xsa
TRACE::2026-03-18.15:59:08::SCWPlatform::DSA absoulate path D:/workspace/fbga_project/deneme_4/vitis/system_wrapper/hw/system_wrapper.xsa
TRACE::2026-03-18.15:59:08::SCWPlatform::DSA directory D:/workspace/fbga_project/deneme_4/vitis/system_wrapper/hw
TRACE::2026-03-18.15:59:08::SCWPlatform:: Platform Path D:/workspace/fbga_project/deneme_4/vitis/system_wrapper/hw/system_wrapper.xsa
TRACE::2026-03-18.15:59:08::SCWPlatform:: Unique name xilinx:zedboard::0.0
TRACE::2026-03-18.15:59:08::SCWPlatform::Trying to set the existing hwdb with name system_wrapper_0
TRACE::2026-03-18.15:59:08::SCWPlatform::Opened existing hwdb system_wrapper_0
TRACE::2026-03-18.15:59:08::SCWPlatform::Found the Hw Db part of the input DSA
TRACE::2026-03-18.15:59:08::SCWMssOS::Checking the sw design at  D:/workspace/fbga_project/deneme_4/vitis/system_wrapper/zynq_fsbl/zynq_fsbl_bsp/system.mss
TRACE::2026-03-18.15:59:08::SCWMssOS::DEBUG:  swdes dump  D:/workspace/fbga_project/deneme_4/vitis/system_wrapper/ps7_cortexa9_0/standalone_ps7_cortexa9_0/bsp/system.mss|system_0||
D:/workspace/fbga_project/deneme_4/vitis/system_wrapper/zynq_fsbl/zynq_fsbl_bsp/system.mss|system||

TRACE::2026-03-18.15:59:08::SCWMssOS::Sw design exists and opened at  D:/workspace/fbga_project/deneme_4/vitis/system_wrapper/zynq_fsbl/zynq_fsbl_bsp/system.mss
TRACE::2026-03-18.15:59:08::SCWPlatform::Trying to open the hw design at D:/workspace/fbga_project/deneme_4/vitis/system_wrapper/hw/system_wrapper.xsa
TRACE::2026-03-18.15:59:08::SCWPlatform::DSA given D:/workspace/fbga_project/deneme_4/vitis/system_wrapper/hw/system_wrapper.xsa
TRACE::2026-03-18.15:59:08::SCWPlatform::DSA absoulate path D:/workspace/fbga_project/deneme_4/vitis/system_wrapper/hw/system_wrapper.xsa
TRACE::2026-03-18.15:59:08::SCWPlatform::DSA directory D:/workspace/fbga_project/deneme_4/vitis/system_wrapper/hw
TRACE::2026-03-18.15:59:08::SCWPlatform:: Platform Path D:/workspace/fbga_project/deneme_4/vitis/system_wrapper/hw/system_wrapper.xsa
TRACE::2026-03-18.15:59:08::SCWPlatform:: Unique name xilinx:zedboard::0.0
TRACE::2026-03-18.15:59:08::SCWPlatform::Trying to set the existing hwdb with name system_wrapper_0
TRACE::2026-03-18.15:59:08::SCWPlatform::Opened existing hwdb system_wrapper_0
TRACE::2026-03-18.15:59:08::SCWPlatform::Found the Hw Db part of the input DSA
TRACE::2026-03-18.15:59:08::SCWMssOS::Checking the sw design at  D:/workspace/fbga_project/deneme_4/vitis/system_wrapper/zynq_fsbl/zynq_fsbl_bsp/system.mss
TRACE::2026-03-18.15:59:08::SCWMssOS::DEBUG:  swdes dump  D:/workspace/fbga_project/deneme_4/vitis/system_wrapper/ps7_cortexa9_0/standalone_ps7_cortexa9_0/bsp/system.mss|system_0||
D:/workspace/fbga_project/deneme_4/vitis/system_wrapper/zynq_fsbl/zynq_fsbl_bsp/system.mss|system||

TRACE::2026-03-18.15:59:08::SCWMssOS::Sw design exists and opened at  D:/workspace/fbga_project/deneme_4/vitis/system_wrapper/zynq_fsbl/zynq_fsbl_bsp/system.mss
TRACE::2026-03-18.15:59:08::SCWPlatform::Trying to open the hw design at D:/workspace/fbga_project/deneme_4/vitis/system_wrapper/hw/system_wrapper.xsa
TRACE::2026-03-18.15:59:08::SCWPlatform::DSA given D:/workspace/fbga_project/deneme_4/vitis/system_wrapper/hw/system_wrapper.xsa
TRACE::2026-03-18.15:59:08::SCWPlatform::DSA absoulate path D:/workspace/fbga_project/deneme_4/vitis/system_wrapper/hw/system_wrapper.xsa
TRACE::2026-03-18.15:59:08::SCWPlatform::DSA directory D:/workspace/fbga_project/deneme_4/vitis/system_wrapper/hw
TRACE::2026-03-18.15:59:08::SCWPlatform:: Platform Path D:/workspace/fbga_project/deneme_4/vitis/system_wrapper/hw/system_wrapper.xsa
TRACE::2026-03-18.15:59:08::SCWPlatform:: Unique name xilinx:zedboard::0.0
TRACE::2026-03-18.15:59:08::SCWPlatform::Trying to set the existing hwdb with name system_wrapper_0
TRACE::2026-03-18.15:59:08::SCWPlatform::Opened existing hwdb system_wrapper_0
TRACE::2026-03-18.15:59:08::SCWPlatform::Found the Hw Db part of the input DSA
TRACE::2026-03-18.15:59:08::SCWMssOS::Checking the sw design at  D:/workspace/fbga_project/deneme_4/vitis/system_wrapper/zynq_fsbl/zynq_fsbl_bsp/system.mss
TRACE::2026-03-18.15:59:08::SCWMssOS::DEBUG:  swdes dump  D:/workspace/fbga_project/deneme_4/vitis/system_wrapper/ps7_cortexa9_0/standalone_ps7_cortexa9_0/bsp/system.mss|system_0||
D:/workspace/fbga_project/deneme_4/vitis/system_wrapper/zynq_fsbl/zynq_fsbl_bsp/system.mss|system||

TRACE::2026-03-18.15:59:08::SCWMssOS::Sw design exists and opened at  D:/workspace/fbga_project/deneme_4/vitis/system_wrapper/zynq_fsbl/zynq_fsbl_bsp/system.mss
TRACE::2026-03-18.15:59:08::SCWPlatform::Trying to open the hw design at D:/workspace/fbga_project/deneme_4/vitis/system_wrapper/hw/system_wrapper.xsa
TRACE::2026-03-18.15:59:08::SCWPlatform::DSA given D:/workspace/fbga_project/deneme_4/vitis/system_wrapper/hw/system_wrapper.xsa
TRACE::2026-03-18.15:59:08::SCWPlatform::DSA absoulate path D:/workspace/fbga_project/deneme_4/vitis/system_wrapper/hw/system_wrapper.xsa
TRACE::2026-03-18.15:59:08::SCWPlatform::DSA directory D:/workspace/fbga_project/deneme_4/vitis/system_wrapper/hw
TRACE::2026-03-18.15:59:08::SCWPlatform:: Platform Path D:/workspace/fbga_project/deneme_4/vitis/system_wrapper/hw/system_wrapper.xsa
TRACE::2026-03-18.15:59:08::SCWPlatform:: Unique name xilinx:zedboard::0.0
TRACE::2026-03-18.15:59:08::SCWPlatform::Trying to set the existing hwdb with name system_wrapper_0
TRACE::2026-03-18.15:59:08::SCWPlatform::Opened existing hwdb system_wrapper_0
TRACE::2026-03-18.15:59:08::SCWPlatform::Found the Hw Db part of the input DSA
TRACE::2026-03-18.15:59:08::SCWMssOS::Checking the sw design at  D:/workspace/fbga_project/deneme_4/vitis/system_wrapper/ps7_cortexa9_0/standalone_ps7_cortexa9_0/bsp/system.mss
TRACE::2026-03-18.15:59:08::SCWMssOS::DEBUG:  swdes dump  D:/workspace/fbga_project/deneme_4/vitis/system_wrapper/ps7_cortexa9_0/standalone_ps7_cortexa9_0/bsp/system.mss|system_0||
D:/workspace/fbga_project/deneme_4/vitis/system_wrapper/zynq_fsbl/zynq_fsbl_bsp/system.mss|system||

TRACE::2026-03-18.15:59:08::SCWMssOS::Sw design exists and opened at  D:/workspace/fbga_project/deneme_4/vitis/system_wrapper/ps7_cortexa9_0/standalone_ps7_cortexa9_0/bsp/system.mss
TRACE::2026-03-18.15:59:08::SCWPlatform::Trying to open the hw design at D:/workspace/fbga_project/deneme_4/vitis/system_wrapper/hw/system_wrapper.xsa
TRACE::2026-03-18.15:59:08::SCWPlatform::DSA given D:/workspace/fbga_project/deneme_4/vitis/system_wrapper/hw/system_wrapper.xsa
TRACE::2026-03-18.15:59:08::SCWPlatform::DSA absoulate path D:/workspace/fbga_project/deneme_4/vitis/system_wrapper/hw/system_wrapper.xsa
TRACE::2026-03-18.15:59:08::SCWPlatform::DSA directory D:/workspace/fbga_project/deneme_4/vitis/system_wrapper/hw
TRACE::2026-03-18.15:59:08::SCWPlatform:: Platform Path D:/workspace/fbga_project/deneme_4/vitis/system_wrapper/hw/system_wrapper.xsa
TRACE::2026-03-18.15:59:08::SCWPlatform:: Unique name xilinx:zedboard::0.0
TRACE::2026-03-18.15:59:08::SCWPlatform::Trying to set the existing hwdb with name system_wrapper_0
TRACE::2026-03-18.15:59:08::SCWPlatform::Opened existing hwdb system_wrapper_0
TRACE::2026-03-18.15:59:08::SCWPlatform::Found the Hw Db part of the input DSA
TRACE::2026-03-18.15:59:08::SCWMssOS::Checking the sw design at  D:/workspace/fbga_project/deneme_4/vitis/system_wrapper/ps7_cortexa9_0/standalone_ps7_cortexa9_0/bsp/system.mss
TRACE::2026-03-18.15:59:08::SCWMssOS::DEBUG:  swdes dump  D:/workspace/fbga_project/deneme_4/vitis/system_wrapper/ps7_cortexa9_0/standalone_ps7_cortexa9_0/bsp/system.mss|system_0||
D:/workspace/fbga_project/deneme_4/vitis/system_wrapper/zynq_fsbl/zynq_fsbl_bsp/system.mss|system||

TRACE::2026-03-18.15:59:08::SCWMssOS::Sw design exists and opened at  D:/workspace/fbga_project/deneme_4/vitis/system_wrapper/ps7_cortexa9_0/standalone_ps7_cortexa9_0/bsp/system.mss
TRACE::2026-03-18.15:59:08::SCWPlatform::Trying to open the hw design at D:/workspace/fbga_project/deneme_4/vitis/system_wrapper/hw/system_wrapper.xsa
TRACE::2026-03-18.15:59:08::SCWPlatform::DSA given D:/workspace/fbga_project/deneme_4/vitis/system_wrapper/hw/system_wrapper.xsa
TRACE::2026-03-18.15:59:08::SCWPlatform::DSA absoulate path D:/workspace/fbga_project/deneme_4/vitis/system_wrapper/hw/system_wrapper.xsa
TRACE::2026-03-18.15:59:08::SCWPlatform::DSA directory D:/workspace/fbga_project/deneme_4/vitis/system_wrapper/hw
TRACE::2026-03-18.15:59:08::SCWPlatform:: Platform Path D:/workspace/fbga_project/deneme_4/vitis/system_wrapper/hw/system_wrapper.xsa
TRACE::2026-03-18.15:59:08::SCWPlatform:: Unique name xilinx:zedboard::0.0
TRACE::2026-03-18.15:59:08::SCWPlatform::Trying to set the existing hwdb with name system_wrapper_0
TRACE::2026-03-18.15:59:08::SCWPlatform::Opened existing hwdb system_wrapper_0
TRACE::2026-03-18.15:59:08::SCWPlatform::Found the Hw Db part of the input DSA
TRACE::2026-03-18.15:59:08::SCWMssOS::Checking the sw design at  D:/workspace/fbga_project/deneme_4/vitis/system_wrapper/ps7_cortexa9_0/standalone_ps7_cortexa9_0/bsp/system.mss
TRACE::2026-03-18.15:59:08::SCWMssOS::DEBUG:  swdes dump  D:/workspace/fbga_project/deneme_4/vitis/system_wrapper/ps7_cortexa9_0/standalone_ps7_cortexa9_0/bsp/system.mss|system_0||
D:/workspace/fbga_project/deneme_4/vitis/system_wrapper/zynq_fsbl/zynq_fsbl_bsp/system.mss|system||

TRACE::2026-03-18.15:59:08::SCWMssOS::Sw design exists and opened at  D:/workspace/fbga_project/deneme_4/vitis/system_wrapper/ps7_cortexa9_0/standalone_ps7_cortexa9_0/bsp/system.mss
TRACE::2026-03-18.15:59:08::SCWWriter::formatted JSON is {
	"platformName":	"system_wrapper",
	"sprVersion":	"2.0",
	"mode":	"gui",
	"dsaType":	"Fixed",
	"platformDesc":	"system_wrapper",
	"platHandOff":	"<platformDir>.xsa",
	"platIntHandOff":	"<platformDir>/hw/system_wrapper.xsa",
	"deviceType":	"zynq",
	"platIsPrebuiltAutogen":	"false",
	"platIsNoBootBsp":	"false",
	"platFsblTarget":	"ps7_cortexa9_0",
	"hasFsblMakeHasChanges":	"false",
	"hasPmufwMakeHasChanges":	"false",
	"fsblExtraCompilerFlags":	"-MMD -MP       -mcpu=cortex-a9 -mfpu=vfpv3 -mfloat-abi=hard ",
	"platPreBuiltFlag":	false,
	"platformSamplesDir":	"",
	"platActiveSys":	"system_wrapper",
	"systems":	[{
			"systemName":	"system_wrapper",
			"systemDesc":	"system_wrapper",
			"sysIsBootAutoGen":	"true",
			"systemDispName":	"system_wrapper",
			"sysActiveDom":	"standalone_ps7_cortexa9_0",
			"sysDefaultDom":	"standalone_ps7_cortexa9_0",
			"domains":	[{
					"domainName":	"zynq_fsbl",
					"domainDispName":	"zynq_fsbl",
					"domainDesc":	"FSBL Application BSP - Auto Generated.",
					"processors":	"ps7_cortexa9_0",
					"os":	"standalone",
					"sdxOs":	"standalone",
					"debugEnable":	"",
					"domRuntimes":	["cpp"],
					"swRepo":	"",
					"mssOsVer":	"7.7",
					"mssFile":	"",
					"md5Digest":	"f02bafc1df106379f3b5d99a4ba663f4",
					"compatibleApp":	"zynq_fsbl",
					"domType":	"bootDomain",
					"arch":	"32-bit",
					"appSettings":	{
						"appCompilerFlags":	"",
						"appLinkerFlags":	""
					},
					"addedLibs":	["xilffs:4.7", "xilrsa:1.6"],
					"libOptions":	{
						"libsContainingOptions":	[]
					},
					"prebuiltLibs":	{
						"prebuiltIncPath":	[],
						"prebuiltLibPath":	[]
					},
					"isolation":	{
					}
				}, {
					"domainName":	"standalone_ps7_cortexa9_0",
					"domainDispName":	"standalone_ps7_cortexa9_0",
					"domainDesc":	"standalone_ps7_cortexa9_0",
					"processors":	"ps7_cortexa9_0",
					"os":	"standalone",
					"sdxOs":	"standalone",
					"qemuArgs":	"<platformDir>/resources/system_wrapper/standalone_ps7_cortexa9_0/qemu_args.txt",
					"qemuData":	"<platformDir>/resources/system_wrapper/standalone_ps7_cortexa9_0/qemu",
					"debugEnable":	"False",
					"domRuntimes":	["cpp"],
					"swRepo":	"",
					"mssOsVer":	"7.7",
					"mssFile":	"",
					"md5Digest":	"3d59580d8d82902f3053d646b20d1522",
					"compatibleApp":	"hello_world",
					"domType":	"mssDomain",
					"arch":	"32-bit",
					"appSettings":	{
						"appCompilerFlags":	"",
						"appLinkerFlags":	""
					},
					"addedLibs":	[],
					"libOptions":	{
						"libsContainingOptions":	[]
					},
					"prebuiltLibs":	{
						"prebuiltIncPath":	[],
						"prebuiltLibPath":	[]
					},
					"isolation":	{
					}
				}]
		}]
}
TRACE::2026-03-18.15:59:08::SCWPlatform::Trying to open the hw design at D:/workspace/fbga_project/deneme_4/vitis/system_wrapper/hw/system_wrapper.xsa
TRACE::2026-03-18.15:59:08::SCWPlatform::DSA given D:/workspace/fbga_project/deneme_4/vitis/system_wrapper/hw/system_wrapper.xsa
TRACE::2026-03-18.15:59:08::SCWPlatform::DSA absoulate path D:/workspace/fbga_project/deneme_4/vitis/system_wrapper/hw/system_wrapper.xsa
TRACE::2026-03-18.15:59:08::SCWPlatform::DSA directory D:/workspace/fbga_project/deneme_4/vitis/system_wrapper/hw
TRACE::2026-03-18.15:59:08::SCWPlatform:: Platform Path D:/workspace/fbga_project/deneme_4/vitis/system_wrapper/hw/system_wrapper.xsa
TRACE::2026-03-18.15:59:08::SCWPlatform:: Unique name xilinx:zedboard::0.0
TRACE::2026-03-18.15:59:08::SCWPlatform::Trying to set the existing hwdb with name system_wrapper_0
TRACE::2026-03-18.15:59:08::SCWPlatform::Opened existing hwdb system_wrapper_0
TRACE::2026-03-18.15:59:08::SCWPlatform::Found the Hw Db part of the input DSA
TRACE::2026-03-18.15:59:08::SCWMssOS::Checking the sw design at  D:/workspace/fbga_project/deneme_4/vitis/system_wrapper/ps7_cortexa9_0/standalone_ps7_cortexa9_0/bsp/system.mss
TRACE::2026-03-18.15:59:08::SCWMssOS::DEBUG:  swdes dump  D:/workspace/fbga_project/deneme_4/vitis/system_wrapper/ps7_cortexa9_0/standalone_ps7_cortexa9_0/bsp/system.mss|system_0||
D:/workspace/fbga_project/deneme_4/vitis/system_wrapper/zynq_fsbl/zynq_fsbl_bsp/system.mss|system||

TRACE::2026-03-18.15:59:08::SCWMssOS::Sw design exists and opened at  D:/workspace/fbga_project/deneme_4/vitis/system_wrapper/ps7_cortexa9_0/standalone_ps7_cortexa9_0/bsp/system.mss
TRACE::2026-03-18.15:59:08::SCWPlatform::Trying to open the hw design at D:/workspace/fbga_project/deneme_4/vitis/system_wrapper/hw/system_wrapper.xsa
TRACE::2026-03-18.15:59:08::SCWPlatform::DSA given D:/workspace/fbga_project/deneme_4/vitis/system_wrapper/hw/system_wrapper.xsa
TRACE::2026-03-18.15:59:08::SCWPlatform::DSA absoulate path D:/workspace/fbga_project/deneme_4/vitis/system_wrapper/hw/system_wrapper.xsa
TRACE::2026-03-18.15:59:08::SCWPlatform::DSA directory D:/workspace/fbga_project/deneme_4/vitis/system_wrapper/hw
TRACE::2026-03-18.15:59:08::SCWPlatform:: Platform Path D:/workspace/fbga_project/deneme_4/vitis/system_wrapper/hw/system_wrapper.xsa
TRACE::2026-03-18.15:59:08::SCWPlatform:: Unique name xilinx:zedboard::0.0
TRACE::2026-03-18.15:59:08::SCWPlatform::Trying to set the existing hwdb with name system_wrapper_0
TRACE::2026-03-18.15:59:08::SCWPlatform::Opened existing hwdb system_wrapper_0
TRACE::2026-03-18.15:59:08::SCWPlatform::Found the Hw Db part of the input DSA
TRACE::2026-03-18.15:59:08::SCWMssOS::Checking the sw design at  D:/workspace/fbga_project/deneme_4/vitis/system_wrapper/ps7_cortexa9_0/standalone_ps7_cortexa9_0/bsp/system.mss
TRACE::2026-03-18.15:59:08::SCWMssOS::DEBUG:  swdes dump  D:/workspace/fbga_project/deneme_4/vitis/system_wrapper/ps7_cortexa9_0/standalone_ps7_cortexa9_0/bsp/system.mss|system_0||
D:/workspace/fbga_project/deneme_4/vitis/system_wrapper/zynq_fsbl/zynq_fsbl_bsp/system.mss|system||

TRACE::2026-03-18.15:59:08::SCWMssOS::Sw design exists and opened at  D:/workspace/fbga_project/deneme_4/vitis/system_wrapper/ps7_cortexa9_0/standalone_ps7_cortexa9_0/bsp/system.mss
TRACE::2026-03-18.15:59:08::SCWMssOS::Saving the mss changes D:/workspace/fbga_project/deneme_4/vitis/system_wrapper/zynq_fsbl/zynq_fsbl_bsp/system.mss
TRACE::2026-03-18.15:59:08::SCWMssOS::Found a swdesign opened with the mssfile.
TRACE::2026-03-18.15:59:08::SCWMssOS::Completed writemss as part of save.
TRACE::2026-03-18.15:59:08::SCWMssOS::Commit changes completed.
TRACE::2026-03-18.15:59:08::SCWMssOS::Saving the mss changes D:/workspace/fbga_project/deneme_4/vitis/system_wrapper/ps7_cortexa9_0/standalone_ps7_cortexa9_0/bsp/system.mss
TRACE::2026-03-18.15:59:08::SCWMssOS::Found a swdesign opened with the mssfile.
TRACE::2026-03-18.15:59:08::SCWMssOS::Completed writemss as part of save.
TRACE::2026-03-18.15:59:08::SCWMssOS::Commit changes completed.
TRACE::2026-03-18.15:59:08::SCWPlatform::Trying to open the hw design at D:/workspace/fbga_project/deneme_4/vitis/system_wrapper/hw/system_wrapper.xsa
TRACE::2026-03-18.15:59:08::SCWPlatform::DSA given D:/workspace/fbga_project/deneme_4/vitis/system_wrapper/hw/system_wrapper.xsa
TRACE::2026-03-18.15:59:08::SCWPlatform::DSA absoulate path D:/workspace/fbga_project/deneme_4/vitis/system_wrapper/hw/system_wrapper.xsa
TRACE::2026-03-18.15:59:08::SCWPlatform::DSA directory D:/workspace/fbga_project/deneme_4/vitis/system_wrapper/hw
TRACE::2026-03-18.15:59:08::SCWPlatform:: Platform Path D:/workspace/fbga_project/deneme_4/vitis/system_wrapper/hw/system_wrapper.xsa
TRACE::2026-03-18.15:59:08::SCWPlatform:: Unique name xilinx:zedboard::0.0
TRACE::2026-03-18.15:59:08::SCWPlatform::Trying to set the existing hwdb with name system_wrapper_0
TRACE::2026-03-18.15:59:08::SCWPlatform::Opened existing hwdb system_wrapper_0
TRACE::2026-03-18.15:59:08::SCWPlatform::Found the Hw Db part of the input DSA
TRACE::2026-03-18.15:59:08::SCWMssOS::Checking the sw design at  D:/workspace/fbga_project/deneme_4/vitis/system_wrapper/zynq_fsbl/zynq_fsbl_bsp/system.mss
TRACE::2026-03-18.15:59:08::SCWMssOS::DEBUG:  swdes dump  D:/workspace/fbga_project/deneme_4/vitis/system_wrapper/ps7_cortexa9_0/standalone_ps7_cortexa9_0/bsp/system.mss|system_0||
D:/workspace/fbga_project/deneme_4/vitis/system_wrapper/zynq_fsbl/zynq_fsbl_bsp/system.mss|system||

TRACE::2026-03-18.15:59:08::SCWMssOS::Sw design exists and opened at  D:/workspace/fbga_project/deneme_4/vitis/system_wrapper/zynq_fsbl/zynq_fsbl_bsp/system.mss
TRACE::2026-03-18.15:59:08::SCWPlatform::Trying to open the hw design at D:/workspace/fbga_project/deneme_4/vitis/system_wrapper/hw/system_wrapper.xsa
TRACE::2026-03-18.15:59:08::SCWPlatform::DSA given D:/workspace/fbga_project/deneme_4/vitis/system_wrapper/hw/system_wrapper.xsa
TRACE::2026-03-18.15:59:08::SCWPlatform::DSA absoulate path D:/workspace/fbga_project/deneme_4/vitis/system_wrapper/hw/system_wrapper.xsa
TRACE::2026-03-18.15:59:08::SCWPlatform::DSA directory D:/workspace/fbga_project/deneme_4/vitis/system_wrapper/hw
TRACE::2026-03-18.15:59:08::SCWPlatform:: Platform Path D:/workspace/fbga_project/deneme_4/vitis/system_wrapper/hw/system_wrapper.xsa
TRACE::2026-03-18.15:59:08::SCWPlatform:: Unique name xilinx:zedboard::0.0
TRACE::2026-03-18.15:59:08::SCWPlatform::Trying to set the existing hwdb with name system_wrapper_0
TRACE::2026-03-18.15:59:08::SCWPlatform::Opened existing hwdb system_wrapper_0
TRACE::2026-03-18.15:59:08::SCWPlatform::Found the Hw Db part of the input DSA
TRACE::2026-03-18.15:59:08::SCWMssOS::Checking the sw design at  D:/workspace/fbga_project/deneme_4/vitis/system_wrapper/zynq_fsbl/zynq_fsbl_bsp/system.mss
TRACE::2026-03-18.15:59:08::SCWMssOS::DEBUG:  swdes dump  D:/workspace/fbga_project/deneme_4/vitis/system_wrapper/ps7_cortexa9_0/standalone_ps7_cortexa9_0/bsp/system.mss|system_0||
D:/workspace/fbga_project/deneme_4/vitis/system_wrapper/zynq_fsbl/zynq_fsbl_bsp/system.mss|system||

TRACE::2026-03-18.15:59:08::SCWMssOS::Sw design exists and opened at  D:/workspace/fbga_project/deneme_4/vitis/system_wrapper/zynq_fsbl/zynq_fsbl_bsp/system.mss
TRACE::2026-03-18.15:59:08::SCWPlatform::Trying to open the hw design at D:/workspace/fbga_project/deneme_4/vitis/system_wrapper/hw/system_wrapper.xsa
TRACE::2026-03-18.15:59:08::SCWPlatform::DSA given D:/workspace/fbga_project/deneme_4/vitis/system_wrapper/hw/system_wrapper.xsa
TRACE::2026-03-18.15:59:08::SCWPlatform::DSA absoulate path D:/workspace/fbga_project/deneme_4/vitis/system_wrapper/hw/system_wrapper.xsa
TRACE::2026-03-18.15:59:08::SCWPlatform::DSA directory D:/workspace/fbga_project/deneme_4/vitis/system_wrapper/hw
TRACE::2026-03-18.15:59:08::SCWPlatform:: Platform Path D:/workspace/fbga_project/deneme_4/vitis/system_wrapper/hw/system_wrapper.xsa
TRACE::2026-03-18.15:59:08::SCWPlatform:: Unique name xilinx:zedboard::0.0
TRACE::2026-03-18.15:59:08::SCWPlatform::Trying to set the existing hwdb with name system_wrapper_0
TRACE::2026-03-18.15:59:08::SCWPlatform::Opened existing hwdb system_wrapper_0
TRACE::2026-03-18.15:59:08::SCWPlatform::Found the Hw Db part of the input DSA
TRACE::2026-03-18.15:59:08::SCWMssOS::Checking the sw design at  D:/workspace/fbga_project/deneme_4/vitis/system_wrapper/zynq_fsbl/zynq_fsbl_bsp/system.mss
TRACE::2026-03-18.15:59:08::SCWMssOS::DEBUG:  swdes dump  D:/workspace/fbga_project/deneme_4/vitis/system_wrapper/ps7_cortexa9_0/standalone_ps7_cortexa9_0/bsp/system.mss|system_0||
D:/workspace/fbga_project/deneme_4/vitis/system_wrapper/zynq_fsbl/zynq_fsbl_bsp/system.mss|system||

TRACE::2026-03-18.15:59:08::SCWMssOS::Sw design exists and opened at  D:/workspace/fbga_project/deneme_4/vitis/system_wrapper/zynq_fsbl/zynq_fsbl_bsp/system.mss
TRACE::2026-03-18.15:59:08::SCWPlatform::Trying to open the hw design at D:/workspace/fbga_project/deneme_4/vitis/system_wrapper/hw/system_wrapper.xsa
TRACE::2026-03-18.15:59:08::SCWPlatform::DSA given D:/workspace/fbga_project/deneme_4/vitis/system_wrapper/hw/system_wrapper.xsa
TRACE::2026-03-18.15:59:08::SCWPlatform::DSA absoulate path D:/workspace/fbga_project/deneme_4/vitis/system_wrapper/hw/system_wrapper.xsa
TRACE::2026-03-18.15:59:08::SCWPlatform::DSA directory D:/workspace/fbga_project/deneme_4/vitis/system_wrapper/hw
TRACE::2026-03-18.15:59:08::SCWPlatform:: Platform Path D:/workspace/fbga_project/deneme_4/vitis/system_wrapper/hw/system_wrapper.xsa
TRACE::2026-03-18.15:59:08::SCWPlatform:: Unique name xilinx:zedboard::0.0
TRACE::2026-03-18.15:59:08::SCWPlatform::Trying to set the existing hwdb with name system_wrapper_0
TRACE::2026-03-18.15:59:08::SCWPlatform::Opened existing hwdb system_wrapper_0
TRACE::2026-03-18.15:59:08::SCWPlatform::Found the Hw Db part of the input DSA
TRACE::2026-03-18.15:59:08::SCWMssOS::Checking the sw design at  D:/workspace/fbga_project/deneme_4/vitis/system_wrapper/ps7_cortexa9_0/standalone_ps7_cortexa9_0/bsp/system.mss
TRACE::2026-03-18.15:59:08::SCWMssOS::DEBUG:  swdes dump  D:/workspace/fbga_project/deneme_4/vitis/system_wrapper/ps7_cortexa9_0/standalone_ps7_cortexa9_0/bsp/system.mss|system_0||
D:/workspace/fbga_project/deneme_4/vitis/system_wrapper/zynq_fsbl/zynq_fsbl_bsp/system.mss|system||

TRACE::2026-03-18.15:59:08::SCWMssOS::Sw design exists and opened at  D:/workspace/fbga_project/deneme_4/vitis/system_wrapper/ps7_cortexa9_0/standalone_ps7_cortexa9_0/bsp/system.mss
TRACE::2026-03-18.15:59:08::SCWPlatform::Trying to open the hw design at D:/workspace/fbga_project/deneme_4/vitis/system_wrapper/hw/system_wrapper.xsa
TRACE::2026-03-18.15:59:08::SCWPlatform::DSA given D:/workspace/fbga_project/deneme_4/vitis/system_wrapper/hw/system_wrapper.xsa
TRACE::2026-03-18.15:59:08::SCWPlatform::DSA absoulate path D:/workspace/fbga_project/deneme_4/vitis/system_wrapper/hw/system_wrapper.xsa
TRACE::2026-03-18.15:59:08::SCWPlatform::DSA directory D:/workspace/fbga_project/deneme_4/vitis/system_wrapper/hw
TRACE::2026-03-18.15:59:08::SCWPlatform:: Platform Path D:/workspace/fbga_project/deneme_4/vitis/system_wrapper/hw/system_wrapper.xsa
TRACE::2026-03-18.15:59:08::SCWPlatform:: Unique name xilinx:zedboard::0.0
TRACE::2026-03-18.15:59:08::SCWPlatform::Trying to set the existing hwdb with name system_wrapper_0
TRACE::2026-03-18.15:59:08::SCWPlatform::Opened existing hwdb system_wrapper_0
TRACE::2026-03-18.15:59:08::SCWPlatform::Found the Hw Db part of the input DSA
TRACE::2026-03-18.15:59:08::SCWMssOS::Checking the sw design at  D:/workspace/fbga_project/deneme_4/vitis/system_wrapper/ps7_cortexa9_0/standalone_ps7_cortexa9_0/bsp/system.mss
TRACE::2026-03-18.15:59:08::SCWMssOS::DEBUG:  swdes dump  D:/workspace/fbga_project/deneme_4/vitis/system_wrapper/ps7_cortexa9_0/standalone_ps7_cortexa9_0/bsp/system.mss|system_0||
D:/workspace/fbga_project/deneme_4/vitis/system_wrapper/zynq_fsbl/zynq_fsbl_bsp/system.mss|system||

TRACE::2026-03-18.15:59:08::SCWMssOS::Sw design exists and opened at  D:/workspace/fbga_project/deneme_4/vitis/system_wrapper/ps7_cortexa9_0/standalone_ps7_cortexa9_0/bsp/system.mss
TRACE::2026-03-18.15:59:08::SCWPlatform::Trying to open the hw design at D:/workspace/fbga_project/deneme_4/vitis/system_wrapper/hw/system_wrapper.xsa
TRACE::2026-03-18.15:59:08::SCWPlatform::DSA given D:/workspace/fbga_project/deneme_4/vitis/system_wrapper/hw/system_wrapper.xsa
TRACE::2026-03-18.15:59:08::SCWPlatform::DSA absoulate path D:/workspace/fbga_project/deneme_4/vitis/system_wrapper/hw/system_wrapper.xsa
TRACE::2026-03-18.15:59:08::SCWPlatform::DSA directory D:/workspace/fbga_project/deneme_4/vitis/system_wrapper/hw
TRACE::2026-03-18.15:59:08::SCWPlatform:: Platform Path D:/workspace/fbga_project/deneme_4/vitis/system_wrapper/hw/system_wrapper.xsa
TRACE::2026-03-18.15:59:08::SCWPlatform:: Unique name xilinx:zedboard::0.0
TRACE::2026-03-18.15:59:08::SCWPlatform::Trying to set the existing hwdb with name system_wrapper_0
TRACE::2026-03-18.15:59:08::SCWPlatform::Opened existing hwdb system_wrapper_0
TRACE::2026-03-18.15:59:08::SCWPlatform::Found the Hw Db part of the input DSA
TRACE::2026-03-18.15:59:08::SCWMssOS::Checking the sw design at  D:/workspace/fbga_project/deneme_4/vitis/system_wrapper/ps7_cortexa9_0/standalone_ps7_cortexa9_0/bsp/system.mss
TRACE::2026-03-18.15:59:08::SCWMssOS::DEBUG:  swdes dump  D:/workspace/fbga_project/deneme_4/vitis/system_wrapper/ps7_cortexa9_0/standalone_ps7_cortexa9_0/bsp/system.mss|system_0||
D:/workspace/fbga_project/deneme_4/vitis/system_wrapper/zynq_fsbl/zynq_fsbl_bsp/system.mss|system||

TRACE::2026-03-18.15:59:08::SCWMssOS::Sw design exists and opened at  D:/workspace/fbga_project/deneme_4/vitis/system_wrapper/ps7_cortexa9_0/standalone_ps7_cortexa9_0/bsp/system.mss
TRACE::2026-03-18.15:59:08::SCWWriter::formatted JSON is {
	"platformName":	"system_wrapper",
	"sprVersion":	"2.0",
	"mode":	"gui",
	"dsaType":	"Fixed",
	"platformDesc":	"system_wrapper",
	"platHandOff":	"<platformDir>.xsa",
	"platIntHandOff":	"<platformDir>/hw/system_wrapper.xsa",
	"deviceType":	"zynq",
	"platIsPrebuiltAutogen":	"false",
	"platIsNoBootBsp":	"false",
	"platFsblTarget":	"ps7_cortexa9_0",
	"hasFsblMakeHasChanges":	"false",
	"hasPmufwMakeHasChanges":	"false",
	"fsblExtraCompilerFlags":	"-MMD -MP       -mcpu=cortex-a9 -mfpu=vfpv3 -mfloat-abi=hard ",
	"platPreBuiltFlag":	false,
	"platformSamplesDir":	"",
	"platActiveSys":	"system_wrapper",
	"systems":	[{
			"systemName":	"system_wrapper",
			"systemDesc":	"system_wrapper",
			"sysIsBootAutoGen":	"true",
			"systemDispName":	"system_wrapper",
			"sysActiveDom":	"standalone_ps7_cortexa9_0",
			"sysDefaultDom":	"standalone_ps7_cortexa9_0",
			"domains":	[{
					"domainName":	"zynq_fsbl",
					"domainDispName":	"zynq_fsbl",
					"domainDesc":	"FSBL Application BSP - Auto Generated.",
					"processors":	"ps7_cortexa9_0",
					"os":	"standalone",
					"sdxOs":	"standalone",
					"debugEnable":	"",
					"domRuntimes":	["cpp"],
					"swRepo":	"",
					"mssOsVer":	"7.7",
					"mssFile":	"",
					"md5Digest":	"f02bafc1df106379f3b5d99a4ba663f4",
					"compatibleApp":	"zynq_fsbl",
					"domType":	"bootDomain",
					"arch":	"32-bit",
					"appSettings":	{
						"appCompilerFlags":	"",
						"appLinkerFlags":	""
					},
					"addedLibs":	["xilffs:4.7", "xilrsa:1.6"],
					"libOptions":	{
						"libsContainingOptions":	[]
					},
					"prebuiltLibs":	{
						"prebuiltIncPath":	[],
						"prebuiltLibPath":	[]
					},
					"isolation":	{
					}
				}, {
					"domainName":	"standalone_ps7_cortexa9_0",
					"domainDispName":	"standalone_ps7_cortexa9_0",
					"domainDesc":	"standalone_ps7_cortexa9_0",
					"processors":	"ps7_cortexa9_0",
					"os":	"standalone",
					"sdxOs":	"standalone",
					"qemuArgs":	"<platformDir>/resources/system_wrapper/standalone_ps7_cortexa9_0/qemu_args.txt",
					"qemuData":	"<platformDir>/resources/system_wrapper/standalone_ps7_cortexa9_0/qemu",
					"debugEnable":	"False",
					"domRuntimes":	["cpp"],
					"swRepo":	"",
					"mssOsVer":	"7.7",
					"mssFile":	"",
					"md5Digest":	"3d59580d8d82902f3053d646b20d1522",
					"compatibleApp":	"hello_world",
					"domType":	"mssDomain",
					"arch":	"32-bit",
					"appSettings":	{
						"appCompilerFlags":	"",
						"appLinkerFlags":	""
					},
					"addedLibs":	[],
					"libOptions":	{
						"libsContainingOptions":	[]
					},
					"prebuiltLibs":	{
						"prebuiltIncPath":	[],
						"prebuiltLibPath":	[]
					},
					"isolation":	{
					}
				}]
		}]
}
LOG::2026-03-18.15:59:08::SCWPlatform::Started generating the artifacts platform system_wrapper
TRACE::2026-03-18.15:59:08::SCWPlatform::Sanity checking of platform is completed
LOG::2026-03-18.15:59:08::SCWPlatform::Started generating the artifacts for system configuration system_wrapper
LOG::2026-03-18.15:59:08::SCWSystem::Started Processing the domain standalone_ps7_cortexa9_0
TRACE::2026-03-18.15:59:08::SCWDomain::Generating domain artifcats
TRACE::2026-03-18.15:59:08::SCWMssOS::Generating standalone artifcats
TRACE::2026-03-18.15:59:08::SCWMssOS::Copying the qemu file from  D:/workspace/fbga_project/deneme_4/vitis/system_wrapper/resources/system_wrapper/standalone_ps7_cortexa9_0/qemu_args.txt To D:/workspace/fbga_project/deneme_4/vitis/system_wrapper/export/system_wrapper/sw/system_wrapper/qemu/
TRACE::2026-03-18.15:59:08::SCWMssOS::Copying the qemu file from  D:/workspace/fbga_project/deneme_4/vitis/system_wrapper/resources/system_wrapper/standalone_ps7_cortexa9_0/qemu_args.txt To D:/workspace/fbga_project/deneme_4/vitis/system_wrapper/export/system_wrapper/sw/system_wrapper/standalone_ps7_cortexa9_0/qemu/
TRACE::2026-03-18.15:59:08::SCWMssOS:: Copying the user libraries. 
TRACE::2026-03-18.15:59:08::SCWPlatform::Trying to open the hw design at D:/workspace/fbga_project/deneme_4/vitis/system_wrapper/hw/system_wrapper.xsa
TRACE::2026-03-18.15:59:08::SCWPlatform::DSA given D:/workspace/fbga_project/deneme_4/vitis/system_wrapper/hw/system_wrapper.xsa
TRACE::2026-03-18.15:59:08::SCWPlatform::DSA absoulate path D:/workspace/fbga_project/deneme_4/vitis/system_wrapper/hw/system_wrapper.xsa
TRACE::2026-03-18.15:59:08::SCWPlatform::DSA directory D:/workspace/fbga_project/deneme_4/vitis/system_wrapper/hw
TRACE::2026-03-18.15:59:08::SCWPlatform:: Platform Path D:/workspace/fbga_project/deneme_4/vitis/system_wrapper/hw/system_wrapper.xsa
TRACE::2026-03-18.15:59:08::SCWPlatform:: Unique name xilinx:zedboard::0.0
TRACE::2026-03-18.15:59:08::SCWPlatform::Trying to set the existing hwdb with name system_wrapper_0
TRACE::2026-03-18.15:59:08::SCWPlatform::Opened existing hwdb system_wrapper_0
TRACE::2026-03-18.15:59:08::SCWPlatform::Found the Hw Db part of the input DSA
TRACE::2026-03-18.15:59:08::SCWMssOS::Checking the sw design at  D:/workspace/fbga_project/deneme_4/vitis/system_wrapper/ps7_cortexa9_0/standalone_ps7_cortexa9_0/bsp/system.mss
TRACE::2026-03-18.15:59:08::SCWMssOS::DEBUG:  swdes dump  D:/workspace/fbga_project/deneme_4/vitis/system_wrapper/ps7_cortexa9_0/standalone_ps7_cortexa9_0/bsp/system.mss|system_0||
D:/workspace/fbga_project/deneme_4/vitis/system_wrapper/zynq_fsbl/zynq_fsbl_bsp/system.mss|system||

TRACE::2026-03-18.15:59:08::SCWMssOS::Sw design exists and opened at  D:/workspace/fbga_project/deneme_4/vitis/system_wrapper/ps7_cortexa9_0/standalone_ps7_cortexa9_0/bsp/system.mss
TRACE::2026-03-18.15:59:08::SCWMssOS::Completed writing the mss file at D:/workspace/fbga_project/deneme_4/vitis/system_wrapper/ps7_cortexa9_0/standalone_ps7_cortexa9_0/bsp
TRACE::2026-03-18.15:59:08::SCWMssOS::Mss edits present, copying mssfile into export location D:/workspace/fbga_project/deneme_4/vitis/system_wrapper/ps7_cortexa9_0/standalone_ps7_cortexa9_0/bsp/system.mss
TRACE::2026-03-18.15:59:08::SCWMssOS::bsp generated is upto date with the mss file. Skipping bsp generation.
TRACE::2026-03-18.15:59:08::SCWMssOS::BSP is already built. skipping the bsp build ... 
TRACE::2026-03-18.15:59:08::SCWDomain::Building the domain as part of full build :  standalone_ps7_cortexa9_0
TRACE::2026-03-18.15:59:08::SCWMssOS::skipping the bsp build ... 
TRACE::2026-03-18.15:59:08::SCWMssOS::Copying to export directory.
TRACE::2026-03-18.15:59:08::SCWMssOS:: Checking if to create the Supporting Applications
TRACE::2026-03-18.15:59:08::SCWMssOS:: No Linux domain exists, trying to generate FSBL 
TRACE::2026-03-18.15:59:08::SCWMssOS:: Completed Standalone Artifacts creation 
LOG::2026-03-18.15:59:08::SCWSystem::Completed Processing the domain standalone_ps7_cortexa9_0
LOG::2026-03-18.15:59:08::SCWSystem::Completed Processing the sysconfig system_wrapper
LOG::2026-03-18.15:59:08::SCWPlatform::Completed generating the artifacts for system configuration system_wrapper
TRACE::2026-03-18.15:59:08::SCWPlatform::Started preparing the platform 
TRACE::2026-03-18.15:59:08::SCWSystem::Writing the bif file for system config system_wrapper
TRACE::2026-03-18.15:59:08::SCWSystem::dir created 
TRACE::2026-03-18.15:59:08::SCWSystem::Writing the bif 
TRACE::2026-03-18.15:59:08::SCWPlatform::Started writing the spfm file 
TRACE::2026-03-18.15:59:08::SCWPlatform::Started writing the xpfm file 
TRACE::2026-03-18.15:59:08::SCWPlatform::Completed generating the platform
TRACE::2026-03-18.15:59:08::SCWMssOS::Saving the mss changes D:/workspace/fbga_project/deneme_4/vitis/system_wrapper/zynq_fsbl/zynq_fsbl_bsp/system.mss
TRACE::2026-03-18.15:59:08::SCWMssOS::Found a swdesign opened with the mssfile.
TRACE::2026-03-18.15:59:08::SCWMssOS::Completed writemss as part of save.
TRACE::2026-03-18.15:59:08::SCWMssOS::Commit changes completed.
TRACE::2026-03-18.15:59:08::SCWMssOS::Saving the mss changes D:/workspace/fbga_project/deneme_4/vitis/system_wrapper/ps7_cortexa9_0/standalone_ps7_cortexa9_0/bsp/system.mss
TRACE::2026-03-18.15:59:08::SCWMssOS::Found a swdesign opened with the mssfile.
TRACE::2026-03-18.15:59:08::SCWMssOS::Completed writemss as part of save.
TRACE::2026-03-18.15:59:08::SCWMssOS::Commit changes completed.
TRACE::2026-03-18.15:59:08::SCWPlatform::Trying to open the hw design at D:/workspace/fbga_project/deneme_4/vitis/system_wrapper/hw/system_wrapper.xsa
TRACE::2026-03-18.15:59:08::SCWPlatform::DSA given D:/workspace/fbga_project/deneme_4/vitis/system_wrapper/hw/system_wrapper.xsa
TRACE::2026-03-18.15:59:08::SCWPlatform::DSA absoulate path D:/workspace/fbga_project/deneme_4/vitis/system_wrapper/hw/system_wrapper.xsa
TRACE::2026-03-18.15:59:08::SCWPlatform::DSA directory D:/workspace/fbga_project/deneme_4/vitis/system_wrapper/hw
TRACE::2026-03-18.15:59:08::SCWPlatform:: Platform Path D:/workspace/fbga_project/deneme_4/vitis/system_wrapper/hw/system_wrapper.xsa
TRACE::2026-03-18.15:59:08::SCWPlatform:: Unique name xilinx:zedboard::0.0
TRACE::2026-03-18.15:59:08::SCWPlatform::Trying to set the existing hwdb with name system_wrapper_0
TRACE::2026-03-18.15:59:08::SCWPlatform::Opened existing hwdb system_wrapper_0
TRACE::2026-03-18.15:59:08::SCWPlatform::Found the Hw Db part of the input DSA
TRACE::2026-03-18.15:59:08::SCWMssOS::Checking the sw design at  D:/workspace/fbga_project/deneme_4/vitis/system_wrapper/zynq_fsbl/zynq_fsbl_bsp/system.mss
TRACE::2026-03-18.15:59:08::SCWMssOS::DEBUG:  swdes dump  D:/workspace/fbga_project/deneme_4/vitis/system_wrapper/ps7_cortexa9_0/standalone_ps7_cortexa9_0/bsp/system.mss|system_0||
D:/workspace/fbga_project/deneme_4/vitis/system_wrapper/zynq_fsbl/zynq_fsbl_bsp/system.mss|system||

TRACE::2026-03-18.15:59:08::SCWMssOS::Sw design exists and opened at  D:/workspace/fbga_project/deneme_4/vitis/system_wrapper/zynq_fsbl/zynq_fsbl_bsp/system.mss
TRACE::2026-03-18.15:59:08::SCWPlatform::Trying to open the hw design at D:/workspace/fbga_project/deneme_4/vitis/system_wrapper/hw/system_wrapper.xsa
TRACE::2026-03-18.15:59:08::SCWPlatform::DSA given D:/workspace/fbga_project/deneme_4/vitis/system_wrapper/hw/system_wrapper.xsa
TRACE::2026-03-18.15:59:08::SCWPlatform::DSA absoulate path D:/workspace/fbga_project/deneme_4/vitis/system_wrapper/hw/system_wrapper.xsa
TRACE::2026-03-18.15:59:08::SCWPlatform::DSA directory D:/workspace/fbga_project/deneme_4/vitis/system_wrapper/hw
TRACE::2026-03-18.15:59:08::SCWPlatform:: Platform Path D:/workspace/fbga_project/deneme_4/vitis/system_wrapper/hw/system_wrapper.xsa
TRACE::2026-03-18.15:59:08::SCWPlatform:: Unique name xilinx:zedboard::0.0
TRACE::2026-03-18.15:59:08::SCWPlatform::Trying to set the existing hwdb with name system_wrapper_0
TRACE::2026-03-18.15:59:08::SCWPlatform::Opened existing hwdb system_wrapper_0
TRACE::2026-03-18.15:59:08::SCWPlatform::Found the Hw Db part of the input DSA
TRACE::2026-03-18.15:59:08::SCWMssOS::Checking the sw design at  D:/workspace/fbga_project/deneme_4/vitis/system_wrapper/zynq_fsbl/zynq_fsbl_bsp/system.mss
TRACE::2026-03-18.15:59:08::SCWMssOS::DEBUG:  swdes dump  D:/workspace/fbga_project/deneme_4/vitis/system_wrapper/ps7_cortexa9_0/standalone_ps7_cortexa9_0/bsp/system.mss|system_0||
D:/workspace/fbga_project/deneme_4/vitis/system_wrapper/zynq_fsbl/zynq_fsbl_bsp/system.mss|system||

TRACE::2026-03-18.15:59:08::SCWMssOS::Sw design exists and opened at  D:/workspace/fbga_project/deneme_4/vitis/system_wrapper/zynq_fsbl/zynq_fsbl_bsp/system.mss
TRACE::2026-03-18.15:59:08::SCWPlatform::Trying to open the hw design at D:/workspace/fbga_project/deneme_4/vitis/system_wrapper/hw/system_wrapper.xsa
TRACE::2026-03-18.15:59:08::SCWPlatform::DSA given D:/workspace/fbga_project/deneme_4/vitis/system_wrapper/hw/system_wrapper.xsa
TRACE::2026-03-18.15:59:08::SCWPlatform::DSA absoulate path D:/workspace/fbga_project/deneme_4/vitis/system_wrapper/hw/system_wrapper.xsa
TRACE::2026-03-18.15:59:08::SCWPlatform::DSA directory D:/workspace/fbga_project/deneme_4/vitis/system_wrapper/hw
TRACE::2026-03-18.15:59:08::SCWPlatform:: Platform Path D:/workspace/fbga_project/deneme_4/vitis/system_wrapper/hw/system_wrapper.xsa
TRACE::2026-03-18.15:59:08::SCWPlatform:: Unique name xilinx:zedboard::0.0
TRACE::2026-03-18.15:59:08::SCWPlatform::Trying to set the existing hwdb with name system_wrapper_0
TRACE::2026-03-18.15:59:08::SCWPlatform::Opened existing hwdb system_wrapper_0
TRACE::2026-03-18.15:59:08::SCWPlatform::Found the Hw Db part of the input DSA
TRACE::2026-03-18.15:59:08::SCWMssOS::Checking the sw design at  D:/workspace/fbga_project/deneme_4/vitis/system_wrapper/zynq_fsbl/zynq_fsbl_bsp/system.mss
TRACE::2026-03-18.15:59:08::SCWMssOS::DEBUG:  swdes dump  D:/workspace/fbga_project/deneme_4/vitis/system_wrapper/ps7_cortexa9_0/standalone_ps7_cortexa9_0/bsp/system.mss|system_0||
D:/workspace/fbga_project/deneme_4/vitis/system_wrapper/zynq_fsbl/zynq_fsbl_bsp/system.mss|system||

TRACE::2026-03-18.15:59:08::SCWMssOS::Sw design exists and opened at  D:/workspace/fbga_project/deneme_4/vitis/system_wrapper/zynq_fsbl/zynq_fsbl_bsp/system.mss
TRACE::2026-03-18.15:59:08::SCWPlatform::Trying to open the hw design at D:/workspace/fbga_project/deneme_4/vitis/system_wrapper/hw/system_wrapper.xsa
TRACE::2026-03-18.15:59:08::SCWPlatform::DSA given D:/workspace/fbga_project/deneme_4/vitis/system_wrapper/hw/system_wrapper.xsa
TRACE::2026-03-18.15:59:08::SCWPlatform::DSA absoulate path D:/workspace/fbga_project/deneme_4/vitis/system_wrapper/hw/system_wrapper.xsa
TRACE::2026-03-18.15:59:08::SCWPlatform::DSA directory D:/workspace/fbga_project/deneme_4/vitis/system_wrapper/hw
TRACE::2026-03-18.15:59:08::SCWPlatform:: Platform Path D:/workspace/fbga_project/deneme_4/vitis/system_wrapper/hw/system_wrapper.xsa
TRACE::2026-03-18.15:59:08::SCWPlatform:: Unique name xilinx:zedboard::0.0
TRACE::2026-03-18.15:59:08::SCWPlatform::Trying to set the existing hwdb with name system_wrapper_0
TRACE::2026-03-18.15:59:08::SCWPlatform::Opened existing hwdb system_wrapper_0
TRACE::2026-03-18.15:59:08::SCWPlatform::Found the Hw Db part of the input DSA
TRACE::2026-03-18.15:59:08::SCWMssOS::Checking the sw design at  D:/workspace/fbga_project/deneme_4/vitis/system_wrapper/ps7_cortexa9_0/standalone_ps7_cortexa9_0/bsp/system.mss
TRACE::2026-03-18.15:59:08::SCWMssOS::DEBUG:  swdes dump  D:/workspace/fbga_project/deneme_4/vitis/system_wrapper/ps7_cortexa9_0/standalone_ps7_cortexa9_0/bsp/system.mss|system_0||
D:/workspace/fbga_project/deneme_4/vitis/system_wrapper/zynq_fsbl/zynq_fsbl_bsp/system.mss|system||

TRACE::2026-03-18.15:59:08::SCWMssOS::Sw design exists and opened at  D:/workspace/fbga_project/deneme_4/vitis/system_wrapper/ps7_cortexa9_0/standalone_ps7_cortexa9_0/bsp/system.mss
TRACE::2026-03-18.15:59:08::SCWPlatform::Trying to open the hw design at D:/workspace/fbga_project/deneme_4/vitis/system_wrapper/hw/system_wrapper.xsa
TRACE::2026-03-18.15:59:08::SCWPlatform::DSA given D:/workspace/fbga_project/deneme_4/vitis/system_wrapper/hw/system_wrapper.xsa
TRACE::2026-03-18.15:59:08::SCWPlatform::DSA absoulate path D:/workspace/fbga_project/deneme_4/vitis/system_wrapper/hw/system_wrapper.xsa
TRACE::2026-03-18.15:59:08::SCWPlatform::DSA directory D:/workspace/fbga_project/deneme_4/vitis/system_wrapper/hw
TRACE::2026-03-18.15:59:08::SCWPlatform:: Platform Path D:/workspace/fbga_project/deneme_4/vitis/system_wrapper/hw/system_wrapper.xsa
TRACE::2026-03-18.15:59:08::SCWPlatform:: Unique name xilinx:zedboard::0.0
TRACE::2026-03-18.15:59:08::SCWPlatform::Trying to set the existing hwdb with name system_wrapper_0
TRACE::2026-03-18.15:59:08::SCWPlatform::Opened existing hwdb system_wrapper_0
TRACE::2026-03-18.15:59:08::SCWPlatform::Found the Hw Db part of the input DSA
TRACE::2026-03-18.15:59:08::SCWMssOS::Checking the sw design at  D:/workspace/fbga_project/deneme_4/vitis/system_wrapper/ps7_cortexa9_0/standalone_ps7_cortexa9_0/bsp/system.mss
TRACE::2026-03-18.15:59:08::SCWMssOS::DEBUG:  swdes dump  D:/workspace/fbga_project/deneme_4/vitis/system_wrapper/ps7_cortexa9_0/standalone_ps7_cortexa9_0/bsp/system.mss|system_0||
D:/workspace/fbga_project/deneme_4/vitis/system_wrapper/zynq_fsbl/zynq_fsbl_bsp/system.mss|system||

TRACE::2026-03-18.15:59:08::SCWMssOS::Sw design exists and opened at  D:/workspace/fbga_project/deneme_4/vitis/system_wrapper/ps7_cortexa9_0/standalone_ps7_cortexa9_0/bsp/system.mss
TRACE::2026-03-18.15:59:08::SCWPlatform::Trying to open the hw design at D:/workspace/fbga_project/deneme_4/vitis/system_wrapper/hw/system_wrapper.xsa
TRACE::2026-03-18.15:59:08::SCWPlatform::DSA given D:/workspace/fbga_project/deneme_4/vitis/system_wrapper/hw/system_wrapper.xsa
TRACE::2026-03-18.15:59:08::SCWPlatform::DSA absoulate path D:/workspace/fbga_project/deneme_4/vitis/system_wrapper/hw/system_wrapper.xsa
TRACE::2026-03-18.15:59:08::SCWPlatform::DSA directory D:/workspace/fbga_project/deneme_4/vitis/system_wrapper/hw
TRACE::2026-03-18.15:59:08::SCWPlatform:: Platform Path D:/workspace/fbga_project/deneme_4/vitis/system_wrapper/hw/system_wrapper.xsa
TRACE::2026-03-18.15:59:08::SCWPlatform:: Unique name xilinx:zedboard::0.0
TRACE::2026-03-18.15:59:08::SCWPlatform::Trying to set the existing hwdb with name system_wrapper_0
TRACE::2026-03-18.15:59:08::SCWPlatform::Opened existing hwdb system_wrapper_0
TRACE::2026-03-18.15:59:08::SCWPlatform::Found the Hw Db part of the input DSA
TRACE::2026-03-18.15:59:08::SCWMssOS::Checking the sw design at  D:/workspace/fbga_project/deneme_4/vitis/system_wrapper/ps7_cortexa9_0/standalone_ps7_cortexa9_0/bsp/system.mss
TRACE::2026-03-18.15:59:08::SCWMssOS::DEBUG:  swdes dump  D:/workspace/fbga_project/deneme_4/vitis/system_wrapper/ps7_cortexa9_0/standalone_ps7_cortexa9_0/bsp/system.mss|system_0||
D:/workspace/fbga_project/deneme_4/vitis/system_wrapper/zynq_fsbl/zynq_fsbl_bsp/system.mss|system||

TRACE::2026-03-18.15:59:08::SCWMssOS::Sw design exists and opened at  D:/workspace/fbga_project/deneme_4/vitis/system_wrapper/ps7_cortexa9_0/standalone_ps7_cortexa9_0/bsp/system.mss
TRACE::2026-03-18.15:59:08::SCWWriter::formatted JSON is {
	"platformName":	"system_wrapper",
	"sprVersion":	"2.0",
	"mode":	"gui",
	"dsaType":	"Fixed",
	"platformDesc":	"system_wrapper",
	"platHandOff":	"<platformDir>.xsa",
	"platIntHandOff":	"<platformDir>/hw/system_wrapper.xsa",
	"deviceType":	"zynq",
	"platIsPrebuiltAutogen":	"false",
	"platIsNoBootBsp":	"false",
	"platFsblTarget":	"ps7_cortexa9_0",
	"hasFsblMakeHasChanges":	"false",
	"hasPmufwMakeHasChanges":	"false",
	"fsblExtraCompilerFlags":	"-MMD -MP       -mcpu=cortex-a9 -mfpu=vfpv3 -mfloat-abi=hard ",
	"platPreBuiltFlag":	false,
	"platformSamplesDir":	"",
	"platActiveSys":	"system_wrapper",
	"systems":	[{
			"systemName":	"system_wrapper",
			"systemDesc":	"system_wrapper",
			"sysIsBootAutoGen":	"true",
			"systemDispName":	"system_wrapper",
			"sysActiveDom":	"standalone_ps7_cortexa9_0",
			"sysDefaultDom":	"standalone_ps7_cortexa9_0",
			"domains":	[{
					"domainName":	"zynq_fsbl",
					"domainDispName":	"zynq_fsbl",
					"domainDesc":	"FSBL Application BSP - Auto Generated.",
					"processors":	"ps7_cortexa9_0",
					"os":	"standalone",
					"sdxOs":	"standalone",
					"debugEnable":	"",
					"domRuntimes":	["cpp"],
					"swRepo":	"",
					"mssOsVer":	"7.7",
					"mssFile":	"",
					"md5Digest":	"f02bafc1df106379f3b5d99a4ba663f4",
					"compatibleApp":	"zynq_fsbl",
					"domType":	"bootDomain",
					"arch":	"32-bit",
					"appSettings":	{
						"appCompilerFlags":	"",
						"appLinkerFlags":	""
					},
					"addedLibs":	["xilffs:4.7", "xilrsa:1.6"],
					"libOptions":	{
						"libsContainingOptions":	[]
					},
					"prebuiltLibs":	{
						"prebuiltIncPath":	[],
						"prebuiltLibPath":	[]
					},
					"isolation":	{
					}
				}, {
					"domainName":	"standalone_ps7_cortexa9_0",
					"domainDispName":	"standalone_ps7_cortexa9_0",
					"domainDesc":	"standalone_ps7_cortexa9_0",
					"processors":	"ps7_cortexa9_0",
					"os":	"standalone",
					"sdxOs":	"standalone",
					"qemuArgs":	"<platformDir>/resources/system_wrapper/standalone_ps7_cortexa9_0/qemu_args.txt",
					"qemuData":	"<platformDir>/resources/system_wrapper/standalone_ps7_cortexa9_0/qemu",
					"debugEnable":	"False",
					"domRuntimes":	["cpp"],
					"swRepo":	"",
					"mssOsVer":	"7.7",
					"mssFile":	"",
					"md5Digest":	"3d59580d8d82902f3053d646b20d1522",
					"compatibleApp":	"hello_world",
					"domType":	"mssDomain",
					"arch":	"32-bit",
					"appSettings":	{
						"appCompilerFlags":	"",
						"appLinkerFlags":	""
					},
					"addedLibs":	[],
					"libOptions":	{
						"libsContainingOptions":	[]
					},
					"prebuiltLibs":	{
						"prebuiltIncPath":	[],
						"prebuiltLibPath":	[]
					},
					"isolation":	{
					}
				}]
		}]
}
KEYINFO::2026-03-18.15:59:08::SCWPlatform::updated the xpfm file.
TRACE::2026-03-18.15:59:44::SCWPlatform::Clearing the existing platform
TRACE::2026-03-18.15:59:44::SCWSystem::Clearing the existing sysconfig
TRACE::2026-03-18.15:59:44::SCWBDomain::clearing the fsbl build
TRACE::2026-03-18.15:59:44::SCWMssOS::Removing the swdes entry for  D:/workspace/fbga_project/deneme_4/vitis/system_wrapper/zynq_fsbl/zynq_fsbl_bsp/system.mss
TRACE::2026-03-18.15:59:44::SCWMssOS::Removing the swdes entry for  D:/workspace/fbga_project/deneme_4/vitis/system_wrapper/ps7_cortexa9_0/standalone_ps7_cortexa9_0/bsp/system.mss
TRACE::2026-03-18.15:59:44::SCWSystem::Clearing the domains completed.
TRACE::2026-03-18.15:59:44::SCWPlatform::Clearing the opened hw db.
TRACE::2026-03-18.15:59:44::SCWPlatform::DSA given D:/workspace/fbga_project/deneme_4/vitis/system_wrapper/hw/system_wrapper.xsa
TRACE::2026-03-18.15:59:44::SCWPlatform::DSA absoulate path D:/workspace/fbga_project/deneme_4/vitis/system_wrapper/hw/system_wrapper.xsa
TRACE::2026-03-18.15:59:44::SCWPlatform:: Platform location is D:/workspace/fbga_project/deneme_4/vitis/system_wrapper/hw
TRACE::2026-03-18.15:59:44::SCWPlatform:: Platform Path D:/workspace/fbga_project/deneme_4/vitis/system_wrapper/hw/system_wrapper.xsa
TRACE::2026-03-18.15:59:44::SCWPlatform:: Unique name xilinx:zedboard::0.0
TRACE::2026-03-18.15:59:44::SCWPlatform::Removing the HwDB with name D:/workspace/fbga_project/deneme_4/vitis/system_wrapper/hw/system_wrapper.xsa
TRACE::2026-03-18.15:59:44::SCWPlatform::Trying to open the hw design at D:/workspace/fbga_project/deneme_4/vitis/system_wrapper/hw/system_wrapper.xsa
TRACE::2026-03-18.15:59:44::SCWPlatform::DSA given D:/workspace/fbga_project/deneme_4/vitis/system_wrapper/hw/system_wrapper.xsa
TRACE::2026-03-18.15:59:44::SCWPlatform::DSA absoulate path D:/workspace/fbga_project/deneme_4/vitis/system_wrapper/hw/system_wrapper.xsa
TRACE::2026-03-18.15:59:44::SCWPlatform::DSA directory D:/workspace/fbga_project/deneme_4/vitis/system_wrapper/hw
TRACE::2026-03-18.15:59:44::SCWPlatform:: Platform Path D:/workspace/fbga_project/deneme_4/vitis/system_wrapper/hw/system_wrapper.xsa
TRACE::2026-03-18.15:59:44::SCWPlatform:: Unique name xilinx:zedboard::0.0
TRACE::2026-03-18.15:59:44::SCWPlatform::Do not have an existing db opened. 
TRACE::2026-03-18.15:59:47::SCWPlatform::Opened new HwDB with name system_wrapper_2
TRACE::2026-03-18.15:59:47::SCWReader::Active system found as  system_wrapper
TRACE::2026-03-18.15:59:47::SCWReader::Handling sysconfig system_wrapper
TRACE::2026-03-18.15:59:47::SCWDomain::checking for install qemu data   : 
TRACE::2026-03-18.15:59:47::SCWDomain:: Using the QEMU Data from install at  : C:/Xilinx/Vitis/2022.1/data/emulation/platforms/zynq/sw/a9_standalone/qemu/
TRACE::2026-03-18.15:59:47::SCWDomain:: Using the QEMU args  from install at  : C:/Xilinx/Vitis/2022.1/data/emulation/platforms/zynq/sw/a9_standalone/qemu/qemu_args.txt
TRACE::2026-03-18.15:59:47::SCWPlatform::Trying to open the hw design at D:/workspace/fbga_project/deneme_4/vitis/system_wrapper/hw/system_wrapper.xsa
TRACE::2026-03-18.15:59:47::SCWPlatform::DSA given D:/workspace/fbga_project/deneme_4/vitis/system_wrapper/hw/system_wrapper.xsa
TRACE::2026-03-18.15:59:47::SCWPlatform::DSA absoulate path D:/workspace/fbga_project/deneme_4/vitis/system_wrapper/hw/system_wrapper.xsa
TRACE::2026-03-18.15:59:47::SCWPlatform::DSA directory D:/workspace/fbga_project/deneme_4/vitis/system_wrapper/hw
TRACE::2026-03-18.15:59:47::SCWPlatform:: Platform Path D:/workspace/fbga_project/deneme_4/vitis/system_wrapper/hw/system_wrapper.xsa
TRACE::2026-03-18.15:59:47::SCWPlatform:: Unique name xilinx:zedboard::0.0
TRACE::2026-03-18.15:59:47::SCWPlatform::Trying to set the existing hwdb with name system_wrapper_2
TRACE::2026-03-18.15:59:47::SCWPlatform::Opened existing hwdb system_wrapper_2
TRACE::2026-03-18.15:59:47::SCWPlatform::Found the Hw Db part of the input DSA
TRACE::2026-03-18.15:59:47::SCWPlatform::Trying to open the hw design at D:/workspace/fbga_project/deneme_4/vitis/system_wrapper/hw/system_wrapper.xsa
TRACE::2026-03-18.15:59:47::SCWPlatform::DSA given D:/workspace/fbga_project/deneme_4/vitis/system_wrapper/hw/system_wrapper.xsa
TRACE::2026-03-18.15:59:47::SCWPlatform::DSA absoulate path D:/workspace/fbga_project/deneme_4/vitis/system_wrapper/hw/system_wrapper.xsa
TRACE::2026-03-18.15:59:47::SCWPlatform::DSA directory D:/workspace/fbga_project/deneme_4/vitis/system_wrapper/hw
TRACE::2026-03-18.15:59:47::SCWPlatform:: Platform Path D:/workspace/fbga_project/deneme_4/vitis/system_wrapper/hw/system_wrapper.xsa
TRACE::2026-03-18.15:59:47::SCWPlatform:: Unique name xilinx:zedboard::0.0
TRACE::2026-03-18.15:59:47::SCWPlatform::Trying to set the existing hwdb with name system_wrapper_2
TRACE::2026-03-18.15:59:47::SCWPlatform::Opened existing hwdb system_wrapper_2
TRACE::2026-03-18.15:59:47::SCWPlatform::Found the Hw Db part of the input DSA
TRACE::2026-03-18.15:59:47::SCWPlatform::Trying to open the hw design at D:/workspace/fbga_project/deneme_4/vitis/system_wrapper/hw/system_wrapper.xsa
TRACE::2026-03-18.15:59:47::SCWPlatform::DSA given D:/workspace/fbga_project/deneme_4/vitis/system_wrapper/hw/system_wrapper.xsa
TRACE::2026-03-18.15:59:47::SCWPlatform::DSA absoulate path D:/workspace/fbga_project/deneme_4/vitis/system_wrapper/hw/system_wrapper.xsa
TRACE::2026-03-18.15:59:47::SCWPlatform::DSA directory D:/workspace/fbga_project/deneme_4/vitis/system_wrapper/hw
TRACE::2026-03-18.15:59:47::SCWPlatform:: Platform Path D:/workspace/fbga_project/deneme_4/vitis/system_wrapper/hw/system_wrapper.xsa
TRACE::2026-03-18.15:59:47::SCWPlatform:: Unique name xilinx:zedboard::0.0
TRACE::2026-03-18.15:59:47::SCWPlatform::Trying to set the existing hwdb with name system_wrapper_2
TRACE::2026-03-18.15:59:47::SCWPlatform::Opened existing hwdb system_wrapper_2
TRACE::2026-03-18.15:59:47::SCWPlatform::Found the Hw Db part of the input DSA
TRACE::2026-03-18.15:59:47::SCWReader::Boot application domain added for zynq_fsbl
TRACE::2026-03-18.15:59:47::SCWPlatform::Trying to open the hw design at D:/workspace/fbga_project/deneme_4/vitis/system_wrapper/hw/system_wrapper.xsa
TRACE::2026-03-18.15:59:47::SCWPlatform::DSA given D:/workspace/fbga_project/deneme_4/vitis/system_wrapper/hw/system_wrapper.xsa
TRACE::2026-03-18.15:59:47::SCWPlatform::DSA absoulate path D:/workspace/fbga_project/deneme_4/vitis/system_wrapper/hw/system_wrapper.xsa
TRACE::2026-03-18.15:59:47::SCWPlatform::DSA directory D:/workspace/fbga_project/deneme_4/vitis/system_wrapper/hw
TRACE::2026-03-18.15:59:47::SCWPlatform:: Platform Path D:/workspace/fbga_project/deneme_4/vitis/system_wrapper/hw/system_wrapper.xsa
TRACE::2026-03-18.15:59:47::SCWPlatform:: Unique name xilinx:zedboard::0.0
TRACE::2026-03-18.15:59:47::SCWPlatform::Trying to set the existing hwdb with name system_wrapper_2
TRACE::2026-03-18.15:59:47::SCWPlatform::Opened existing hwdb system_wrapper_2
TRACE::2026-03-18.15:59:47::SCWPlatform::Found the Hw Db part of the input DSA
TRACE::2026-03-18.15:59:47::SCWMssOS::Checking the sw design at  D:/workspace/fbga_project/deneme_4/vitis/system_wrapper/zynq_fsbl/zynq_fsbl_bsp/system.mss
TRACE::2026-03-18.15:59:47::SCWMssOS::DEBUG:  swdes dump  
TRACE::2026-03-18.15:59:47::SCWMssOS::No sw design opened at  D:/workspace/fbga_project/deneme_4/vitis/system_wrapper/zynq_fsbl/zynq_fsbl_bsp/system.mss
TRACE::2026-03-18.15:59:47::SCWMssOS::mss exists loading the mss file  D:/workspace/fbga_project/deneme_4/vitis/system_wrapper/zynq_fsbl/zynq_fsbl_bsp/system.mss
TRACE::2026-03-18.15:59:47::SCWMssOS::Opened the sw design from mss  D:/workspace/fbga_project/deneme_4/vitis/system_wrapper/zynq_fsbl/zynq_fsbl_bsp/system.mss
TRACE::2026-03-18.15:59:47::SCWMssOS::Adding the swdes entry D:/workspace/fbga_project/deneme_4/vitis/system_wrapper/zynq_fsbl/zynq_fsbl_bsp/system.mss with des name system
TRACE::2026-03-18.15:59:47::SCWMssOS::updating the scw layer about changes
TRACE::2026-03-18.15:59:47::SCWMssOS::Opened the sw design.  D:/workspace/fbga_project/deneme_4/vitis/system_wrapper/zynq_fsbl/zynq_fsbl_bsp/system.mss
TRACE::2026-03-18.15:59:47::SCWPlatform::Trying to open the hw design at D:/workspace/fbga_project/deneme_4/vitis/system_wrapper/hw/system_wrapper.xsa
TRACE::2026-03-18.15:59:47::SCWPlatform::DSA given D:/workspace/fbga_project/deneme_4/vitis/system_wrapper/hw/system_wrapper.xsa
TRACE::2026-03-18.15:59:47::SCWPlatform::DSA absoulate path D:/workspace/fbga_project/deneme_4/vitis/system_wrapper/hw/system_wrapper.xsa
TRACE::2026-03-18.15:59:47::SCWPlatform::DSA directory D:/workspace/fbga_project/deneme_4/vitis/system_wrapper/hw
TRACE::2026-03-18.15:59:47::SCWPlatform:: Platform Path D:/workspace/fbga_project/deneme_4/vitis/system_wrapper/hw/system_wrapper.xsa
TRACE::2026-03-18.15:59:47::SCWPlatform:: Unique name xilinx:zedboard::0.0
TRACE::2026-03-18.15:59:47::SCWPlatform::Trying to set the existing hwdb with name system_wrapper_2
TRACE::2026-03-18.15:59:47::SCWPlatform::Opened existing hwdb system_wrapper_2
TRACE::2026-03-18.15:59:47::SCWPlatform::Found the Hw Db part of the input DSA
TRACE::2026-03-18.15:59:47::SCWMssOS::Checking the sw design at  D:/workspace/fbga_project/deneme_4/vitis/system_wrapper/zynq_fsbl/zynq_fsbl_bsp/system.mss
TRACE::2026-03-18.15:59:47::SCWMssOS::DEBUG:  swdes dump  D:/workspace/fbga_project/deneme_4/vitis/system_wrapper/zynq_fsbl/zynq_fsbl_bsp/system.mss|system||

TRACE::2026-03-18.15:59:47::SCWMssOS::Sw design exists and opened at  D:/workspace/fbga_project/deneme_4/vitis/system_wrapper/zynq_fsbl/zynq_fsbl_bsp/system.mss
TRACE::2026-03-18.15:59:47::SCWMssOS:: library already available in sw design:  xilffs:4.7
TRACE::2026-03-18.15:59:47::SCWPlatform::Trying to open the hw design at D:/workspace/fbga_project/deneme_4/vitis/system_wrapper/hw/system_wrapper.xsa
TRACE::2026-03-18.15:59:47::SCWPlatform::DSA given D:/workspace/fbga_project/deneme_4/vitis/system_wrapper/hw/system_wrapper.xsa
TRACE::2026-03-18.15:59:47::SCWPlatform::DSA absoulate path D:/workspace/fbga_project/deneme_4/vitis/system_wrapper/hw/system_wrapper.xsa
TRACE::2026-03-18.15:59:47::SCWPlatform::DSA directory D:/workspace/fbga_project/deneme_4/vitis/system_wrapper/hw
TRACE::2026-03-18.15:59:47::SCWPlatform:: Platform Path D:/workspace/fbga_project/deneme_4/vitis/system_wrapper/hw/system_wrapper.xsa
TRACE::2026-03-18.15:59:47::SCWPlatform:: Unique name xilinx:zedboard::0.0
TRACE::2026-03-18.15:59:47::SCWPlatform::Trying to set the existing hwdb with name system_wrapper_2
TRACE::2026-03-18.15:59:47::SCWPlatform::Opened existing hwdb system_wrapper_2
TRACE::2026-03-18.15:59:47::SCWPlatform::Found the Hw Db part of the input DSA
TRACE::2026-03-18.15:59:47::SCWMssOS::Checking the sw design at  D:/workspace/fbga_project/deneme_4/vitis/system_wrapper/zynq_fsbl/zynq_fsbl_bsp/system.mss
TRACE::2026-03-18.15:59:47::SCWMssOS::DEBUG:  swdes dump  D:/workspace/fbga_project/deneme_4/vitis/system_wrapper/zynq_fsbl/zynq_fsbl_bsp/system.mss|system||

TRACE::2026-03-18.15:59:47::SCWMssOS::Sw design exists and opened at  D:/workspace/fbga_project/deneme_4/vitis/system_wrapper/zynq_fsbl/zynq_fsbl_bsp/system.mss
TRACE::2026-03-18.15:59:47::SCWMssOS:: library already available in sw design:  xilrsa:1.6
TRACE::2026-03-18.15:59:47::SCWMssOS::Saving the mss changes D:/workspace/fbga_project/deneme_4/vitis/system_wrapper/zynq_fsbl/zynq_fsbl_bsp/system.mss
TRACE::2026-03-18.15:59:47::SCWMssOS::Found a swdesign opened with the mssfile.
TRACE::2026-03-18.15:59:47::SCWMssOS::Completed writemss as part of save.
TRACE::2026-03-18.15:59:47::SCWMssOS::Commit changes completed.
TRACE::2026-03-18.15:59:47::SCWReader::Adding prebuilt librarypaths as   
TRACE::2026-03-18.15:59:47::SCWReader::Adding prebuilt incpaths  as   
TRACE::2026-03-18.15:59:47::SCWPlatform::Trying to open the hw design at D:/workspace/fbga_project/deneme_4/vitis/system_wrapper/hw/system_wrapper.xsa
TRACE::2026-03-18.15:59:47::SCWPlatform::DSA given D:/workspace/fbga_project/deneme_4/vitis/system_wrapper/hw/system_wrapper.xsa
TRACE::2026-03-18.15:59:47::SCWPlatform::DSA absoulate path D:/workspace/fbga_project/deneme_4/vitis/system_wrapper/hw/system_wrapper.xsa
TRACE::2026-03-18.15:59:47::SCWPlatform::DSA directory D:/workspace/fbga_project/deneme_4/vitis/system_wrapper/hw
TRACE::2026-03-18.15:59:47::SCWPlatform:: Platform Path D:/workspace/fbga_project/deneme_4/vitis/system_wrapper/hw/system_wrapper.xsa
TRACE::2026-03-18.15:59:47::SCWPlatform:: Unique name xilinx:zedboard::0.0
TRACE::2026-03-18.15:59:47::SCWPlatform::Trying to set the existing hwdb with name system_wrapper_2
TRACE::2026-03-18.15:59:47::SCWPlatform::Opened existing hwdb system_wrapper_2
TRACE::2026-03-18.15:59:47::SCWPlatform::Found the Hw Db part of the input DSA
TRACE::2026-03-18.15:59:47::SCWMssOS::Checking the sw design at  D:/workspace/fbga_project/deneme_4/vitis/system_wrapper/zynq_fsbl/zynq_fsbl_bsp/system.mss
TRACE::2026-03-18.15:59:47::SCWMssOS::DEBUG:  swdes dump  D:/workspace/fbga_project/deneme_4/vitis/system_wrapper/zynq_fsbl/zynq_fsbl_bsp/system.mss|system||

TRACE::2026-03-18.15:59:47::SCWMssOS::Sw design exists and opened at  D:/workspace/fbga_project/deneme_4/vitis/system_wrapper/zynq_fsbl/zynq_fsbl_bsp/system.mss
TRACE::2026-03-18.15:59:47::SCWReader::No isolation master present  
TRACE::2026-03-18.15:59:47::SCWDomain::checking for install qemu data   : 
TRACE::2026-03-18.15:59:47::SCWDomain:: Using the QEMU Data from install at  : C:/Xilinx/Vitis/2022.1/data/emulation/platforms/zynq/sw/a9_standalone/qemu/
TRACE::2026-03-18.15:59:47::SCWDomain:: Using the QEMU args  from install at  : C:/Xilinx/Vitis/2022.1/data/emulation/platforms/zynq/sw/a9_standalone/qemu/qemu_args.txt
TRACE::2026-03-18.15:59:47::SCWPlatform::Trying to open the hw design at D:/workspace/fbga_project/deneme_4/vitis/system_wrapper/hw/system_wrapper.xsa
TRACE::2026-03-18.15:59:47::SCWPlatform::DSA given D:/workspace/fbga_project/deneme_4/vitis/system_wrapper/hw/system_wrapper.xsa
TRACE::2026-03-18.15:59:47::SCWPlatform::DSA absoulate path D:/workspace/fbga_project/deneme_4/vitis/system_wrapper/hw/system_wrapper.xsa
TRACE::2026-03-18.15:59:47::SCWPlatform::DSA directory D:/workspace/fbga_project/deneme_4/vitis/system_wrapper/hw
TRACE::2026-03-18.15:59:47::SCWPlatform:: Platform Path D:/workspace/fbga_project/deneme_4/vitis/system_wrapper/hw/system_wrapper.xsa
TRACE::2026-03-18.15:59:47::SCWPlatform:: Unique name xilinx:zedboard::0.0
TRACE::2026-03-18.15:59:47::SCWPlatform::Trying to set the existing hwdb with name system_wrapper_2
TRACE::2026-03-18.15:59:47::SCWPlatform::Opened existing hwdb system_wrapper_2
TRACE::2026-03-18.15:59:47::SCWPlatform::Found the Hw Db part of the input DSA
TRACE::2026-03-18.15:59:47::SCWPlatform::Trying to open the hw design at D:/workspace/fbga_project/deneme_4/vitis/system_wrapper/hw/system_wrapper.xsa
TRACE::2026-03-18.15:59:47::SCWPlatform::DSA given D:/workspace/fbga_project/deneme_4/vitis/system_wrapper/hw/system_wrapper.xsa
TRACE::2026-03-18.15:59:47::SCWPlatform::DSA absoulate path D:/workspace/fbga_project/deneme_4/vitis/system_wrapper/hw/system_wrapper.xsa
TRACE::2026-03-18.15:59:47::SCWPlatform::DSA directory D:/workspace/fbga_project/deneme_4/vitis/system_wrapper/hw
TRACE::2026-03-18.15:59:47::SCWPlatform:: Platform Path D:/workspace/fbga_project/deneme_4/vitis/system_wrapper/hw/system_wrapper.xsa
TRACE::2026-03-18.15:59:47::SCWPlatform:: Unique name xilinx:zedboard::0.0
TRACE::2026-03-18.15:59:47::SCWPlatform::Trying to set the existing hwdb with name system_wrapper_2
TRACE::2026-03-18.15:59:47::SCWPlatform::Opened existing hwdb system_wrapper_2
TRACE::2026-03-18.15:59:47::SCWPlatform::Found the Hw Db part of the input DSA
TRACE::2026-03-18.15:59:47::SCWPlatform::Trying to open the hw design at D:/workspace/fbga_project/deneme_4/vitis/system_wrapper/hw/system_wrapper.xsa
TRACE::2026-03-18.15:59:47::SCWPlatform::DSA given D:/workspace/fbga_project/deneme_4/vitis/system_wrapper/hw/system_wrapper.xsa
TRACE::2026-03-18.15:59:47::SCWPlatform::DSA absoulate path D:/workspace/fbga_project/deneme_4/vitis/system_wrapper/hw/system_wrapper.xsa
TRACE::2026-03-18.15:59:47::SCWPlatform::DSA directory D:/workspace/fbga_project/deneme_4/vitis/system_wrapper/hw
TRACE::2026-03-18.15:59:47::SCWPlatform:: Platform Path D:/workspace/fbga_project/deneme_4/vitis/system_wrapper/hw/system_wrapper.xsa
TRACE::2026-03-18.15:59:47::SCWPlatform:: Unique name xilinx:zedboard::0.0
TRACE::2026-03-18.15:59:47::SCWPlatform::Trying to set the existing hwdb with name system_wrapper_2
TRACE::2026-03-18.15:59:47::SCWPlatform::Opened existing hwdb system_wrapper_2
TRACE::2026-03-18.15:59:47::SCWPlatform::Found the Hw Db part of the input DSA
TRACE::2026-03-18.15:59:47::SCWMssOS::Checking the sw design at  D:/workspace/fbga_project/deneme_4/vitis/system_wrapper/ps7_cortexa9_0/standalone_ps7_cortexa9_0/bsp/system.mss
TRACE::2026-03-18.15:59:47::SCWMssOS::DEBUG:  swdes dump  D:/workspace/fbga_project/deneme_4/vitis/system_wrapper/zynq_fsbl/zynq_fsbl_bsp/system.mss|system||

TRACE::2026-03-18.15:59:47::SCWMssOS::No sw design opened at  D:/workspace/fbga_project/deneme_4/vitis/system_wrapper/ps7_cortexa9_0/standalone_ps7_cortexa9_0/bsp/system.mss
TRACE::2026-03-18.15:59:47::SCWMssOS::mss exists loading the mss file  D:/workspace/fbga_project/deneme_4/vitis/system_wrapper/ps7_cortexa9_0/standalone_ps7_cortexa9_0/bsp/system.mss
TRACE::2026-03-18.15:59:47::SCWMssOS::Opened the sw design from mss  D:/workspace/fbga_project/deneme_4/vitis/system_wrapper/ps7_cortexa9_0/standalone_ps7_cortexa9_0/bsp/system.mss
TRACE::2026-03-18.15:59:47::SCWMssOS::Adding the swdes entry D:/workspace/fbga_project/deneme_4/vitis/system_wrapper/ps7_cortexa9_0/standalone_ps7_cortexa9_0/bsp/system.mss with des name system_0
TRACE::2026-03-18.15:59:47::SCWMssOS::updating the scw layer about changes
TRACE::2026-03-18.15:59:47::SCWMssOS::Opened the sw design.  D:/workspace/fbga_project/deneme_4/vitis/system_wrapper/ps7_cortexa9_0/standalone_ps7_cortexa9_0/bsp/system.mss
TRACE::2026-03-18.15:59:47::SCWMssOS::Saving the mss changes D:/workspace/fbga_project/deneme_4/vitis/system_wrapper/ps7_cortexa9_0/standalone_ps7_cortexa9_0/bsp/system.mss
TRACE::2026-03-18.15:59:47::SCWMssOS::Found a swdesign opened with the mssfile.
TRACE::2026-03-18.15:59:47::SCWMssOS::Completed writemss as part of save.
TRACE::2026-03-18.15:59:47::SCWMssOS::Commit changes completed.
TRACE::2026-03-18.15:59:47::SCWReader::Adding prebuilt librarypaths as   
TRACE::2026-03-18.15:59:47::SCWReader::Adding prebuilt incpaths  as   
TRACE::2026-03-18.15:59:47::SCWPlatform::Trying to open the hw design at D:/workspace/fbga_project/deneme_4/vitis/system_wrapper/hw/system_wrapper.xsa
TRACE::2026-03-18.15:59:47::SCWPlatform::DSA given D:/workspace/fbga_project/deneme_4/vitis/system_wrapper/hw/system_wrapper.xsa
TRACE::2026-03-18.15:59:47::SCWPlatform::DSA absoulate path D:/workspace/fbga_project/deneme_4/vitis/system_wrapper/hw/system_wrapper.xsa
TRACE::2026-03-18.15:59:47::SCWPlatform::DSA directory D:/workspace/fbga_project/deneme_4/vitis/system_wrapper/hw
TRACE::2026-03-18.15:59:47::SCWPlatform:: Platform Path D:/workspace/fbga_project/deneme_4/vitis/system_wrapper/hw/system_wrapper.xsa
TRACE::2026-03-18.15:59:47::SCWPlatform:: Unique name xilinx:zedboard::0.0
TRACE::2026-03-18.15:59:47::SCWPlatform::Trying to set the existing hwdb with name system_wrapper_2
TRACE::2026-03-18.15:59:47::SCWPlatform::Opened existing hwdb system_wrapper_2
TRACE::2026-03-18.15:59:47::SCWPlatform::Found the Hw Db part of the input DSA
TRACE::2026-03-18.15:59:47::SCWMssOS::Checking the sw design at  D:/workspace/fbga_project/deneme_4/vitis/system_wrapper/ps7_cortexa9_0/standalone_ps7_cortexa9_0/bsp/system.mss
TRACE::2026-03-18.15:59:47::SCWMssOS::DEBUG:  swdes dump  D:/workspace/fbga_project/deneme_4/vitis/system_wrapper/ps7_cortexa9_0/standalone_ps7_cortexa9_0/bsp/system.mss|system_0||
D:/workspace/fbga_project/deneme_4/vitis/system_wrapper/zynq_fsbl/zynq_fsbl_bsp/system.mss|system||

TRACE::2026-03-18.15:59:47::SCWMssOS::Sw design exists and opened at  D:/workspace/fbga_project/deneme_4/vitis/system_wrapper/ps7_cortexa9_0/standalone_ps7_cortexa9_0/bsp/system.mss
TRACE::2026-03-18.15:59:47::SCWReader::No isolation master present  
TRACE::2026-03-18.15:59:47::SCWPlatform::Trying to open the hw design at D:/workspace/fbga_project/deneme_4/vitis/system_wrapper/hw/system_wrapper.xsa
TRACE::2026-03-18.15:59:47::SCWPlatform::DSA given D:/workspace/fbga_project/deneme_4/vitis/system_wrapper/hw/system_wrapper.xsa
TRACE::2026-03-18.15:59:47::SCWPlatform::DSA absoulate path D:/workspace/fbga_project/deneme_4/vitis/system_wrapper/hw/system_wrapper.xsa
TRACE::2026-03-18.15:59:47::SCWPlatform::DSA directory D:/workspace/fbga_project/deneme_4/vitis/system_wrapper/hw
TRACE::2026-03-18.15:59:47::SCWPlatform:: Platform Path D:/workspace/fbga_project/deneme_4/vitis/system_wrapper/hw/system_wrapper.xsa
TRACE::2026-03-18.15:59:47::SCWPlatform:: Unique name xilinx:zedboard::0.0
TRACE::2026-03-18.15:59:47::SCWPlatform::Trying to set the existing hwdb with name system_wrapper_2
TRACE::2026-03-18.15:59:47::SCWPlatform::Opened existing hwdb system_wrapper_2
TRACE::2026-03-18.15:59:47::SCWPlatform::Found the Hw Db part of the input DSA
TRACE::2026-03-18.15:59:47::SCWMssOS::Checking the sw design at  D:/workspace/fbga_project/deneme_4/vitis/system_wrapper/ps7_cortexa9_0/standalone_ps7_cortexa9_0/bsp/system.mss
TRACE::2026-03-18.15:59:47::SCWMssOS::DEBUG:  swdes dump  D:/workspace/fbga_project/deneme_4/vitis/system_wrapper/ps7_cortexa9_0/standalone_ps7_cortexa9_0/bsp/system.mss|system_0||
D:/workspace/fbga_project/deneme_4/vitis/system_wrapper/zynq_fsbl/zynq_fsbl_bsp/system.mss|system||

TRACE::2026-03-18.15:59:47::SCWMssOS::Sw design exists and opened at  D:/workspace/fbga_project/deneme_4/vitis/system_wrapper/ps7_cortexa9_0/standalone_ps7_cortexa9_0/bsp/system.mss
TRACE::2026-03-18.15:59:47::SCWMssOS::In reload Mss file.
TRACE::2026-03-18.15:59:47::SCWPlatform::Trying to open the hw design at D:/workspace/fbga_project/deneme_4/vitis/system_wrapper/hw/system_wrapper.xsa
TRACE::2026-03-18.15:59:47::SCWPlatform::DSA given D:/workspace/fbga_project/deneme_4/vitis/system_wrapper/hw/system_wrapper.xsa
TRACE::2026-03-18.15:59:47::SCWPlatform::DSA absoulate path D:/workspace/fbga_project/deneme_4/vitis/system_wrapper/hw/system_wrapper.xsa
TRACE::2026-03-18.15:59:47::SCWPlatform::DSA directory D:/workspace/fbga_project/deneme_4/vitis/system_wrapper/hw
TRACE::2026-03-18.15:59:47::SCWPlatform:: Platform Path D:/workspace/fbga_project/deneme_4/vitis/system_wrapper/hw/system_wrapper.xsa
TRACE::2026-03-18.15:59:47::SCWPlatform:: Unique name xilinx:zedboard::0.0
TRACE::2026-03-18.15:59:47::SCWPlatform::Trying to set the existing hwdb with name system_wrapper_2
TRACE::2026-03-18.15:59:47::SCWPlatform::Opened existing hwdb system_wrapper_2
TRACE::2026-03-18.15:59:47::SCWPlatform::Found the Hw Db part of the input DSA
TRACE::2026-03-18.15:59:47::SCWMssOS::Checking the sw design at  D:/workspace/fbga_project/deneme_4/vitis/system_wrapper/ps7_cortexa9_0/standalone_ps7_cortexa9_0/bsp/system.mss
TRACE::2026-03-18.15:59:47::SCWMssOS::DEBUG:  swdes dump  D:/workspace/fbga_project/deneme_4/vitis/system_wrapper/zynq_fsbl/zynq_fsbl_bsp/system.mss|system||

TRACE::2026-03-18.15:59:47::SCWMssOS::No sw design opened at  D:/workspace/fbga_project/deneme_4/vitis/system_wrapper/ps7_cortexa9_0/standalone_ps7_cortexa9_0/bsp/system.mss
TRACE::2026-03-18.15:59:47::SCWMssOS::mss exists loading the mss file  D:/workspace/fbga_project/deneme_4/vitis/system_wrapper/ps7_cortexa9_0/standalone_ps7_cortexa9_0/bsp/system.mss
TRACE::2026-03-18.15:59:47::SCWMssOS::Opened the sw design from mss  D:/workspace/fbga_project/deneme_4/vitis/system_wrapper/ps7_cortexa9_0/standalone_ps7_cortexa9_0/bsp/system.mss
TRACE::2026-03-18.15:59:47::SCWMssOS::Adding the swdes entry D:/workspace/fbga_project/deneme_4/vitis/system_wrapper/ps7_cortexa9_0/standalone_ps7_cortexa9_0/bsp/system.mss with des name system_0
TRACE::2026-03-18.15:59:47::SCWMssOS::updating the scw layer about changes
TRACE::2026-03-18.15:59:47::SCWMssOS::Opened the sw design.  D:/workspace/fbga_project/deneme_4/vitis/system_wrapper/ps7_cortexa9_0/standalone_ps7_cortexa9_0/bsp/system.mss
TRACE::2026-03-18.15:59:47::SCWMssOS::Saving the mss changes D:/workspace/fbga_project/deneme_4/vitis/system_wrapper/ps7_cortexa9_0/standalone_ps7_cortexa9_0/bsp/system.mss
TRACE::2026-03-18.15:59:47::SCWMssOS::Found a swdesign opened with the mssfile.
TRACE::2026-03-18.15:59:47::SCWMssOS::Completed writemss as part of save.
TRACE::2026-03-18.15:59:47::SCWMssOS::Commit changes completed.
TRACE::2026-03-18.15:59:47::SCWPlatform::Trying to open the hw design at D:/workspace/fbga_project/deneme_4/vitis/system_wrapper/hw/system_wrapper.xsa
TRACE::2026-03-18.15:59:47::SCWPlatform::DSA given D:/workspace/fbga_project/deneme_4/vitis/system_wrapper/hw/system_wrapper.xsa
TRACE::2026-03-18.15:59:47::SCWPlatform::DSA absoulate path D:/workspace/fbga_project/deneme_4/vitis/system_wrapper/hw/system_wrapper.xsa
TRACE::2026-03-18.15:59:47::SCWPlatform::DSA directory D:/workspace/fbga_project/deneme_4/vitis/system_wrapper/hw
TRACE::2026-03-18.15:59:47::SCWPlatform:: Platform Path D:/workspace/fbga_project/deneme_4/vitis/system_wrapper/hw/system_wrapper.xsa
TRACE::2026-03-18.15:59:47::SCWPlatform:: Unique name xilinx:zedboard::0.0
TRACE::2026-03-18.15:59:47::SCWPlatform::Trying to set the existing hwdb with name system_wrapper_2
TRACE::2026-03-18.15:59:47::SCWPlatform::Opened existing hwdb system_wrapper_2
TRACE::2026-03-18.15:59:47::SCWPlatform::Found the Hw Db part of the input DSA
TRACE::2026-03-18.15:59:47::SCWMssOS::Checking the sw design at  D:/workspace/fbga_project/deneme_4/vitis/system_wrapper/ps7_cortexa9_0/standalone_ps7_cortexa9_0/bsp/system.mss
TRACE::2026-03-18.15:59:47::SCWMssOS::DEBUG:  swdes dump  D:/workspace/fbga_project/deneme_4/vitis/system_wrapper/ps7_cortexa9_0/standalone_ps7_cortexa9_0/bsp/system.mss|system_0||
D:/workspace/fbga_project/deneme_4/vitis/system_wrapper/zynq_fsbl/zynq_fsbl_bsp/system.mss|system||

TRACE::2026-03-18.15:59:47::SCWMssOS::Sw design exists and opened at  D:/workspace/fbga_project/deneme_4/vitis/system_wrapper/ps7_cortexa9_0/standalone_ps7_cortexa9_0/bsp/system.mss
TRACE::2026-03-18.15:59:47::SCWMssOS::Removing the swdes entry for  D:/workspace/fbga_project/deneme_4/vitis/system_wrapper/ps7_cortexa9_0/standalone_ps7_cortexa9_0/bsp/system.mss
TRACE::2026-03-18.16:22:33::SCWPlatform::Trying to open the hw design at D:/workspace/fbga_project/deneme_4/vitis/system_wrapper/hw/system_wrapper.xsa
TRACE::2026-03-18.16:22:33::SCWPlatform::DSA given D:/workspace/fbga_project/deneme_4/vitis/system_wrapper/hw/system_wrapper.xsa
TRACE::2026-03-18.16:22:33::SCWPlatform::DSA absoulate path D:/workspace/fbga_project/deneme_4/vitis/system_wrapper/hw/system_wrapper.xsa
TRACE::2026-03-18.16:22:33::SCWPlatform::DSA directory D:/workspace/fbga_project/deneme_4/vitis/system_wrapper/hw
TRACE::2026-03-18.16:22:33::SCWPlatform:: Platform Path D:/workspace/fbga_project/deneme_4/vitis/system_wrapper/hw/system_wrapper.xsa
TRACE::2026-03-18.16:22:33::SCWPlatform:: Unique name xilinx:zedboard::0.0
TRACE::2026-03-18.16:22:33::SCWPlatform::Trying to set the existing hwdb with name system_wrapper_2
TRACE::2026-03-18.16:22:33::SCWPlatform::Opened existing hwdb system_wrapper_2
TRACE::2026-03-18.16:22:33::SCWPlatform::Found the Hw Db part of the input DSA
TRACE::2026-03-18.16:22:33::SCWMssOS::Checking the sw design at  D:/workspace/fbga_project/deneme_4/vitis/system_wrapper/ps7_cortexa9_0/standalone_ps7_cortexa9_0/bsp/system.mss
TRACE::2026-03-18.16:22:33::SCWMssOS::DEBUG:  swdes dump  D:/workspace/fbga_project/deneme_4/vitis/system_wrapper/zynq_fsbl/zynq_fsbl_bsp/system.mss|system||

TRACE::2026-03-18.16:22:33::SCWMssOS::No sw design opened at  D:/workspace/fbga_project/deneme_4/vitis/system_wrapper/ps7_cortexa9_0/standalone_ps7_cortexa9_0/bsp/system.mss
TRACE::2026-03-18.16:22:33::SCWMssOS::mss exists loading the mss file  D:/workspace/fbga_project/deneme_4/vitis/system_wrapper/ps7_cortexa9_0/standalone_ps7_cortexa9_0/bsp/system.mss
TRACE::2026-03-18.16:22:33::SCWMssOS::Opened the sw design from mss  D:/workspace/fbga_project/deneme_4/vitis/system_wrapper/ps7_cortexa9_0/standalone_ps7_cortexa9_0/bsp/system.mss
TRACE::2026-03-18.16:22:33::SCWMssOS::Adding the swdes entry D:/workspace/fbga_project/deneme_4/vitis/system_wrapper/ps7_cortexa9_0/standalone_ps7_cortexa9_0/bsp/system.mss with des name system_0
TRACE::2026-03-18.16:22:33::SCWMssOS::updating the scw layer about changes
TRACE::2026-03-18.16:22:33::SCWMssOS::Opened the sw design.  D:/workspace/fbga_project/deneme_4/vitis/system_wrapper/ps7_cortexa9_0/standalone_ps7_cortexa9_0/bsp/system.mss
TRACE::2026-03-18.16:22:36::SCWMssOS::In reload Mss file.
TRACE::2026-03-18.16:22:36::SCWPlatform::Trying to open the hw design at D:/workspace/fbga_project/deneme_4/vitis/system_wrapper/hw/system_wrapper.xsa
TRACE::2026-03-18.16:22:36::SCWPlatform::DSA given D:/workspace/fbga_project/deneme_4/vitis/system_wrapper/hw/system_wrapper.xsa
TRACE::2026-03-18.16:22:36::SCWPlatform::DSA absoulate path D:/workspace/fbga_project/deneme_4/vitis/system_wrapper/hw/system_wrapper.xsa
TRACE::2026-03-18.16:22:36::SCWPlatform::DSA directory D:/workspace/fbga_project/deneme_4/vitis/system_wrapper/hw
TRACE::2026-03-18.16:22:36::SCWPlatform:: Platform Path D:/workspace/fbga_project/deneme_4/vitis/system_wrapper/hw/system_wrapper.xsa
TRACE::2026-03-18.16:22:36::SCWPlatform:: Unique name xilinx:zedboard::0.0
TRACE::2026-03-18.16:22:36::SCWPlatform::Trying to set the existing hwdb with name system_wrapper_2
TRACE::2026-03-18.16:22:36::SCWPlatform::Opened existing hwdb system_wrapper_2
TRACE::2026-03-18.16:22:36::SCWPlatform::Found the Hw Db part of the input DSA
TRACE::2026-03-18.16:22:36::SCWMssOS::Checking the sw design at  D:/workspace/fbga_project/deneme_4/vitis/system_wrapper/ps7_cortexa9_0/standalone_ps7_cortexa9_0/bsp/system.mss
TRACE::2026-03-18.16:22:36::SCWMssOS::DEBUG:  swdes dump  D:/workspace/fbga_project/deneme_4/vitis/system_wrapper/zynq_fsbl/zynq_fsbl_bsp/system.mss|system||

TRACE::2026-03-18.16:22:36::SCWMssOS::No sw design opened at  D:/workspace/fbga_project/deneme_4/vitis/system_wrapper/ps7_cortexa9_0/standalone_ps7_cortexa9_0/bsp/system.mss
TRACE::2026-03-18.16:22:36::SCWMssOS::mss exists loading the mss file  D:/workspace/fbga_project/deneme_4/vitis/system_wrapper/ps7_cortexa9_0/standalone_ps7_cortexa9_0/bsp/system.mss
TRACE::2026-03-18.16:22:36::SCWMssOS::Opened the sw design from mss  D:/workspace/fbga_project/deneme_4/vitis/system_wrapper/ps7_cortexa9_0/standalone_ps7_cortexa9_0/bsp/system.mss
TRACE::2026-03-18.16:22:36::SCWMssOS::Adding the swdes entry D:/workspace/fbga_project/deneme_4/vitis/system_wrapper/ps7_cortexa9_0/standalone_ps7_cortexa9_0/bsp/system.mss with des name system_0
TRACE::2026-03-18.16:22:36::SCWMssOS::updating the scw layer about changes
TRACE::2026-03-18.16:22:36::SCWMssOS::Opened the sw design.  D:/workspace/fbga_project/deneme_4/vitis/system_wrapper/ps7_cortexa9_0/standalone_ps7_cortexa9_0/bsp/system.mss
TRACE::2026-03-18.16:22:36::SCWMssOS::Saving the mss changes D:/workspace/fbga_project/deneme_4/vitis/system_wrapper/ps7_cortexa9_0/standalone_ps7_cortexa9_0/bsp/system.mss
TRACE::2026-03-18.16:22:36::SCWMssOS::Found a swdesign opened with the mssfile.
TRACE::2026-03-18.16:22:36::SCWMssOS::Completed writemss as part of save.
TRACE::2026-03-18.16:22:36::SCWMssOS::Commit changes completed.
TRACE::2026-03-18.16:22:36::SCWPlatform::Trying to open the hw design at D:/workspace/fbga_project/deneme_4/vitis/system_wrapper/hw/system_wrapper.xsa
TRACE::2026-03-18.16:22:36::SCWPlatform::DSA given D:/workspace/fbga_project/deneme_4/vitis/system_wrapper/hw/system_wrapper.xsa
TRACE::2026-03-18.16:22:36::SCWPlatform::DSA absoulate path D:/workspace/fbga_project/deneme_4/vitis/system_wrapper/hw/system_wrapper.xsa
TRACE::2026-03-18.16:22:36::SCWPlatform::DSA directory D:/workspace/fbga_project/deneme_4/vitis/system_wrapper/hw
TRACE::2026-03-18.16:22:36::SCWPlatform:: Platform Path D:/workspace/fbga_project/deneme_4/vitis/system_wrapper/hw/system_wrapper.xsa
TRACE::2026-03-18.16:22:36::SCWPlatform:: Unique name xilinx:zedboard::0.0
TRACE::2026-03-18.16:22:36::SCWPlatform::Trying to set the existing hwdb with name system_wrapper_2
TRACE::2026-03-18.16:22:36::SCWPlatform::Opened existing hwdb system_wrapper_2
TRACE::2026-03-18.16:22:36::SCWPlatform::Found the Hw Db part of the input DSA
TRACE::2026-03-18.16:22:36::SCWMssOS::Checking the sw design at  D:/workspace/fbga_project/deneme_4/vitis/system_wrapper/ps7_cortexa9_0/standalone_ps7_cortexa9_0/bsp/system.mss
TRACE::2026-03-18.16:22:36::SCWMssOS::DEBUG:  swdes dump  D:/workspace/fbga_project/deneme_4/vitis/system_wrapper/ps7_cortexa9_0/standalone_ps7_cortexa9_0/bsp/system.mss|system_0||
D:/workspace/fbga_project/deneme_4/vitis/system_wrapper/zynq_fsbl/zynq_fsbl_bsp/system.mss|system||

TRACE::2026-03-18.16:22:36::SCWMssOS::Sw design exists and opened at  D:/workspace/fbga_project/deneme_4/vitis/system_wrapper/ps7_cortexa9_0/standalone_ps7_cortexa9_0/bsp/system.mss
TRACE::2026-03-18.16:22:36::SCWMssOS::Removing the swdes entry for  D:/workspace/fbga_project/deneme_4/vitis/system_wrapper/ps7_cortexa9_0/standalone_ps7_cortexa9_0/bsp/system.mss
LOG::2026-03-18.16:40:11::SCWPlatform::Started generating the artifacts platform system_wrapper
TRACE::2026-03-18.16:40:11::SCWPlatform::Sanity checking of platform is completed
LOG::2026-03-18.16:40:11::SCWPlatform::Started generating the artifacts for system configuration system_wrapper
LOG::2026-03-18.16:40:11::SCWSystem::Checking the domain zynq_fsbl
LOG::2026-03-18.16:40:11::SCWSystem::Doing application build for :  zynq_fsbl
TRACE::2026-03-18.16:40:11::SCWBDomain::Not a forced makefile updation, No changes are present. 
TRACE::2026-03-18.16:40:11::SCWDomain::Building the domain as part of full build :  zynq_fsbl
TRACE::2026-03-18.16:40:11::SCWPlatform::Trying to open the hw design at D:/workspace/fbga_project/deneme_4/vitis/system_wrapper/hw/system_wrapper.xsa
TRACE::2026-03-18.16:40:11::SCWPlatform::DSA given D:/workspace/fbga_project/deneme_4/vitis/system_wrapper/hw/system_wrapper.xsa
TRACE::2026-03-18.16:40:11::SCWPlatform::DSA absoulate path D:/workspace/fbga_project/deneme_4/vitis/system_wrapper/hw/system_wrapper.xsa
TRACE::2026-03-18.16:40:11::SCWPlatform::DSA directory D:/workspace/fbga_project/deneme_4/vitis/system_wrapper/hw
TRACE::2026-03-18.16:40:11::SCWPlatform:: Platform Path D:/workspace/fbga_project/deneme_4/vitis/system_wrapper/hw/system_wrapper.xsa
TRACE::2026-03-18.16:40:11::SCWPlatform:: Unique name xilinx:zedboard::0.0
TRACE::2026-03-18.16:40:11::SCWPlatform::Trying to set the existing hwdb with name system_wrapper_2
TRACE::2026-03-18.16:40:11::SCWPlatform::Opened existing hwdb system_wrapper_2
TRACE::2026-03-18.16:40:11::SCWPlatform::Found the Hw Db part of the input DSA
TRACE::2026-03-18.16:40:11::SCWMssOS::Checking the sw design at  D:/workspace/fbga_project/deneme_4/vitis/system_wrapper/zynq_fsbl/zynq_fsbl_bsp/system.mss
TRACE::2026-03-18.16:40:11::SCWMssOS::DEBUG:  swdes dump  D:/workspace/fbga_project/deneme_4/vitis/system_wrapper/zynq_fsbl/zynq_fsbl_bsp/system.mss|system||

TRACE::2026-03-18.16:40:11::SCWMssOS::Sw design exists and opened at  D:/workspace/fbga_project/deneme_4/vitis/system_wrapper/zynq_fsbl/zynq_fsbl_bsp/system.mss
TRACE::2026-03-18.16:40:11::SCWBDomain::Completed writing the mss file at D:/workspace/fbga_project/deneme_4/vitis/system_wrapper/zynq_fsbl/zynq_fsbl_bsp
TRACE::2026-03-18.16:40:11::SCWBDomain::bsp generated is upto date with the mss file. Skipping bsp generation.
TRACE::2026-03-18.16:40:11::SCWBDomain::Not a forced makefile updation, No changes are present. 
TRACE::2026-03-18.16:40:11::SCWBDomain::System Command Ran  D:&  cd  D:/workspace/fbga_project/deneme_4/vitis/system_wrapper/zynq_fsbl& make -C  zynq_fsbl_bsp & make 
TRACE::2026-03-18.16:40:12::SCWBDomain::make: Entering directory 'D:/workspace/fbga_project/deneme_4/vitis/system_wrapper/zynq_fsbl/zynq_fsbl_bsp'

TRACE::2026-03-18.16:40:12::SCWBDomain::make --no-print-directory seq_libs

TRACE::2026-03-18.16:40:12::SCWBDomain::"Running Make include in ps7_cortexa9_0/libsrc/coresightps_dcc_v1_8/src"

TRACE::2026-03-18.16:40:12::SCWBDomain::make -C ps7_cortexa9_0/libsrc/coresightps_dcc_v1_8/src -s include  "SHELL=CMD" "COMPILER=arm-none-eabi-gcc" "ASSEMBLER=arm-none
TRACE::2026-03-18.16:40:12::SCWBDomain::-eabi-as" "ARCHIVER=arm-none-eabi-ar" "COMPILER_FLAGS=  -O2 -c" "EXTRA_COMPILER_FLAGS=-mcpu=cortex-a9 -mfpu=vfpv3 -mfloat-abi=h
TRACE::2026-03-18.16:40:12::SCWBDomain::ard -nostartfiles -g -Wall -Wextra -fno-tree-loop-distribute-patterns"

TRACE::2026-03-18.16:40:13::SCWBDomain::"Running Make include in ps7_cortexa9_0/libsrc/cpu_cortexa9_v2_11/src"

TRACE::2026-03-18.16:40:13::SCWBDomain::make -C ps7_cortexa9_0/libsrc/cpu_cortexa9_v2_11/src -s include  "SHELL=CMD" "COMPILER=arm-none-eabi-gcc" "ASSEMBLER=arm-none-e
TRACE::2026-03-18.16:40:13::SCWBDomain::abi-as" "ARCHIVER=arm-none-eabi-ar" "COMPILER_FLAGS=  -O2 -c" "EXTRA_COMPILER_FLAGS=-mcpu=cortex-a9 -mfpu=vfpv3 -mfloat-abi=har
TRACE::2026-03-18.16:40:13::SCWBDomain::d -nostartfiles -g -Wall -Wextra -fno-tree-loop-distribute-patterns"

TRACE::2026-03-18.16:40:13::SCWBDomain::"Running Make include in ps7_cortexa9_0/libsrc/ddrps_v1_2/src"

TRACE::2026-03-18.16:40:13::SCWBDomain::make -C ps7_cortexa9_0/libsrc/ddrps_v1_2/src -s include  "SHELL=CMD" "COMPILER=arm-none-eabi-gcc" "ASSEMBLER=arm-none-eabi-as" 
TRACE::2026-03-18.16:40:13::SCWBDomain::"ARCHIVER=arm-none-eabi-ar" "COMPILER_FLAGS=  -O2 -c" "EXTRA_COMPILER_FLAGS=-mcpu=cortex-a9 -mfpu=vfpv3 -mfloat-abi=hard -nosta
TRACE::2026-03-18.16:40:13::SCWBDomain::rtfiles -g -Wall -Wextra -fno-tree-loop-distribute-patterns"

TRACE::2026-03-18.16:40:13::SCWBDomain::"Running Make include in ps7_cortexa9_0/libsrc/devcfg_v3_7/src"

TRACE::2026-03-18.16:40:13::SCWBDomain::make -C ps7_cortexa9_0/libsrc/devcfg_v3_7/src -s include  "SHELL=CMD" "COMPILER=arm-none-eabi-gcc" "ASSEMBLER=arm-none-eabi-as"
TRACE::2026-03-18.16:40:13::SCWBDomain:: "ARCHIVER=arm-none-eabi-ar" "COMPILER_FLAGS=  -O2 -c" "EXTRA_COMPILER_FLAGS=-mcpu=cortex-a9 -mfpu=vfpv3 -mfloat-abi=hard -nost
TRACE::2026-03-18.16:40:13::SCWBDomain::artfiles -g -Wall -Wextra -fno-tree-loop-distribute-patterns"

TRACE::2026-03-18.16:40:13::SCWBDomain::"Running Make include in ps7_cortexa9_0/libsrc/dmaps_v2_8/src"

TRACE::2026-03-18.16:40:13::SCWBDomain::make -C ps7_cortexa9_0/libsrc/dmaps_v2_8/src -s include  "SHELL=CMD" "COMPILER=arm-none-eabi-gcc" "ASSEMBLER=arm-none-eabi-as" 
TRACE::2026-03-18.16:40:13::SCWBDomain::"ARCHIVER=arm-none-eabi-ar" "COMPILER_FLAGS=  -O2 -c" "EXTRA_COMPILER_FLAGS=-mcpu=cortex-a9 -mfpu=vfpv3 -mfloat-abi=hard -nosta
TRACE::2026-03-18.16:40:13::SCWBDomain::rtfiles -g -Wall -Wextra -fno-tree-loop-distribute-patterns"

TRACE::2026-03-18.16:40:13::SCWBDomain::"Running Make include in ps7_cortexa9_0/libsrc/emacps_v3_16/src"

TRACE::2026-03-18.16:40:13::SCWBDomain::make -C ps7_cortexa9_0/libsrc/emacps_v3_16/src -s include  "SHELL=CMD" "COMPILER=arm-none-eabi-gcc" "ASSEMBLER=arm-none-eabi-as
TRACE::2026-03-18.16:40:13::SCWBDomain::" "ARCHIVER=arm-none-eabi-ar" "COMPILER_FLAGS=  -O2 -c" "EXTRA_COMPILER_FLAGS=-mcpu=cortex-a9 -mfpu=vfpv3 -mfloat-abi=hard -nos
TRACE::2026-03-18.16:40:13::SCWBDomain::tartfiles -g -Wall -Wextra -fno-tree-loop-distribute-patterns"

TRACE::2026-03-18.16:40:14::SCWBDomain::"Running Make include in ps7_cortexa9_0/libsrc/gpiops_v3_9/src"

TRACE::2026-03-18.16:40:14::SCWBDomain::make -C ps7_cortexa9_0/libsrc/gpiops_v3_9/src -s include  "SHELL=CMD" "COMPILER=arm-none-eabi-gcc" "ASSEMBLER=arm-none-eabi-as"
TRACE::2026-03-18.16:40:14::SCWBDomain:: "ARCHIVER=arm-none-eabi-ar" "COMPILER_FLAGS=  -O2 -c" "EXTRA_COMPILER_FLAGS=-mcpu=cortex-a9 -mfpu=vfpv3 -mfloat-abi=hard -nost
TRACE::2026-03-18.16:40:14::SCWBDomain::artfiles -g -Wall -Wextra -fno-tree-loop-distribute-patterns"

TRACE::2026-03-18.16:40:14::SCWBDomain::"Running Make include in ps7_cortexa9_0/libsrc/gpio_v4_9/src"

TRACE::2026-03-18.16:40:14::SCWBDomain::make -C ps7_cortexa9_0/libsrc/gpio_v4_9/src -s include  "SHELL=CMD" "COMPILER=arm-none-eabi-gcc" "ASSEMBLER=arm-none-eabi-as" "
TRACE::2026-03-18.16:40:14::SCWBDomain::ARCHIVER=arm-none-eabi-ar" "COMPILER_FLAGS=  -O2 -c" "EXTRA_COMPILER_FLAGS=-mcpu=cortex-a9 -mfpu=vfpv3 -mfloat-abi=hard -nostar
TRACE::2026-03-18.16:40:14::SCWBDomain::tfiles -g -Wall -Wextra -fno-tree-loop-distribute-patterns"

TRACE::2026-03-18.16:40:14::SCWBDomain::"Running Make include in ps7_cortexa9_0/libsrc/qspips_v3_9/src"

TRACE::2026-03-18.16:40:14::SCWBDomain::make -C ps7_cortexa9_0/libsrc/qspips_v3_9/src -s include  "SHELL=CMD" "COMPILER=arm-none-eabi-gcc" "ASSEMBLER=arm-none-eabi-as"
TRACE::2026-03-18.16:40:14::SCWBDomain:: "ARCHIVER=arm-none-eabi-ar" "COMPILER_FLAGS=  -O2 -c" "EXTRA_COMPILER_FLAGS=-mcpu=cortex-a9 -mfpu=vfpv3 -mfloat-abi=hard -nost
TRACE::2026-03-18.16:40:14::SCWBDomain::artfiles -g -Wall -Wextra -fno-tree-loop-distribute-patterns"

TRACE::2026-03-18.16:40:14::SCWBDomain::"Running Make include in ps7_cortexa9_0/libsrc/scugic_v4_7/src"

TRACE::2026-03-18.16:40:14::SCWBDomain::make -C ps7_cortexa9_0/libsrc/scugic_v4_7/src -s include  "SHELL=CMD" "COMPILER=arm-none-eabi-gcc" "ASSEMBLER=arm-none-eabi-as"
TRACE::2026-03-18.16:40:14::SCWBDomain:: "ARCHIVER=arm-none-eabi-ar" "COMPILER_FLAGS=  -O2 -c" "EXTRA_COMPILER_FLAGS=-mcpu=cortex-a9 -mfpu=vfpv3 -mfloat-abi=hard -nost
TRACE::2026-03-18.16:40:14::SCWBDomain::artfiles -g -Wall -Wextra -fno-tree-loop-distribute-patterns"

TRACE::2026-03-18.16:40:14::SCWBDomain::"Running Make include in ps7_cortexa9_0/libsrc/scutimer_v2_4/src"

TRACE::2026-03-18.16:40:14::SCWBDomain::make -C ps7_cortexa9_0/libsrc/scutimer_v2_4/src -s include  "SHELL=CMD" "COMPILER=arm-none-eabi-gcc" "ASSEMBLER=arm-none-eabi-a
TRACE::2026-03-18.16:40:14::SCWBDomain::s" "ARCHIVER=arm-none-eabi-ar" "COMPILER_FLAGS=  -O2 -c" "EXTRA_COMPILER_FLAGS=-mcpu=cortex-a9 -mfpu=vfpv3 -mfloat-abi=hard -no
TRACE::2026-03-18.16:40:14::SCWBDomain::startfiles -g -Wall -Wextra -fno-tree-loop-distribute-patterns"

TRACE::2026-03-18.16:40:14::SCWBDomain::"Running Make include in ps7_cortexa9_0/libsrc/scuwdt_v2_4/src"

TRACE::2026-03-18.16:40:14::SCWBDomain::make -C ps7_cortexa9_0/libsrc/scuwdt_v2_4/src -s include  "SHELL=CMD" "COMPILER=arm-none-eabi-gcc" "ASSEMBLER=arm-none-eabi-as"
TRACE::2026-03-18.16:40:14::SCWBDomain:: "ARCHIVER=arm-none-eabi-ar" "COMPILER_FLAGS=  -O2 -c" "EXTRA_COMPILER_FLAGS=-mcpu=cortex-a9 -mfpu=vfpv3 -mfloat-abi=hard -nost
TRACE::2026-03-18.16:40:14::SCWBDomain::artfiles -g -Wall -Wextra -fno-tree-loop-distribute-patterns"

TRACE::2026-03-18.16:40:15::SCWBDomain::"Running Make include in ps7_cortexa9_0/libsrc/sdps_v3_14/src"

TRACE::2026-03-18.16:40:15::SCWBDomain::make -C ps7_cortexa9_0/libsrc/sdps_v3_14/src -s include  "SHELL=CMD" "COMPILER=arm-none-eabi-gcc" "ASSEMBLER=arm-none-eabi-as" 
TRACE::2026-03-18.16:40:15::SCWBDomain::"ARCHIVER=arm-none-eabi-ar" "COMPILER_FLAGS=  -O2 -c" "EXTRA_COMPILER_FLAGS=-mcpu=cortex-a9 -mfpu=vfpv3 -mfloat-abi=hard -nosta
TRACE::2026-03-18.16:40:15::SCWBDomain::rtfiles -g -Wall -Wextra -fno-tree-loop-distribute-patterns"

TRACE::2026-03-18.16:40:15::SCWBDomain::"Running Make include in ps7_cortexa9_0/libsrc/standalone_v7_7/src"

TRACE::2026-03-18.16:40:15::SCWBDomain::make -C ps7_cortexa9_0/libsrc/standalone_v7_7/src -s include  "SHELL=CMD" "COMPILER=arm-none-eabi-gcc" "ASSEMBLER=arm-none-eabi
TRACE::2026-03-18.16:40:15::SCWBDomain::-as" "ARCHIVER=arm-none-eabi-ar" "COMPILER_FLAGS=  -O2 -c" "EXTRA_COMPILER_FLAGS=-mcpu=cortex-a9 -mfpu=vfpv3 -mfloat-abi=hard -
TRACE::2026-03-18.16:40:15::SCWBDomain::nostartfiles -g -Wall -Wextra -fno-tree-loop-distribute-patterns"

TRACE::2026-03-18.16:40:16::SCWBDomain::"Running Make include in ps7_cortexa9_0/libsrc/ttcps_v3_15/src"

TRACE::2026-03-18.16:40:16::SCWBDomain::make -C ps7_cortexa9_0/libsrc/ttcps_v3_15/src -s include  "SHELL=CMD" "COMPILER=arm-none-eabi-gcc" "ASSEMBLER=arm-none-eabi-as"
TRACE::2026-03-18.16:40:16::SCWBDomain:: "ARCHIVER=arm-none-eabi-ar" "COMPILER_FLAGS=  -O2 -c" "EXTRA_COMPILER_FLAGS=-mcpu=cortex-a9 -mfpu=vfpv3 -mfloat-abi=hard -nost
TRACE::2026-03-18.16:40:16::SCWBDomain::artfiles -g -Wall -Wextra -fno-tree-loop-distribute-patterns"

TRACE::2026-03-18.16:40:16::SCWBDomain::"Running Make include in ps7_cortexa9_0/libsrc/uartps_v3_11/src"

TRACE::2026-03-18.16:40:16::SCWBDomain::make -C ps7_cortexa9_0/libsrc/uartps_v3_11/src -s include  "SHELL=CMD" "COMPILER=arm-none-eabi-gcc" "ASSEMBLER=arm-none-eabi-as
TRACE::2026-03-18.16:40:16::SCWBDomain::" "ARCHIVER=arm-none-eabi-ar" "COMPILER_FLAGS=  -O2 -c" "EXTRA_COMPILER_FLAGS=-mcpu=cortex-a9 -mfpu=vfpv3 -mfloat-abi=hard -nos
TRACE::2026-03-18.16:40:16::SCWBDomain::tartfiles -g -Wall -Wextra -fno-tree-loop-distribute-patterns"

TRACE::2026-03-18.16:40:17::SCWBDomain::"Running Make include in ps7_cortexa9_0/libsrc/usbps_v2_7/src"

TRACE::2026-03-18.16:40:17::SCWBDomain::make -C ps7_cortexa9_0/libsrc/usbps_v2_7/src -s include  "SHELL=CMD" "COMPILER=arm-none-eabi-gcc" "ASSEMBLER=arm-none-eabi-as" 
TRACE::2026-03-18.16:40:17::SCWBDomain::"ARCHIVER=arm-none-eabi-ar" "COMPILER_FLAGS=  -O2 -c" "EXTRA_COMPILER_FLAGS=-mcpu=cortex-a9 -mfpu=vfpv3 -mfloat-abi=hard -nosta
TRACE::2026-03-18.16:40:17::SCWBDomain::rtfiles -g -Wall -Wextra -fno-tree-loop-distribute-patterns"

TRACE::2026-03-18.16:40:17::SCWBDomain::"Running Make include in ps7_cortexa9_0/libsrc/xadcps_v2_6/src"

TRACE::2026-03-18.16:40:17::SCWBDomain::make -C ps7_cortexa9_0/libsrc/xadcps_v2_6/src -s include  "SHELL=CMD" "COMPILER=arm-none-eabi-gcc" "ASSEMBLER=arm-none-eabi-as"
TRACE::2026-03-18.16:40:17::SCWBDomain:: "ARCHIVER=arm-none-eabi-ar" "COMPILER_FLAGS=  -O2 -c" "EXTRA_COMPILER_FLAGS=-mcpu=cortex-a9 -mfpu=vfpv3 -mfloat-abi=hard -nost
TRACE::2026-03-18.16:40:17::SCWBDomain::artfiles -g -Wall -Wextra -fno-tree-loop-distribute-patterns"

TRACE::2026-03-18.16:40:17::SCWBDomain::"Running Make include in ps7_cortexa9_0/libsrc/xilffs_v4_7/src"

TRACE::2026-03-18.16:40:17::SCWBDomain::make -C ps7_cortexa9_0/libsrc/xilffs_v4_7/src -s include  "SHELL=CMD" "COMPILER=arm-none-eabi-gcc" "ASSEMBLER=arm-none-eabi-as"
TRACE::2026-03-18.16:40:17::SCWBDomain:: "ARCHIVER=arm-none-eabi-ar" "COMPILER_FLAGS=  -O2 -c" "EXTRA_COMPILER_FLAGS=-mcpu=cortex-a9 -mfpu=vfpv3 -mfloat-abi=hard -nost
TRACE::2026-03-18.16:40:17::SCWBDomain::artfiles -g -Wall -Wextra -fno-tree-loop-distribute-patterns"

TRACE::2026-03-18.16:40:17::SCWBDomain::"Running Make include in ps7_cortexa9_0/libsrc/xilrsa_v1_6/src"

TRACE::2026-03-18.16:40:17::SCWBDomain::make -C ps7_cortexa9_0/libsrc/xilrsa_v1_6/src -s include  "SHELL=CMD" "COMPILER=arm-none-eabi-gcc" "ASSEMBLER=arm-none-eabi-as"
TRACE::2026-03-18.16:40:17::SCWBDomain:: "ARCHIVER=arm-none-eabi-ar" "COMPILER_FLAGS=  -O2 -c" "EXTRA_COMPILER_FLAGS=-mcpu=cortex-a9 -mfpu=vfpv3 -mfloat-abi=hard -nost
TRACE::2026-03-18.16:40:17::SCWBDomain::artfiles -g -Wall -Wextra -fno-tree-loop-distribute-patterns"

TRACE::2026-03-18.16:40:17::SCWBDomain::"Running Make libs in ps7_cortexa9_0/libsrc/xilrsa_v1_6/src"

TRACE::2026-03-18.16:40:17::SCWBDomain::make -C ps7_cortexa9_0/libsrc/xilrsa_v1_6/src -s libs  "SHELL=CMD" "COMPILER=arm-none-eabi-gcc" "ASSEMBLER=arm-none-eabi-as" "A
TRACE::2026-03-18.16:40:17::SCWBDomain::RCHIVER=arm-none-eabi-ar" "COMPILER_FLAGS=  -O2 -c" "EXTRA_COMPILER_FLAGS=-mcpu=cortex-a9 -mfpu=vfpv3 -mfloat-abi=hard -nostart
TRACE::2026-03-18.16:40:17::SCWBDomain::files -g -Wall -Wextra -fno-tree-loop-distribute-patterns"

TRACE::2026-03-18.16:40:17::SCWBDomain::'Finished building libraries sequentially.'

TRACE::2026-03-18.16:40:17::SCWBDomain::make -j 18 --no-print-directory par_libs

TRACE::2026-03-18.16:40:18::SCWBDomain::"Running Make include in ps7_cortexa9_0/libsrc/coresightps_dcc_v1_8/src"

TRACE::2026-03-18.16:40:18::SCWBDomain::make -C ps7_cortexa9_0/libsrc/coresightps_dcc_v1_8/src -s include  "SHELL=CMD" "COMPILER=arm-none-eabi-gcc" "ASSEMBLER=arm-none
TRACE::2026-03-18.16:40:18::SCWBDomain::-eabi-as" "ARCHIVER=arm-none-eabi-ar" "COMPILER_FLAGS=  -O2 -c" "EXTRA_COMPILER_FLAGS=-mcpu=cortex-a9 -mfpu=vfpv3 -mfloat-abi=h
TRACE::2026-03-18.16:40:18::SCWBDomain::ard -nostartfiles -g -Wall -Wextra -fno-tree-loop-distribute-patterns"

TRACE::2026-03-18.16:40:18::SCWBDomain::"Running Make include in ps7_cortexa9_0/libsrc/cpu_cortexa9_v2_11/src"

TRACE::2026-03-18.16:40:18::SCWBDomain::make -C ps7_cortexa9_0/libsrc/cpu_cortexa9_v2_11/src -s include  "SHELL=CMD" "COMPILER=arm-none-eabi-gcc" "ASSEMBLER=arm-none-e
TRACE::2026-03-18.16:40:18::SCWBDomain::abi-as" "ARCHIVER=arm-none-eabi-ar" "COMPILER_FLAGS=  -O2 -c" "EXTRA_COMPILER_FLAGS=-mcpu=cortex-a9 -mfpu=vfpv3 -mfloat-abi=har
TRACE::2026-03-18.16:40:18::SCWBDomain::d -nostartfiles -g -Wall -Wextra -fno-tree-loop-distribute-patterns"

TRACE::2026-03-18.16:40:18::SCWBDomain::"Running Make include in ps7_cortexa9_0/libsrc/ddrps_v1_2/src"

TRACE::2026-03-18.16:40:18::SCWBDomain::make -C ps7_cortexa9_0/libsrc/ddrps_v1_2/src -s include  "SHELL=CMD" "COMPILER=arm-none-eabi-gcc" "ASSEMBLER=arm-none-eabi-as" 
TRACE::2026-03-18.16:40:18::SCWBDomain::"ARCHIVER=arm-none-eabi-ar" "COMPILER_FLAGS=  -O2 -c" "EXTRA_COMPILER_FLAGS=-mcpu=cortex-a9 -mfpu=vfpv3 -mfloat-abi=hard -nosta
TRACE::2026-03-18.16:40:18::SCWBDomain::rtfiles -g -Wall -Wextra -fno-tree-loop-distribute-patterns"

TRACE::2026-03-18.16:40:18::SCWBDomain::"Running Make include in ps7_cortexa9_0/libsrc/devcfg_v3_7/src"

TRACE::2026-03-18.16:40:18::SCWBDomain::make -C ps7_cortexa9_0/libsrc/devcfg_v3_7/src -s include  "SHELL=CMD" "COMPILER=arm-none-eabi-gcc" "ASSEMBLER=arm-none-eabi-as"
TRACE::2026-03-18.16:40:18::SCWBDomain:: "ARCHIVER=arm-none-eabi-ar" "COMPILER_FLAGS=  -O2 -c" "EXTRA_COMPILER_FLAGS=-mcpu=cortex-a9 -mfpu=vfpv3 -mfloat-abi=hard -nost
TRACE::2026-03-18.16:40:18::SCWBDomain::artfiles -g -Wall -Wextra -fno-tree-loop-distribute-patterns"

TRACE::2026-03-18.16:40:18::SCWBDomain::"Running Make include in ps7_cortexa9_0/libsrc/dmaps_v2_8/src"

TRACE::2026-03-18.16:40:18::SCWBDomain::make -C ps7_cortexa9_0/libsrc/dmaps_v2_8/src -s include  "SHELL=CMD" "COMPILER=arm-none-eabi-gcc" "ASSEMBLER=arm-none-eabi-as" 
TRACE::2026-03-18.16:40:18::SCWBDomain::"ARCHIVER=arm-none-eabi-ar" "COMPILER_FLAGS=  -O2 -c" "EXTRA_COMPILER_FLAGS=-mcpu=cortex-a9 -mfpu=vfpv3 -mfloat-abi=hard -nosta
TRACE::2026-03-18.16:40:18::SCWBDomain::rtfiles -g -Wall -Wextra -fno-tree-loop-distribute-patterns"

TRACE::2026-03-18.16:40:18::SCWBDomain::"Running Make include in ps7_cortexa9_0/libsrc/emacps_v3_16/src"

TRACE::2026-03-18.16:40:18::SCWBDomain::make -C ps7_cortexa9_0/libsrc/emacps_v3_16/src -s include  "SHELL=CMD" "COMPILER=arm-none-eabi-gcc" "ASSEMBLER=arm-none-eabi-as
TRACE::2026-03-18.16:40:18::SCWBDomain::" "ARCHIVER=arm-none-eabi-ar" "COMPILER_FLAGS=  -O2 -c" "EXTRA_COMPILER_FLAGS=-mcpu=cortex-a9 -mfpu=vfpv3 -mfloat-abi=hard -nos
TRACE::2026-03-18.16:40:18::SCWBDomain::tartfiles -g -Wall -Wextra -fno-tree-loop-distribute-patterns"

TRACE::2026-03-18.16:40:18::SCWBDomain::"Running Make include in ps7_cortexa9_0/libsrc/gpiops_v3_9/src"

TRACE::2026-03-18.16:40:18::SCWBDomain::make -C ps7_cortexa9_0/libsrc/gpiops_v3_9/src -s include  "SHELL=CMD" "COMPILER=arm-none-eabi-gcc" "ASSEMBLER=arm-none-eabi-as"
TRACE::2026-03-18.16:40:18::SCWBDomain:: "ARCHIVER=arm-none-eabi-ar" "COMPILER_FLAGS=  -O2 -c" "EXTRA_COMPILER_FLAGS=-mcpu=cortex-a9 -mfpu=vfpv3 -mfloat-abi=hard -nost
TRACE::2026-03-18.16:40:18::SCWBDomain::artfiles -g -Wall -Wextra -fno-tree-loop-distribute-patterns"

TRACE::2026-03-18.16:40:18::SCWBDomain::"Running Make include in ps7_cortexa9_0/libsrc/gpio_v4_9/src"

TRACE::2026-03-18.16:40:18::SCWBDomain::make -C ps7_cortexa9_0/libsrc/gpio_v4_9/src -s include  "SHELL=CMD" "COMPILER=arm-none-eabi-gcc" "ASSEMBLER=arm-none-eabi-as" "
TRACE::2026-03-18.16:40:18::SCWBDomain::ARCHIVER=arm-none-eabi-ar" "COMPILER_FLAGS=  -O2 -c" "EXTRA_COMPILER_FLAGS=-mcpu=cortex-a9 -mfpu=vfpv3 -mfloat-abi=hard -nostar
TRACE::2026-03-18.16:40:18::SCWBDomain::tfiles -g -Wall -Wextra -fno-tree-loop-distribute-patterns"

TRACE::2026-03-18.16:40:18::SCWBDomain::"Running Make include in ps7_cortexa9_0/libsrc/qspips_v3_9/src"

TRACE::2026-03-18.16:40:18::SCWBDomain::make -C ps7_cortexa9_0/libsrc/qspips_v3_9/src -s include  "SHELL=CMD" "COMPILER=arm-none-eabi-gcc" "ASSEMBLER=arm-none-eabi-as"
TRACE::2026-03-18.16:40:18::SCWBDomain:: "ARCHIVER=arm-none-eabi-ar" "COMPILER_FLAGS=  -O2 -c" "EXTRA_COMPILER_FLAGS=-mcpu=cortex-a9 -mfpu=vfpv3 -mfloat-abi=hard -nost
TRACE::2026-03-18.16:40:18::SCWBDomain::artfiles -g -Wall -Wextra -fno-tree-loop-distribute-patterns"

TRACE::2026-03-18.16:40:18::SCWBDomain::"Running Make include in ps7_cortexa9_0/libsrc/scugic_v4_7/src"

TRACE::2026-03-18.16:40:18::SCWBDomain::make -C ps7_cortexa9_0/libsrc/scugic_v4_7/src -s include  "SHELL=CMD" "COMPILER=arm-none-eabi-gcc" "ASSEMBLER=arm-none-eabi-as"
TRACE::2026-03-18.16:40:18::SCWBDomain:: "ARCHIVER=arm-none-eabi-ar" "COMPILER_FLAGS=  -O2 -c" "EXTRA_COMPILER_FLAGS=-mcpu=cortex-a9 -mfpu=vfpv3 -mfloat-abi=hard -nost
TRACE::2026-03-18.16:40:18::SCWBDomain::artfiles -g -Wall -Wextra -fno-tree-loop-distribute-patterns"

TRACE::2026-03-18.16:40:18::SCWBDomain::"Running Make include in ps7_cortexa9_0/libsrc/scutimer_v2_4/src"

TRACE::2026-03-18.16:40:18::SCWBDomain::make -C ps7_cortexa9_0/libsrc/scutimer_v2_4/src -s include  "SHELL=CMD" "COMPILER=arm-none-eabi-gcc" "ASSEMBLER=arm-none-eabi-a
TRACE::2026-03-18.16:40:18::SCWBDomain::s" "ARCHIVER=arm-none-eabi-ar" "COMPILER_FLAGS=  -O2 -c" "EXTRA_COMPILER_FLAGS=-mcpu=cortex-a9 -mfpu=vfpv3 -mfloat-abi=hard -no
TRACE::2026-03-18.16:40:18::SCWBDomain::startfiles -g -Wall -Wextra -fno-tree-loop-distribute-patterns"

TRACE::2026-03-18.16:40:18::SCWBDomain::"Running Make include in ps7_cortexa9_0/libsrc/scuwdt_v2_4/src"

TRACE::2026-03-18.16:40:18::SCWBDomain::make -C ps7_cortexa9_0/libsrc/scuwdt_v2_4/src -s include  "SHELL=CMD" "COMPILER=arm-none-eabi-gcc" "ASSEMBLER=arm-none-eabi-as"
TRACE::2026-03-18.16:40:18::SCWBDomain:: "ARCHIVER=arm-none-eabi-ar" "COMPILER_FLAGS=  -O2 -c" "EXTRA_COMPILER_FLAGS=-mcpu=cortex-a9 -mfpu=vfpv3 -mfloat-abi=hard -nost
TRACE::2026-03-18.16:40:18::SCWBDomain::artfiles -g -Wall -Wextra -fno-tree-loop-distribute-patterns"

TRACE::2026-03-18.16:40:18::SCWBDomain::"Running Make include in ps7_cortexa9_0/libsrc/sdps_v3_14/src"

TRACE::2026-03-18.16:40:18::SCWBDomain::make -C ps7_cortexa9_0/libsrc/sdps_v3_14/src -s include  "SHELL=CMD" "COMPILER=arm-none-eabi-gcc" "ASSEMBLER=arm-none-eabi-as" 
TRACE::2026-03-18.16:40:18::SCWBDomain::"ARCHIVER=arm-none-eabi-ar" "COMPILER_FLAGS=  -O2 -c" "EXTRA_COMPILER_FLAGS=-mcpu=cortex-a9 -mfpu=vfpv3 -mfloat-abi=hard -nosta
TRACE::2026-03-18.16:40:18::SCWBDomain::rtfiles -g -Wall -Wextra -fno-tree-loop-distribute-patterns"

TRACE::2026-03-18.16:40:18::SCWBDomain::"Running Make include in ps7_cortexa9_0/libsrc/standalone_v7_7/src"

TRACE::2026-03-18.16:40:18::SCWBDomain::make -C ps7_cortexa9_0/libsrc/standalone_v7_7/src -s include  "SHELL=CMD" "COMPILER=arm-none-eabi-gcc" "ASSEMBLER=arm-none-eabi
TRACE::2026-03-18.16:40:18::SCWBDomain::-as" "ARCHIVER=arm-none-eabi-ar" "COMPILER_FLAGS=  -O2 -c" "EXTRA_COMPILER_FLAGS=-mcpu=cortex-a9 -mfpu=vfpv3 -mfloat-abi=hard -
TRACE::2026-03-18.16:40:18::SCWBDomain::nostartfiles -g -Wall -Wextra -fno-tree-loop-distribute-patterns"

TRACE::2026-03-18.16:40:18::SCWBDomain::"Running Make include in ps7_cortexa9_0/libsrc/ttcps_v3_15/src"

TRACE::2026-03-18.16:40:18::SCWBDomain::make -C ps7_cortexa9_0/libsrc/ttcps_v3_15/src -s include  "SHELL=CMD" "COMPILER=arm-none-eabi-gcc" "ASSEMBLER=arm-none-eabi-as"
TRACE::2026-03-18.16:40:18::SCWBDomain:: "ARCHIVER=arm-none-eabi-ar" "COMPILER_FLAGS=  -O2 -c" "EXTRA_COMPILER_FLAGS=-mcpu=cortex-a9 -mfpu=vfpv3 -mfloat-abi=hard -nost
TRACE::2026-03-18.16:40:18::SCWBDomain::artfiles -g -Wall -Wextra -fno-tree-loop-distribute-patterns"

TRACE::2026-03-18.16:40:19::SCWBDomain::"Running Make include in ps7_cortexa9_0/libsrc/uartps_v3_11/src"

TRACE::2026-03-18.16:40:19::SCWBDomain::make -C ps7_cortexa9_0/libsrc/uartps_v3_11/src -s include  "SHELL=CMD" "COMPILER=arm-none-eabi-gcc" "ASSEMBLER=arm-none-eabi-as
TRACE::2026-03-18.16:40:19::SCWBDomain::" "ARCHIVER=arm-none-eabi-ar" "COMPILER_FLAGS=  -O2 -c" "EXTRA_COMPILER_FLAGS=-mcpu=cortex-a9 -mfpu=vfpv3 -mfloat-abi=hard -nos
TRACE::2026-03-18.16:40:19::SCWBDomain::tartfiles -g -Wall -Wextra -fno-tree-loop-distribute-patterns"

TRACE::2026-03-18.16:40:19::SCWBDomain::"Running Make include in ps7_cortexa9_0/libsrc/usbps_v2_7/src"

TRACE::2026-03-18.16:40:19::SCWBDomain::make -C ps7_cortexa9_0/libsrc/usbps_v2_7/src -s include  "SHELL=CMD" "COMPILER=arm-none-eabi-gcc" "ASSEMBLER=arm-none-eabi-as" 
TRACE::2026-03-18.16:40:19::SCWBDomain::"ARCHIVER=arm-none-eabi-ar" "COMPILER_FLAGS=  -O2 -c" "EXTRA_COMPILER_FLAGS=-mcpu=cortex-a9 -mfpu=vfpv3 -mfloat-abi=hard -nosta
TRACE::2026-03-18.16:40:19::SCWBDomain::rtfiles -g -Wall -Wextra -fno-tree-loop-distribute-patterns"

TRACE::2026-03-18.16:40:19::SCWBDomain::"Running Make include in ps7_cortexa9_0/libsrc/xadcps_v2_6/src"

TRACE::2026-03-18.16:40:19::SCWBDomain::make -C ps7_cortexa9_0/libsrc/xadcps_v2_6/src -s include  "SHELL=CMD" "COMPILER=arm-none-eabi-gcc" "ASSEMBLER=arm-none-eabi-as"
TRACE::2026-03-18.16:40:19::SCWBDomain:: "ARCHIVER=arm-none-eabi-ar" "COMPILER_FLAGS=  -O2 -c" "EXTRA_COMPILER_FLAGS=-mcpu=cortex-a9 -mfpu=vfpv3 -mfloat-abi=hard -nost
TRACE::2026-03-18.16:40:19::SCWBDomain::artfiles -g -Wall -Wextra -fno-tree-loop-distribute-patterns"

TRACE::2026-03-18.16:40:19::SCWBDomain::"Running Make include in ps7_cortexa9_0/libsrc/xilffs_v4_7/src"

TRACE::2026-03-18.16:40:19::SCWBDomain::make -C ps7_cortexa9_0/libsrc/xilffs_v4_7/src -s include  "SHELL=CMD" "COMPILER=arm-none-eabi-gcc" "ASSEMBLER=arm-none-eabi-as"
TRACE::2026-03-18.16:40:19::SCWBDomain:: "ARCHIVER=arm-none-eabi-ar" "COMPILER_FLAGS=  -O2 -c" "EXTRA_COMPILER_FLAGS=-mcpu=cortex-a9 -mfpu=vfpv3 -mfloat-abi=hard -nost
TRACE::2026-03-18.16:40:19::SCWBDomain::artfiles -g -Wall -Wextra -fno-tree-loop-distribute-patterns"

TRACE::2026-03-18.16:40:19::SCWBDomain::"Running Make include in ps7_cortexa9_0/libsrc/xilrsa_v1_6/src"

TRACE::2026-03-18.16:40:19::SCWBDomain::make -C ps7_cortexa9_0/libsrc/xilrsa_v1_6/src -s include  "SHELL=CMD" "COMPILER=arm-none-eabi-gcc" "ASSEMBLER=arm-none-eabi-as"
TRACE::2026-03-18.16:40:19::SCWBDomain:: "ARCHIVER=arm-none-eabi-ar" "COMPILER_FLAGS=  -O2 -c" "EXTRA_COMPILER_FLAGS=-mcpu=cortex-a9 -mfpu=vfpv3 -mfloat-abi=hard -nost
TRACE::2026-03-18.16:40:19::SCWBDomain::artfiles -g -Wall -Wextra -fno-tree-loop-distribute-patterns"

TRACE::2026-03-18.16:40:19::SCWBDomain::"Running Make libs in ps7_cortexa9_0/libsrc/coresightps_dcc_v1_8/src"

TRACE::2026-03-18.16:40:19::SCWBDomain::make -C ps7_cortexa9_0/libsrc/coresightps_dcc_v1_8/src -s libs  "SHELL=CMD" "COMPILER=arm-none-eabi-gcc" "ASSEMBLER=arm-none-ea
TRACE::2026-03-18.16:40:19::SCWBDomain::bi-as" "ARCHIVER=arm-none-eabi-ar" "COMPILER_FLAGS=  -O2 -c" "EXTRA_COMPILER_FLAGS=-mcpu=cortex-a9 -mfpu=vfpv3 -mfloat-abi=hard
TRACE::2026-03-18.16:40:19::SCWBDomain:: -nostartfiles -g -Wall -Wextra -fno-tree-loop-distribute-patterns"

TRACE::2026-03-18.16:40:19::SCWBDomain::"Running Make libs in ps7_cortexa9_0/libsrc/cpu_cortexa9_v2_11/src"

TRACE::2026-03-18.16:40:19::SCWBDomain::make -C ps7_cortexa9_0/libsrc/cpu_cortexa9_v2_11/src -s libs  "SHELL=CMD" "COMPILER=arm-none-eabi-gcc" "ASSEMBLER=arm-none-eabi
TRACE::2026-03-18.16:40:19::SCWBDomain::-as" "ARCHIVER=arm-none-eabi-ar" "COMPILER_FLAGS=  -O2 -c" "EXTRA_COMPILER_FLAGS=-mcpu=cortex-a9 -mfpu=vfpv3 -mfloat-abi=hard -
TRACE::2026-03-18.16:40:19::SCWBDomain::nostartfiles -g -Wall -Wextra -fno-tree-loop-distribute-patterns"

TRACE::2026-03-18.16:40:19::SCWBDomain::"Running Make libs in ps7_cortexa9_0/libsrc/ddrps_v1_2/src"

TRACE::2026-03-18.16:40:19::SCWBDomain::make -C ps7_cortexa9_0/libsrc/ddrps_v1_2/src -s libs  "SHELL=CMD" "COMPILER=arm-none-eabi-gcc" "ASSEMBLER=arm-none-eabi-as" "AR
TRACE::2026-03-18.16:40:19::SCWBDomain::CHIVER=arm-none-eabi-ar" "COMPILER_FLAGS=  -O2 -c" "EXTRA_COMPILER_FLAGS=-mcpu=cortex-a9 -mfpu=vfpv3 -mfloat-abi=hard -nostartf
TRACE::2026-03-18.16:40:19::SCWBDomain::iles -g -Wall -Wextra -fno-tree-loop-distribute-patterns"

TRACE::2026-03-18.16:40:19::SCWBDomain::"Running Make libs in ps7_cortexa9_0/libsrc/devcfg_v3_7/src"

TRACE::2026-03-18.16:40:19::SCWBDomain::make -C ps7_cortexa9_0/libsrc/devcfg_v3_7/src -s libs  "SHELL=CMD" "COMPILER=arm-none-eabi-gcc" "ASSEMBLER=arm-none-eabi-as" "A
TRACE::2026-03-18.16:40:19::SCWBDomain::RCHIVER=arm-none-eabi-ar" "COMPILER_FLAGS=  -O2 -c" "EXTRA_COMPILER_FLAGS=-mcpu=cortex-a9 -mfpu=vfpv3 -mfloat-abi=hard -nostart
TRACE::2026-03-18.16:40:19::SCWBDomain::files -g -Wall -Wextra -fno-tree-loop-distribute-patterns"

TRACE::2026-03-18.16:40:19::SCWBDomain::"Running Make libs in ps7_cortexa9_0/libsrc/dmaps_v2_8/src"

TRACE::2026-03-18.16:40:19::SCWBDomain::make -C ps7_cortexa9_0/libsrc/dmaps_v2_8/src -s libs  "SHELL=CMD" "COMPILER=arm-none-eabi-gcc" "ASSEMBLER=arm-none-eabi-as" "AR
TRACE::2026-03-18.16:40:19::SCWBDomain::CHIVER=arm-none-eabi-ar" "COMPILER_FLAGS=  -O2 -c" "EXTRA_COMPILER_FLAGS=-mcpu=cortex-a9 -mfpu=vfpv3 -mfloat-abi=hard -nostartf
TRACE::2026-03-18.16:40:19::SCWBDomain::iles -g -Wall -Wextra -fno-tree-loop-distribute-patterns"

TRACE::2026-03-18.16:40:19::SCWBDomain::"Running Make libs in ps7_cortexa9_0/libsrc/emacps_v3_16/src"

TRACE::2026-03-18.16:40:19::SCWBDomain::make -C ps7_cortexa9_0/libsrc/emacps_v3_16/src -s libs  "SHELL=CMD" "COMPILER=arm-none-eabi-gcc" "ASSEMBLER=arm-none-eabi-as" "
TRACE::2026-03-18.16:40:19::SCWBDomain::ARCHIVER=arm-none-eabi-ar" "COMPILER_FLAGS=  -O2 -c" "EXTRA_COMPILER_FLAGS=-mcpu=cortex-a9 -mfpu=vfpv3 -mfloat-abi=hard -nostar
TRACE::2026-03-18.16:40:19::SCWBDomain::tfiles -g -Wall -Wextra -fno-tree-loop-distribute-patterns"

TRACE::2026-03-18.16:40:20::SCWBDomain::"Running Make libs in ps7_cortexa9_0/libsrc/gpiops_v3_9/src"

TRACE::2026-03-18.16:40:20::SCWBDomain::make -C ps7_cortexa9_0/libsrc/gpiops_v3_9/src -s libs  "SHELL=CMD" "COMPILER=arm-none-eabi-gcc" "ASSEMBLER=arm-none-eabi-as" "A
TRACE::2026-03-18.16:40:20::SCWBDomain::RCHIVER=arm-none-eabi-ar" "COMPILER_FLAGS=  -O2 -c" "EXTRA_COMPILER_FLAGS=-mcpu=cortex-a9 -mfpu=vfpv3 -mfloat-abi=hard -nostart
TRACE::2026-03-18.16:40:20::SCWBDomain::files -g -Wall -Wextra -fno-tree-loop-distribute-patterns"

TRACE::2026-03-18.16:40:20::SCWBDomain::"Running Make libs in ps7_cortexa9_0/libsrc/gpio_v4_9/src"

TRACE::2026-03-18.16:40:20::SCWBDomain::make -C ps7_cortexa9_0/libsrc/gpio_v4_9/src -s libs  "SHELL=CMD" "COMPILER=arm-none-eabi-gcc" "ASSEMBLER=arm-none-eabi-as" "ARC
TRACE::2026-03-18.16:40:20::SCWBDomain::HIVER=arm-none-eabi-ar" "COMPILER_FLAGS=  -O2 -c" "EXTRA_COMPILER_FLAGS=-mcpu=cortex-a9 -mfpu=vfpv3 -mfloat-abi=hard -nostartfi
TRACE::2026-03-18.16:40:20::SCWBDomain::les -g -Wall -Wextra -fno-tree-loop-distribute-patterns"

TRACE::2026-03-18.16:40:22::SCWBDomain::"Running Make libs in ps7_cortexa9_0/libsrc/qspips_v3_9/src"

TRACE::2026-03-18.16:40:22::SCWBDomain::make -C ps7_cortexa9_0/libsrc/qspips_v3_9/src -s libs  "SHELL=CMD" "COMPILER=arm-none-eabi-gcc" "ASSEMBLER=arm-none-eabi-as" "A
TRACE::2026-03-18.16:40:22::SCWBDomain::RCHIVER=arm-none-eabi-ar" "COMPILER_FLAGS=  -O2 -c" "EXTRA_COMPILER_FLAGS=-mcpu=cortex-a9 -mfpu=vfpv3 -mfloat-abi=hard -nostart
TRACE::2026-03-18.16:40:22::SCWBDomain::files -g -Wall -Wextra -fno-tree-loop-distribute-patterns"

TRACE::2026-03-18.16:40:22::SCWBDomain::"Running Make libs in ps7_cortexa9_0/libsrc/scugic_v4_7/src"

TRACE::2026-03-18.16:40:22::SCWBDomain::make -C ps7_cortexa9_0/libsrc/scugic_v4_7/src -s libs  "SHELL=CMD" "COMPILER=arm-none-eabi-gcc" "ASSEMBLER=arm-none-eabi-as" "A
TRACE::2026-03-18.16:40:22::SCWBDomain::RCHIVER=arm-none-eabi-ar" "COMPILER_FLAGS=  -O2 -c" "EXTRA_COMPILER_FLAGS=-mcpu=cortex-a9 -mfpu=vfpv3 -mfloat-abi=hard -nostart
TRACE::2026-03-18.16:40:22::SCWBDomain::files -g -Wall -Wextra -fno-tree-loop-distribute-patterns"

TRACE::2026-03-18.16:40:22::SCWBDomain::"Running Make libs in ps7_cortexa9_0/libsrc/scutimer_v2_4/src"

TRACE::2026-03-18.16:40:22::SCWBDomain::make -C ps7_cortexa9_0/libsrc/scutimer_v2_4/src -s libs  "SHELL=CMD" "COMPILER=arm-none-eabi-gcc" "ASSEMBLER=arm-none-eabi-as" 
TRACE::2026-03-18.16:40:22::SCWBDomain::"ARCHIVER=arm-none-eabi-ar" "COMPILER_FLAGS=  -O2 -c" "EXTRA_COMPILER_FLAGS=-mcpu=cortex-a9 -mfpu=vfpv3 -mfloat-abi=hard -nosta
TRACE::2026-03-18.16:40:22::SCWBDomain::rtfiles -g -Wall -Wextra -fno-tree-loop-distribute-patterns"

TRACE::2026-03-18.16:40:22::SCWBDomain::"Running Make libs in ps7_cortexa9_0/libsrc/scuwdt_v2_4/src"

TRACE::2026-03-18.16:40:22::SCWBDomain::make -C ps7_cortexa9_0/libsrc/scuwdt_v2_4/src -s libs  "SHELL=CMD" "COMPILER=arm-none-eabi-gcc" "ASSEMBLER=arm-none-eabi-as" "A
TRACE::2026-03-18.16:40:22::SCWBDomain::RCHIVER=arm-none-eabi-ar" "COMPILER_FLAGS=  -O2 -c" "EXTRA_COMPILER_FLAGS=-mcpu=cortex-a9 -mfpu=vfpv3 -mfloat-abi=hard -nostart
TRACE::2026-03-18.16:40:22::SCWBDomain::files -g -Wall -Wextra -fno-tree-loop-distribute-patterns"

TRACE::2026-03-18.16:40:22::SCWBDomain::"Running Make libs in ps7_cortexa9_0/libsrc/sdps_v3_14/src"

TRACE::2026-03-18.16:40:22::SCWBDomain::make -C ps7_cortexa9_0/libsrc/sdps_v3_14/src -s libs  "SHELL=CMD" "COMPILER=arm-none-eabi-gcc" "ASSEMBLER=arm-none-eabi-as" "AR
TRACE::2026-03-18.16:40:22::SCWBDomain::CHIVER=arm-none-eabi-ar" "COMPILER_FLAGS=  -O2 -c" "EXTRA_COMPILER_FLAGS=-mcpu=cortex-a9 -mfpu=vfpv3 -mfloat-abi=hard -nostartf
TRACE::2026-03-18.16:40:22::SCWBDomain::iles -g -Wall -Wextra -fno-tree-loop-distribute-patterns"

TRACE::2026-03-18.16:40:22::SCWBDomain::"Running Make libs in ps7_cortexa9_0/libsrc/standalone_v7_7/src"

TRACE::2026-03-18.16:40:22::SCWBDomain::make -C ps7_cortexa9_0/libsrc/standalone_v7_7/src -s libs  "SHELL=CMD" "COMPILER=arm-none-eabi-gcc" "ASSEMBLER=arm-none-eabi-as
TRACE::2026-03-18.16:40:22::SCWBDomain::" "ARCHIVER=arm-none-eabi-ar" "COMPILER_FLAGS=  -O2 -c" "EXTRA_COMPILER_FLAGS=-mcpu=cortex-a9 -mfpu=vfpv3 -mfloat-abi=hard -nos
TRACE::2026-03-18.16:40:22::SCWBDomain::tartfiles -g -Wall -Wextra -fno-tree-loop-distribute-patterns"

TRACE::2026-03-18.16:40:22::SCWBDomain::"Running Make libs in ps7_cortexa9_0/libsrc/ttcps_v3_15/src"

TRACE::2026-03-18.16:40:22::SCWBDomain::make -C ps7_cortexa9_0/libsrc/ttcps_v3_15/src -s libs  "SHELL=CMD" "COMPILER=arm-none-eabi-gcc" "ASSEMBLER=arm-none-eabi-as" "A
TRACE::2026-03-18.16:40:22::SCWBDomain::RCHIVER=arm-none-eabi-ar" "COMPILER_FLAGS=  -O2 -c" "EXTRA_COMPILER_FLAGS=-mcpu=cortex-a9 -mfpu=vfpv3 -mfloat-abi=hard -nostart
TRACE::2026-03-18.16:40:22::SCWBDomain::files -g -Wall -Wextra -fno-tree-loop-distribute-patterns"

TRACE::2026-03-18.16:40:22::SCWBDomain::"Running Make libs in ps7_cortexa9_0/libsrc/uartps_v3_11/src"

TRACE::2026-03-18.16:40:22::SCWBDomain::make -C ps7_cortexa9_0/libsrc/uartps_v3_11/src -s libs  "SHELL=CMD" "COMPILER=arm-none-eabi-gcc" "ASSEMBLER=arm-none-eabi-as" "
TRACE::2026-03-18.16:40:22::SCWBDomain::ARCHIVER=arm-none-eabi-ar" "COMPILER_FLAGS=  -O2 -c" "EXTRA_COMPILER_FLAGS=-mcpu=cortex-a9 -mfpu=vfpv3 -mfloat-abi=hard -nostar
TRACE::2026-03-18.16:40:22::SCWBDomain::tfiles -g -Wall -Wextra -fno-tree-loop-distribute-patterns"

TRACE::2026-03-18.16:40:23::SCWBDomain::"Running Make libs in ps7_cortexa9_0/libsrc/usbps_v2_7/src"

TRACE::2026-03-18.16:40:23::SCWBDomain::make -C ps7_cortexa9_0/libsrc/usbps_v2_7/src -s libs  "SHELL=CMD" "COMPILER=arm-none-eabi-gcc" "ASSEMBLER=arm-none-eabi-as" "AR
TRACE::2026-03-18.16:40:23::SCWBDomain::CHIVER=arm-none-eabi-ar" "COMPILER_FLAGS=  -O2 -c" "EXTRA_COMPILER_FLAGS=-mcpu=cortex-a9 -mfpu=vfpv3 -mfloat-abi=hard -nostartf
TRACE::2026-03-18.16:40:23::SCWBDomain::iles -g -Wall -Wextra -fno-tree-loop-distribute-patterns"

TRACE::2026-03-18.16:40:23::SCWBDomain::"Running Make libs in ps7_cortexa9_0/libsrc/xadcps_v2_6/src"

TRACE::2026-03-18.16:40:23::SCWBDomain::make -C ps7_cortexa9_0/libsrc/xadcps_v2_6/src -s libs  "SHELL=CMD" "COMPILER=arm-none-eabi-gcc" "ASSEMBLER=arm-none-eabi-as" "A
TRACE::2026-03-18.16:40:23::SCWBDomain::RCHIVER=arm-none-eabi-ar" "COMPILER_FLAGS=  -O2 -c" "EXTRA_COMPILER_FLAGS=-mcpu=cortex-a9 -mfpu=vfpv3 -mfloat-abi=hard -nostart
TRACE::2026-03-18.16:40:23::SCWBDomain::files -g -Wall -Wextra -fno-tree-loop-distribute-patterns"

TRACE::2026-03-18.16:40:23::SCWBDomain::"Running Make libs in ps7_cortexa9_0/libsrc/xilffs_v4_7/src"

TRACE::2026-03-18.16:40:23::SCWBDomain::make -C ps7_cortexa9_0/libsrc/xilffs_v4_7/src -s libs  "SHELL=CMD" "COMPILER=arm-none-eabi-gcc" "ASSEMBLER=arm-none-eabi-as" "A
TRACE::2026-03-18.16:40:23::SCWBDomain::RCHIVER=arm-none-eabi-ar" "COMPILER_FLAGS=  -O2 -c" "EXTRA_COMPILER_FLAGS=-mcpu=cortex-a9 -mfpu=vfpv3 -mfloat-abi=hard -nostart
TRACE::2026-03-18.16:40:23::SCWBDomain::files -g -Wall -Wextra -fno-tree-loop-distribute-patterns"

TRACE::2026-03-18.16:40:25::SCWBDomain::'Finished building libraries parallelly.'

TRACE::2026-03-18.16:40:25::SCWBDomain::make --no-print-directory archive

TRACE::2026-03-18.16:40:25::SCWBDomain::arm-none-eabi-ar -r  ps7_cortexa9_0/lib/libxil.a ps7_cortexa9_0/lib/xil_testcache.o ps7_cortexa9_0/lib/xadcps_selftest.o ps7_co
TRACE::2026-03-18.16:40:25::SCWBDomain::rtexa9_0/lib/xplatform_info.o ps7_cortexa9_0/lib/xil_mmu.o ps7_cortexa9_0/lib/_exit.o ps7_cortexa9_0/lib/xusbps_endpoint.o ps7_
TRACE::2026-03-18.16:40:25::SCWBDomain::cortexa9_0/lib/xusbps_sinit.o ps7_cortexa9_0/lib/xdevcfg_hw.o ps7_cortexa9_0/lib/xil_sleeptimer.o ps7_cortexa9_0/lib/xgpio_sini
TRACE::2026-03-18.16:40:25::SCWBDomain::t.o ps7_cortexa9_0/lib/xqspips_options.o ps7_cortexa9_0/lib/xdmaps_g.o ps7_cortexa9_0/lib/xscutimer_g.o ps7_cortexa9_0/lib/xsdp
TRACE::2026-03-18.16:40:25::SCWBDomain::s_options.o ps7_cortexa9_0/lib/xil_misc_psreset_api.o ps7_cortexa9_0/lib/xdmaps_sinit.o ps7_cortexa9_0/lib/xscutimer_sinit.o ps
TRACE::2026-03-18.16:40:25::SCWBDomain::7_cortexa9_0/lib/xemacps_hw.o ps7_cortexa9_0/lib/inbyte.o ps7_cortexa9_0/lib/xttcps_sinit.o ps7_cortexa9_0/lib/xscutimer_selfte
TRACE::2026-03-18.16:40:25::SCWBDomain::st.o ps7_cortexa9_0/lib/putnum.o ps7_cortexa9_0/lib/xttcps_selftest.o ps7_cortexa9_0/lib/xqspips_hw.o ps7_cortexa9_0/lib/xgpiop
TRACE::2026-03-18.16:40:25::SCWBDomain::s_g.o ps7_cortexa9_0/lib/xsdps.o ps7_cortexa9_0/lib/close.o ps7_cortexa9_0/lib/xemacps_g.o ps7_cortexa9_0/lib/xgpiops_sinit.o p
TRACE::2026-03-18.16:40:25::SCWBDomain::s7_cortexa9_0/lib/xgpiops_selftest.o ps7_cortexa9_0/lib/xgpio_g.o ps7_cortexa9_0/lib/xscuwdt.o ps7_cortexa9_0/lib/xil_clocking.
TRACE::2026-03-18.16:40:25::SCWBDomain::o ps7_cortexa9_0/lib/xil_mem.o ps7_cortexa9_0/lib/xil_printf.o ps7_cortexa9_0/lib/kill.o ps7_cortexa9_0/lib/xadcps.o ps7_cortex
TRACE::2026-03-18.16:40:25::SCWBDomain::a9_0/lib/xuartps_sinit.o ps7_cortexa9_0/lib/xuartps_g.o ps7_cortexa9_0/lib/outbyte.o ps7_cortexa9_0/lib/lseek.o ps7_cortexa9_0/
TRACE::2026-03-18.16:40:25::SCWBDomain::lib/xgpiops.o ps7_cortexa9_0/lib/xl2cc_counter.o ps7_cortexa9_0/lib/asm_vectors.o ps7_cortexa9_0/lib/abort.o ps7_cortexa9_0/lib
TRACE::2026-03-18.16:40:25::SCWBDomain::/xscugic_intr.o ps7_cortexa9_0/lib/getpid.o ps7_cortexa9_0/lib/xttcps_g.o ps7_cortexa9_0/lib/xdevcfg_sinit.o ps7_cortexa9_0/lib
TRACE::2026-03-18.16:40:25::SCWBDomain::/xdmaps.o ps7_cortexa9_0/lib/xscutimer.o ps7_cortexa9_0/lib/xdevcfg_selftest.o ps7_cortexa9_0/lib/xttcps.o ps7_cortexa9_0/lib/x
TRACE::2026-03-18.16:40:25::SCWBDomain::pm_counter.o ps7_cortexa9_0/lib/_sbrk.o ps7_cortexa9_0/lib/xemacps_sinit.o ps7_cortexa9_0/lib/time.o ps7_cortexa9_0/lib/xqspips
TRACE::2026-03-18.16:40:25::SCWBDomain::_g.o ps7_cortexa9_0/lib/xdmaps_selftest.o ps7_cortexa9_0/lib/xusbps_g.o ps7_cortexa9_0/lib/xsdps_sinit.o ps7_cortexa9_0/lib/xua
TRACE::2026-03-18.16:40:25::SCWBDomain::rtps_selftest.o ps7_cortexa9_0/lib/xqspips_selftest.o ps7_cortexa9_0/lib/xil_exception.o ps7_cortexa9_0/lib/xgpio.o ps7_cortexa
TRACE::2026-03-18.16:40:25::SCWBDomain::9_0/lib/xil_testmem.o ps7_cortexa9_0/lib/xemacps_control.o ps7_cortexa9_0/lib/open.o ps7_cortexa9_0/lib/xil_assert.o ps7_cortex
TRACE::2026-03-18.16:40:25::SCWBDomain::a9_0/lib/xusbps_intr.o ps7_cortexa9_0/lib/xsdps_host.o ps7_cortexa9_0/lib/xcoresightpsdcc.o ps7_cortexa9_0/lib/xscugic_hw.o ps7
TRACE::2026-03-18.16:40:25::SCWBDomain::_cortexa9_0/lib/xuartps.o ps7_cortexa9_0/lib/sleep.o ps7_cortexa9_0/lib/cpputest_time.o ps7_cortexa9_0/lib/_open.o ps7_cortexa9
TRACE::2026-03-18.16:40:25::SCWBDomain::_0/lib/fcntl.o ps7_cortexa9_0/lib/xttcps_options.o ps7_cortexa9_0/lib/print.o ps7_cortexa9_0/lib/read.o ps7_cortexa9_0/lib/xdev
TRACE::2026-03-18.16:40:25::SCWBDomain::cfg.o ps7_cortexa9_0/lib/xadcps_intr.o ps7_cortexa9_0/lib/xqspips.o ps7_cortexa9_0/lib/xemacps.o ps7_cortexa9_0/lib/xil_cache.o
TRACE::2026-03-18.16:40:25::SCWBDomain:: ps7_cortexa9_0/lib/xil_testio.o ps7_cortexa9_0/lib/unlink.o ps7_cortexa9_0/lib/xusbps.o ps7_cortexa9_0/lib/xil_spinlock.o ps7_
TRACE::2026-03-18.16:40:25::SCWBDomain::cortexa9_0/lib/translation_table.o ps7_cortexa9_0/lib/xusbps_hw.o ps7_cortexa9_0/lib/write.o ps7_cortexa9_0/lib/boot.o ps7_cort
TRACE::2026-03-18.16:40:25::SCWBDomain::exa9_0/lib/xemacps_bdring.o ps7_cortexa9_0/lib/cpu_init.o ps7_cortexa9_0/lib/usleep.o ps7_cortexa9_0/lib/xil_sleepcommon.o ps7_
TRACE::2026-03-18.16:40:25::SCWBDomain::cortexa9_0/lib/xscugic_g.o ps7_cortexa9_0/lib/xgpiops_intr.o ps7_cortexa9_0/lib/xscugic_sinit.o ps7_cortexa9_0/lib/xdevcfg_g.o 
TRACE::2026-03-18.16:40:25::SCWBDomain::ps7_cortexa9_0/lib/xscugic_selftest.o ps7_cortexa9_0/lib/xinterrupt_wrap.o ps7_cortexa9_0/lib/xgpio_intr.o ps7_cortexa9_0/lib/x
TRACE::2026-03-18.16:40:25::SCWBDomain::time_l.o ps7_cortexa9_0/lib/xil_util.o ps7_cortexa9_0/lib/xuartps_intr.o ps7_cortexa9_0/lib/xsdps_card.o ps7_cortexa9_0/lib/xdm
TRACE::2026-03-18.16:40:25::SCWBDomain::aps_hw.o ps7_cortexa9_0/lib/sbrk.o ps7_cortexa9_0/lib/xgpiops_hw.o ps7_cortexa9_0/lib/xsdps_g.o ps7_cortexa9_0/lib/fstat.o ps7_
TRACE::2026-03-18.16:40:25::SCWBDomain::cortexa9_0/lib/errno.o ps7_cortexa9_0/lib/xdevcfg_intr.o ps7_cortexa9_0/lib/xuartps_options.o ps7_cortexa9_0/lib/vectors.o ps7_
TRACE::2026-03-18.16:40:25::SCWBDomain::cortexa9_0/lib/xscuwdt_g.o ps7_cortexa9_0/lib/xscuwdt_sinit.o ps7_cortexa9_0/lib/xemacps_intr.o ps7_cortexa9_0/lib/xscuwdt_self
TRACE::2026-03-18.16:40:25::SCWBDomain::test.o ps7_cortexa9_0/lib/xgpio_extra.o ps7_cortexa9_0/lib/isatty.o ps7_cortexa9_0/lib/xil-crt0.o ps7_cortexa9_0/lib/xscugic.o 
TRACE::2026-03-18.16:40:25::SCWBDomain::ps7_cortexa9_0/lib/xuartps_hw.o ps7_cortexa9_0/lib/xadcps_g.o ps7_cortexa9_0/lib/xqspips_sinit.o ps7_cortexa9_0/lib/xadcps_sini
TRACE::2026-03-18.16:40:25::SCWBDomain::t.o ps7_cortexa9_0/lib/xgpio_selftest.o

TRACE::2026-03-18.16:40:25::SCWBDomain::'Finished building libraries'

TRACE::2026-03-18.16:40:25::SCWBDomain::make: Leaving directory 'D:/workspace/fbga_project/deneme_4/vitis/system_wrapper/zynq_fsbl/zynq_fsbl_bsp'

TRACE::2026-03-18.16:40:25::SCWBDomain::arm-none-eabi-gcc  -O2 -c -MMD -MP       -mcpu=cortex-a9 -mfpu=vfpv3 -mfloat-abi=hard  -c sd.c -o sd.o -Izynq_fsbl_bsp/ps7_cort
TRACE::2026-03-18.16:40:25::SCWBDomain::exa9_0/include -I.

TRACE::2026-03-18.16:40:25::SCWBDomain::arm-none-eabi-gcc  -O2 -c -MMD -MP       -mcpu=cortex-a9 -mfpu=vfpv3 -mfloat-abi=hard  -c nand.c -o nand.o -Izynq_fsbl_bsp/ps7_
TRACE::2026-03-18.16:40:25::SCWBDomain::cortexa9_0/include -I.

TRACE::2026-03-18.16:40:26::SCWBDomain::arm-none-eabi-gcc  -O2 -c -MMD -MP       -mcpu=cortex-a9 -mfpu=vfpv3 -mfloat-abi=hard  -c nor.c -o nor.o -Izynq_fsbl_bsp/ps7_co
TRACE::2026-03-18.16:40:26::SCWBDomain::rtexa9_0/include -I.

TRACE::2026-03-18.16:40:26::SCWBDomain::arm-none-eabi-gcc  -O2 -c -MMD -MP       -mcpu=cortex-a9 -mfpu=vfpv3 -mfloat-abi=hard  -c image_mover.c -o image_mover.o -Izynq
TRACE::2026-03-18.16:40:26::SCWBDomain::_fsbl_bsp/ps7_cortexa9_0/include -I.

TRACE::2026-03-18.16:40:26::SCWBDomain::arm-none-eabi-gcc  -O2 -c -MMD -MP       -mcpu=cortex-a9 -mfpu=vfpv3 -mfloat-abi=hard  -c md5.c -o md5.o -Izynq_fsbl_bsp/ps7_co
TRACE::2026-03-18.16:40:26::SCWBDomain::rtexa9_0/include -I.

TRACE::2026-03-18.16:40:26::SCWBDomain::arm-none-eabi-gcc  -O2 -c -MMD -MP       -mcpu=cortex-a9 -mfpu=vfpv3 -mfloat-abi=hard  -c fsbl_hooks.c -o fsbl_hooks.o -Izynq_f
TRACE::2026-03-18.16:40:26::SCWBDomain::sbl_bsp/ps7_cortexa9_0/include -I.

TRACE::2026-03-18.16:40:26::SCWBDomain::arm-none-eabi-gcc  -O2 -c -MMD -MP       -mcpu=cortex-a9 -mfpu=vfpv3 -mfloat-abi=hard  -c main.c -o main.o -Izynq_fsbl_bsp/ps7_
TRACE::2026-03-18.16:40:26::SCWBDomain::cortexa9_0/include -I.

TRACE::2026-03-18.16:40:27::SCWBDomain::arm-none-eabi-gcc  -O2 -c -MMD -MP       -mcpu=cortex-a9 -mfpu=vfpv3 -mfloat-abi=hard  -c rsa.c -o rsa.o -Izynq_fsbl_bsp/ps7_co
TRACE::2026-03-18.16:40:27::SCWBDomain::rtexa9_0/include -I.

TRACE::2026-03-18.16:40:27::SCWBDomain::arm-none-eabi-gcc  -O2 -c -MMD -MP       -mcpu=cortex-a9 -mfpu=vfpv3 -mfloat-abi=hard  -c qspi.c -o qspi.o -Izynq_fsbl_bsp/ps7_
TRACE::2026-03-18.16:40:27::SCWBDomain::cortexa9_0/include -I.

TRACE::2026-03-18.16:40:27::SCWBDomain::arm-none-eabi-gcc  -O2 -c -MMD -MP       -mcpu=cortex-a9 -mfpu=vfpv3 -mfloat-abi=hard  -c ps7_init.c -o ps7_init.o -Izynq_fsbl_
TRACE::2026-03-18.16:40:27::SCWBDomain::bsp/ps7_cortexa9_0/include -I.

TRACE::2026-03-18.16:40:27::SCWBDomain::arm-none-eabi-gcc  -O2 -c -MMD -MP       -mcpu=cortex-a9 -mfpu=vfpv3 -mfloat-abi=hard  -c pcap.c -o pcap.o -Izynq_fsbl_bsp/ps7_
TRACE::2026-03-18.16:40:27::SCWBDomain::cortexa9_0/include -I.

TRACE::2026-03-18.16:40:27::SCWBDomain::arm-none-eabi-gcc  -O2 -c -MMD -MP       -mcpu=cortex-a9 -mfpu=vfpv3 -mfloat-abi=hard  -c fsbl_handoff.S -o fsbl_handoff.o -Izy
TRACE::2026-03-18.16:40:27::SCWBDomain::nq_fsbl_bsp/ps7_cortexa9_0/include -I.

TRACE::2026-03-18.16:40:27::SCWBDomain::arm-none-eabi-gcc -o fsbl.elf fsbl_handoff.o fsbl_hooks.o image_mover.o main.o md5.o nand.o nor.o pcap.o ps7_init.o qspi.o rsa.
TRACE::2026-03-18.16:40:27::SCWBDomain::o sd.o -MMD -MP       -mcpu=cortex-a9 -mfpu=vfpv3 -mfloat-abi=hard   -mcpu=cortex-a9 -mfpu=vfpv3 -mfloat-abi=hard -Wl,-build-id
TRACE::2026-03-18.16:40:27::SCWBDomain::=none -specs=Xilinx.spec  -lrsa -Wl,--start-group,-lxil,-lgcc,-lc,--end-group -Wl,--start-group,-lxilffs,-lxil,-lgcc,-lc,--end-
TRACE::2026-03-18.16:40:27::SCWBDomain::group -Wl,--start-group,-lrsa,-lxil,-lgcc,-lc,--end-group                                     -Wl,--gc-sections -Lzynq_fsbl_bsp
TRACE::2026-03-18.16:40:27::SCWBDomain::/ps7_cortexa9_0/lib -L./ -Tlscript.ld

LOG::2026-03-18.16:40:29::SCWSystem::Checking the domain standalone_ps7_cortexa9_0
LOG::2026-03-18.16:40:29::SCWSystem::Not a boot domain 
LOG::2026-03-18.16:40:29::SCWSystem::Started Processing the domain standalone_ps7_cortexa9_0
TRACE::2026-03-18.16:40:29::SCWDomain::Generating domain artifcats
TRACE::2026-03-18.16:40:29::SCWMssOS::Generating standalone artifcats
TRACE::2026-03-18.16:40:29::SCWMssOS::Copying the qemu file from  D:/workspace/fbga_project/deneme_4/vitis/system_wrapper/resources/system_wrapper/standalone_ps7_cortexa9_0/qemu_args.txt To D:/workspace/fbga_project/deneme_4/vitis/system_wrapper/export/system_wrapper/sw/system_wrapper/qemu/
TRACE::2026-03-18.16:40:29::SCWMssOS::Copying the qemu file from  D:/workspace/fbga_project/deneme_4/vitis/system_wrapper/resources/system_wrapper/standalone_ps7_cortexa9_0/qemu_args.txt To D:/workspace/fbga_project/deneme_4/vitis/system_wrapper/export/system_wrapper/sw/system_wrapper/standalone_ps7_cortexa9_0/qemu/
TRACE::2026-03-18.16:40:29::SCWMssOS:: Copying the user libraries. 
TRACE::2026-03-18.16:40:29::SCWPlatform::Trying to open the hw design at D:/workspace/fbga_project/deneme_4/vitis/system_wrapper/hw/system_wrapper.xsa
TRACE::2026-03-18.16:40:29::SCWPlatform::DSA given D:/workspace/fbga_project/deneme_4/vitis/system_wrapper/hw/system_wrapper.xsa
TRACE::2026-03-18.16:40:29::SCWPlatform::DSA absoulate path D:/workspace/fbga_project/deneme_4/vitis/system_wrapper/hw/system_wrapper.xsa
TRACE::2026-03-18.16:40:29::SCWPlatform::DSA directory D:/workspace/fbga_project/deneme_4/vitis/system_wrapper/hw
TRACE::2026-03-18.16:40:29::SCWPlatform:: Platform Path D:/workspace/fbga_project/deneme_4/vitis/system_wrapper/hw/system_wrapper.xsa
TRACE::2026-03-18.16:40:29::SCWPlatform:: Unique name xilinx:zedboard::0.0
TRACE::2026-03-18.16:40:29::SCWPlatform::Trying to set the existing hwdb with name system_wrapper_2
TRACE::2026-03-18.16:40:29::SCWPlatform::Opened existing hwdb system_wrapper_2
TRACE::2026-03-18.16:40:29::SCWPlatform::Found the Hw Db part of the input DSA
TRACE::2026-03-18.16:40:29::SCWMssOS::Checking the sw design at  D:/workspace/fbga_project/deneme_4/vitis/system_wrapper/ps7_cortexa9_0/standalone_ps7_cortexa9_0/bsp/system.mss
TRACE::2026-03-18.16:40:29::SCWMssOS::DEBUG:  swdes dump  D:/workspace/fbga_project/deneme_4/vitis/system_wrapper/zynq_fsbl/zynq_fsbl_bsp/system.mss|system||

TRACE::2026-03-18.16:40:29::SCWMssOS::No sw design opened at  D:/workspace/fbga_project/deneme_4/vitis/system_wrapper/ps7_cortexa9_0/standalone_ps7_cortexa9_0/bsp/system.mss
TRACE::2026-03-18.16:40:29::SCWMssOS::mss exists loading the mss file  D:/workspace/fbga_project/deneme_4/vitis/system_wrapper/ps7_cortexa9_0/standalone_ps7_cortexa9_0/bsp/system.mss
TRACE::2026-03-18.16:40:29::SCWMssOS::Opened the sw design from mss  D:/workspace/fbga_project/deneme_4/vitis/system_wrapper/ps7_cortexa9_0/standalone_ps7_cortexa9_0/bsp/system.mss
TRACE::2026-03-18.16:40:29::SCWMssOS::Adding the swdes entry D:/workspace/fbga_project/deneme_4/vitis/system_wrapper/ps7_cortexa9_0/standalone_ps7_cortexa9_0/bsp/system.mss with des name system_0
TRACE::2026-03-18.16:40:29::SCWMssOS::updating the scw layer about changes
TRACE::2026-03-18.16:40:29::SCWMssOS::Opened the sw design.  D:/workspace/fbga_project/deneme_4/vitis/system_wrapper/ps7_cortexa9_0/standalone_ps7_cortexa9_0/bsp/system.mss
TRACE::2026-03-18.16:40:29::SCWMssOS::Completed writing the mss file at D:/workspace/fbga_project/deneme_4/vitis/system_wrapper/ps7_cortexa9_0/standalone_ps7_cortexa9_0/bsp
TRACE::2026-03-18.16:40:29::SCWMssOS::Mss edits present, copying mssfile into export location D:/workspace/fbga_project/deneme_4/vitis/system_wrapper/ps7_cortexa9_0/standalone_ps7_cortexa9_0/bsp/system.mss
TRACE::2026-03-18.16:40:29::SCWMssOS::bsp generated is upto date with the mss file. Skipping bsp generation.
TRACE::2026-03-18.16:40:29::SCWMssOS::BSP is already built. skipping the bsp build ... 
TRACE::2026-03-18.16:40:29::SCWDomain::Building the domain as part of full build :  standalone_ps7_cortexa9_0
TRACE::2026-03-18.16:40:29::SCWMssOS::doing bsp build ... 
TRACE::2026-03-18.16:40:29::SCWMssOS::System Command Ran  D: & cd  D:/workspace/fbga_project/deneme_4/vitis/system_wrapper/ps7_cortexa9_0/standalone_ps7_cortexa9_0/bsp & make 
TRACE::2026-03-18.16:40:29::SCWMssOS::make --no-print-directory seq_libs

TRACE::2026-03-18.16:40:29::SCWMssOS::'Finished building libraries sequentially.'

TRACE::2026-03-18.16:40:29::SCWMssOS::make -j 18 --no-print-directory par_libs

TRACE::2026-03-18.16:40:29::SCWMssOS::"Running Make include in ps7_cortexa9_0/libsrc/coresightps_dcc_v1_8/src"

TRACE::2026-03-18.16:40:29::SCWMssOS::"Running Make include in ps7_cortexa9_0/libsrc/cpu_cortexa9_v2_11/src"

TRACE::2026-03-18.16:40:29::SCWMssOS::make -C ps7_cortexa9_0/libsrc/coresightps_dcc_v1_8/src -s include  "SHELL=CMD" "COMPILER=arm-none-eabi-gcc" "ASSEMBLER=arm-none
TRACE::2026-03-18.16:40:29::SCWMssOS::-eabi-as" "ARCHIVER=arm-none-eabi-ar" "COMPILER_FLAGS=  -O2 -c" "EXTRA_COMPILER_FLAGS=-mcpu=cortex-a9 -mfpu=vfpv3 -mfloat-abi=h
TRACE::2026-03-18.16:40:29::SCWMssOS::ard -nostartfiles -g -Wall -Wextra -fno-tree-loop-distribute-patterns"

TRACE::2026-03-18.16:40:29::SCWMssOS::make -C ps7_cortexa9_0/libsrc/cpu_cortexa9_v2_11/src -s include  "SHELL=CMD" "COMPILER=arm-none-eabi-gcc" "ASSEMBLER=arm-none-e
TRACE::2026-03-18.16:40:29::SCWMssOS::abi-as" "ARCHIVER=arm-none-eabi-ar" "COMPILER_FLAGS=  -O2 -c" "EXTRA_COMPILER_FLAGS=-mcpu=cortex-a9 -mfpu=vfpv3 -mfloat-abi=har
TRACE::2026-03-18.16:40:29::SCWMssOS::d -nostartfiles -g -Wall -Wextra -fno-tree-loop-distribute-patterns"

TRACE::2026-03-18.16:40:29::SCWMssOS::"Running Make include in ps7_cortexa9_0/libsrc/ddrps_v1_2/src"

TRACE::2026-03-18.16:40:29::SCWMssOS::make -C ps7_cortexa9_0/libsrc/ddrps_v1_2/src -s include  "SHELL=CMD" "COMPILER=arm-none-eabi-gcc" "ASSEMBLER=arm-none-eabi-as" 
TRACE::2026-03-18.16:40:29::SCWMssOS::"ARCHIVER=arm-none-eabi-ar" "COMPILER_FLAGS=  -O2 -c" "EXTRA_COMPILER_FLAGS=-mcpu=cortex-a9 -mfpu=vfpv3 -mfloat-abi=hard -nosta
TRACE::2026-03-18.16:40:29::SCWMssOS::rtfiles -g -Wall -Wextra -fno-tree-loop-distribute-patterns"

TRACE::2026-03-18.16:40:29::SCWMssOS::"Running Make include in ps7_cortexa9_0/libsrc/devcfg_v3_7/src"

TRACE::2026-03-18.16:40:29::SCWMssOS::make -C ps7_cortexa9_0/libsrc/devcfg_v3_7/src -s include  "SHELL=CMD" "COMPILER=arm-none-eabi-gcc" "ASSEMBLER=arm-none-eabi-as"
TRACE::2026-03-18.16:40:29::SCWMssOS:: "ARCHIVER=arm-none-eabi-ar" "COMPILER_FLAGS=  -O2 -c" "EXTRA_COMPILER_FLAGS=-mcpu=cortex-a9 -mfpu=vfpv3 -mfloat-abi=hard -nost
TRACE::2026-03-18.16:40:29::SCWMssOS::artfiles -g -Wall -Wextra -fno-tree-loop-distribute-patterns"

TRACE::2026-03-18.16:40:29::SCWMssOS::"Running Make include in ps7_cortexa9_0/libsrc/dmaps_v2_8/src"

TRACE::2026-03-18.16:40:29::SCWMssOS::make -C ps7_cortexa9_0/libsrc/dmaps_v2_8/src -s include  "SHELL=CMD" "COMPILER=arm-none-eabi-gcc" "ASSEMBLER=arm-none-eabi-as" 
TRACE::2026-03-18.16:40:29::SCWMssOS::"ARCHIVER=arm-none-eabi-ar" "COMPILER_FLAGS=  -O2 -c" "EXTRA_COMPILER_FLAGS=-mcpu=cortex-a9 -mfpu=vfpv3 -mfloat-abi=hard -nosta
TRACE::2026-03-18.16:40:29::SCWMssOS::rtfiles -g -Wall -Wextra -fno-tree-loop-distribute-patterns"

TRACE::2026-03-18.16:40:29::SCWMssOS::"Running Make include in ps7_cortexa9_0/libsrc/emacps_v3_16/src"

TRACE::2026-03-18.16:40:29::SCWMssOS::make -C ps7_cortexa9_0/libsrc/emacps_v3_16/src -s include  "SHELL=CMD" "COMPILER=arm-none-eabi-gcc" "ASSEMBLER=arm-none-eabi-as
TRACE::2026-03-18.16:40:29::SCWMssOS::" "ARCHIVER=arm-none-eabi-ar" "COMPILER_FLAGS=  -O2 -c" "EXTRA_COMPILER_FLAGS=-mcpu=cortex-a9 -mfpu=vfpv3 -mfloat-abi=hard -nos
TRACE::2026-03-18.16:40:29::SCWMssOS::tartfiles -g -Wall -Wextra -fno-tree-loop-distribute-patterns"

TRACE::2026-03-18.16:40:29::SCWMssOS::"Running Make include in ps7_cortexa9_0/libsrc/gpiops_v3_9/src"

TRACE::2026-03-18.16:40:29::SCWMssOS::make -C ps7_cortexa9_0/libsrc/gpiops_v3_9/src -s include  "SHELL=CMD" "COMPILER=arm-none-eabi-gcc" "ASSEMBLER=arm-none-eabi-as"
TRACE::2026-03-18.16:40:29::SCWMssOS:: "ARCHIVER=arm-none-eabi-ar" "COMPILER_FLAGS=  -O2 -c" "EXTRA_COMPILER_FLAGS=-mcpu=cortex-a9 -mfpu=vfpv3 -mfloat-abi=hard -nost
TRACE::2026-03-18.16:40:29::SCWMssOS::artfiles -g -Wall -Wextra -fno-tree-loop-distribute-patterns"

TRACE::2026-03-18.16:40:30::SCWMssOS::"Running Make include in ps7_cortexa9_0/libsrc/gpio_v4_9/src"

TRACE::2026-03-18.16:40:30::SCWMssOS::make -C ps7_cortexa9_0/libsrc/gpio_v4_9/src -s include  "SHELL=CMD" "COMPILER=arm-none-eabi-gcc" "ASSEMBLER=arm-none-eabi-as" "
TRACE::2026-03-18.16:40:30::SCWMssOS::ARCHIVER=arm-none-eabi-ar" "COMPILER_FLAGS=  -O2 -c" "EXTRA_COMPILER_FLAGS=-mcpu=cortex-a9 -mfpu=vfpv3 -mfloat-abi=hard -nostar
TRACE::2026-03-18.16:40:30::SCWMssOS::tfiles -g -Wall -Wextra -fno-tree-loop-distribute-patterns"

TRACE::2026-03-18.16:40:30::SCWMssOS::"Running Make include in ps7_cortexa9_0/libsrc/qspips_v3_9/src"

TRACE::2026-03-18.16:40:30::SCWMssOS::make -C ps7_cortexa9_0/libsrc/qspips_v3_9/src -s include  "SHELL=CMD" "COMPILER=arm-none-eabi-gcc" "ASSEMBLER=arm-none-eabi-as"
TRACE::2026-03-18.16:40:30::SCWMssOS:: "ARCHIVER=arm-none-eabi-ar" "COMPILER_FLAGS=  -O2 -c" "EXTRA_COMPILER_FLAGS=-mcpu=cortex-a9 -mfpu=vfpv3 -mfloat-abi=hard -nost
TRACE::2026-03-18.16:40:30::SCWMssOS::artfiles -g -Wall -Wextra -fno-tree-loop-distribute-patterns"

TRACE::2026-03-18.16:40:30::SCWMssOS::"Running Make include in ps7_cortexa9_0/libsrc/scugic_v4_7/src"

TRACE::2026-03-18.16:40:30::SCWMssOS::make -C ps7_cortexa9_0/libsrc/scugic_v4_7/src -s include  "SHELL=CMD" "COMPILER=arm-none-eabi-gcc" "ASSEMBLER=arm-none-eabi-as"
TRACE::2026-03-18.16:40:30::SCWMssOS:: "ARCHIVER=arm-none-eabi-ar" "COMPILER_FLAGS=  -O2 -c" "EXTRA_COMPILER_FLAGS=-mcpu=cortex-a9 -mfpu=vfpv3 -mfloat-abi=hard -nost
TRACE::2026-03-18.16:40:30::SCWMssOS::artfiles -g -Wall -Wextra -fno-tree-loop-distribute-patterns"

TRACE::2026-03-18.16:40:30::SCWMssOS::"Running Make include in ps7_cortexa9_0/libsrc/scutimer_v2_4/src"

TRACE::2026-03-18.16:40:30::SCWMssOS::make -C ps7_cortexa9_0/libsrc/scutimer_v2_4/src -s include  "SHELL=CMD" "COMPILER=arm-none-eabi-gcc" "ASSEMBLER=arm-none-eabi-a
TRACE::2026-03-18.16:40:30::SCWMssOS::s" "ARCHIVER=arm-none-eabi-ar" "COMPILER_FLAGS=  -O2 -c" "EXTRA_COMPILER_FLAGS=-mcpu=cortex-a9 -mfpu=vfpv3 -mfloat-abi=hard -no
TRACE::2026-03-18.16:40:30::SCWMssOS::startfiles -g -Wall -Wextra -fno-tree-loop-distribute-patterns"

TRACE::2026-03-18.16:40:30::SCWMssOS::"Running Make include in ps7_cortexa9_0/libsrc/scuwdt_v2_4/src"

TRACE::2026-03-18.16:40:30::SCWMssOS::make -C ps7_cortexa9_0/libsrc/scuwdt_v2_4/src -s include  "SHELL=CMD" "COMPILER=arm-none-eabi-gcc" "ASSEMBLER=arm-none-eabi-as"
TRACE::2026-03-18.16:40:30::SCWMssOS:: "ARCHIVER=arm-none-eabi-ar" "COMPILER_FLAGS=  -O2 -c" "EXTRA_COMPILER_FLAGS=-mcpu=cortex-a9 -mfpu=vfpv3 -mfloat-abi=hard -nost
TRACE::2026-03-18.16:40:30::SCWMssOS::artfiles -g -Wall -Wextra -fno-tree-loop-distribute-patterns"

TRACE::2026-03-18.16:40:30::SCWMssOS::"Running Make include in ps7_cortexa9_0/libsrc/sdps_v3_14/src"

TRACE::2026-03-18.16:40:30::SCWMssOS::make -C ps7_cortexa9_0/libsrc/sdps_v3_14/src -s include  "SHELL=CMD" "COMPILER=arm-none-eabi-gcc" "ASSEMBLER=arm-none-eabi-as" 
TRACE::2026-03-18.16:40:30::SCWMssOS::"ARCHIVER=arm-none-eabi-ar" "COMPILER_FLAGS=  -O2 -c" "EXTRA_COMPILER_FLAGS=-mcpu=cortex-a9 -mfpu=vfpv3 -mfloat-abi=hard -nosta
TRACE::2026-03-18.16:40:30::SCWMssOS::rtfiles -g -Wall -Wextra -fno-tree-loop-distribute-patterns"

TRACE::2026-03-18.16:40:30::SCWMssOS::"Running Make include in ps7_cortexa9_0/libsrc/standalone_v7_7/src"

TRACE::2026-03-18.16:40:30::SCWMssOS::make -C ps7_cortexa9_0/libsrc/standalone_v7_7/src -s include  "SHELL=CMD" "COMPILER=arm-none-eabi-gcc" "ASSEMBLER=arm-none-eabi
TRACE::2026-03-18.16:40:30::SCWMssOS::-as" "ARCHIVER=arm-none-eabi-ar" "COMPILER_FLAGS=  -O2 -c" "EXTRA_COMPILER_FLAGS=-mcpu=cortex-a9 -mfpu=vfpv3 -mfloat-abi=hard -
TRACE::2026-03-18.16:40:30::SCWMssOS::nostartfiles -g -Wall -Wextra -fno-tree-loop-distribute-patterns"

TRACE::2026-03-18.16:40:30::SCWMssOS::"Running Make include in ps7_cortexa9_0/libsrc/ttcps_v3_15/src"

TRACE::2026-03-18.16:40:30::SCWMssOS::make -C ps7_cortexa9_0/libsrc/ttcps_v3_15/src -s include  "SHELL=CMD" "COMPILER=arm-none-eabi-gcc" "ASSEMBLER=arm-none-eabi-as"
TRACE::2026-03-18.16:40:30::SCWMssOS:: "ARCHIVER=arm-none-eabi-ar" "COMPILER_FLAGS=  -O2 -c" "EXTRA_COMPILER_FLAGS=-mcpu=cortex-a9 -mfpu=vfpv3 -mfloat-abi=hard -nost
TRACE::2026-03-18.16:40:30::SCWMssOS::artfiles -g -Wall -Wextra -fno-tree-loop-distribute-patterns"

TRACE::2026-03-18.16:40:30::SCWMssOS::"Running Make include in ps7_cortexa9_0/libsrc/uartps_v3_11/src"

TRACE::2026-03-18.16:40:30::SCWMssOS::make -C ps7_cortexa9_0/libsrc/uartps_v3_11/src -s include  "SHELL=CMD" "COMPILER=arm-none-eabi-gcc" "ASSEMBLER=arm-none-eabi-as
TRACE::2026-03-18.16:40:30::SCWMssOS::" "ARCHIVER=arm-none-eabi-ar" "COMPILER_FLAGS=  -O2 -c" "EXTRA_COMPILER_FLAGS=-mcpu=cortex-a9 -mfpu=vfpv3 -mfloat-abi=hard -nos
TRACE::2026-03-18.16:40:30::SCWMssOS::tartfiles -g -Wall -Wextra -fno-tree-loop-distribute-patterns"

TRACE::2026-03-18.16:40:30::SCWMssOS::"Running Make include in ps7_cortexa9_0/libsrc/usbps_v2_7/src"

TRACE::2026-03-18.16:40:30::SCWMssOS::make -C ps7_cortexa9_0/libsrc/usbps_v2_7/src -s include  "SHELL=CMD" "COMPILER=arm-none-eabi-gcc" "ASSEMBLER=arm-none-eabi-as" 
TRACE::2026-03-18.16:40:30::SCWMssOS::"ARCHIVER=arm-none-eabi-ar" "COMPILER_FLAGS=  -O2 -c" "EXTRA_COMPILER_FLAGS=-mcpu=cortex-a9 -mfpu=vfpv3 -mfloat-abi=hard -nosta
TRACE::2026-03-18.16:40:30::SCWMssOS::rtfiles -g -Wall -Wextra -fno-tree-loop-distribute-patterns"

TRACE::2026-03-18.16:40:30::SCWMssOS::"Running Make include in ps7_cortexa9_0/libsrc/xadcps_v2_6/src"

TRACE::2026-03-18.16:40:30::SCWMssOS::make -C ps7_cortexa9_0/libsrc/xadcps_v2_6/src -s include  "SHELL=CMD" "COMPILER=arm-none-eabi-gcc" "ASSEMBLER=arm-none-eabi-as"
TRACE::2026-03-18.16:40:30::SCWMssOS:: "ARCHIVER=arm-none-eabi-ar" "COMPILER_FLAGS=  -O2 -c" "EXTRA_COMPILER_FLAGS=-mcpu=cortex-a9 -mfpu=vfpv3 -mfloat-abi=hard -nost
TRACE::2026-03-18.16:40:30::SCWMssOS::artfiles -g -Wall -Wextra -fno-tree-loop-distribute-patterns"

TRACE::2026-03-18.16:40:30::SCWMssOS::"Running Make libs in ps7_cortexa9_0/libsrc/coresightps_dcc_v1_8/src"

TRACE::2026-03-18.16:40:30::SCWMssOS::make -C ps7_cortexa9_0/libsrc/coresightps_dcc_v1_8/src -s libs  "SHELL=CMD" "COMPILER=arm-none-eabi-gcc" "ASSEMBLER=arm-none-ea
TRACE::2026-03-18.16:40:30::SCWMssOS::bi-as" "ARCHIVER=arm-none-eabi-ar" "COMPILER_FLAGS=  -O2 -c" "EXTRA_COMPILER_FLAGS=-mcpu=cortex-a9 -mfpu=vfpv3 -mfloat-abi=hard
TRACE::2026-03-18.16:40:30::SCWMssOS:: -nostartfiles -g -Wall -Wextra -fno-tree-loop-distribute-patterns"

TRACE::2026-03-18.16:40:30::SCWMssOS::"Running Make libs in ps7_cortexa9_0/libsrc/cpu_cortexa9_v2_11/src"

TRACE::2026-03-18.16:40:30::SCWMssOS::make -C ps7_cortexa9_0/libsrc/cpu_cortexa9_v2_11/src -s libs  "SHELL=CMD" "COMPILER=arm-none-eabi-gcc" "ASSEMBLER=arm-none-eabi
TRACE::2026-03-18.16:40:30::SCWMssOS::-as" "ARCHIVER=arm-none-eabi-ar" "COMPILER_FLAGS=  -O2 -c" "EXTRA_COMPILER_FLAGS=-mcpu=cortex-a9 -mfpu=vfpv3 -mfloat-abi=hard -
TRACE::2026-03-18.16:40:30::SCWMssOS::nostartfiles -g -Wall -Wextra -fno-tree-loop-distribute-patterns"

TRACE::2026-03-18.16:40:31::SCWMssOS::"Running Make libs in ps7_cortexa9_0/libsrc/ddrps_v1_2/src"

TRACE::2026-03-18.16:40:31::SCWMssOS::make -C ps7_cortexa9_0/libsrc/ddrps_v1_2/src -s libs  "SHELL=CMD" "COMPILER=arm-none-eabi-gcc" "ASSEMBLER=arm-none-eabi-as" "AR
TRACE::2026-03-18.16:40:31::SCWMssOS::CHIVER=arm-none-eabi-ar" "COMPILER_FLAGS=  -O2 -c" "EXTRA_COMPILER_FLAGS=-mcpu=cortex-a9 -mfpu=vfpv3 -mfloat-abi=hard -nostartf
TRACE::2026-03-18.16:40:31::SCWMssOS::iles -g -Wall -Wextra -fno-tree-loop-distribute-patterns"

TRACE::2026-03-18.16:40:31::SCWMssOS::"Running Make libs in ps7_cortexa9_0/libsrc/devcfg_v3_7/src"

TRACE::2026-03-18.16:40:31::SCWMssOS::make -C ps7_cortexa9_0/libsrc/devcfg_v3_7/src -s libs  "SHELL=CMD" "COMPILER=arm-none-eabi-gcc" "ASSEMBLER=arm-none-eabi-as" "A
TRACE::2026-03-18.16:40:31::SCWMssOS::RCHIVER=arm-none-eabi-ar" "COMPILER_FLAGS=  -O2 -c" "EXTRA_COMPILER_FLAGS=-mcpu=cortex-a9 -mfpu=vfpv3 -mfloat-abi=hard -nostart
TRACE::2026-03-18.16:40:31::SCWMssOS::files -g -Wall -Wextra -fno-tree-loop-distribute-patterns"

TRACE::2026-03-18.16:40:31::SCWMssOS::"Running Make libs in ps7_cortexa9_0/libsrc/dmaps_v2_8/src"

TRACE::2026-03-18.16:40:31::SCWMssOS::make -C ps7_cortexa9_0/libsrc/dmaps_v2_8/src -s libs  "SHELL=CMD" "COMPILER=arm-none-eabi-gcc" "ASSEMBLER=arm-none-eabi-as" "AR
TRACE::2026-03-18.16:40:31::SCWMssOS::CHIVER=arm-none-eabi-ar" "COMPILER_FLAGS=  -O2 -c" "EXTRA_COMPILER_FLAGS=-mcpu=cortex-a9 -mfpu=vfpv3 -mfloat-abi=hard -nostartf
TRACE::2026-03-18.16:40:31::SCWMssOS::iles -g -Wall -Wextra -fno-tree-loop-distribute-patterns"

TRACE::2026-03-18.16:40:31::SCWMssOS::"Running Make libs in ps7_cortexa9_0/libsrc/emacps_v3_16/src"

TRACE::2026-03-18.16:40:31::SCWMssOS::make -C ps7_cortexa9_0/libsrc/emacps_v3_16/src -s libs  "SHELL=CMD" "COMPILER=arm-none-eabi-gcc" "ASSEMBLER=arm-none-eabi-as" "
TRACE::2026-03-18.16:40:31::SCWMssOS::ARCHIVER=arm-none-eabi-ar" "COMPILER_FLAGS=  -O2 -c" "EXTRA_COMPILER_FLAGS=-mcpu=cortex-a9 -mfpu=vfpv3 -mfloat-abi=hard -nostar
TRACE::2026-03-18.16:40:31::SCWMssOS::tfiles -g -Wall -Wextra -fno-tree-loop-distribute-patterns"

TRACE::2026-03-18.16:40:31::SCWMssOS::"Running Make libs in ps7_cortexa9_0/libsrc/gpiops_v3_9/src"

TRACE::2026-03-18.16:40:31::SCWMssOS::"Running Make libs in ps7_cortexa9_0/libsrc/gpio_v4_9/src"

TRACE::2026-03-18.16:40:31::SCWMssOS::make -C ps7_cortexa9_0/libsrc/gpiops_v3_9/src -s libs  "SHELL=CMD" "COMPILER=arm-none-eabi-gcc" "ASSEMBLER=arm-none-eabi-as" "A
TRACE::2026-03-18.16:40:31::SCWMssOS::RCHIVER=arm-none-eabi-ar" "COMPILER_FLAGS=  -O2 -c" "EXTRA_COMPILER_FLAGS=-mcpu=cortex-a9 -mfpu=vfpv3 -mfloat-abi=hard -nostart
TRACE::2026-03-18.16:40:31::SCWMssOS::files -g -Wall -Wextra -fno-tree-loop-distribute-patterns"

TRACE::2026-03-18.16:40:31::SCWMssOS::make -C ps7_cortexa9_0/libsrc/gpio_v4_9/src -s libs  "SHELL=CMD" "COMPILER=arm-none-eabi-gcc" "ASSEMBLER=arm-none-eabi-as" "ARC
TRACE::2026-03-18.16:40:31::SCWMssOS::HIVER=arm-none-eabi-ar" "COMPILER_FLAGS=  -O2 -c" "EXTRA_COMPILER_FLAGS=-mcpu=cortex-a9 -mfpu=vfpv3 -mfloat-abi=hard -nostartfi
TRACE::2026-03-18.16:40:31::SCWMssOS::les -g -Wall -Wextra -fno-tree-loop-distribute-patterns"

TRACE::2026-03-18.16:40:31::SCWMssOS::"Running Make libs in ps7_cortexa9_0/libsrc/qspips_v3_9/src"

TRACE::2026-03-18.16:40:31::SCWMssOS::make -C ps7_cortexa9_0/libsrc/qspips_v3_9/src -s libs  "SHELL=CMD" "COMPILER=arm-none-eabi-gcc" "ASSEMBLER=arm-none-eabi-as" "A
TRACE::2026-03-18.16:40:31::SCWMssOS::RCHIVER=arm-none-eabi-ar" "COMPILER_FLAGS=  -O2 -c" "EXTRA_COMPILER_FLAGS=-mcpu=cortex-a9 -mfpu=vfpv3 -mfloat-abi=hard -nostart
TRACE::2026-03-18.16:40:31::SCWMssOS::files -g -Wall -Wextra -fno-tree-loop-distribute-patterns"

TRACE::2026-03-18.16:40:31::SCWMssOS::"Running Make libs in ps7_cortexa9_0/libsrc/scugic_v4_7/src"

TRACE::2026-03-18.16:40:31::SCWMssOS::make -C ps7_cortexa9_0/libsrc/scugic_v4_7/src -s libs  "SHELL=CMD" "COMPILER=arm-none-eabi-gcc" "ASSEMBLER=arm-none-eabi-as" "A
TRACE::2026-03-18.16:40:31::SCWMssOS::RCHIVER=arm-none-eabi-ar" "COMPILER_FLAGS=  -O2 -c" "EXTRA_COMPILER_FLAGS=-mcpu=cortex-a9 -mfpu=vfpv3 -mfloat-abi=hard -nostart
TRACE::2026-03-18.16:40:31::SCWMssOS::files -g -Wall -Wextra -fno-tree-loop-distribute-patterns"

TRACE::2026-03-18.16:40:31::SCWMssOS::"Running Make libs in ps7_cortexa9_0/libsrc/scutimer_v2_4/src"

TRACE::2026-03-18.16:40:31::SCWMssOS::make -C ps7_cortexa9_0/libsrc/scutimer_v2_4/src -s libs  "SHELL=CMD" "COMPILER=arm-none-eabi-gcc" "ASSEMBLER=arm-none-eabi-as" 
TRACE::2026-03-18.16:40:31::SCWMssOS::"ARCHIVER=arm-none-eabi-ar" "COMPILER_FLAGS=  -O2 -c" "EXTRA_COMPILER_FLAGS=-mcpu=cortex-a9 -mfpu=vfpv3 -mfloat-abi=hard -nosta
TRACE::2026-03-18.16:40:31::SCWMssOS::rtfiles -g -Wall -Wextra -fno-tree-loop-distribute-patterns"

TRACE::2026-03-18.16:40:31::SCWMssOS::"Running Make libs in ps7_cortexa9_0/libsrc/scuwdt_v2_4/src"

TRACE::2026-03-18.16:40:31::SCWMssOS::make -C ps7_cortexa9_0/libsrc/scuwdt_v2_4/src -s libs  "SHELL=CMD" "COMPILER=arm-none-eabi-gcc" "ASSEMBLER=arm-none-eabi-as" "A
TRACE::2026-03-18.16:40:31::SCWMssOS::RCHIVER=arm-none-eabi-ar" "COMPILER_FLAGS=  -O2 -c" "EXTRA_COMPILER_FLAGS=-mcpu=cortex-a9 -mfpu=vfpv3 -mfloat-abi=hard -nostart
TRACE::2026-03-18.16:40:31::SCWMssOS::files -g -Wall -Wextra -fno-tree-loop-distribute-patterns"

TRACE::2026-03-18.16:40:31::SCWMssOS::"Running Make libs in ps7_cortexa9_0/libsrc/sdps_v3_14/src"

TRACE::2026-03-18.16:40:32::SCWMssOS::make -C ps7_cortexa9_0/libsrc/sdps_v3_14/src -s libs  "SHELL=CMD" "COMPILER=arm-none-eabi-gcc" "ASSEMBLER=arm-none-eabi-as" "AR
TRACE::2026-03-18.16:40:32::SCWMssOS::CHIVER=arm-none-eabi-ar" "COMPILER_FLAGS=  -O2 -c" "EXTRA_COMPILER_FLAGS=-mcpu=cortex-a9 -mfpu=vfpv3 -mfloat-abi=hard -nostartf
TRACE::2026-03-18.16:40:32::SCWMssOS::iles -g -Wall -Wextra -fno-tree-loop-distribute-patterns"

TRACE::2026-03-18.16:40:32::SCWMssOS::"Running Make libs in ps7_cortexa9_0/libsrc/standalone_v7_7/src"

TRACE::2026-03-18.16:40:32::SCWMssOS::make -C ps7_cortexa9_0/libsrc/standalone_v7_7/src -s libs  "SHELL=CMD" "COMPILER=arm-none-eabi-gcc" "ASSEMBLER=arm-none-eabi-as
TRACE::2026-03-18.16:40:32::SCWMssOS::" "ARCHIVER=arm-none-eabi-ar" "COMPILER_FLAGS=  -O2 -c" "EXTRA_COMPILER_FLAGS=-mcpu=cortex-a9 -mfpu=vfpv3 -mfloat-abi=hard -nos
TRACE::2026-03-18.16:40:32::SCWMssOS::tartfiles -g -Wall -Wextra -fno-tree-loop-distribute-patterns"

TRACE::2026-03-18.16:40:32::SCWMssOS::"Running Make libs in ps7_cortexa9_0/libsrc/ttcps_v3_15/src"

TRACE::2026-03-18.16:40:32::SCWMssOS::make -C ps7_cortexa9_0/libsrc/ttcps_v3_15/src -s libs  "SHELL=CMD" "COMPILER=arm-none-eabi-gcc" "ASSEMBLER=arm-none-eabi-as" "A
TRACE::2026-03-18.16:40:32::SCWMssOS::RCHIVER=arm-none-eabi-ar" "COMPILER_FLAGS=  -O2 -c" "EXTRA_COMPILER_FLAGS=-mcpu=cortex-a9 -mfpu=vfpv3 -mfloat-abi=hard -nostart
TRACE::2026-03-18.16:40:32::SCWMssOS::files -g -Wall -Wextra -fno-tree-loop-distribute-patterns"

TRACE::2026-03-18.16:40:32::SCWMssOS::"Running Make libs in ps7_cortexa9_0/libsrc/uartps_v3_11/src"

TRACE::2026-03-18.16:40:32::SCWMssOS::make -C ps7_cortexa9_0/libsrc/uartps_v3_11/src -s libs  "SHELL=CMD" "COMPILER=arm-none-eabi-gcc" "ASSEMBLER=arm-none-eabi-as" "
TRACE::2026-03-18.16:40:32::SCWMssOS::ARCHIVER=arm-none-eabi-ar" "COMPILER_FLAGS=  -O2 -c" "EXTRA_COMPILER_FLAGS=-mcpu=cortex-a9 -mfpu=vfpv3 -mfloat-abi=hard -nostar
TRACE::2026-03-18.16:40:32::SCWMssOS::tfiles -g -Wall -Wextra -fno-tree-loop-distribute-patterns"

TRACE::2026-03-18.16:40:32::SCWMssOS::"Running Make libs in ps7_cortexa9_0/libsrc/usbps_v2_7/src"

TRACE::2026-03-18.16:40:32::SCWMssOS::make -C ps7_cortexa9_0/libsrc/usbps_v2_7/src -s libs  "SHELL=CMD" "COMPILER=arm-none-eabi-gcc" "ASSEMBLER=arm-none-eabi-as" "AR
TRACE::2026-03-18.16:40:32::SCWMssOS::CHIVER=arm-none-eabi-ar" "COMPILER_FLAGS=  -O2 -c" "EXTRA_COMPILER_FLAGS=-mcpu=cortex-a9 -mfpu=vfpv3 -mfloat-abi=hard -nostartf
TRACE::2026-03-18.16:40:32::SCWMssOS::iles -g -Wall -Wextra -fno-tree-loop-distribute-patterns"

TRACE::2026-03-18.16:40:32::SCWMssOS::"Running Make libs in ps7_cortexa9_0/libsrc/xadcps_v2_6/src"

TRACE::2026-03-18.16:40:32::SCWMssOS::make -C ps7_cortexa9_0/libsrc/xadcps_v2_6/src -s libs  "SHELL=CMD" "COMPILER=arm-none-eabi-gcc" "ASSEMBLER=arm-none-eabi-as" "A
TRACE::2026-03-18.16:40:32::SCWMssOS::RCHIVER=arm-none-eabi-ar" "COMPILER_FLAGS=  -O2 -c" "EXTRA_COMPILER_FLAGS=-mcpu=cortex-a9 -mfpu=vfpv3 -mfloat-abi=hard -nostart
TRACE::2026-03-18.16:40:32::SCWMssOS::files -g -Wall -Wextra -fno-tree-loop-distribute-patterns"

TRACE::2026-03-18.16:40:33::SCWMssOS::'Finished building libraries parallelly.'

TRACE::2026-03-18.16:40:33::SCWMssOS::make --no-print-directory archive

TRACE::2026-03-18.16:40:33::SCWMssOS::arm-none-eabi-ar -r  ps7_cortexa9_0/lib/libxil.a ps7_cortexa9_0/lib/xil_testcache.o ps7_cortexa9_0/lib/xadcps_selftest.o ps7_co
TRACE::2026-03-18.16:40:33::SCWMssOS::rtexa9_0/lib/xplatform_info.o ps7_cortexa9_0/lib/xil_mmu.o ps7_cortexa9_0/lib/_exit.o ps7_cortexa9_0/lib/xusbps_endpoint.o ps7_
TRACE::2026-03-18.16:40:33::SCWMssOS::cortexa9_0/lib/xusbps_sinit.o ps7_cortexa9_0/lib/xdevcfg_hw.o ps7_cortexa9_0/lib/xil_sleeptimer.o ps7_cortexa9_0/lib/xgpio_sini
TRACE::2026-03-18.16:40:33::SCWMssOS::t.o ps7_cortexa9_0/lib/xqspips_options.o ps7_cortexa9_0/lib/xdmaps_g.o ps7_cortexa9_0/lib/xscutimer_g.o ps7_cortexa9_0/lib/xsdp
TRACE::2026-03-18.16:40:33::SCWMssOS::s_options.o ps7_cortexa9_0/lib/xil_misc_psreset_api.o ps7_cortexa9_0/lib/xdmaps_sinit.o ps7_cortexa9_0/lib/xscutimer_sinit.o ps
TRACE::2026-03-18.16:40:33::SCWMssOS::7_cortexa9_0/lib/xemacps_hw.o ps7_cortexa9_0/lib/inbyte.o ps7_cortexa9_0/lib/xttcps_sinit.o ps7_cortexa9_0/lib/xscutimer_selfte
TRACE::2026-03-18.16:40:33::SCWMssOS::st.o ps7_cortexa9_0/lib/putnum.o ps7_cortexa9_0/lib/xttcps_selftest.o ps7_cortexa9_0/lib/xqspips_hw.o ps7_cortexa9_0/lib/xgpiop
TRACE::2026-03-18.16:40:33::SCWMssOS::s_g.o ps7_cortexa9_0/lib/xsdps.o ps7_cortexa9_0/lib/close.o ps7_cortexa9_0/lib/xemacps_g.o ps7_cortexa9_0/lib/xgpiops_sinit.o p
TRACE::2026-03-18.16:40:33::SCWMssOS::s7_cortexa9_0/lib/xgpiops_selftest.o ps7_cortexa9_0/lib/xgpio_g.o ps7_cortexa9_0/lib/xscuwdt.o ps7_cortexa9_0/lib/xil_clocking.
TRACE::2026-03-18.16:40:33::SCWMssOS::o ps7_cortexa9_0/lib/xil_mem.o ps7_cortexa9_0/lib/xil_printf.o ps7_cortexa9_0/lib/kill.o ps7_cortexa9_0/lib/xadcps.o ps7_cortex
TRACE::2026-03-18.16:40:33::SCWMssOS::a9_0/lib/xuartps_sinit.o ps7_cortexa9_0/lib/xuartps_g.o ps7_cortexa9_0/lib/outbyte.o ps7_cortexa9_0/lib/lseek.o ps7_cortexa9_0/
TRACE::2026-03-18.16:40:33::SCWMssOS::lib/xgpiops.o ps7_cortexa9_0/lib/xl2cc_counter.o ps7_cortexa9_0/lib/asm_vectors.o ps7_cortexa9_0/lib/abort.o ps7_cortexa9_0/lib
TRACE::2026-03-18.16:40:33::SCWMssOS::/xscugic_intr.o ps7_cortexa9_0/lib/getpid.o ps7_cortexa9_0/lib/xttcps_g.o ps7_cortexa9_0/lib/xdevcfg_sinit.o ps7_cortexa9_0/lib
TRACE::2026-03-18.16:40:33::SCWMssOS::/xdmaps.o ps7_cortexa9_0/lib/xscutimer.o ps7_cortexa9_0/lib/xdevcfg_selftest.o ps7_cortexa9_0/lib/xttcps.o ps7_cortexa9_0/lib/x
TRACE::2026-03-18.16:40:33::SCWMssOS::pm_counter.o ps7_cortexa9_0/lib/_sbrk.o ps7_cortexa9_0/lib/xemacps_sinit.o ps7_cortexa9_0/lib/time.o ps7_cortexa9_0/lib/xqspips
TRACE::2026-03-18.16:40:33::SCWMssOS::_g.o ps7_cortexa9_0/lib/xdmaps_selftest.o ps7_cortexa9_0/lib/xusbps_g.o ps7_cortexa9_0/lib/xsdps_sinit.o ps7_cortexa9_0/lib/xua
TRACE::2026-03-18.16:40:33::SCWMssOS::rtps_selftest.o ps7_cortexa9_0/lib/xqspips_selftest.o ps7_cortexa9_0/lib/xil_exception.o ps7_cortexa9_0/lib/xgpio.o ps7_cortexa
TRACE::2026-03-18.16:40:33::SCWMssOS::9_0/lib/xil_testmem.o ps7_cortexa9_0/lib/xemacps_control.o ps7_cortexa9_0/lib/open.o ps7_cortexa9_0/lib/xil_assert.o ps7_cortex
TRACE::2026-03-18.16:40:33::SCWMssOS::a9_0/lib/xusbps_intr.o ps7_cortexa9_0/lib/xsdps_host.o ps7_cortexa9_0/lib/xcoresightpsdcc.o ps7_cortexa9_0/lib/xscugic_hw.o ps7
TRACE::2026-03-18.16:40:33::SCWMssOS::_cortexa9_0/lib/xuartps.o ps7_cortexa9_0/lib/sleep.o ps7_cortexa9_0/lib/cpputest_time.o ps7_cortexa9_0/lib/_open.o ps7_cortexa9
TRACE::2026-03-18.16:40:33::SCWMssOS::_0/lib/fcntl.o ps7_cortexa9_0/lib/xttcps_options.o ps7_cortexa9_0/lib/print.o ps7_cortexa9_0/lib/read.o ps7_cortexa9_0/lib/xdev
TRACE::2026-03-18.16:40:33::SCWMssOS::cfg.o ps7_cortexa9_0/lib/xadcps_intr.o ps7_cortexa9_0/lib/xqspips.o ps7_cortexa9_0/lib/xemacps.o ps7_cortexa9_0/lib/xil_cache.o
TRACE::2026-03-18.16:40:33::SCWMssOS:: ps7_cortexa9_0/lib/xil_testio.o ps7_cortexa9_0/lib/unlink.o ps7_cortexa9_0/lib/xusbps.o ps7_cortexa9_0/lib/xil_spinlock.o ps7_
TRACE::2026-03-18.16:40:33::SCWMssOS::cortexa9_0/lib/translation_table.o ps7_cortexa9_0/lib/xusbps_hw.o ps7_cortexa9_0/lib/write.o ps7_cortexa9_0/lib/boot.o ps7_cort
TRACE::2026-03-18.16:40:33::SCWMssOS::exa9_0/lib/xemacps_bdring.o ps7_cortexa9_0/lib/cpu_init.o ps7_cortexa9_0/lib/usleep.o ps7_cortexa9_0/lib/xil_sleepcommon.o ps7_
TRACE::2026-03-18.16:40:33::SCWMssOS::cortexa9_0/lib/xscugic_g.o ps7_cortexa9_0/lib/xgpiops_intr.o ps7_cortexa9_0/lib/xscugic_sinit.o ps7_cortexa9_0/lib/xdevcfg_g.o 
TRACE::2026-03-18.16:40:33::SCWMssOS::ps7_cortexa9_0/lib/xscugic_selftest.o ps7_cortexa9_0/lib/xinterrupt_wrap.o ps7_cortexa9_0/lib/xgpio_intr.o ps7_cortexa9_0/lib/x
TRACE::2026-03-18.16:40:33::SCWMssOS::time_l.o ps7_cortexa9_0/lib/xil_util.o ps7_cortexa9_0/lib/xuartps_intr.o ps7_cortexa9_0/lib/xsdps_card.o ps7_cortexa9_0/lib/xdm
TRACE::2026-03-18.16:40:33::SCWMssOS::aps_hw.o ps7_cortexa9_0/lib/sbrk.o ps7_cortexa9_0/lib/xgpiops_hw.o ps7_cortexa9_0/lib/xsdps_g.o ps7_cortexa9_0/lib/fstat.o ps7_
TRACE::2026-03-18.16:40:33::SCWMssOS::cortexa9_0/lib/errno.o ps7_cortexa9_0/lib/xdevcfg_intr.o ps7_cortexa9_0/lib/xuartps_options.o ps7_cortexa9_0/lib/vectors.o ps7_
TRACE::2026-03-18.16:40:33::SCWMssOS::cortexa9_0/lib/xscuwdt_g.o ps7_cortexa9_0/lib/xscuwdt_sinit.o ps7_cortexa9_0/lib/xemacps_intr.o ps7_cortexa9_0/lib/xscuwdt_self
TRACE::2026-03-18.16:40:33::SCWMssOS::test.o ps7_cortexa9_0/lib/xgpio_extra.o ps7_cortexa9_0/lib/isatty.o ps7_cortexa9_0/lib/xil-crt0.o ps7_cortexa9_0/lib/xscugic.o 
TRACE::2026-03-18.16:40:33::SCWMssOS::ps7_cortexa9_0/lib/xuartps_hw.o ps7_cortexa9_0/lib/xadcps_g.o ps7_cortexa9_0/lib/xqspips_sinit.o ps7_cortexa9_0/lib/xadcps_sini
TRACE::2026-03-18.16:40:33::SCWMssOS::t.o ps7_cortexa9_0/lib/xgpio_selftest.o

TRACE::2026-03-18.16:40:33::SCWMssOS::'Finished building libraries'

TRACE::2026-03-18.16:40:33::SCWMssOS::Copying to export directory.
TRACE::2026-03-18.16:40:33::SCWMssOS:: Checking if to create the Supporting Applications
TRACE::2026-03-18.16:40:33::SCWMssOS:: No Linux domain exists, trying to generate FSBL 
LOG::2026-03-18.16:40:33::SCWSystem::Completed Processing the domain standalone_ps7_cortexa9_0
LOG::2026-03-18.16:40:33::SCWSystem::Completed Processing the sysconfig system_wrapper
LOG::2026-03-18.16:40:33::SCWPlatform::Completed generating the artifacts for system configuration system_wrapper
TRACE::2026-03-18.16:40:33::SCWPlatform::Started preparing the platform 
TRACE::2026-03-18.16:40:33::SCWSystem::Writing the bif file for system config system_wrapper
TRACE::2026-03-18.16:40:33::SCWSystem::dir created 
TRACE::2026-03-18.16:40:33::SCWSystem::Writing the bif 
TRACE::2026-03-18.16:40:33::SCWPlatform::Started writing the spfm file 
TRACE::2026-03-18.16:40:33::SCWPlatform::Started writing the xpfm file 
TRACE::2026-03-18.16:40:33::SCWPlatform::Completed generating the platform
TRACE::2026-03-18.16:40:33::SCWMssOS::Saving the mss changes D:/workspace/fbga_project/deneme_4/vitis/system_wrapper/zynq_fsbl/zynq_fsbl_bsp/system.mss
TRACE::2026-03-18.16:40:33::SCWMssOS::Found a swdesign opened with the mssfile.
TRACE::2026-03-18.16:40:33::SCWMssOS::Completed writemss as part of save.
TRACE::2026-03-18.16:40:33::SCWMssOS::Commit changes completed.
TRACE::2026-03-18.16:40:33::SCWMssOS::Saving the mss changes D:/workspace/fbga_project/deneme_4/vitis/system_wrapper/ps7_cortexa9_0/standalone_ps7_cortexa9_0/bsp/system.mss
TRACE::2026-03-18.16:40:33::SCWMssOS::Found a swdesign opened with the mssfile.
TRACE::2026-03-18.16:40:33::SCWMssOS::Completed writemss as part of save.
TRACE::2026-03-18.16:40:33::SCWMssOS::Commit changes completed.
TRACE::2026-03-18.16:40:33::SCWPlatform::Trying to open the hw design at D:/workspace/fbga_project/deneme_4/vitis/system_wrapper/hw/system_wrapper.xsa
TRACE::2026-03-18.16:40:33::SCWPlatform::DSA given D:/workspace/fbga_project/deneme_4/vitis/system_wrapper/hw/system_wrapper.xsa
TRACE::2026-03-18.16:40:33::SCWPlatform::DSA absoulate path D:/workspace/fbga_project/deneme_4/vitis/system_wrapper/hw/system_wrapper.xsa
TRACE::2026-03-18.16:40:33::SCWPlatform::DSA directory D:/workspace/fbga_project/deneme_4/vitis/system_wrapper/hw
TRACE::2026-03-18.16:40:33::SCWPlatform:: Platform Path D:/workspace/fbga_project/deneme_4/vitis/system_wrapper/hw/system_wrapper.xsa
TRACE::2026-03-18.16:40:33::SCWPlatform:: Unique name xilinx:zedboard::0.0
TRACE::2026-03-18.16:40:33::SCWPlatform::Trying to set the existing hwdb with name system_wrapper_2
TRACE::2026-03-18.16:40:33::SCWPlatform::Opened existing hwdb system_wrapper_2
TRACE::2026-03-18.16:40:33::SCWPlatform::Found the Hw Db part of the input DSA
TRACE::2026-03-18.16:40:33::SCWMssOS::Checking the sw design at  D:/workspace/fbga_project/deneme_4/vitis/system_wrapper/zynq_fsbl/zynq_fsbl_bsp/system.mss
TRACE::2026-03-18.16:40:33::SCWMssOS::DEBUG:  swdes dump  D:/workspace/fbga_project/deneme_4/vitis/system_wrapper/ps7_cortexa9_0/standalone_ps7_cortexa9_0/bsp/system.mss|system_0||
D:/workspace/fbga_project/deneme_4/vitis/system_wrapper/zynq_fsbl/zynq_fsbl_bsp/system.mss|system||

TRACE::2026-03-18.16:40:33::SCWMssOS::Sw design exists and opened at  D:/workspace/fbga_project/deneme_4/vitis/system_wrapper/zynq_fsbl/zynq_fsbl_bsp/system.mss
TRACE::2026-03-18.16:40:33::SCWPlatform::Trying to open the hw design at D:/workspace/fbga_project/deneme_4/vitis/system_wrapper/hw/system_wrapper.xsa
TRACE::2026-03-18.16:40:33::SCWPlatform::DSA given D:/workspace/fbga_project/deneme_4/vitis/system_wrapper/hw/system_wrapper.xsa
TRACE::2026-03-18.16:40:33::SCWPlatform::DSA absoulate path D:/workspace/fbga_project/deneme_4/vitis/system_wrapper/hw/system_wrapper.xsa
TRACE::2026-03-18.16:40:33::SCWPlatform::DSA directory D:/workspace/fbga_project/deneme_4/vitis/system_wrapper/hw
TRACE::2026-03-18.16:40:33::SCWPlatform:: Platform Path D:/workspace/fbga_project/deneme_4/vitis/system_wrapper/hw/system_wrapper.xsa
TRACE::2026-03-18.16:40:33::SCWPlatform:: Unique name xilinx:zedboard::0.0
TRACE::2026-03-18.16:40:33::SCWPlatform::Trying to set the existing hwdb with name system_wrapper_2
TRACE::2026-03-18.16:40:33::SCWPlatform::Opened existing hwdb system_wrapper_2
TRACE::2026-03-18.16:40:33::SCWPlatform::Found the Hw Db part of the input DSA
TRACE::2026-03-18.16:40:33::SCWMssOS::Checking the sw design at  D:/workspace/fbga_project/deneme_4/vitis/system_wrapper/ps7_cortexa9_0/standalone_ps7_cortexa9_0/bsp/system.mss
TRACE::2026-03-18.16:40:33::SCWMssOS::DEBUG:  swdes dump  D:/workspace/fbga_project/deneme_4/vitis/system_wrapper/ps7_cortexa9_0/standalone_ps7_cortexa9_0/bsp/system.mss|system_0||
D:/workspace/fbga_project/deneme_4/vitis/system_wrapper/zynq_fsbl/zynq_fsbl_bsp/system.mss|system||

TRACE::2026-03-18.16:40:33::SCWMssOS::Sw design exists and opened at  D:/workspace/fbga_project/deneme_4/vitis/system_wrapper/ps7_cortexa9_0/standalone_ps7_cortexa9_0/bsp/system.mss
TRACE::2026-03-18.16:40:33::SCWWriter::formatted JSON is {
	"platformName":	"system_wrapper",
	"sprVersion":	"2.0",
	"mode":	"gui",
	"dsaType":	"Fixed",
	"platformDesc":	"system_wrapper",
	"platHandOff":	"<platformDir>.xsa",
	"platIntHandOff":	"<platformDir>/hw/system_wrapper.xsa",
	"deviceType":	"zynq",
	"platIsPrebuiltAutogen":	"false",
	"platIsNoBootBsp":	"false",
	"hasFsblMakeHasChanges":	"false",
	"hasPmufwMakeHasChanges":	"false",
	"fsblExtraCompilerFlags":	"-MMD -MP       -mcpu=cortex-a9 -mfpu=vfpv3 -mfloat-abi=hard ",
	"platPreBuiltFlag":	false,
	"platformSamplesDir":	"",
	"platActiveSys":	"system_wrapper",
	"systems":	[{
			"systemName":	"system_wrapper",
			"systemDesc":	"system_wrapper",
			"sysIsBootAutoGen":	"true",
			"systemDispName":	"system_wrapper",
			"sysActiveDom":	"standalone_ps7_cortexa9_0",
			"sysDefaultDom":	"standalone_ps7_cortexa9_0",
			"domains":	[{
					"domainName":	"zynq_fsbl",
					"domainDispName":	"zynq_fsbl",
					"domainDesc":	"FSBL Application BSP - Auto Generated.",
					"processors":	"ps7_cortexa9_0",
					"os":	"standalone",
					"sdxOs":	"standalone",
					"debugEnable":	"",
					"domRuntimes":	["cpp"],
					"swRepo":	"",
					"mssOsVer":	"7.7",
					"mssFile":	"",
					"md5Digest":	"f02bafc1df106379f3b5d99a4ba663f4",
					"compatibleApp":	"zynq_fsbl",
					"domType":	"bootDomain",
					"arch":	"32-bit",
					"appSettings":	{
						"appCompilerFlags":	"",
						"appLinkerFlags":	""
					},
					"addedLibs":	["xilffs:4.7", "xilrsa:1.6"],
					"libOptions":	{
						"libsContainingOptions":	[]
					},
					"prebuiltLibs":	{
						"prebuiltIncPath":	[],
						"prebuiltLibPath":	[]
					},
					"isolation":	{
					}
				}, {
					"domainName":	"standalone_ps7_cortexa9_0",
					"domainDispName":	"standalone_ps7_cortexa9_0",
					"domainDesc":	"standalone_ps7_cortexa9_0",
					"processors":	"ps7_cortexa9_0",
					"os":	"standalone",
					"sdxOs":	"standalone",
					"qemuArgs":	"<platformDir>/resources/system_wrapper/standalone_ps7_cortexa9_0/qemu_args.txt",
					"qemuData":	"<platformDir>/resources/system_wrapper/standalone_ps7_cortexa9_0/qemu",
					"debugEnable":	"False",
					"domRuntimes":	["cpp"],
					"swRepo":	"",
					"mssOsVer":	"7.7",
					"mssFile":	"",
					"md5Digest":	"3d59580d8d82902f3053d646b20d1522",
					"compatibleApp":	"",
					"domType":	"mssDomain",
					"arch":	"32-bit",
					"appSettings":	{
						"appCompilerFlags":	"",
						"appLinkerFlags":	""
					},
					"addedLibs":	[],
					"libOptions":	{
						"libsContainingOptions":	[]
					},
					"prebuiltLibs":	{
						"prebuiltIncPath":	[],
						"prebuiltLibPath":	[]
					},
					"isolation":	{
					}
				}]
		}]
}
KEYINFO::2026-03-18.16:40:33::SCWPlatform::updated the xpfm file.
TRACE::2026-03-18.16:40:34::SCWPlatform::Trying to open the hw design at D:/workspace/fbga_project/deneme_4/vitis/system_wrapper/hw/system_wrapper.xsa
TRACE::2026-03-18.16:40:34::SCWPlatform::DSA given D:/workspace/fbga_project/deneme_4/vitis/system_wrapper/hw/system_wrapper.xsa
TRACE::2026-03-18.16:40:34::SCWPlatform::DSA absoulate path D:/workspace/fbga_project/deneme_4/vitis/system_wrapper/hw/system_wrapper.xsa
TRACE::2026-03-18.16:40:34::SCWPlatform::DSA directory D:/workspace/fbga_project/deneme_4/vitis/system_wrapper/hw
TRACE::2026-03-18.16:40:34::SCWPlatform:: Platform Path D:/workspace/fbga_project/deneme_4/vitis/system_wrapper/hw/system_wrapper.xsa
TRACE::2026-03-18.16:40:34::SCWPlatform:: Unique name xilinx:zedboard::0.0
TRACE::2026-03-18.16:40:34::SCWPlatform::Trying to set the existing hwdb with name system_wrapper_2
TRACE::2026-03-18.16:40:34::SCWPlatform::Opened existing hwdb system_wrapper_2
TRACE::2026-03-18.16:40:34::SCWPlatform::Found the Hw Db part of the input DSA
TRACE::2026-03-18.16:40:34::SCWMssOS::Checking the sw design at  D:/workspace/fbga_project/deneme_4/vitis/system_wrapper/ps7_cortexa9_0/standalone_ps7_cortexa9_0/bsp/system.mss
TRACE::2026-03-18.16:40:34::SCWMssOS::DEBUG:  swdes dump  D:/workspace/fbga_project/deneme_4/vitis/system_wrapper/ps7_cortexa9_0/standalone_ps7_cortexa9_0/bsp/system.mss|system_0||
D:/workspace/fbga_project/deneme_4/vitis/system_wrapper/zynq_fsbl/zynq_fsbl_bsp/system.mss|system||

TRACE::2026-03-18.16:40:34::SCWMssOS::Sw design exists and opened at  D:/workspace/fbga_project/deneme_4/vitis/system_wrapper/ps7_cortexa9_0/standalone_ps7_cortexa9_0/bsp/system.mss
